course_id,00819-A,00819-B,00819,03716,04138,07276-A,07276-B,07276-C,07276,08574-A,08574-B,08574,09032,09679,09730-A,09730,10906-A,10906,11925,11929-A,11929-B,11929,11933,14015,15305,15920,16692,16870,17628,17634,20741,27311-A,27311,28004,28011-A,28011,28012-A,28012,28020,28021,28024,28027,28040,28106,28623,28652,28659,28796,29227-A,29227-B,29227,30376,37085,37262,37635,37760,37925,39176,40720,41169,41588,41731-A,41731,42500,47240,48693-A,48693,57828,58348,58423,58437,60348,65094,66857,66858,66860,66870,69259,69430,69661,69731,69867,70155,70210,70219,70226,72671,72778,72787,72796,72938,72939,72940,72942,72945,73025,73149,73273,73302,73435,75198,75835,75969,76011,77780,77933,78096,78510,78778,78779,78810,79194,81609,81610,81612,81672,81676,81678,81683,81917,81932,81934,81940,81942,82202-A,82202,84339,84401,84530,84531,85189,85285,85301,85445,85446,85573,85728,87469,87474,87898,87901,88016,88145,88146,88155,88202,88324,88325,88566,89988,90074,90106,90107,90147,90157,90477,90720,90730,90748,90749,90864,91161,91248,91250-A,91250-B,91250,91254,91258-A,91258-B,91258,91259,91261,91264,91265,91266,91267,91269,91411,91602,91685,91721,91762,92858,93034-A,93034,93315,93319,93333,93363,93379,93466,93467,93468,93469,93470-A,93470,93478,93653,93669,94442,95602,95604,95605,95611,95627,95630,95631-A,95631,95632,95638,95639,95644,95645,95646,95648,95782,95965,96007,96142,96143,96346-A,96346-B,96346,96642,96725,96793,96859,96994,96995,97431,97466,98618,98671,98735,98931,99195,B0009,B0010,B0011,B0061,B0063,B0064,B0069,B0070,B0073,B0074,B0385,B0832,B0833,B1459,B1703,B1873,B1874,B2125,B2133,B2696,B3567,B4826,B4913,B4925,B4940,B4948,B5026,B5059,B5079,B5292,B5293,B5474,B5665,B5674,B5722,B5727,B5780,B5782,B5793,B5796,B5812,B6082,B8018,B8019,B8105,B8159,B8396,B8536,B8554,B8561,B8562,B8563,B8603,B8836,B8905,B8929,B9254
00819-A,1.00000000,0.83428733,0.71828611,0.60949712,0.55262074,0.70622788,0.59167454,0.52647505,0.61031983,0.57133512,0.53158510,0.67116666,0.64845364,0.46744206,0.66324376,0.72670766,0.37045146,0.41550561,0.63911605,0.66118366,0.67373929,0.50709153,0.62715207,0.36469079,0.72310700,0.46575868,0.66180574,0.67059987,0.59706625,0.42234154,0.44852250,0.63193704,0.57557170,0.66851393,0.58158722,0.64767019,0.46793666,0.62392505,0.53454528,0.57838496,0.57138921,0.39855394,0.64438372,0.48280453,0.74866169,0.57795172,0.47442020,0.51727580,0.57065400,0.57127322,0.67236202,0.52230324,0.42994272,0.78767634,0.65741610,0.52506034,0.41800106,0.48012391,0.48409508,0.63326489,0.54202945,0.42177607,0.48845263,0.47647958,0.44443374,0.48223939,0.38425681,0.60008100,0.51861706,0.43769654,0.61952882,0.66757823,0.64821117,0.50981535,0.51581421,0.39908187,0.40671338,0.53113155,0.55457323,0.44837062,0.58962987,0.42449207,0.56721147,0.59750547,0.62097487,0.56301721,0.57415034,0.63786117,0.44665138,0.55174846,0.58537412,0.55190660,0.70098273,0.53223393,0.43457788,0.48008420,0.59433143,0.52429485,0.52190327,0.49049383,0.34523179,0.48846097,0.63726581,0.43067937,0.52646695,0.48837784,0.44884962,0.60457636,0.51663754,0.48104757,0.55785497,0.45654909,0.60303048,0.39444873,0.66395554,0.62221299,0.39098053,0.52456574,0.45462038,0.50229765,0.57520991,0.59842567,0.57326966,0.49502040,0.49651085,0.51350143,0.44452659,0.58368139,0.50037271,0.49039206,0.57092737,0.65119819,0.50834476,0.54464636,0.51907412,0.58530017,0.51281038,0.62927647,0.42008800,0.54197524,0.49491883,0.42983421,0.70945206,0.59208838,0.63328882,0.39444873,0.57928200,0.41439862,0.54029893,0.63610068,0.48219286,0.51217568,0.45596402,0.62576519,0.47423672,0.55210823,0.59285757,0.42428473,0.42478089,0.66742768,0.35596189,0.54231936,0.54744834,0.53154969,0.43114564,0.49758633,0.47223685,0.59796758,0.47848638,0.57695767,0.58890278,0.53270829,0.58425138,0.47853200,0.54111373,0.50335612,0.44985331,0.48450173,0.51843914,0.64672411,0.46496757,0.63326906,0.50686580,0.68734865,0.67909814,0.46074591,0.50026716,0.66193184,0.66189969,0.38130047,0.35088693,0.48322405,0.40098405,0.39524231,0.33122433,0.45450816,0.49685226,0.46946101,0.50955699,0.52221804,0.69102415,0.49899828,0.52169964,0.41943189,0.57866449,0.41969851,0.41773446,0.47514630,0.38644225,0.41793211,0.48372607,0.51297379,0.55482616,0.55026609,0.67345690,0.44963660,0.45222143,0.66158282,0.45570612,0.51263050,0.34088687,0.59167454,0.69275242,0.58115310,0.46728363,0.48888586,0.49324979,0.48009058,0.47721777,0.30133943,0.52495806,0.44253928,0.33893695,0.53232346,0.55879931,0.59204275,0.66914115,0.56671708,0.53741622,0.44521647,0.69523594,0.61166904,0.47619238,0.53822119,0.51146967,0.52426874,0.57695767,0.56741779,0.37636687,0.54173039,0.64817597,0.56766246,0.54475405,0.47561399,0.49845656,0.66117165,0.49322035,0.62115484,0.49647713,0.45855219,0.49876503,0.49898788,0.59730415,0.45094374,0.49518558,0.49591473,0.61620443,0.57136084,0.60008194,0.33630609,0.46183270,0.60291358,0.55668927,0.62609350,0.32171232,0.30133943,0.38931003,0.49550464,0.37959467,0.53848326,0.64695923,0.58777287,0.56340499,0.50988696,0.64318504,0.53969678,0.53184432,0.52179810,0.54848595,0.52565073,0.69733261,0.61153221,0.60710539
00819-B,0.83428733,1.00000000,0.78075611,0.62066846,0.58131545,0.69119842,0.62593880,0.51755178,0.61506684,0.53546301,0.54927207,0.61302967,0.60632625,0.51548470,0.71366038,0.79847889,0.30499673,0.41979050,0.68595306,0.69899052,0.67395081,0.61344059,0.67980664,0.42704261,0.79487823,0.51988586,0.78297928,0.66874532,0.59422159,0.46777913,0.44095719,0.58236489,0.52126584,0.62565535,0.57853372,0.60753728,0.49900254,0.54468250,0.51203576,0.51082535,0.58612030,0.34164054,0.60803212,0.54211403,0.75923534,0.52144540,0.35348658,0.53274418,0.68413139,0.64589961,0.68560808,0.51483125,0.40910525,0.76125525,0.69522296,0.53898968,0.40201237,0.48975777,0.52757484,0.67012406,0.55546157,0.41214631,0.44354701,0.43137512,0.40476878,0.39188398,0.39459361,0.64109339,0.53360948,0.37287406,0.55949151,0.70080778,0.60659613,0.54804622,0.48677729,0.39440563,0.46570667,0.55362936,0.54812734,0.46913398,0.65282541,0.42578406,0.57728676,0.56007815,0.60560002,0.53893978,0.58956502,0.61072318,0.46618990,0.47707177,0.53885566,0.43730438,0.68437574,0.52308356,0.44106900,0.50871745,0.59267212,0.52610625,0.52939056,0.47664171,0.38277480,0.43998036,0.58181905,0.40356075,0.49978606,0.49428376,0.42617072,0.63202522,0.56803473,0.47497163,0.51748631,0.49124542,0.68172674,0.41716098,0.69288653,0.57648695,0.36940056,0.51021471,0.44039062,0.43934530,0.55633408,0.54934604,0.61203196,0.54945061,0.50614471,0.51158696,0.46730644,0.55619214,0.39093705,0.48780925,0.56041203,0.68200702,0.61178367,0.46837017,0.48977226,0.52194313,0.46035021,0.61699701,0.45907037,0.52502456,0.46090308,0.43467533,0.74581820,0.56826083,0.51601164,0.41716098,0.57255170,0.46612909,0.44971484,0.66408642,0.46054074,0.49556588,0.48354976,0.54701028,0.40280079,0.54159289,0.52917108,0.44205401,0.47081057,0.65366012,0.39127629,0.58715436,0.59139128,0.51687013,0.43407568,0.46562699,0.51943890,0.57364934,0.55211060,0.53750876,0.60108391,0.51197919,0.52694301,0.50760954,0.49736361,0.46784989,0.42717440,0.49611901,0.47633551,0.63721571,0.45149342,0.63942106,0.52866869,0.67507877,0.63376858,0.50918392,0.50239202,0.72407932,0.59052105,0.41880497,0.39027342,0.47013521,0.42227805,0.39119496,0.36758245,0.48290179,0.54040932,0.46173473,0.51038645,0.53557030,0.68180318,0.56202652,0.47945921,0.42371679,0.57017886,0.48506669,0.53605519,0.51582979,0.44875781,0.35530594,0.41391004,0.50478667,0.48966240,0.51783729,0.62450783,0.50448809,0.51273326,0.65873553,0.37633954,0.44408041,0.36086054,0.62593880,0.66943890,0.47538342,0.43548263,0.53239830,0.45278289,0.45843847,0.53243048,0.29714876,0.45569442,0.41783134,0.40903769,0.57231661,0.60274224,0.56950144,0.58553062,0.47357326,0.54068243,0.39327660,0.68478423,0.64003827,0.48133062,0.47818816,0.47922627,0.53369200,0.53750876,0.46430153,0.36856271,0.55115365,0.64077244,0.50736739,0.47549904,0.51629748,0.50339367,0.63222310,0.55213744,0.64138295,0.58861122,0.42439860,0.48473013,0.42245678,0.60544825,0.42765168,0.42547138,0.48925358,0.52205111,0.52602580,0.56649117,0.30914801,0.50551001,0.63936201,0.54135724,0.70945613,0.35441093,0.29714876,0.41453065,0.42033139,0.33064966,0.50080687,0.63615256,0.61390994,0.49916490,0.46735119,0.60643058,0.53325089,0.54907309,0.60953575,0.46435346,0.50858723,0.68065964,0.51737889,0.49674318
00819,0.71828611,0.78075611,1.00000000,0.53490713,0.63049921,0.64908423,0.52674798,0.43377715,0.52241673,0.47897469,0.52797940,0.55116843,0.60492676,0.48406449,0.61858159,0.71021357,0.29561529,0.38011923,0.59985483,0.58485712,0.56915016,0.49022305,0.61307825,0.38337963,0.70661291,0.43430835,0.64671346,0.69386888,0.58104319,0.38297669,0.42874897,0.53976190,0.49091308,0.59315663,0.49871584,0.54363238,0.40942473,0.47121751,0.48465288,0.50309108,0.50505280,0.30021559,0.58917948,0.44316717,0.68489647,0.48154077,0.34726102,0.48022764,0.59563350,0.57950226,0.58841019,0.45120836,0.35045589,0.72617111,0.58108955,0.46518165,0.34687359,0.44037414,0.47474361,0.55717697,0.55020545,0.37396200,0.42110828,0.40369407,0.41218499,0.36792063,0.36682148,0.54938143,0.49021963,0.30575381,0.51034554,0.63791287,0.58575788,0.53168321,0.52595105,0.34364658,0.41186753,0.47323473,0.46772708,0.40137781,0.61717065,0.40539593,0.53352352,0.48986245,0.64525111,0.47649985,0.60030134,0.55650380,0.42558023,0.46182758,0.48197054,0.44814575,0.65082818,0.45559133,0.39199608,0.48756470,0.54933937,0.46461007,0.45691294,0.53089930,0.32773544,0.42629301,0.54156135,0.38558406,0.50315978,0.39100059,0.32823063,0.56224980,0.53239913,0.42553876,0.52385079,0.41583291,0.68192444,0.34032509,0.69489324,0.59926766,0.30032607,0.47841080,0.36255737,0.43411230,0.48276295,0.53046434,0.54052415,0.51190599,0.45676108,0.44185619,0.42981570,0.52311861,0.31722444,0.39430752,0.56465771,0.66399657,0.48841172,0.43864537,0.44138151,0.48849261,0.39038049,0.50803553,0.38905119,0.49973725,0.45756167,0.38602825,0.61916966,0.51035524,0.52859888,0.34032509,0.52198885,0.39439734,0.44496221,0.63319714,0.40141817,0.51139899,0.45666884,0.47880259,0.38885029,0.54583857,0.50015388,0.37716209,0.43087714,0.60048896,0.33165753,0.48922279,0.54148204,0.46524485,0.42090975,0.42925766,0.44443389,0.56648173,0.51534917,0.49611297,0.54255842,0.49036621,0.49607360,0.47585496,0.44037156,0.43171160,0.32923431,0.46777076,0.40872870,0.58642053,0.45292751,0.55691185,0.50701339,0.58289340,0.56087502,0.45160789,0.41270623,0.67260627,0.56089516,0.37008281,0.31839536,0.40427514,0.37698949,0.33794494,0.30104699,0.37791806,0.44782338,0.38867147,0.46794226,0.50162792,0.63282734,0.47842717,0.46832442,0.38217972,0.53723186,0.42600702,0.47453298,0.46907120,0.43076634,0.31674329,0.39293591,0.44488182,0.50370506,0.49189935,0.66070149,0.42455596,0.44692902,0.60416703,0.30692817,0.38095066,0.32208071,0.52674798,0.62469048,0.44745165,0.44154991,0.49357342,0.44392164,0.39931589,0.48184744,0.22939052,0.43432790,0.39176062,0.34465149,0.51500389,0.55283300,0.47786330,0.53930686,0.47552745,0.54511138,0.34723599,0.64351178,0.57610075,0.39319572,0.45444025,0.44527235,0.49264137,0.49611297,0.44354765,0.31981442,0.51010302,0.61756130,0.47791784,0.46507867,0.46953889,0.43434027,0.55108166,0.48193930,0.55061190,0.43408082,0.40628898,0.43869783,0.41977327,0.54245480,0.39650781,0.39235304,0.46094698,0.49992156,0.49498541,0.58015238,0.29140266,0.43382246,0.63563170,0.54681205,0.57424636,0.29347297,0.22939052,0.33291162,0.43273121,0.29363187,0.44576641,0.56175219,0.56704893,0.47719675,0.41201230,0.62293817,0.45285063,0.49675630,0.49914295,0.45566893,0.50079854,0.63570994,0.49524933,0.44827337
03716,0.60949712,0.62066846,0.53490713,1.00000000,0.47549214,0.58401492,0.58628463,0.60963868,0.66167027,0.64324381,0.59979216,0.63467278,0.56532491,0.55161803,0.74348758,0.71387200,0.40213527,0.47861959,0.73848882,0.60455049,0.59843079,0.53966769,0.58719580,0.43594821,0.71093893,0.46533442,0.64808794,0.54972946,0.63375186,0.48929444,0.52526648,0.56076669,0.49577420,0.62067268,0.62948188,0.66465055,0.63675220,0.63039885,0.66069964,0.50544884,0.64292372,0.43878527,0.57811331,0.55535299,0.67987205,0.56123488,0.45784054,0.50498004,0.57585278,0.57450084,0.59914631,0.54426502,0.55926965,0.61089455,0.60352449,0.53423799,0.53467439,0.53868931,0.52346322,0.58873151,0.45647947,0.48607472,0.53936027,0.47778790,0.46725687,0.42488572,0.44229538,0.67059095,0.54132825,0.58840796,0.52892021,0.60962534,0.46813194,0.50357431,0.50385928,0.45817009,0.53452783,0.52816942,0.72941792,0.46372684,0.71464240,0.48809248,0.55150594,0.57914792,0.56436454,0.62104693,0.52946170,0.59976621,0.46731187,0.45322622,0.46038561,0.43989544,0.57685613,0.58267398,0.52227763,0.56576702,0.51111266,0.58890925,0.51310039,0.40924474,0.44727616,0.52484006,0.54252914,0.41565079,0.62355253,0.50355056,0.45188277,0.59396084,0.52457960,0.56267948,0.50962980,0.46904906,0.60019969,0.44350784,0.63047602,0.48730717,0.47958745,0.55060466,0.62724216,0.45201390,0.57411555,0.52713264,0.57162974,0.54630396,0.56214470,0.54737413,0.49267500,0.60501414,0.46833851,0.60249433,0.49906264,0.55800700,0.58831098,0.49715575,0.47197344,0.51155838,0.56364288,0.45615556,0.57122138,0.47620031,0.45509685,0.38461321,0.59905366,0.64795724,0.54920263,0.44350784,0.61348139,0.50284544,0.48388395,0.55425501,0.42215669,0.50016653,0.52797261,0.50393689,0.37726130,0.47947303,0.52677262,0.53230406,0.47547542,0.57372069,0.49135672,0.60449662,0.51703894,0.47166653,0.42887284,0.40457799,0.52696213,0.46413425,0.46789463,0.42193475,0.66668552,0.46352023,0.51480273,0.54090483,0.49127630,0.50958398,0.45727162,0.50934475,0.65411866,0.64029417,0.48964430,0.55374599,0.53068367,0.53628140,0.54207598,0.61809847,0.47411126,0.57205101,0.57181264,0.53997767,0.50046861,0.42864197,0.54611258,0.38840493,0.43111347,0.52959593,0.53508726,0.53621825,0.55050445,0.58789464,0.69902782,0.68205650,0.51274836,0.49411270,0.59446466,0.53042636,0.47417190,0.50104456,0.45215123,0.31675993,0.48070167,0.63836843,0.44734073,0.58100500,0.60482279,0.54608359,0.48942039,0.72794319,0.40140981,0.44153557,0.39467167,0.58628463,0.53264756,0.59082705,0.44232819,0.49461179,0.62232936,0.42034243,0.62496225,0.39304336,0.41255280,0.42495502,0.41392584,0.45411239,0.52337289,0.62790780,0.60184377,0.56224175,0.53951039,0.43925554,0.53581449,0.58678608,0.50157645,0.46067662,0.46513058,0.50567682,0.42193475,0.53661430,0.43011712,0.48098458,0.56831001,0.44251140,0.48781944,0.49881151,0.51432697,0.58723037,0.52739585,0.62647868,0.55358245,0.39894193,0.43015489,0.40309885,0.57117728,0.45123695,0.43712964,0.46322202,0.50558933,0.59287208,0.51501250,0.39491298,0.55791676,0.55253109,0.45549411,0.62825633,0.40514170,0.39304336,0.41661812,0.46163125,0.42219208,0.58164431,0.58203292,0.64077803,0.46928111,0.47911945,0.60783246,0.69394989,0.66337659,0.64347987,0.46174151,0.47256887,0.53319026,0.49911122,0.47517083
04138,0.55262074,0.58131545,0.63049921,0.47549214,1.00000000,0.57721039,0.48892442,0.39781433,0.43919965,0.42525669,0.45504387,0.56306755,0.55402775,0.42600757,0.55873919,0.58798574,0.27369989,0.39856389,0.50263383,0.51136841,0.54871394,0.46918184,0.56634176,0.37721888,0.58660176,0.38176739,0.53720496,0.60475633,0.47204515,0.42524922,0.44923391,0.49986223,0.45746149,0.45594902,0.50682647,0.52219545,0.36762950,0.48025305,0.41910879,0.40801257,0.45147977,0.30871539,0.51448181,0.46392254,0.56242612,0.48222460,0.44969697,0.47001124,0.52082472,0.46885316,0.53447532,0.44689537,0.29990706,0.57092274,0.50891085,0.41168580,0.31849927,0.44606554,0.51167603,0.52887030,0.46047679,0.37559417,0.44663731,0.48006046,0.38862986,0.35382167,0.43259554,0.53411735,0.42964789,0.31629702,0.48394251,0.48649555,0.51525803,0.52947936,0.46579334,0.33765759,0.41159803,0.49023057,0.42130748,0.36537674,0.52555981,0.39491819,0.49641688,0.42770691,0.54926005,0.46617187,0.53802807,0.50294733,0.43509829,0.49766542,0.48761801,0.48861669,0.67684393,0.47281064,0.36263382,0.47865922,0.52046404,0.45020427,0.45020141,0.42324457,0.35702782,0.44976636,0.55614962,0.43229918,0.47879560,0.41720370,0.35593864,0.58560312,0.54812584,0.41250971,0.45140277,0.44086924,0.63847320,0.37449318,0.60163206,0.46047448,0.38049345,0.44551818,0.38512058,0.42465227,0.49852864,0.50029882,0.55286387,0.43326676,0.45097518,0.45149445,0.37971249,0.50952011,0.28360263,0.37454846,0.54613088,0.56301931,0.48264184,0.46062255,0.43922251,0.50705010,0.41890408,0.40487012,0.37569190,0.49884887,0.49146769,0.40276040,0.54096228,0.41280713,0.50773411,0.37449318,0.50295386,0.42263309,0.46444019,0.59551098,0.37190677,0.45027113,0.46136405,0.48279696,0.43878663,0.53498380,0.51646615,0.40170247,0.42126643,0.52849752,0.38257047,0.44624154,0.56776452,0.45847358,0.39554558,0.41390616,0.44665315,0.59910015,0.56733415,0.50944920,0.50238795,0.43352682,0.50661430,0.49432198,0.47336328,0.42342341,0.35500279,0.44390282,0.34182301,0.50055618,0.42703105,0.52707485,0.48869192,0.48728694,0.50853829,0.40642420,0.41314849,0.56185655,0.49415945,0.44055614,0.32942213,0.40823028,0.34939149,0.32398894,0.35112672,0.33297631,0.48551422,0.39558414,0.46413683,0.47078607,0.50227903,0.49186254,0.44542133,0.40345670,0.48476972,0.37468222,0.48913101,0.48760348,0.32070595,0.24383648,0.35794846,0.45419722,0.49556510,0.45134979,0.53244978,0.43399962,0.44720123,0.52906639,0.33443759,0.45937475,0.48728774,0.48892442,0.53452740,0.40659372,0.41882086,0.47381777,0.43681244,0.37054444,0.43148355,0.22944931,0.42298381,0.42501469,0.33814987,0.46409788,0.57417273,0.38724226,0.46577227,0.39620243,0.53337838,0.50024278,0.61248428,0.51999711,0.44977757,0.49795283,0.46322339,0.42508686,0.50944920,0.42456814,0.34476011,0.44698796,0.60962813,0.50617539,0.41698881,0.48885858,0.52386455,0.55922112,0.46266701,0.55902672,0.47460123,0.37183789,0.38848050,0.44344733,0.52643933,0.41626914,0.38824277,0.49361915,0.52620884,0.47592013,0.50979149,0.29968796,0.45223245,0.64995925,0.47787557,0.52930801,0.31830061,0.22944931,0.35641168,0.51345140,0.31355550,0.43006062,0.59162427,0.52968315,0.47856338,0.49240635,0.50946772,0.40998848,0.43946983,0.42749677,0.53880285,0.51470488,0.57366140,0.51703861,0.39168153
07276-A,0.70622788,0.69119842,0.64908423,0.58401492,0.57721039,1.00000000,0.65010872,0.56597503,0.59602651,0.50588007,0.51666196,0.64447292,0.62039212,0.48140888,0.69491480,0.73591173,0.27952703,0.41577675,0.64198466,0.69167135,0.71585883,0.56084360,0.73169155,0.38489107,0.73506129,0.56471270,0.69918532,0.67928326,0.57414941,0.49859141,0.52094022,0.63427967,0.54357052,0.58255441,0.59511705,0.59771014,0.44796045,0.59444003,0.49893214,0.53094039,0.54230882,0.35389972,0.89012626,0.60020624,0.78200555,0.52243940,0.39405612,0.50993394,0.61267931,0.59640599,0.67870796,0.55149807,0.41487948,0.77952812,0.68869724,0.55624097,0.42450462,0.53033793,0.53235529,0.71683149,0.60912300,0.36225269,0.47595878,0.43651900,0.37609785,0.44142842,0.38360847,0.60923897,0.50973383,0.37846890,0.59135081,0.62892766,0.69004597,0.57690647,0.55490374,0.35879324,0.49844814,0.58641126,0.49712457,0.49090957,0.57768270,0.41885593,0.54896391,0.57341885,0.56074871,0.52049650,0.53166705,0.62886229,0.41586560,0.59970836,0.58601171,0.55378738,0.67465849,0.57794068,0.44656746,0.51627181,0.61584646,0.53123855,0.53066078,0.48195620,0.37854444,0.47790908,0.67053493,0.46497299,0.58182839,0.46180658,0.39812790,0.61693597,0.60731413,0.43501119,0.56565968,0.46602250,0.62784834,0.46021752,0.64327687,0.52335632,0.42688624,0.54113175,0.46610405,0.44790697,0.58340191,0.61330918,0.64093070,0.48189593,0.54796237,0.54294967,0.44186109,0.55430068,0.41238270,0.45537289,0.66573270,0.71905225,0.60009876,0.52108267,0.53782705,0.55883490,0.47229181,0.55427924,0.46715656,0.56347189,0.50861365,0.45396789,0.66868745,0.55134902,0.58992199,0.46021752,0.61929708,0.44468047,0.51173101,0.72518405,0.50082277,0.54642552,0.47077031,0.63885965,0.52902853,0.65016933,0.56544752,0.48019334,0.46130389,0.70478372,0.38085187,0.59779649,0.61350643,0.59861776,0.49850914,0.56079989,0.56380204,0.63443684,0.52502167,0.55585444,0.61057712,0.59548693,0.56132997,0.52264192,0.57306156,0.56502722,0.40022566,0.60015450,0.45935837,0.68252683,0.51347066,0.65427244,0.61590457,0.75254412,0.64245753,0.42027732,0.56852991,0.74590269,0.71632890,0.45457005,0.41363637,0.50708319,0.44095304,0.43230340,0.39433874,0.46665926,0.57239198,0.52653788,0.57465860,0.51126808,0.73734361,0.51060091,0.46849094,0.42530436,0.54529572,0.42449630,0.49931092,0.54297841,0.39587904,0.37988224,0.46145762,0.48134131,0.50573106,0.53638552,0.61203674,0.51206725,0.53880962,0.64706812,0.40170386,0.50648517,0.40469163,0.65010872,0.80300072,0.55408498,0.47916914,0.51148328,0.55562234,0.49751141,0.49529692,0.27230597,0.49287108,0.46862294,0.38176455,0.56540073,0.62460409,0.56046779,0.61596648,0.48449509,0.53066641,0.47771907,0.71593117,0.65240971,0.56999976,0.54177201,0.51873999,0.57598086,0.55585444,0.52385778,0.33235034,0.58659713,0.69865687,0.61313324,0.53330883,0.54163702,0.52259805,0.71169033,0.58725706,0.65753944,0.54741560,0.46958087,0.51005803,0.49819683,0.66589594,0.43581140,0.47648927,0.55088715,0.60486857,0.54725242,0.60766044,0.35063196,0.55479495,0.68143205,0.62868676,0.69526699,0.35943981,0.27230597,0.42011967,0.50107418,0.42794139,0.56219052,0.70501675,0.58467237,0.59741009,0.55582113,0.58451935,0.47148287,0.53099608,0.56164846,0.59274847,0.55560216,0.69684603,0.60666629,0.58949674
07276-B,0.59167454,0.62593880,0.52674798,0.58628463,0.48892442,0.65010872,1.00000000,0.64184090,0.64638612,0.50774752,0.57335420,0.57393444,0.60473822,0.52452816,0.68409520,0.69873429,0.34226930,0.43104209,0.63286346,0.58964942,0.59190733,0.47749114,0.61026406,0.34225296,0.69788384,0.59177641,0.60965333,0.53215962,0.52321833,0.50278040,0.56020973,0.60023667,0.54506124,0.59778925,0.55667887,0.56574552,0.49141518,0.59467251,0.51906017,0.48848597,0.56993586,0.41656511,0.56187585,0.60607142,0.62236835,0.57347702,0.38969231,0.48746727,0.63327389,0.60078799,0.59671269,0.52491395,0.45953140,0.65686265,0.58667530,0.50989242,0.44183987,0.61146087,0.55377478,0.60577383,0.50836059,0.43356762,0.50526323,0.49622367,0.43107861,0.48014405,0.48097432,0.70173299,0.42998927,0.39271118,0.53506762,0.60932367,0.53738596,0.52619629,0.51330093,0.42763677,0.44194178,0.61660379,0.53734210,0.51661523,0.65675324,0.39314947,0.53678321,0.60503902,0.49394059,0.48153941,0.46583582,0.58357376,0.48340227,0.48188949,0.52819894,0.49592842,0.61161285,0.51741042,0.41321349,0.55612644,0.55855756,0.50904480,0.53318214,0.39936090,0.53592584,0.49656715,0.59742987,0.51519000,0.56119085,0.58909067,0.53878553,0.63732084,0.58135054,0.47844849,0.45171456,0.51517542,0.56483414,0.39612265,0.60268826,0.44363904,0.43794606,0.59358969,0.55574205,0.52833826,0.59832791,0.58123348,0.57924438,0.48082850,0.62908531,0.65898092,0.46391668,0.55937012,0.45803453,0.47289404,0.57026695,0.53915703,0.52656814,0.53752907,0.50552888,0.48256689,0.49916413,0.44998744,0.47960029,0.48002008,0.45601504,0.50721664,0.58101041,0.58611046,0.51373463,0.39612265,0.58627615,0.45611039,0.48908249,0.62466141,0.46840734,0.48770470,0.44080651,0.54519603,0.43961989,0.55470358,0.48566564,0.48770275,0.48957247,0.61046599,0.43321886,0.58165655,0.58553427,0.52339584,0.37836274,0.48212138,0.59087279,0.50093539,0.48674856,0.48346611,0.56932441,0.52540842,0.47137057,0.54834090,0.51622188,0.49240089,0.54088329,0.54142180,0.55666570,0.63750644,0.51476596,0.57446569,0.54396960,0.59826696,0.55743753,0.47957641,0.49789868,0.57480833,0.58429844,0.48742663,0.36370644,0.40520326,0.48781699,0.44209179,0.43488508,0.41794948,0.59173289,0.58215697,0.51438074,0.54097720,0.64627608,0.54581971,0.50586411,0.43604924,0.59033546,0.46280710,0.52257350,0.53940674,0.39201280,0.37819074,0.49568241,0.46616612,0.48343328,0.54333058,0.50241474,0.50944269,0.50616333,0.64909712,0.44499634,0.51378532,0.44369992,1.00000000,0.59816619,0.51200035,0.41793797,0.53109438,0.56641883,0.46509598,0.50138469,0.28861855,0.51904965,0.47089287,0.49636479,0.53969488,0.59663193,0.61565001,0.55880912,0.45762466,0.51313778,0.37454583,0.59102470,0.60151727,0.50329976,0.56536159,0.54954074,0.52207709,0.48346611,0.49271290,0.37003366,0.53269336,0.58083805,0.52646703,0.54746705,0.53806535,0.49515703,0.60495103,0.53039177,0.66358871,0.58478761,0.47927938,0.51150803,0.46707794,0.53417652,0.49984667,0.48381812,0.54043462,0.53892816,0.55086248,0.47383997,0.36833537,0.60072462,0.58172645,0.48986586,0.64937526,0.36976834,0.28861855,0.41360574,0.43969682,0.51653217,0.58317258,0.63218334,0.58633744,0.52319112,0.48433268,0.55349602,0.51170040,0.56653788,0.61415504,0.44687354,0.45989299,0.63672884,0.54072588,0.50122935
07276-C,0.52647505,0.51755178,0.43377715,0.60963868,0.39781433,0.56597503,0.64184090,1.00000000,0.67260196,0.54659943,0.49249710,0.58249804,0.55849950,0.53404185,0.61767405,0.62623956,0.38643131,0.46537069,0.56565359,0.53072763,0.57695709,0.40764470,0.56261493,0.37893539,0.62538911,0.56028663,0.54919704,0.50358401,0.46268535,0.44088588,0.58115145,0.55029207,0.54989701,0.48774458,0.51507843,0.57840086,0.43580861,0.48847058,0.43537699,0.49938725,0.57189026,0.43833733,0.54417545,0.59094857,0.58417775,0.62182520,0.49513467,0.51557052,0.45681432,0.52658288,0.54005695,0.53835019,0.54447090,0.61515541,0.52775352,0.52420691,0.48105379,0.65529807,0.55429123,0.54171649,0.49908698,0.49497601,0.58919968,0.51208058,0.46763689,0.52586673,0.51560926,0.69049560,0.47594639,0.52976813,0.46279319,0.55822413,0.52650047,0.40175476,0.50708430,0.50032075,0.39743395,0.62218901,0.47542188,0.49435048,0.51273713,0.48880739,0.58594395,0.58714390,0.45138414,0.60558692,0.42891503,0.51568356,0.47943683,0.47863670,0.46022852,0.44670261,0.50075019,0.55776803,0.41528548,0.54101920,0.49479789,0.62530981,0.50113286,0.42779670,0.57479327,0.57960005,0.62009179,0.49876254,0.56272001,0.55971796,0.51754849,0.69103519,0.49785124,0.54645127,0.42276618,0.50739551,0.45858366,0.44374821,0.54047920,0.37089499,0.51525423,0.52904888,0.64862974,0.47573275,0.57325673,0.56384134,0.54616195,0.44202036,0.67292251,0.77273857,0.49118868,0.58275486,0.50371768,0.53937950,0.52092696,0.51731839,0.48071004,0.55033180,0.56732616,0.49654557,0.46358958,0.45603038,0.48390484,0.50958412,0.45062440,0.51823662,0.53808708,0.53366217,0.50880868,0.44374821,0.61671222,0.50627318,0.55089338,0.50512503,0.50434598,0.49581393,0.48601992,0.57576389,0.43599784,0.50536359,0.50050357,0.54508054,0.43499491,0.60856059,0.51306003,0.59288656,0.49588107,0.52698697,0.43420695,0.49885536,0.52489013,0.47715146,0.41205585,0.41586663,0.53875281,0.52640109,0.49699082,0.54264426,0.51247355,0.46969997,0.51964625,0.51021922,0.45837897,0.63107163,0.47699623,0.52287432,0.53672150,0.50817638,0.49803774,0.54858939,0.50500496,0.51326327,0.63330207,0.58206198,0.43211438,0.43675324,0.46007844,0.46858736,0.47429575,0.51651188,0.51386896,0.60178263,0.53109379,0.56290894,0.64155245,0.60860203,0.57456490,0.47305035,0.54443871,0.49480919,0.51256791,0.52797925,0.46608869,0.36718283,0.54902949,0.58234261,0.50824377,0.53229696,0.47027187,0.54751780,0.52045523,0.59765860,0.40335816,0.51740627,0.47057269,0.64184090,0.56914881,0.57760346,0.46905504,0.53422233,0.55571472,0.50103462,0.52486697,0.41501045,0.46526996,0.54464512,0.42533262,0.53242544,0.50697873,0.59858101,0.55695334,0.49938734,0.47371730,0.46965772,0.53735355,0.58077234,0.51377987,0.54314818,0.58636425,0.56049619,0.41586663,0.55214179,0.43636799,0.57111246,0.55452630,0.51210481,0.50700281,0.52663786,0.49726994,0.53283491,0.42112861,0.65372985,0.43037131,0.51252511,0.52581156,0.44123540,0.48387135,0.48543206,0.52878899,0.57062085,0.61161890,0.58306137,0.43698727,0.46619457,0.56816048,0.45304942,0.46313802,0.58353826,0.47144579,0.41501045,0.53627766,0.47648765,0.63705320,0.63861425,0.55367640,0.54320419,0.54406507,0.52603596,0.44970314,0.44978018,0.45481206,0.50649902,0.44845389,0.44115069,0.48321101,0.61341662,0.57070886
07276,0.61031983,0.61506684,0.52241673,0.66167027,0.43919965,0.59602651,0.64638612,0.67260196,1.00000000,0.59914667,0.55489730,0.65625485,0.56832832,0.54425128,0.64590763,0.65824231,0.34752317,0.41992055,0.67535646,0.55018604,0.56166089,0.50021004,0.59470422,0.45469512,0.65739186,0.64945587,0.57979256,0.52185558,0.47885261,0.44263926,0.53329214,0.56203232,0.55108694,0.58889180,0.52076088,0.55104562,0.48595858,0.57330091,0.52390046,0.52721406,0.61238947,0.38550971,0.51855995,0.57250047,0.61428614,0.55891422,0.44063441,0.46098324,0.49793765,0.55613704,0.59563572,0.52084549,0.49764375,0.65222631,0.54721193,0.48261227,0.49343645,0.56743847,0.49132874,0.56485112,0.44445616,0.50452358,0.55186962,0.40647938,0.47787943,0.41864545,0.43134285,0.71990371,0.53511638,0.49096759,0.51116440,0.59802472,0.47062269,0.44690403,0.48087847,0.45726534,0.41126762,0.58294216,0.57379113,0.47416335,0.61979035,0.44527622,0.53841298,0.58331562,0.49261022,0.54998764,0.42745861,0.54870082,0.45762152,0.45067476,0.45769559,0.44587893,0.56972237,0.57479215,0.41632614,0.50093010,0.50502914,0.56627682,0.50332726,0.43169482,0.43241003,0.53533219,0.55388410,0.42465712,0.53788479,0.46035030,0.39494559,0.67183247,0.45927055,0.47404539,0.48213089,0.45103743,0.51156501,0.35604612,0.55312516,0.40865813,0.45914144,0.52539046,0.54989147,0.43676672,0.54933296,0.57002223,0.50783824,0.45685150,0.58506291,0.61135929,0.44369802,0.57429257,0.44649450,0.53089764,0.48835131,0.49720566,0.46141124,0.49485158,0.42970812,0.49492419,0.49876974,0.43883571,0.47996801,0.48394134,0.43551223,0.39380021,0.60367619,0.57088411,0.54092644,0.35604612,0.64615556,0.53560895,0.49407723,0.56888111,0.41014487,0.47608055,0.44020358,0.49264171,0.38178510,0.47278794,0.49897430,0.46847595,0.48317127,0.63426936,0.47086983,0.58137269,0.49745434,0.46356028,0.32016504,0.41357122,0.47524337,0.47041177,0.42098082,0.44825641,0.55379650,0.46895573,0.48996546,0.47252834,0.48920380,0.42501778,0.39704335,0.44044924,0.53481295,0.64765929,0.44106860,0.50398244,0.46792891,0.54312449,0.54090762,0.57843185,0.43097198,0.53546085,0.55465624,0.45614281,0.44821842,0.46449803,0.46421084,0.35296317,0.43770318,0.60986236,0.45112707,0.52737036,0.44319625,0.51763531,0.65769342,0.64015869,0.54324011,0.42879756,0.55602105,0.49962537,0.46798422,0.51502505,0.43506047,0.31709764,0.46009515,0.57401276,0.49178660,0.56321848,0.49386523,0.51414348,0.47314706,0.70023223,0.36351384,0.42979663,0.42926945,0.64638612,0.54263125,0.59205162,0.42560030,0.49312605,0.53562296,0.40683350,0.53329340,0.34752899,0.42887678,0.40099849,0.38143807,0.44879829,0.50855199,0.62709776,0.51916896,0.51614877,0.49745939,0.41702671,0.56260069,0.58723734,0.41860525,0.47275914,0.48434013,0.46346618,0.44825641,0.55999204,0.43934878,0.47408245,0.59233163,0.44583989,0.49245260,0.51368366,0.41643191,0.56613766,0.48403348,0.65919949,0.47333566,0.41721228,0.45886733,0.33849610,0.52129938,0.42342719,0.43488487,0.49014088,0.55538248,0.55895579,0.50455768,0.36463263,0.50825520,0.50975656,0.44648668,0.58538318,0.41231344,0.34752899,0.44369337,0.38382366,0.40122301,0.56801661,0.60910696,0.56198452,0.50651942,0.45860250,0.50681390,0.54814943,0.51376791,0.55797457,0.42465228,0.39378716,0.51947145,0.55718020,0.54569066
08574-A,0.57133512,0.53546301,0.47897469,0.64324381,0.42525669,0.50588007,0.50774752,0.54659943,0.59914667,1.00000000,0.78920692,0.72086751,0.66168287,0.43980384,0.56376568,0.59803676,0.35952409,0.41105272,0.61354105,0.48163838,0.50338649,0.36158171,0.47551178,0.32890453,0.59888964,0.41691369,0.55033163,0.50148874,0.56692089,0.37096244,0.54098980,0.44742688,0.42233567,0.60764808,0.52823046,0.56112020,0.58216901,0.59982104,0.71556301,0.55108287,0.65369692,0.38523010,0.46340922,0.46533527,0.58013053,0.60909006,0.45018087,0.39021334,0.51962859,0.60650642,0.57009303,0.42303009,0.54535509,0.54978960,0.48099543,0.55517751,0.62651888,0.46544012,0.38770040,0.46372652,0.38347196,0.44753916,0.47896810,0.40325145,0.46374599,0.41497276,0.37997663,0.63769234,0.58462113,0.51502434,0.47690500,0.57966627,0.48640674,0.35993184,0.58480491,0.50839866,0.46933460,0.47886238,0.60070821,0.53771455,0.59537455,0.45446181,0.44473211,0.51092744,0.55936529,0.55053734,0.39737509,0.54267895,0.47723454,0.34370102,0.44566012,0.48283257,0.50995691,0.51293950,0.58373261,0.60277920,0.40834691,0.50120320,0.49328352,0.42698275,0.38648856,0.46023786,0.54815682,0.42176414,0.64602426,0.43067892,0.44077663,0.57932474,0.42890759,0.53970119,0.52547012,0.38769773,0.46578717,0.30815421,0.55898498,0.38649056,0.42404411,0.48777792,0.52759230,0.50036634,0.47455000,0.56376532,0.43578451,0.44866920,0.48921378,0.50588437,0.47122371,0.54577646,0.42919406,0.53672014,0.44588836,0.47062350,0.40342318,0.41416304,0.41035126,0.50814402,0.72893665,0.42537693,0.50454968,0.38638661,0.31894644,0.36967795,0.57340358,0.59793704,0.53113604,0.30815421,0.62947992,0.45442490,0.45164395,0.48507575,0.44331379,0.58365633,0.37117928,0.47815029,0.36835567,0.42603753,0.51257464,0.40161621,0.38906962,0.58833657,0.41867886,0.58027240,0.41937595,0.35673229,0.33510070,0.36321396,0.41485692,0.38686570,0.32559733,0.32990097,0.55747830,0.40665894,0.48896003,0.37031884,0.42939113,0.44744467,0.44198325,0.40312786,0.63930562,0.57328459,0.43382963,0.47522634,0.46402264,0.47324089,0.47169369,0.54074102,0.40082679,0.45860945,0.53132159,0.44076776,0.42285783,0.37726208,0.57301550,0.30194380,0.38920661,0.50223646,0.43076967,0.44135241,0.43457982,0.50429950,0.64134059,0.65332782,0.51576781,0.43308018,0.59855074,0.40951623,0.34808404,0.39431385,0.32152738,0.33919191,0.45156930,0.54436549,0.45462011,0.59066868,0.54704893,0.41191704,0.34980866,0.72447536,0.36725857,0.41320489,0.37390894,0.50774752,0.49215328,0.58539020,0.35424916,0.41357422,0.64647343,0.44063083,0.53514079,0.36152862,0.44897318,0.42040053,0.33066229,0.45573655,0.42930521,0.62049751,0.57107935,0.60044216,0.50029459,0.43553595,0.51727052,0.48778570,0.43179852,0.38915230,0.42569693,0.48060399,0.32990097,0.55805597,0.35885663,0.47744569,0.47739330,0.43652778,0.54764462,0.39574699,0.34739367,0.44367257,0.41592746,0.55000930,0.40592861,0.36496758,0.36642074,0.34444043,0.40914042,0.38587345,0.37880173,0.36727462,0.44846689,0.60158533,0.51358768,0.33906747,0.45911349,0.48007559,0.43126583,0.49128593,0.32168267,0.36152862,0.45034984,0.34016438,0.34940756,0.57270282,0.51974020,0.48523807,0.41881540,0.36644849,0.59753576,0.55746076,0.56685533,0.48633544,0.35841956,0.36090979,0.49732329,0.44160360,0.38812671
08574-B,0.53158510,0.54927207,0.52797940,0.59979216,0.45504387,0.51666196,0.57335420,0.49249710,0.55489730,0.78920692,1.00000000,0.65693035,0.67858848,0.52118326,0.55189081,0.59987218,0.34192515,0.39712510,0.62630793,0.46045660,0.46972088,0.34949210,0.51089832,0.27256583,0.60072506,0.41479786,0.56761224,0.49310583,0.63983427,0.35335781,0.50918512,0.47584512,0.39965226,0.58760568,0.51805134,0.52961496,0.56650581,0.56590464,0.74440605,0.50289593,0.69686504,0.38732213,0.50643012,0.52143014,0.55039392,0.65456356,0.39947488,0.37107696,0.60665761,0.61286807,0.51764151,0.46671269,0.56575932,0.56865256,0.45981366,0.50662225,0.56073673,0.50073088,0.43623221,0.49597630,0.41215735,0.36477465,0.49622764,0.41159918,0.41924531,0.43015100,0.39373348,0.65967938,0.50884246,0.45271417,0.53227206,0.61259156,0.51498757,0.40920611,0.57401101,0.40160316,0.49927713,0.47301234,0.57153642,0.49438346,0.67558679,0.39725339,0.48338285,0.50488270,0.51415936,0.49265900,0.40842220,0.62012766,0.48807308,0.39578115,0.42208440,0.52419951,0.51528837,0.50766426,0.55267072,0.68054236,0.43225419,0.45214248,0.43974300,0.43660651,0.45942278,0.48038972,0.50784226,0.49169284,0.64000045,0.50591889,0.53202520,0.55969564,0.54143444,0.58084788,0.56284247,0.43056176,0.51643873,0.26923049,0.61227319,0.41220828,0.36256381,0.55342163,0.52907697,0.55987578,0.51454577,0.52532320,0.44006302,0.49602714,0.52450454,0.54081606,0.53412015,0.56987894,0.40218147,0.55534511,0.51632514,0.48058347,0.39038634,0.40165634,0.39658639,0.49463290,0.69568711,0.43503915,0.52594364,0.40648912,0.36175397,0.29743872,0.51028209,0.58695151,0.56354480,0.26923049,0.67845364,0.50722995,0.43783322,0.55874627,0.48727236,0.56723634,0.37842296,0.41045960,0.36647186,0.49647431,0.49978369,0.42129561,0.41801135,0.61353843,0.38408841,0.66039732,0.49706573,0.36480524,0.32161591,0.37849946,0.45457958,0.43309859,0.37275522,0.31840493,0.60680731,0.43067828,0.47920395,0.43236216,0.46113245,0.47566324,0.53323183,0.45847750,0.55965959,0.54024175,0.39856542,0.50929842,0.51492381,0.50052725,0.48802607,0.49448957,0.42983193,0.46829244,0.54640063,0.45297008,0.39502680,0.34213074,0.60139736,0.31409302,0.42381901,0.43730649,0.49153026,0.47384205,0.44431817,0.52054661,0.60392414,0.64565914,0.49438414,0.41958597,0.59636791,0.40400300,0.41320475,0.41192064,0.33492777,0.34867576,0.46499522,0.51073683,0.41412824,0.54788021,0.50181274,0.43230637,0.38923843,0.65419637,0.38703366,0.41363794,0.40225933,0.57335420,0.48583541,0.55681630,0.38327298,0.48800980,0.61199549,0.48458940,0.56861062,0.37838587,0.46882562,0.44428403,0.40877838,0.48609570,0.50699499,0.60987838,0.57286868,0.51440511,0.59684817,0.42423946,0.47467450,0.47019260,0.41867702,0.39552875,0.45422678,0.45882011,0.31840493,0.59838727,0.41721866,0.45566180,0.53070240,0.43564752,0.57385617,0.41335378,0.37556272,0.42385440,0.45277199,0.55708195,0.45335658,0.36064894,0.37605543,0.33598026,0.41772648,0.44515910,0.37451702,0.40264532,0.41785495,0.57472938,0.54529940,0.34280048,0.48259132,0.55570358,0.46495372,0.49432446,0.37805882,0.37838587,0.47991126,0.39062788,0.34303673,0.50701208,0.52803960,0.54106986,0.45563412,0.41454285,0.59407666,0.52828898,0.63626216,0.54216453,0.37713224,0.38214091,0.55467794,0.41099166,0.39768663
08574,0.67116666,0.61302967,0.55116843,0.63467278,0.56306755,0.64447292,0.57393444,0.58249804,0.65625485,0.72086751,0.65693035,1.00000000,0.65001641,0.52068670,0.63281885,0.70554823,0.33032363,0.41767399,0.66074658,0.57822458,0.68660694,0.47386847,0.61302418,0.44710824,0.70640110,0.52603605,0.59319581,0.61817122,0.59835470,0.45108102,0.57431854,0.60018328,0.59230720,0.57748333,0.57919564,0.65969399,0.49627135,0.68346602,0.62314892,0.54257426,0.64783522,0.38850616,0.59571119,0.58105142,0.67646308,0.61208058,0.56695500,0.46156569,0.52082685,0.56915787,0.67834098,0.53681534,0.51479484,0.67077582,0.57758164,0.55185822,0.53882865,0.54073616,0.47201842,0.58557267,0.44501376,0.50810026,0.60662236,0.53080637,0.49545249,0.46593804,0.47359517,0.67024881,0.62427303,0.53786567,0.60847817,0.54436022,0.58155449,0.47780183,0.55301569,0.52203775,0.44806290,0.56326107,0.55981922,0.50055383,0.59960863,0.52467571,0.55772393,0.54180243,0.55535899,0.60648408,0.47942183,0.65386466,0.51643429,0.56744285,0.52656514,0.54125398,0.64067235,0.63464773,0.46514293,0.56192889,0.56108141,0.63770126,0.54454938,0.45591223,0.42154619,0.60739588,0.70297281,0.47439945,0.60551663,0.48736315,0.42472652,0.66011732,0.53293558,0.58999118,0.60380525,0.44315162,0.53254461,0.35136823,0.58794437,0.47574131,0.44980783,0.53564223,0.55147296,0.51829949,0.59566751,0.66495287,0.54216488,0.49476850,0.56450982,0.55851497,0.44015397,0.63746519,0.44119832,0.56427785,0.54376196,0.54931242,0.48797620,0.60009628,0.49879376,0.62189892,0.66198284,0.51316198,0.52750565,0.53689511,0.47676501,0.42693876,0.66974181,0.53712814,0.62743238,0.35136823,0.69534525,0.50914288,0.62415503,0.59953390,0.49571521,0.55080923,0.43485426,0.61726998,0.55304616,0.52391113,0.62994854,0.49800532,0.47663588,0.67348771,0.46939708,0.62684942,0.56255306,0.48661319,0.37142220,0.45089906,0.50327110,0.54498916,0.44458836,0.50575991,0.57769731,0.51977625,0.61723535,0.48270402,0.55848899,0.50003458,0.42593315,0.47287689,0.54347184,0.66858803,0.48569905,0.60701041,0.51538369,0.63435693,0.61182191,0.57180193,0.51917262,0.55093703,0.62025978,0.45263012,0.46533624,0.54777197,0.51641797,0.32443371,0.43053996,0.56619738,0.51831710,0.49379215,0.48141721,0.57943623,0.70829245,0.67498091,0.64938997,0.43979235,0.58276026,0.45620405,0.43315592,0.48176355,0.39499141,0.35324984,0.47866763,0.60271498,0.62238558,0.63186984,0.58374347,0.50549923,0.45610124,0.77110775,0.41196941,0.48891937,0.44509040,0.57393444,0.63460059,0.64011035,0.45008756,0.49346107,0.58868924,0.49303224,0.55438222,0.35002268,0.53244440,0.48788048,0.33811868,0.47066736,0.57248233,0.58638009,0.61556449,0.56867610,0.54742303,0.51932584,0.68146298,0.57984211,0.49780789,0.53563773,0.53783697,0.48308736,0.50575991,0.60931746,0.40109022,0.47992906,0.66207715,0.56358549,0.58167569,0.48319669,0.44354924,0.61480105,0.51231591,0.66625365,0.48279980,0.49075755,0.48324527,0.42597185,0.59715046,0.47964930,0.50632543,0.49787775,0.65873717,0.60436228,0.62562077,0.41923477,0.52272366,0.56550175,0.53530130,0.60862234,0.39074677,0.35002268,0.46781313,0.51017775,0.42784507,0.64501702,0.70677982,0.56788909,0.59214328,0.47139703,0.57304081,0.51657177,0.57552032,0.54723700,0.51930189,0.51272246,0.60416970,0.65187388,0.55970926
09032,0.64845364,0.60632625,0.60492676,0.56532491,0.55402775,0.62039212,0.60473822,0.55849950,0.56832832,0.66168287,0.67858848,0.65001641,1.00000000,0.57716029,0.63109432,0.67065416,0.45883074,0.48317526,0.53451356,0.56534835,0.61590350,0.42094111,0.64744753,0.31304965,0.66782134,0.49080534,0.56973895,0.65120233,0.62656946,0.43317852,0.50497412,0.57917081,0.57775679,0.62144314,0.57261950,0.61874456,0.48784080,0.61136194,0.53396414,0.73670798,0.66702185,0.44976880,0.58587796,0.60204087,0.63798319,0.75621324,0.56955026,0.51616036,0.60013887,0.61894380,0.64670716,0.64199506,0.51772212,0.66975426,0.56137411,0.59386523,0.53520392,0.51478140,0.56423577,0.59725039,0.47424343,0.49934128,0.59865724,0.52677370,0.48917905,0.55300689,0.49230556,0.66317835,0.50450197,0.46141292,0.55790385,0.65068701,0.60310533,0.50713708,0.76622969,0.50310858,0.51664312,0.56767222,0.50022319,0.58900284,0.63408911,0.49512235,0.58712221,0.58544645,0.66268158,0.56896852,0.54942566,0.60494434,0.56218167,0.55349046,0.62602394,0.66747955,0.63866439,0.58353637,0.56858873,0.68567164,0.54781854,0.59286038,0.54479513,0.57390327,0.45275041,0.57693698,0.64103378,0.59406318,0.68842520,0.51898544,0.53257384,0.65187227,0.61966475,0.56463955,0.55796181,0.53314145,0.58550351,0.36242178,0.74740156,0.51346540,0.39463164,0.60153761,0.54843725,0.68244083,0.60130491,0.66957148,0.56134583,0.49468964,0.53778838,0.60714639,0.56944540,0.60921089,0.51390132,0.54631903,0.59912668,0.53088135,0.47284416,0.56955045,0.55861605,0.66625793,0.62708413,0.56390009,0.49691639,0.56494946,0.49965953,0.46414045,0.62413693,0.61164944,0.66581450,0.36242178,0.67536236,0.52470218,0.58644803,0.63534987,0.59518223,0.78927158,0.50294245,0.61969106,0.51628702,0.57741707,0.67313559,0.51871620,0.41857346,0.71178905,0.48503688,0.65373628,0.59776280,0.49167668,0.42733680,0.49508896,0.54705161,0.58180496,0.48322032,0.47389579,0.57734878,0.60762784,0.66553903,0.57734090,0.57579708,0.53950866,0.53468024,0.51162963,0.53524103,0.62876954,0.50192524,0.63877575,0.58832255,0.61064355,0.61989462,0.47005367,0.54692290,0.53899316,0.64815934,0.51010728,0.41290998,0.44366495,0.56721326,0.42459295,0.46443538,0.46006520,0.56260755,0.55900656,0.57170027,0.66417127,0.62864781,0.55610746,0.58488799,0.49870517,0.76171848,0.42426107,0.50761088,0.51917857,0.47282160,0.45666185,0.61481467,0.52251524,0.58317387,0.52789737,0.70027135,0.50236998,0.49905509,0.65825416,0.57750352,0.63066478,0.47334928,0.60473822,0.60724849,0.62431196,0.46905974,0.56624556,0.64258597,0.59273297,0.53594036,0.43245673,0.63874336,0.57882959,0.45388230,0.55519984,0.60829601,0.59402700,0.75398897,0.70373154,0.72823241,0.59445313,0.62550235,0.59818462,0.58299149,0.56448687,0.58791794,0.60810457,0.47389579,0.63869920,0.43617377,0.62134895,0.61028392,0.59280974,0.74926794,0.51863960,0.49161265,0.60508407,0.47024287,0.61784336,0.47468846,0.56336399,0.54768457,0.45912570,0.51900936,0.56955118,0.51717297,0.53417453,0.61317162,0.69951469,0.57012198,0.45324694,0.59013468,0.60012208,0.53512428,0.58681028,0.40614413,0.43245673,0.54393794,0.52290493,0.43108161,0.61882928,0.63039515,0.58869033,0.62119629,0.48661867,0.67893511,0.47570986,0.50289622,0.47695193,0.54716095,0.51826779,0.62753206,0.60882470,0.55746158
09679,0.46744206,0.51548470,0.48406449,0.55161803,0.42600757,0.48140888,0.52452816,0.53404185,0.54425128,0.43980384,0.52118326,0.52068670,0.57716029,1.00000000,0.61823676,0.58055940,0.52647679,0.57866167,0.49941687,0.56732247,0.56998173,0.50823400,0.51839776,0.41889558,0.58565527,0.53428880,0.51445825,0.48578712,0.47391965,0.34424257,0.51544799,0.53529038,0.56378370,0.50299728,0.43910953,0.48035396,0.36036503,0.46934622,0.47860156,0.50032670,0.60371771,0.51129958,0.51117409,0.57757341,0.54416473,0.63811815,0.41235787,0.60669003,0.50680073,0.51014068,0.56499684,0.70068860,0.52101173,0.51726675,0.57039116,0.52286500,0.39964891,0.58083673,0.67486154,0.49027865,0.49316429,0.41549156,0.54619533,0.49341907,0.42058826,0.48354212,0.50538881,0.64164798,0.45970958,0.42069218,0.41586564,0.54275121,0.40650982,0.47010194,0.50359829,0.38020089,0.46609077,0.57112672,0.41906796,0.40048481,0.57187063,0.42092622,0.74092374,0.49941281,0.41563887,0.50072262,0.43157862,0.46520852,0.47186234,0.51530811,0.42686814,0.43697223,0.50664948,0.55634830,0.43596310,0.58484412,0.49847567,0.57528282,0.42210618,0.56496300,0.57030970,0.53734560,0.52358634,0.50112276,0.45196214,0.58313826,0.49734331,0.57898663,0.53756292,0.52839419,0.54966029,0.60896527,0.52265200,0.38425936,0.54308929,0.38461267,0.40190730,0.47668040,0.53429964,0.52156117,0.64537334,0.57026523,0.50962609,0.52301848,0.58535220,0.61096333,0.61698479,0.60874911,0.54894378,0.57610833,0.51701343,0.43286515,0.48959359,0.56530011,0.44584893,0.50961231,0.45264981,0.43668633,0.52898554,0.61971912,0.54349132,0.49444542,0.54299945,0.42691040,0.52812376,0.38425936,0.62521708,0.54664337,0.49834096,0.57501188,0.47233017,0.49506518,0.62017040,0.45714577,0.42945180,0.49957688,0.51310436,0.54541899,0.42980912,0.50922062,0.46977577,0.59206082,0.55460458,0.47614755,0.35063821,0.41428949,0.49299990,0.47995079,0.42429001,0.44523920,0.55321656,0.57810011,0.51617123,0.55849121,0.48895092,0.51567018,0.50290119,0.43755079,0.44370387,0.52870783,0.39189727,0.53822472,0.49904570,0.50299987,0.44185745,0.52421980,0.44934031,0.43218044,0.47855849,0.53495461,0.38176058,0.37878402,0.48112089,0.45007108,0.46556195,0.47514447,0.45811629,0.60802270,0.47488711,0.59617617,0.50744003,0.56715203,0.53579119,0.58815032,0.59673733,0.60252170,0.64929567,0.56531277,0.61351545,0.42491492,0.53005191,0.47494984,0.47685946,0.47110400,0.44135506,0.55956708,0.56149153,0.55996787,0.51007051,0.50368610,0.49014396,0.52452816,0.50676281,0.54576108,0.48647599,0.65765288,0.44232868,0.47085203,0.50269777,0.47553178,0.46804009,0.49556924,0.54621122,0.48076018,0.56298270,0.47949211,0.53791951,0.46533689,0.57711288,0.37874190,0.50121679,0.52299306,0.42166943,0.48868475,0.51493711,0.45562602,0.44523920,0.54731314,0.45653799,0.45411609,0.55259633,0.52163609,0.55574573,0.56183195,0.54438112,0.55029644,0.39738573,0.58516190,0.45029303,0.45398793,0.52840990,0.39358631,0.45290762,0.51081297,0.50135397,0.51310540,0.58052396,0.55610614,0.57635038,0.46772215,0.53008587,0.51235180,0.48515809,0.53980344,0.43780946,0.47553178,0.49886682,0.45217565,0.43245008,0.53000700,0.58818169,0.59029918,0.57296363,0.48256855,0.51663441,0.40007375,0.51187644,0.51407074,0.50353576,0.44784594,0.44472088,0.57820417,0.54728510
09730-A,0.66324376,0.71366038,0.61858159,0.74348758,0.55873919,0.69491480,0.68409520,0.61767405,0.64590763,0.56376568,0.55189081,0.63281885,0.63109432,0.61823676,1.00000000,0.85487261,0.42384089,0.49601580,0.70199912,0.72251591,0.73756071,0.64475468,0.67816625,0.47217522,0.84349693,0.52127500,0.70699818,0.64012019,0.58385243,0.51182465,0.55522843,0.67282107,0.58108599,0.69336130,0.66440962,0.68116507,0.49028499,0.59627915,0.54260245,0.53078671,0.62210430,0.46153217,0.67686415,0.59177993,0.75480982,0.58940358,0.47185043,0.61800063,0.73032170,0.67256468,0.71360133,0.61387310,0.55013257,0.68557916,0.72081065,0.56051249,0.47101564,0.58581020,0.63066434,0.68050173,0.59166526,0.47870822,0.55813372,0.56591252,0.44744402,0.44920878,0.52146627,0.69151741,0.51076689,0.47243465,0.54171848,0.65833193,0.55699201,0.63687709,0.51880490,0.44268443,0.55000531,0.64026519,0.56709038,0.55245818,0.69375910,0.47037794,0.64412270,0.61514395,0.59808877,0.59051172,0.57088295,0.57483885,0.47644457,0.56271809,0.57890229,0.45002375,0.67909897,0.61707512,0.47659529,0.56083258,0.65854808,0.62516272,0.59046163,0.48789857,0.46955871,0.54749922,0.65942258,0.47615541,0.58283761,0.57999856,0.50046186,0.69806263,0.63107450,0.50812866,0.55194498,0.55909138,0.69162687,0.49296872,0.66202834,0.51366006,0.44446203,0.58709764,0.58838236,0.51748496,0.64988684,0.60595852,0.68943919,0.53726752,0.59195775,0.61525571,0.51675537,0.62025188,0.49734460,0.54337450,0.63076589,0.66922251,0.66791482,0.58409615,0.59383819,0.53062063,0.50648313,0.53045390,0.54095456,0.57872914,0.51937950,0.49440188,0.68558822,0.63261528,0.60582442,0.49296872,0.63129997,0.49480864,0.53264855,0.72518313,0.46391850,0.51217790,0.55966673,0.60363231,0.45778462,0.61229191,0.53430594,0.56973186,0.52020399,0.63520472,0.46346536,0.66918253,0.67451064,0.57557318,0.49654633,0.53050729,0.61598509,0.58253718,0.57094434,0.53760452,0.68715956,0.57220413,0.52314200,0.66547239,0.56298778,0.54432923,0.50459328,0.56394682,0.55474325,0.69970632,0.52116381,0.64222418,0.59980563,0.63000113,0.65067341,0.54676496,0.55505770,0.66888341,0.63610402,0.58468379,0.45255020,0.51878693,0.50205475,0.45353164,0.42005178,0.53152538,0.58991477,0.61874948,0.58556385,0.59697166,0.70006023,0.64746832,0.57301061,0.50178187,0.59951836,0.54213015,0.59159312,0.61129272,0.48201142,0.37506456,0.50570292,0.57347363,0.52538379,0.55319720,0.61500364,0.58759170,0.57627120,0.71436795,0.49088257,0.52334055,0.44923330,0.68409520,0.70781722,0.54238036,0.49002185,0.59952702,0.58235677,0.46209760,0.59343885,0.34694244,0.50706516,0.50694732,0.49297892,0.57728581,0.67920594,0.55708288,0.61511650,0.53835848,0.58420040,0.46170057,0.65825498,0.67434703,0.58396700,0.58568351,0.54769968,0.53894247,0.53760452,0.53480424,0.39182322,0.54784988,0.67514133,0.58059148,0.52437235,0.60818422,0.59981330,0.68330739,0.62274608,0.70003206,0.63952480,0.48033690,0.52876293,0.48860785,0.66359278,0.50950266,0.50125072,0.61644873,0.59641393,0.58366714,0.57200363,0.42023975,0.62886479,0.69966862,0.58022561,0.75830542,0.40589440,0.34694244,0.43925016,0.50079102,0.42730168,0.59716194,0.70950008,0.69590981,0.54787150,0.53600769,0.61403352,0.56119408,0.59479284,0.63298767,0.53061879,0.55745796,0.61555959,0.59414994,0.55029622
09730,0.72670766,0.79847889,0.71021357,0.71387200,0.58798574,0.73591173,0.69873429,0.62623956,0.65824231,0.59803676,0.59987218,0.70554823,0.67065416,0.58055940,0.85487261,1.00000000,0.39878930,0.51210071,0.74295707,0.73724586,0.74906335,0.60257242,0.71248644,0.48095146,0.98862432,0.54146296,0.80611359,0.69171001,0.64140580,0.49969982,0.55243884,0.67223583,0.58909426,0.71056956,0.64240550,0.66741226,0.53305285,0.63354462,0.53401109,0.55541720,0.62274137,0.44826330,0.70438938,0.64099098,0.84314439,0.61857987,0.47328701,0.61890597,0.73985972,0.72618738,0.79479811,0.59869678,0.49530773,0.77670803,0.73554060,0.58803646,0.48940311,0.59657123,0.59692328,0.70443467,0.61591178,0.51492725,0.56697504,0.54981762,0.45489880,0.48991109,0.50357260,0.75036508,0.53503342,0.50914669,0.58362610,0.71938372,0.64857536,0.61699172,0.56548361,0.46330505,0.52720790,0.61237825,0.57712719,0.54886492,0.69333059,0.51377801,0.65918458,0.60141344,0.66495297,0.58938042,0.61469737,0.64138554,0.49058247,0.57174787,0.61940258,0.48402931,0.73144708,0.63068741,0.47809944,0.57566607,0.66732151,0.65448561,0.58464311,0.48939890,0.49984486,0.56136799,0.69450451,0.49587018,0.61265101,0.55236353,0.49815022,0.72920068,0.63009464,0.52046272,0.52062254,0.58679146,0.68414212,0.47618689,0.71095077,0.58185612,0.45836231,0.58000583,0.59738407,0.53129373,0.63467320,0.61458448,0.70934785,0.54181765,0.60271877,0.64117017,0.53366696,0.60737398,0.48622240,0.55187318,0.65366756,0.69913071,0.65414409,0.59048411,0.62768548,0.56617708,0.53019310,0.58789446,0.52922827,0.58027199,0.50709963,0.51722502,0.76179218,0.61380780,0.59566296,0.47618689,0.64100301,0.52423998,0.53831911,0.73327296,0.48725584,0.56567269,0.53553584,0.64463303,0.47044645,0.63519359,0.57248833,0.55541455,0.54990997,0.71207187,0.47416833,0.70033678,0.66212962,0.57534071,0.49885682,0.53418969,0.59006031,0.62552506,0.60167584,0.56358247,0.63961725,0.53903476,0.56166675,0.62305542,0.55614817,0.55655518,0.50228164,0.54597487,0.53574423,0.73403560,0.53219530,0.66442858,0.58739393,0.67567094,0.71231682,0.57458171,0.57661581,0.71289028,0.66600085,0.53831690,0.48996391,0.54669877,0.50266574,0.47526951,0.45923519,0.54697667,0.59680530,0.58092644,0.58471998,0.61243324,0.75808153,0.63029978,0.56724250,0.51735736,0.62138395,0.52974688,0.57542222,0.59240478,0.44513698,0.40250295,0.48910142,0.57038515,0.59716251,0.59775607,0.67229885,0.56507004,0.56824955,0.73621924,0.48224822,0.55025777,0.48690125,0.69873429,0.75412489,0.54570363,0.48808308,0.63500502,0.58676640,0.48543493,0.59907353,0.32292984,0.52726735,0.52889256,0.48796435,0.62041153,0.66682492,0.61660370,0.64196393,0.57823292,0.56384842,0.44792095,0.70971267,0.75421766,0.59904185,0.56742022,0.58063104,0.61616829,0.56358247,0.54375504,0.40660840,0.62507569,0.67316362,0.56387297,0.56682068,0.58929628,0.58198791,0.69667795,0.59782821,0.76319817,0.65084465,0.50042549,0.56410091,0.51099507,0.65514336,0.51934674,0.52811830,0.58290251,0.63813479,0.58424940,0.55416638,0.40237844,0.58788608,0.69707959,0.62376691,0.76906325,0.42983979,0.32292984,0.47807990,0.52009363,0.44115659,0.60156391,0.71396117,0.73064814,0.56573646,0.53788978,0.62478755,0.57123089,0.59243410,0.62811486,0.51219412,0.58263699,0.71694523,0.63587079,0.56396091
10906-A,0.37045146,0.30499673,0.29561529,0.40213527,0.27369989,0.27952703,0.34226930,0.38643131,0.34752317,0.35952409,0.34192515,0.33032363,0.45883074,0.52647679,0.42384089,0.39878930,1.00000000,0.78909026,0.34258328,0.41700713,0.38841462,0.33047037,0.34329934,0.18523806,0.40249740,0.28314889,0.35568153,0.34999376,0.40565024,0.20801094,0.38031352,0.30427657,0.34828014,0.43967382,0.31775103,0.37928084,0.29279693,0.34802849,0.41290062,0.46397323,0.43525118,0.78988867,0.32519331,0.38397996,0.36285888,0.62004160,0.45659181,0.56820777,0.32134008,0.35875519,0.35384265,0.47471202,0.49423446,0.30788996,0.41932489,0.39908698,0.30874793,0.44271145,0.48655868,0.31092449,0.37157860,0.33974590,0.40051821,0.46457428,0.36097684,0.40782041,0.34387145,0.43639451,0.23029403,0.40622507,0.29719492,0.43273355,0.27699593,0.29334783,0.42660065,0.26110245,0.41520977,0.36668281,0.34834284,0.28731368,0.34866144,0.38209964,0.70712384,0.33446209,0.35656042,0.40116577,0.39202535,0.33455047,0.27953382,0.35833925,0.35291773,0.37824083,0.33754216,0.37875351,0.41796633,0.46211885,0.29159609,0.33348943,0.29777065,0.33198858,0.45469933,0.39756749,0.35297614,0.34624632,0.33042110,0.41317233,0.43202251,0.34942641,0.31027128,0.36099801,0.28942163,0.68667047,0.36161459,0.30405379,0.36917186,0.29518743,0.26819282,0.29173664,0.38117646,0.45793799,0.56104143,0.33697456,0.32751109,0.34126230,0.44639556,0.44758314,0.68468771,0.38697790,0.74440071,0.44409960,0.39503334,0.30811932,0.33933788,0.41643589,0.35174622,0.32013882,0.37233309,0.25717119,0.38868525,0.32810918,0.23214338,0.35573285,0.30738606,0.39069389,0.35814130,0.30405379,0.43344101,0.31954510,0.34695205,0.35873569,0.27537207,0.40340596,0.64846433,0.33320762,0.25730164,0.38379140,0.31922176,0.40357874,0.26717052,0.30666524,0.27754102,0.45842578,0.32964735,0.31158155,0.30515328,0.29045462,0.31338296,0.30188349,0.27094805,0.26571299,0.39619853,0.30362809,0.32229416,0.40612773,0.31647284,0.35717007,0.43695466,0.24215812,0.41567240,0.31635017,0.26347824,0.35234063,0.25004850,0.25672376,0.35142837,0.35330648,0.27883479,0.28737450,0.32903407,0.32030023,0.23569874,0.22258685,0.39521874,0.36066997,0.30091030,0.30639685,0.30546311,0.41153304,0.30151966,0.47871664,0.36833877,0.37241424,0.33968625,0.77900191,0.48604031,0.44386707,0.36700672,0.45124080,0.27364364,0.37789624,0.35780229,0.37249371,0.33074616,0.33961549,0.37051000,0.40451648,0.34456808,0.37206276,0.53280221,0.46312316,0.31943651,0.34226930,0.33252229,0.39641450,0.27374952,0.64047196,0.33298713,0.27466124,0.40128400,0.40765305,0.34605786,0.28876136,0.42143887,0.35363503,0.33406994,0.34285240,0.46210259,0.41575402,0.45696127,0.20826158,0.31913328,0.39898935,0.28813288,0.38850595,0.34805830,0.31456561,0.26571299,0.48880953,0.34390581,0.31445747,0.33122290,0.31560208,0.44090779,0.44802288,0.41535945,0.31774886,0.23684422,0.38942243,0.38870225,0.24556529,0.39380878,0.24225702,0.23769607,0.27825111,0.40516409,0.39229743,0.36878569,0.44787986,0.27988689,0.25414552,0.31603401,0.34495521,0.31091086,0.41196086,0.24591835,0.40765305,0.30400095,0.23827049,0.27204085,0.32502423,0.40665705,0.60804776,0.28684178,0.29846557,0.40412500,0.34266436,0.37387215,0.28534689,0.27166657,0.25480456,0.23350462,0.36280019,0.33541014
10906,0.41550561,0.41979050,0.38011923,0.47861959,0.39856389,0.41577675,0.43104209,0.46537069,0.41992055,0.41105272,0.39712510,0.41767399,0.48317526,0.57866167,0.49601580,0.51210071,0.78909026,1.00000000,0.41829510,0.49027932,0.47351625,0.43879686,0.45344053,0.30551643,0.51580881,0.40496270,0.47109414,0.48905556,0.40565760,0.30976867,0.45332535,0.42617179,0.45758416,0.43157038,0.41524658,0.41649750,0.33158446,0.42414337,0.39668885,0.47869793,0.47826175,0.71444149,0.42700317,0.54579631,0.46493997,0.61484603,0.41377385,0.71584358,0.43530251,0.43940797,0.48107032,0.54324743,0.41962062,0.44382159,0.49259707,0.46749807,0.35505120,0.55774811,0.55635460,0.43256918,0.48546692,0.42405826,0.41913910,0.51070169,0.39530432,0.44059686,0.40414490,0.57066395,0.35951216,0.38456212,0.33975338,0.51411720,0.38832801,0.42704666,0.51520753,0.34268477,0.44961864,0.41865937,0.33568580,0.34942704,0.39311539,0.42086867,0.79862316,0.36850474,0.44977486,0.42908931,0.44656549,0.39091821,0.35581117,0.43219060,0.39586796,0.37243236,0.47637662,0.47933680,0.43897982,0.50629391,0.41750663,0.43360243,0.37031407,0.42357791,0.49624384,0.41278770,0.48474358,0.40231122,0.37467136,0.52610888,0.48377407,0.46267933,0.40975893,0.41226171,0.31103880,0.85707403,0.40916394,0.44192424,0.47283005,0.30560486,0.37453266,0.30955231,0.42812128,0.38796534,0.61431884,0.42707750,0.47154768,0.37556924,0.56143223,0.50475122,0.76965740,0.43931062,0.65631966,0.49464185,0.49123335,0.42729439,0.44848575,0.48098134,0.46888226,0.39361376,0.36868685,0.29746403,0.46261616,0.40290463,0.32478566,0.43649002,0.43245349,0.42771705,0.36853832,0.44192424,0.52207258,0.44805282,0.39554369,0.45186819,0.36096421,0.49667267,0.75404061,0.43408568,0.35169404,0.47999141,0.39407271,0.50494554,0.37390087,0.40760566,0.39641849,0.55144257,0.43559093,0.44936481,0.40415836,0.40919405,0.39345456,0.42358209,0.41760997,0.38019521,0.45587245,0.42033661,0.40353605,0.50405971,0.39710688,0.45238456,0.48870622,0.35551038,0.34910298,0.39416111,0.37138341,0.40195703,0.39568661,0.39954829,0.35326583,0.44736784,0.42124970,0.39634364,0.42360790,0.43421316,0.33973446,0.32013705,0.43463138,0.46104079,0.42487510,0.42512358,0.39747014,0.43339219,0.36624433,0.53038114,0.44569743,0.46655681,0.36232483,0.98744776,0.53783932,0.50290972,0.50104743,0.56883922,0.34303161,0.38583004,0.36600227,0.40199481,0.39257942,0.45217540,0.46013394,0.51253654,0.49907236,0.44384289,0.47891398,0.48861640,0.35513884,0.43104209,0.45007365,0.41762129,0.37974466,0.75118544,0.36403550,0.36025337,0.51666727,0.39277224,0.33917103,0.39439315,0.46771978,0.41654673,0.44001351,0.41342732,0.43957803,0.40754100,0.47647330,0.28189720,0.46614784,0.51629952,0.41919727,0.48104913,0.44570800,0.46875859,0.38019521,0.41936628,0.32566652,0.46865045,0.39940797,0.45971663,0.48652849,0.56562131,0.52596859,0.43448388,0.32150730,0.52777666,0.45786155,0.32905776,0.45465908,0.33276507,0.33639313,0.32718408,0.49684570,0.48162017,0.44012021,0.49212753,0.33770102,0.34786592,0.40674031,0.43389692,0.38319044,0.51560862,0.33263692,0.39277224,0.40911515,0.30980046,0.38525118,0.41571353,0.49390690,0.65211547,0.40707399,0.34995798,0.44881036,0.33000732,0.39907407,0.36090515,0.40249625,0.37356406,0.34744479,0.43413471,0.36465888
11925,0.63911605,0.68595306,0.59985483,0.73848882,0.50263383,0.64198466,0.63286346,0.56565359,0.67535646,0.61354105,0.62630793,0.66074658,0.53451356,0.49941687,0.70199912,0.74295707,0.34258328,0.41829510,1.00000000,0.62736822,0.59235115,0.52809139,0.59090240,0.37735023,0.74693111,0.50582136,0.64870897,0.60813298,0.58710401,0.45135716,0.53154742,0.51234448,0.46386000,0.61417492,0.61907384,0.63819800,0.57103455,0.60060701,0.61742558,0.48857538,0.58560257,0.40990804,0.59891414,0.54217998,0.65632736,0.53906959,0.35592814,0.48143134,0.60163062,0.61188403,0.61811799,0.48822611,0.48820476,0.65591111,0.62640976,0.51756515,0.48740511,0.49846834,0.44520781,0.58396663,0.46929284,0.41533910,0.48360582,0.42394019,0.43246653,0.39259905,0.43509146,0.66852881,0.52571476,0.48145469,0.53688061,0.60279142,0.51844324,0.50782934,0.48292139,0.42463031,0.48864576,0.57168143,0.62325179,0.44913561,0.73873425,0.43418738,0.52766458,0.55400936,0.55295176,0.53251291,0.50042000,0.61301976,0.44316732,0.41291049,0.45403559,0.42975810,0.60141470,0.49208109,0.42081755,0.51632332,0.56057221,0.54272633,0.50452475,0.44249767,0.43990535,0.48286851,0.55628780,0.37911720,0.56924372,0.42212330,0.36704229,0.61377347,0.51162944,0.47414174,0.54486960,0.44669501,0.61759875,0.35792060,0.57430598,0.48993718,0.38346764,0.54457971,0.52626255,0.41040930,0.49812680,0.52752303,0.57017247,0.49875741,0.52334200,0.52222015,0.43323913,0.57222072,0.41511477,0.50996960,0.49868591,0.60390324,0.53286486,0.45600076,0.42279591,0.46546356,0.51462208,0.42910899,0.51470659,0.44578706,0.37845123,0.35784698,0.61504304,0.64958005,0.53012671,0.35792060,0.61559128,0.43543063,0.44875052,0.59214879,0.40412861,0.46886090,0.43693011,0.50323708,0.36867253,0.48095778,0.47730759,0.42201139,0.45309965,0.60663095,0.41646343,0.57991581,0.52753785,0.46045731,0.34296003,0.39369468,0.50999745,0.48508158,0.45992644,0.43938489,0.58241228,0.42497326,0.46488773,0.48454946,0.46781713,0.48059773,0.36986431,0.51861105,0.62882930,0.64645908,0.45323270,0.52942724,0.50598923,0.57464639,0.53509741,0.57132369,0.44058650,0.63701881,0.55677912,0.40453885,0.34881688,0.41575908,0.49855947,0.29906730,0.38131374,0.48779239,0.53232523,0.47138487,0.50489666,0.50045906,0.72773109,0.65727970,0.50950006,0.43266547,0.53384550,0.44223316,0.41012353,0.44718149,0.36581381,0.24719197,0.39167536,0.54560530,0.48456577,0.57887756,0.56691256,0.48497674,0.44592990,0.76548277,0.32999486,0.35170718,0.40323452,0.63286346,0.58418607,0.54181990,0.41286739,0.49790290,0.55759615,0.40183327,0.53062187,0.26546745,0.43070948,0.36756610,0.36776520,0.47302457,0.53726043,0.61444048,0.55016414,0.53124530,0.48381320,0.33357461,0.56764789,0.60874388,0.44148458,0.44989346,0.45080133,0.46033675,0.43938489,0.52125459,0.35435155,0.46555461,0.58882227,0.41536911,0.46610538,0.44644989,0.41705248,0.55329684,0.53522330,0.64411466,0.54208033,0.37042237,0.40229044,0.37974836,0.53700501,0.41830661,0.39078556,0.44270364,0.53321111,0.56287465,0.56197872,0.30042089,0.47362146,0.60078744,0.54418449,0.61510917,0.36041576,0.26546745,0.38566025,0.39724589,0.32657164,0.52928071,0.58781587,0.60445514,0.46727831,0.44428528,0.55927541,0.56770147,0.59602381,0.55403812,0.40356072,0.42843490,0.60976863,0.52640146,0.46581189
11929-A,0.66118366,0.69899052,0.58485712,0.60455049,0.51136841,0.69167135,0.58964942,0.53072763,0.55018604,0.48163838,0.46045660,0.57822458,0.56534835,0.56732247,0.72251591,0.73724586,0.41700713,0.49027932,0.62736822,1.00000000,0.81179335,0.76838711,0.67416390,0.41871324,0.73287637,0.55249279,0.72107974,0.63497282,0.57876416,0.49107588,0.48329189,0.58226695,0.54904236,0.65214871,0.56562533,0.60782123,0.44753240,0.56440751,0.48590959,0.51227401,0.58243585,0.43160998,0.64419850,0.54389077,0.70602094,0.55035020,0.44027782,0.61765449,0.59385611,0.56874793,0.63340259,0.58300529,0.47310532,0.67381011,0.99788921,0.56864404,0.40765071,0.53087530,0.62019249,0.71614263,0.59676479,0.37583384,0.48090316,0.51765617,0.40246548,0.43977005,0.38943694,0.62903496,0.48049701,0.40358182,0.56781113,0.64404020,0.55094314,0.56084919,0.46982994,0.40810731,0.52840925,0.56539398,0.55080567,0.50350255,0.57093404,0.42672536,0.63358938,0.52340952,0.56725467,0.51562006,0.54720699,0.56501589,0.44946121,0.55685186,0.61608624,0.43628807,0.63456198,0.54949525,0.50238615,0.56510181,0.61127899,0.49475781,0.55144356,0.45653950,0.44329826,0.47268295,0.58433661,0.43112090,0.46162764,0.52178459,0.47320545,0.56579126,0.60792575,0.46648035,0.54023386,0.54253117,0.61256828,0.54239300,0.59444595,0.51721931,0.41650832,0.47028010,0.50041513,0.49374931,0.66582723,0.53254097,0.64976722,0.60091074,0.53357721,0.54335741,0.51825601,0.58775985,0.54088967,0.55219575,0.68201091,0.61005623,0.71101443,0.52957751,0.53690103,0.49349026,0.50416257,0.62831014,0.51980931,0.53730267,0.46530959,0.52058544,0.65521050,0.53627812,0.57033269,0.54239300,0.58136789,0.42979489,0.46617402,0.67633871,0.47070235,0.47358531,0.52359789,0.60906189,0.44118716,0.65872130,0.49725854,0.51382796,0.47534211,0.56058469,0.40613256,0.56626263,0.63445177,0.62844319,0.53614377,0.55536488,0.57593364,0.58122300,0.55962790,0.60360611,0.65161723,0.57197611,0.49148845,0.58265297,0.56894755,0.54419025,0.47713789,0.56355286,0.47939255,0.58763690,0.44174588,0.68301076,0.57523514,0.61959556,0.63678781,0.49576843,0.57917784,0.67152294,0.56583548,0.44991691,0.38629972,0.49173945,0.45143562,0.49505949,0.34832402,0.45399849,0.57483071,0.57310811,0.57239702,0.55534528,0.66169362,0.52767288,0.47132058,0.49152422,0.58054495,0.58141631,0.60489815,0.63213075,0.43973026,0.47668875,0.46123064,0.47760775,0.47056709,0.47906708,0.59288510,0.58342705,0.60585511,0.63411419,0.53474470,0.58059681,0.39725716,0.58964942,0.69566707,0.51256384,0.44776295,0.57252229,0.46556622,0.46928815,0.50392893,0.39799224,0.47980086,0.43676953,0.50369197,0.57414504,0.64246845,0.49346754,0.62282653,0.50308354,0.50907619,0.37828294,0.64211143,0.66325669,0.56704777,0.55923392,0.50549629,0.57375612,0.60360611,0.51655589,0.36402919,0.59081423,0.61444765,0.58023617,0.49556024,0.62961691,0.63387843,0.67226095,0.51921260,0.60863027,0.74596602,0.45127843,0.55053417,0.49816138,0.62197497,0.41063895,0.47916190,0.56392363,0.53668828,0.56804462,0.56673905,0.37174115,0.48321038,0.61818775,0.56570714,0.79781658,0.33889868,0.39799224,0.41120538,0.42780959,0.41611017,0.53242032,0.70181052,0.62628593,0.48980887,0.50499405,0.57500144,0.54391079,0.56641896,0.57878136,0.53368237,0.54228345,0.61745231,0.53655044,0.51875945
11929-B,0.67373929,0.67395081,0.56915016,0.59843079,0.54871394,0.71585883,0.59190733,0.57695709,0.56166089,0.50338649,0.46972088,0.68660694,0.61590350,0.56998173,0.73756071,0.74906335,0.38841462,0.47351625,0.59235115,0.81179335,1.00000000,0.71476694,0.70693092,0.45377924,0.74520642,0.54489121,0.68340593,0.62325108,0.56042291,0.51357150,0.54976731,0.67815831,0.63885889,0.55961489,0.60979188,0.68093817,0.41207680,0.60655448,0.42080945,0.49675142,0.58858410,0.42038318,0.67647565,0.58198686,0.72695335,0.58892342,0.50943278,0.61244932,0.58329077,0.55957818,0.69218436,0.61434336,0.50341180,0.70691359,0.81048089,0.59258840,0.43469905,0.57984391,0.64077105,0.69895974,0.64355950,0.45001499,0.56567387,0.61021356,0.43584942,0.48528604,0.45056352,0.62788117,0.51868198,0.44703946,0.63466452,0.61076587,0.58589794,0.54562105,0.48267770,0.42346380,0.50686182,0.63363193,0.49374704,0.52505758,0.52108579,0.45234024,0.65578085,0.55717719,0.54503326,0.59934818,0.53279489,0.63044973,0.46399727,0.67566976,0.62823136,0.50472442,0.67584084,0.63641853,0.47529884,0.56552849,0.62390579,0.62443190,0.58380891,0.47151842,0.48500345,0.55470505,0.68730309,0.50786540,0.50639518,0.56968753,0.48776930,0.66004164,0.63105937,0.50424449,0.61061495,0.55408599,0.59960596,0.51803470,0.57381284,0.47122370,0.47888632,0.52233536,0.53098913,0.51663601,0.71471067,0.64830226,0.68114439,0.55598932,0.58322348,0.58444711,0.47021238,0.62380009,0.52295444,0.56061596,0.69507355,0.63974160,0.73723840,0.67641837,0.61311078,0.58589906,0.52315869,0.63145310,0.52969006,0.60987256,0.54249549,0.54580759,0.71180466,0.49157831,0.63702879,0.51803470,0.61509757,0.45965209,0.62162193,0.71231033,0.51884319,0.48220086,0.49183795,0.71305945,0.57153668,0.67249725,0.59248095,0.57198460,0.53258663,0.65490321,0.46606983,0.62133793,0.70084821,0.65694814,0.52617601,0.58501838,0.61387001,0.64688747,0.54589858,0.59708461,0.66571144,0.64869320,0.58968368,0.61419556,0.63761567,0.53637710,0.49147967,0.53976384,0.44827431,0.66203475,0.48317012,0.73974636,0.59436894,0.68787749,0.64711324,0.49014702,0.59920180,0.66077754,0.67524318,0.51247553,0.43224543,0.57725066,0.44996350,0.46329253,0.39551682,0.51951397,0.58409052,0.60923791,0.55489446,0.57308384,0.70282722,0.58929986,0.59688041,0.47451998,0.56070875,0.57284511,0.60907196,0.66452438,0.45052463,0.48168062,0.52342333,0.55569348,0.58679475,0.53119373,0.55134308,0.61521750,0.59904912,0.67612527,0.53987555,0.65336174,0.48506824,0.59190733,0.74509637,0.57649292,0.48767519,0.58020947,0.50790536,0.51745866,0.51937737,0.39093636,0.56491643,0.56222434,0.49511385,0.58910060,0.70828280,0.50869413,0.63687478,0.46548079,0.51928370,0.50209276,0.74362101,0.67313877,0.60889516,0.66342543,0.60897419,0.55322280,0.59708461,0.53249532,0.37629476,0.56982692,0.70032959,0.66353410,0.55435117,0.66228292,0.66762815,0.71984837,0.54704218,0.68084106,0.65216544,0.56236552,0.62300407,0.52501803,0.70947843,0.50710193,0.58052413,0.64809105,0.64566600,0.57926965,0.63247589,0.46123948,0.56304051,0.66040007,0.64040280,0.82857512,0.39793060,0.39093636,0.48400493,0.53743561,0.48997820,0.63070914,0.80117925,0.61380575,0.63043673,0.53349883,0.55092860,0.48567491,0.53004870,0.55043840,0.58822202,0.59443894,0.63366440,0.64524926,0.60747450
11929,0.50709153,0.61344059,0.49022305,0.53966769,0.46918184,0.56084360,0.47749114,0.40764470,0.50021004,0.36158171,0.34949210,0.47386847,0.42094111,0.50823400,0.64475468,0.60257242,0.33047037,0.43879686,0.52809139,0.76838711,0.71476694,1.00000000,0.64279300,0.46716602,0.59820293,0.51811700,0.62293347,0.52572721,0.44424063,0.49139373,0.45596265,0.47021514,0.43130408,0.44230713,0.46690220,0.46656206,0.35644019,0.39575916,0.38996319,0.36317094,0.47008516,0.34899600,0.51518313,0.45623087,0.58425485,0.42800151,0.30729460,0.61166520,0.51853831,0.46827382,0.50534464,0.48694540,0.38842858,0.50982659,0.76627631,0.53299813,0.32231148,0.48647306,0.59235164,0.64058942,0.54034477,0.32847092,0.37616942,0.45709418,0.35929640,0.27298893,0.32600608,0.52023655,0.40858147,0.35483370,0.44474130,0.52826947,0.43951015,0.53291958,0.34030978,0.32239505,0.47882640,0.46699113,0.45162127,0.41491769,0.45860810,0.37144168,0.57848816,0.41732848,0.40140340,0.45863263,0.43229436,0.43921365,0.35329770,0.44221157,0.45890754,0.28573781,0.52573309,0.46180737,0.46913605,0.43630698,0.50907405,0.44530148,0.47860277,0.41300654,0.41624222,0.36837095,0.45356149,0.35013339,0.34554971,0.46691788,0.38355898,0.47046342,0.54559775,0.38114257,0.48631035,0.48454843,0.57920289,0.50833457,0.45426355,0.33478451,0.37253249,0.36210856,0.37944618,0.33728870,0.55883196,0.44582359,0.57408257,0.52074089,0.48917497,0.44040644,0.45829079,0.50026201,0.38948886,0.46034558,0.55235249,0.51962113,0.68742451,0.43795721,0.45058791,0.40453582,0.37423652,0.50632314,0.46277156,0.44468047,0.37172028,0.47256648,0.55096710,0.37787945,0.43677739,0.50833457,0.46694433,0.38499155,0.37970640,0.59207223,0.33123062,0.34234161,0.50002744,0.48403848,0.34292949,0.52906287,0.41030094,0.51557190,0.41027605,0.42143400,0.39837692,0.46461192,0.56850537,0.52937231,0.48237692,0.45263906,0.53876438,0.52251188,0.50806537,0.50221772,0.56444369,0.48035669,0.40936008,0.50871624,0.49352606,0.44920982,0.38749142,0.47496408,0.35081754,0.46973913,0.37971360,0.56667531,0.48660066,0.46941014,0.46468674,0.43160960,0.50590390,0.58498461,0.42505100,0.39674834,0.38581119,0.41716246,0.39295882,0.42564062,0.28529107,0.44025049,0.52650554,0.44330186,0.46776191,0.44019496,0.50953670,0.48398319,0.37236113,0.44158648,0.41703149,0.55200789,0.59484955,0.62287915,0.39368785,0.40890885,0.35648918,0.45318442,0.35720633,0.38073339,0.41669799,0.59441113,0.56097478,0.52707190,0.37946020,0.46765225,0.33583264,0.47749114,0.55825458,0.38842046,0.31190493,0.55341816,0.34266743,0.32981642,0.43473575,0.34345037,0.33709546,0.34906923,0.46472322,0.46045818,0.57652206,0.35698523,0.45971556,0.35319453,0.42249718,0.33271138,0.54824019,0.53804892,0.48230267,0.48586286,0.37364866,0.43543536,0.50221772,0.38334647,0.30647521,0.45249346,0.55285441,0.47976168,0.32839125,0.62036530,0.55195102,0.54359717,0.48711761,0.53585984,0.69129471,0.33843582,0.43556836,0.39918582,0.59992396,0.30982861,0.33868371,0.51478725,0.43552671,0.43013902,0.52097475,0.27345784,0.44677151,0.55023232,0.45023823,0.72003487,0.29719327,0.34345037,0.33561851,0.30124569,0.32775036,0.41666273,0.61827609,0.53174813,0.40674342,0.36914513,0.44037864,0.44472640,0.45835691,0.49342521,0.44381242,0.41956747,0.46366557,0.43538887,0.39039977
11933,0.62715207,0.67980664,0.61307825,0.58719580,0.56634176,0.73169155,0.61026406,0.56261493,0.59470422,0.47551178,0.51089832,0.61302418,0.64744753,0.51839776,0.67816625,0.71248644,0.34329934,0.45344053,0.59090240,0.67416390,0.70693092,0.64279300,1.00000000,0.42544326,0.70717565,0.54819493,0.67006853,0.66275865,0.54825824,0.48304213,0.50937561,0.59500017,0.52346723,0.53332055,0.59550223,0.62281068,0.42658310,0.59142482,0.46148918,0.50786844,0.55920823,0.39197613,0.65597655,0.59935672,0.69336059,0.59448016,0.41155459,0.53571780,0.65186920,0.60499440,0.63863607,0.59957387,0.46087693,0.69078070,0.66939202,0.59852164,0.40491462,0.53216064,0.58980960,0.90431567,0.56860044,0.40588765,0.49254622,0.48319021,0.37635795,0.43453033,0.39485909,0.59529108,0.52844212,0.36111268,0.65197172,0.60247825,0.58977176,0.69443424,0.49021229,0.37514428,0.57911373,0.57439346,0.51384818,0.45965904,0.59245007,0.42283995,0.56539630,0.52108084,0.53087557,0.50883818,0.54200030,0.67399202,0.41878926,0.56999043,0.61124590,0.49101044,0.68768317,0.57913366,0.50020307,0.55455297,0.69490516,0.53383361,0.51347940,0.43995763,0.44173590,0.47458447,0.60065810,0.44659371,0.49804074,0.46795964,0.40195881,0.62481278,0.67198707,0.44466002,0.54721381,0.50415717,0.71381124,0.47296832,0.59723762,0.50189563,0.41924127,0.53072761,0.45074537,0.48863711,0.60813059,0.58444892,0.66156550,0.49787366,0.54027417,0.54867443,0.49949376,0.57127078,0.45370048,0.49090214,0.64372650,0.65268319,0.62555733,0.54679603,0.58347481,0.55684590,0.48647608,0.62110525,0.50952135,0.54432262,0.48869117,0.50457956,0.64410416,0.52172532,0.59097520,0.47296832,0.62523364,0.50267981,0.53556590,0.69781362,0.55687662,0.49879854,0.50827909,0.63433272,0.50680618,0.62668003,0.55838385,0.52719690,0.45885246,0.67434230,0.40798071,0.62306107,0.67762877,0.62113972,0.49210872,0.57335759,0.54442557,0.65484945,0.57613772,0.55084706,0.60805279,0.56993303,0.56191363,0.59182104,0.60364591,0.51684626,0.40241054,0.55949013,0.46588338,0.66310834,0.46841007,0.69230743,0.59676844,0.65666799,0.65087069,0.45503917,0.59547093,0.64289913,0.58062154,0.46980958,0.43773921,0.53429481,0.45594518,0.46739856,0.42571174,0.52968664,0.59046465,0.50759018,0.57073238,0.51797327,0.65140317,0.52238938,0.47757278,0.46343327,0.56219131,0.45623430,0.57388309,0.61654285,0.41024910,0.40334150,0.48209934,0.48856214,0.49109360,0.50461387,0.54745714,0.57187597,0.56231159,0.63932873,0.46986487,0.58930683,0.44012784,0.61026406,0.68650942,0.53986737,0.39717820,0.55709365,0.47138935,0.55436714,0.47525459,0.36890814,0.48409332,0.48120817,0.42155081,0.56546006,0.68605908,0.51369377,0.60476447,0.44880964,0.53417472,0.45195448,0.67258559,0.65904987,0.57945281,0.56113613,0.55216716,0.52454462,0.55084706,0.55622231,0.45833841,0.53632358,0.65020720,0.59873807,0.48829021,0.61597456,0.53091749,0.69821642,0.59404727,0.61497368,0.62964434,0.43387264,0.49678754,0.49227395,0.69291717,0.44511259,0.45249326,0.54803235,0.57664164,0.51397722,0.57438975,0.34589980,0.56854241,0.65943557,0.57463555,0.69789295,0.42597753,0.36890814,0.45793958,0.49116798,0.44424761,0.51404493,0.68562230,0.60512270,0.59038275,0.47328848,0.54467536,0.49716943,0.52558458,0.54102717,0.53162060,0.57668454,0.65092119,0.57871685,0.54917939
14015,0.36469079,0.42704261,0.38337963,0.43594821,0.37721888,0.38489107,0.34225296,0.37893539,0.45469512,0.32890453,0.27256583,0.44710824,0.31304965,0.41889558,0.47217522,0.48095146,0.18523806,0.30551643,0.37735023,0.41871324,0.45377924,0.46716602,0.42544326,1.00000000,0.47575713,0.36393293,0.38741914,0.35228417,0.32227945,0.29363031,0.40295101,0.41417598,0.38376429,0.32063473,0.39237047,0.37822372,0.25520697,0.30267395,0.27634875,0.29376195,0.40085016,0.22845569,0.36412734,0.34202912,0.41466467,0.33105650,0.27160981,0.39697083,0.34474491,0.35487776,0.40562905,0.36584903,0.32783630,0.36409037,0.41533841,0.35722307,0.32332084,0.37988016,0.43157859,0.42964042,0.34189740,0.40588967,0.40108596,0.36298763,0.32654202,0.30187327,0.34851070,0.43783052,0.39548849,0.39452179,0.32762319,0.40651888,0.27842674,0.39040468,0.28948446,0.29624375,0.31356113,0.31253101,0.34339455,0.27815210,0.38096009,0.31305512,0.41002544,0.26027144,0.32321628,0.44631121,0.36111116,0.33157615,0.28564078,0.32788015,0.28628989,0.21379947,0.38381168,0.67450409,0.30241797,0.34959257,0.38661510,0.44529180,0.32048548,0.40905123,0.32828440,0.39902699,0.41211263,0.26818806,0.32281280,0.31609063,0.22778336,0.46455474,0.34086875,0.30449877,0.37561419,0.30658375,0.47337925,0.31199249,0.36952928,0.28137660,0.51204695,0.31672125,0.40514636,0.27132811,0.40519437,0.37871885,0.42120892,0.40083892,0.39118393,0.36199255,0.30265022,0.37847544,0.22736060,0.40394417,0.33288059,0.39938241,0.41633287,0.38495327,0.32419980,0.32808475,0.27298898,0.30269876,0.41956884,0.38402986,0.33301896,0.36492617,0.40100962,0.26349422,0.31229102,0.31199249,0.42517115,0.60287116,0.38921522,0.37551148,0.27545740,0.29219708,0.40814925,0.35012110,0.35373050,0.31570046,0.32763394,0.39076989,0.58221686,0.36119642,0.41052127,0.49261706,0.37953137,0.35108524,0.33073595,0.30270424,0.32149672,0.37084758,0.35699448,0.31100259,0.33451714,0.30258069,0.32602879,0.40424253,0.34068117,0.36016265,0.23128488,0.30659753,0.26548295,0.43871869,0.30436763,0.35523898,0.38190209,0.31054037,0.33411844,0.47985046,0.29707241,0.34538012,0.31290220,0.44040595,0.74874047,0.76137552,0.37572187,0.26994622,0.54918476,0.68895190,0.31668247,0.35321435,0.35772260,0.34859138,0.36075213,0.46842851,0.36376415,0.31138040,0.43656640,0.53729292,0.45983997,0.40383744,0.43686740,0.20316931,0.33338079,0.48225056,0.37275364,0.41761148,0.32196158,0.43116770,0.36709557,0.39553289,0.24943886,0.27888250,0.40227789,0.34225296,0.39291628,0.37259048,0.28340297,0.38942576,0.34090376,0.27418135,0.38921929,0.33741848,0.23199150,0.38343618,0.30816168,0.33353032,0.38609048,0.35411192,0.34327057,0.32957440,0.35546998,0.26994183,0.40166441,0.36794474,0.35082965,0.31357813,0.34510073,0.38364425,0.31100259,0.33180197,0.52647279,0.39193939,0.37682214,0.34795588,0.30819503,0.40099691,0.40480822,0.37175712,0.45319613,0.45005009,0.34442428,0.28569236,0.30544403,0.32230312,0.45837777,0.29313232,0.37134036,0.36886134,0.37678797,0.32889756,0.40241745,0.31566270,0.37957679,0.37381627,0.30862994,0.45598975,0.54048249,0.33741848,0.45952097,0.28524179,0.33736642,0.39968551,0.40770812,0.43654123,0.35365144,0.27367866,0.34541254,0.34273647,0.33161627,0.31793985,0.31377870,0.33251766,0.30985878,0.36697183,0.32053168
15305,0.72310700,0.79487823,0.70661291,0.71093893,0.58660176,0.73506129,0.69788384,0.62538911,0.65739186,0.59888964,0.60072506,0.70640110,0.66782134,0.58565527,0.84349693,0.98862432,0.40249740,0.51580881,0.74693111,0.73287637,0.74520642,0.59820293,0.70717565,0.47575713,1.00000000,0.54341480,0.80343800,0.69079618,0.63639250,0.49845186,0.54480080,0.67331957,0.59017800,0.71568150,0.64217034,0.66717710,0.52839836,0.62889013,0.53548210,0.55445832,0.62524406,0.44422535,0.69525515,0.64070260,0.84782382,0.62059260,0.47382150,0.62064023,0.74595617,0.73228383,0.80089456,0.59568931,0.49182150,0.77371346,0.73194747,0.58474294,0.48953284,0.59433732,0.59580179,0.69912389,0.61914804,0.51377833,0.56582612,0.55072924,0.45534360,0.49742332,0.51108483,0.74652786,0.53612872,0.51065324,0.57839704,0.71554649,0.64578479,0.61402121,0.56265079,0.46272330,0.52368995,0.61152780,0.58386085,0.54801495,0.69730464,0.51440047,0.66544379,0.60208412,0.66594144,0.58850403,0.61351140,0.63635979,0.48802221,0.56837235,0.62242499,0.48408725,0.73071350,0.62793718,0.47542755,0.57395825,0.66180094,0.65138148,0.58378173,0.48584468,0.49546304,0.56050720,0.69267093,0.49941210,0.61163281,0.54866391,0.49445061,0.72536346,0.62667290,0.51939182,0.51634434,0.59049956,0.68217627,0.46973375,0.71194569,0.57944852,0.45859048,0.58339391,0.59501315,0.52688374,0.63248417,0.61213157,0.70389319,0.54349542,0.59847112,0.63692252,0.53650770,0.60889177,0.48701162,0.55691350,0.64804062,0.69553005,0.64943295,0.58338136,0.62127964,0.56376654,0.52988621,0.58056409,0.52511972,0.57698708,0.50397643,0.51268942,0.76284831,0.61304719,0.59208075,0.46973375,0.64156153,0.52598319,0.53755816,0.72667780,0.48337130,0.56283987,0.53952024,0.63927201,0.47359497,0.63042032,0.57094721,0.55456694,0.54678980,0.71168985,0.47364775,0.70369393,0.65614145,0.57501845,0.49853456,0.53790249,0.58694973,0.62450484,0.60065561,0.56256225,0.63926068,0.53235815,0.56021073,0.61767773,0.55035349,0.54975462,0.49610240,0.53920194,0.54036250,0.73365265,0.53357191,0.65492993,0.58350481,0.68407947,0.72072535,0.57641187,0.57323990,0.71301090,0.66381104,0.53675756,0.48856401,0.54150444,0.49976526,0.47353899,0.45706422,0.54480571,0.59617590,0.57745242,0.57791246,0.61502800,0.75968285,0.63172039,0.56553219,0.52039236,0.61855113,0.53006834,0.57052956,0.58751213,0.43916886,0.39667827,0.48708833,0.57043056,0.60661584,0.59572604,0.67239798,0.56531473,0.56151944,0.74512062,0.47952773,0.54914402,0.48306402,0.69788384,0.74817076,0.54318748,0.48699489,0.63151241,0.58674822,0.48200396,0.59767908,0.32425669,0.52915229,0.52300435,0.48477017,0.61457177,0.66174755,0.61402715,0.63994628,0.58109129,0.55911295,0.43976059,0.70879884,0.74873637,0.59276078,0.56296057,0.58526587,0.61338583,0.56256225,0.54257651,0.40828069,0.62154405,0.67299336,0.56213094,0.57108793,0.58666088,0.57849742,0.69306974,0.59389858,0.76407266,0.64769460,0.49773092,0.56175437,0.50537901,0.65030628,0.51616984,0.53164092,0.58482573,0.64064855,0.58592068,0.54945503,0.39503561,0.58806652,0.69491039,0.62044114,0.76475980,0.43001662,0.32425669,0.47476222,0.51571250,0.44041010,0.60002493,0.70390908,0.72469402,0.56626043,0.53508193,0.62426434,0.57380412,0.59164229,0.63095627,0.50768415,0.57724765,0.72547950,0.63553881,0.56448487
15920,0.46575868,0.51988586,0.43430835,0.46533442,0.38176739,0.56471270,0.59177641,0.56028663,0.64945587,0.41691369,0.41479786,0.52603605,0.49080534,0.53428880,0.52127500,0.54146296,0.28314889,0.40496270,0.50582136,0.55249279,0.54489121,0.51811700,0.54819493,0.36393293,0.54341480,1.00000000,0.54233169,0.46952193,0.40398024,0.42297614,0.48126270,0.48350520,0.50670505,0.39518910,0.42017950,0.42329938,0.35052433,0.44667756,0.39689209,0.43560874,0.52494447,0.36917748,0.48178241,0.64580203,0.53963190,0.49780124,0.33596798,0.53075924,0.47147288,0.46890370,0.50320411,0.50800970,0.38004745,0.56855816,0.54888763,0.49265572,0.38420684,0.64475371,0.52009125,0.54166176,0.45005175,0.40066003,0.47202561,0.39168216,0.39611546,0.39473733,0.38460633,0.66902414,0.47819445,0.31655136,0.41607480,0.50557393,0.44382040,0.38690795,0.45644644,0.42942983,0.35996093,0.53574864,0.39466552,0.41648477,0.44818212,0.40558578,0.55561977,0.52247850,0.36402922,0.42169150,0.39267689,0.43932616,0.47074172,0.43112638,0.39846573,0.39669823,0.47575260,0.45320985,0.42984000,0.49702400,0.41566822,0.49359305,0.45276086,0.43446156,0.50753592,0.46348855,0.53939490,0.37508790,0.39480543,0.51431098,0.43581332,0.55115363,0.45899617,0.42981861,0.42499605,0.49168048,0.44657655,0.37946230,0.52006555,0.27887077,0.40160700,0.43786479,0.45241852,0.37860014,0.52550059,0.51368049,0.47770979,0.51647999,0.64731691,0.63833118,0.48564397,0.51324948,0.40221072,0.49623670,0.45180757,0.45768340,0.49836112,0.45489751,0.42377368,0.44404276,0.37668787,0.40979216,0.42607866,0.45023200,0.40930916,0.47383790,0.54777394,0.36861582,0.41617253,0.37946230,0.53756139,0.41504921,0.43448552,0.53591740,0.38283513,0.45909915,0.48878167,0.45004947,0.44327079,0.44492357,0.44679829,0.44549412,0.40367678,0.53725960,0.42829412,0.47199708,0.45330038,0.43328109,0.34569862,0.38161454,0.49715291,0.42452204,0.39441458,0.41817601,0.47160884,0.51135092,0.44259825,0.45237134,0.44418332,0.43954152,0.43496287,0.42165429,0.35028593,0.52198343,0.39214977,0.47135300,0.46682777,0.52880508,0.42917146,0.39609312,0.42799552,0.50874768,0.46087117,0.42846409,0.35749116,0.34523495,0.38889552,0.36003805,0.37206384,0.44441843,0.47355032,0.51971608,0.43284033,0.51770673,0.52350192,0.46565598,0.43920198,0.41018280,0.50642043,0.50668186,0.50798037,0.50434456,0.43930038,0.31593325,0.44189329,0.42431636,0.40923077,0.45479132,0.40152002,0.50778683,0.55007041,0.52079485,0.35491240,0.42228351,0.40772350,0.59177641,0.52320199,0.43862035,0.42126510,0.53749882,0.38454869,0.38024857,0.46897845,0.36062698,0.45428907,0.42424182,0.46709081,0.41068892,0.46447095,0.49208682,0.45746193,0.39726519,0.44769595,0.33993303,0.53838274,0.51278510,0.38998813,0.48500565,0.52225418,0.51098073,0.41817601,0.43039992,0.31004394,0.51929990,0.50425422,0.46937923,0.47978425,0.50540620,0.45649880,0.55324896,0.39142748,0.59138228,0.48635451,0.43546029,0.49479446,0.35150184,0.45289925,0.38951170,0.44171324,0.51824052,0.49683758,0.50743872,0.45249189,0.34593225,0.47979476,0.42749428,0.44166406,0.55721373,0.36911584,0.36062698,0.41316446,0.36784863,0.45054576,0.51379800,0.55076404,0.49295386,0.54656111,0.43568676,0.44763594,0.36642940,0.43536783,0.50440999,0.40948104,0.38288137,0.45103900,0.49974530,0.50921386
16692,0.66180574,0.78297928,0.64671346,0.64808794,0.53720496,0.69918532,0.60965333,0.54919704,0.57979256,0.55033163,0.56761224,0.59319581,0.56973895,0.51445825,0.70699818,0.80611359,0.35568153,0.47109414,0.64870897,0.72107974,0.68340593,0.62293347,0.67006853,0.38741914,0.80343800,0.54233169,1.00000000,0.65268800,0.61516779,0.50134872,0.49210759,0.54737591,0.44924674,0.62158176,0.51410947,0.55849224,0.53874073,0.54107015,0.56249931,0.46215167,0.54900904,0.37227817,0.65518527,0.58040343,0.78436106,0.50554495,0.38105601,0.59223992,0.65414874,0.61923968,0.65699141,0.53790325,0.41648487,0.67374909,0.71859105,0.51644976,0.41273308,0.56075958,0.58497483,0.65514041,0.59404170,0.38454567,0.44977098,0.46892018,0.40199183,0.39495535,0.37613836,0.65226768,0.47908674,0.38874291,0.52768522,0.68473280,0.59016667,0.51859421,0.50637167,0.43479785,0.49614726,0.52747781,0.54029504,0.45506973,0.58918612,0.45826020,0.58521215,0.53364830,0.59277301,0.46570557,0.57856521,0.59715789,0.45421605,0.47006750,0.50224025,0.43820551,0.64236691,0.53007191,0.46175577,0.56723553,0.52391455,0.50382631,0.49089197,0.41187916,0.44179658,0.44538186,0.55455496,0.44331899,0.50435605,0.51524612,0.47128549,0.61552692,0.58773201,0.47379063,0.50530308,0.53082248,0.62394142,0.45985335,0.66430073,0.52652778,0.41359747,0.49126717,0.49365952,0.43674743,0.59725157,0.47017156,0.59102002,0.56412016,0.55382497,0.55866755,0.51237484,0.53528576,0.43646555,0.50826955,0.61647819,0.64154550,0.69074041,0.45959283,0.50241261,0.44105262,0.49152274,0.54878749,0.46904399,0.49289329,0.42000523,0.41543581,0.67793088,0.51306069,0.50529619,0.45985335,0.53485879,0.43184407,0.40074662,0.66637787,0.39616504,0.51115357,0.49339060,0.50939448,0.37809761,0.60282559,0.44776543,0.46794580,0.43957494,0.58567144,0.38951676,0.58524614,0.55682792,0.51483057,0.49878432,0.47341001,0.55678395,0.53870743,0.52584205,0.48525783,0.63890605,0.48098796,0.43690495,0.53173489,0.48710772,0.46199654,0.47333302,0.51096626,0.47821461,0.60637083,0.42836352,0.61629952,0.52025846,0.62490339,0.59254900,0.46161870,0.49981882,0.72117014,0.56675069,0.46974198,0.42757875,0.41708024,0.44946754,0.40199907,0.35408350,0.43609365,0.57039904,0.50383989,0.48983574,0.54169177,0.66945457,0.49510407,0.44082419,0.47403530,0.55981877,0.51387788,0.55602378,0.55497151,0.37544251,0.40997242,0.40490028,0.46382890,0.44123603,0.49717320,0.61403006,0.49264518,0.51418453,0.60460558,0.39782691,0.47335439,0.40496799,0.60965333,0.67572085,0.45537382,0.44627220,0.57814892,0.47603622,0.39428457,0.53104925,0.34254644,0.41719122,0.43683837,0.48153749,0.57757559,0.56414427,0.56073963,0.56887654,0.46415572,0.53943005,0.39091283,0.63353330,0.63625528,0.51151018,0.47763098,0.50556538,0.56004845,0.48525783,0.45767034,0.32792955,0.57274656,0.61454602,0.47868349,0.45570616,0.55313450,0.56686848,0.59594753,0.53023279,0.65836188,0.68169781,0.38996836,0.47273975,0.38721565,0.58263603,0.38769774,0.42817470,0.52001557,0.50093398,0.51864392,0.53220227,0.30284804,0.48149342,0.62380689,0.57165143,0.76242956,0.32547600,0.34254644,0.38317709,0.41388139,0.35575689,0.48674794,0.60204762,0.65955107,0.46643482,0.49094430,0.59722345,0.52814567,0.59171826,0.63172327,0.44119109,0.44915237,0.63325400,0.50173281,0.45392319
16870,0.67059987,0.66874532,0.69386888,0.54972946,0.60475633,0.67928326,0.53215962,0.50358401,0.52185558,0.50148874,0.49310583,0.61817122,0.65120233,0.48578712,0.64012019,0.69171001,0.34999376,0.48905556,0.60813298,0.63497282,0.62325108,0.52572721,0.66275865,0.35228417,0.69079618,0.46952193,0.65268800,1.00000000,0.60586097,0.44761471,0.44724072,0.58222731,0.51629914,0.58667701,0.52674163,0.54234703,0.41697322,0.52220505,0.46740493,0.51235631,0.52151942,0.37343639,0.61173877,0.52649676,0.69352461,0.54993017,0.43747374,0.57897608,0.55447966,0.53835906,0.61625709,0.51321438,0.37157031,0.72932843,0.62990617,0.47803409,0.41356644,0.49058531,0.54193197,0.61391254,0.57692530,0.43217861,0.47136950,0.46948436,0.44770826,0.41735392,0.41912351,0.58115759,0.52799307,0.36050665,0.51176943,0.56497711,0.65153685,0.57047690,0.52514900,0.48265169,0.49477807,0.51957457,0.40834887,0.44028547,0.54482551,0.46667574,0.58053864,0.49826628,0.75528373,0.48745293,0.58040433,0.54945791,0.48704924,0.47367647,0.51431062,0.47543099,0.67304481,0.48805335,0.41024003,0.51584016,0.58849699,0.50350915,0.48468644,0.52264390,0.35005874,0.46870969,0.58860548,0.45144517,0.53104547,0.44656585,0.37701062,0.58280068,0.55597184,0.44388254,0.52644704,0.51569513,0.62484655,0.39085528,0.65621481,0.55211080,0.34009061,0.51110474,0.42117637,0.42956124,0.53016843,0.56989120,0.57817456,0.47378084,0.48183874,0.49759253,0.46036500,0.52962343,0.40090700,0.41994313,0.58981407,0.68135959,0.52502091,0.50217295,0.53203473,0.51377671,0.44111510,0.45982346,0.44152611,0.53383100,0.48176846,0.43681004,0.62612991,0.49782466,0.55152118,0.39085528,0.54414131,0.41826953,0.48326803,0.62686065,0.42675440,0.52828626,0.53308606,0.55009933,0.47853314,0.57608120,0.52295053,0.45096878,0.41086843,0.59668239,0.37503614,0.52600801,0.56467674,0.50799005,0.42776723,0.49240037,0.47606645,0.58305886,0.53257054,0.53983979,0.54546086,0.51636427,0.52246148,0.54526498,0.50622203,0.45677927,0.37464103,0.50852348,0.39095730,0.57098788,0.50238440,0.57268874,0.52109728,0.61825480,0.56438607,0.41701998,0.51617474,0.71799619,0.62894780,0.38857894,0.32905861,0.44460370,0.42710136,0.39571369,0.28030463,0.38883851,0.49193451,0.41088013,0.46487381,0.55524464,0.66175369,0.49120434,0.50176304,0.49377628,0.54432701,0.37768108,0.51261144,0.54906611,0.39431186,0.32793339,0.40000275,0.46032710,0.57503165,0.54151155,0.75084208,0.45623909,0.46723631,0.61773106,0.36471434,0.45980086,0.35839685,0.53215962,0.66602794,0.47353491,0.48075960,0.53533476,0.47909303,0.42493060,0.49853576,0.20917430,0.45734061,0.46122882,0.36037011,0.53932227,0.57660305,0.46328207,0.54516428,0.49735586,0.53141781,0.41838739,0.73564830,0.61939570,0.50008464,0.51393997,0.54272572,0.50491948,0.53983979,0.46540364,0.30352304,0.52460709,0.63571326,0.53892472,0.51029082,0.55123677,0.48454100,0.61744124,0.46562239,0.60792946,0.50424453,0.44875387,0.47212018,0.44524422,0.53857472,0.41372233,0.45508552,0.49446082,0.55386189,0.56929726,0.59530821,0.32496376,0.47114553,0.61987148,0.59309826,0.64456609,0.25555223,0.20917430,0.34114724,0.50287943,0.33774519,0.48586328,0.60780511,0.59304211,0.53732515,0.48483849,0.66035361,0.39472029,0.51327366,0.45327586,0.55978822,0.52121510,0.66452961,0.55454549,0.46727918
17628,0.59706625,0.59422159,0.58104319,0.63375186,0.47204515,0.57414941,0.52321833,0.46268535,0.47885261,0.56692089,0.63983427,0.59835470,0.62656946,0.47391965,0.58385243,0.64140580,0.40565024,0.40565760,0.58710401,0.57876416,0.56042291,0.44424063,0.54825824,0.32227945,0.63639250,0.40398024,0.61516779,0.60586097,1.00000000,0.36482373,0.44815637,0.51939969,0.47100911,0.58419613,0.51991078,0.60361010,0.49536677,0.49562985,0.65610203,0.52853571,0.64307576,0.40755810,0.56533181,0.52187440,0.61978760,0.55486241,0.48486164,0.47966760,0.54043042,0.52958668,0.54133556,0.46271831,0.61025528,0.61779411,0.57702388,0.53924965,0.48953318,0.50024017,0.49390015,0.52053022,0.46040205,0.42147840,0.55665770,0.49783915,0.44988835,0.41636480,0.39478060,0.56137690,0.49741331,0.48323780,0.59511024,0.58357144,0.56604772,0.45345778,0.55577939,0.41899006,0.61581932,0.43714316,0.53420420,0.42887092,0.62569819,0.53078922,0.51859422,0.47522702,0.59081397,0.56977012,0.55564230,0.63733283,0.49100374,0.45937842,0.47290949,0.53519481,0.58948643,0.52104293,0.53671451,0.69498930,0.48005240,0.46656922,0.42205786,0.46708932,0.37169657,0.54793241,0.53751674,0.41089896,0.62032437,0.46312133,0.46972273,0.48856543,0.53879126,0.57318395,0.55624423,0.45017983,0.62305805,0.35227358,0.67388538,0.52818541,0.34098984,0.50210018,0.51869825,0.58198308,0.54773862,0.51969941,0.50045876,0.66626247,0.50708758,0.49787924,0.52044324,0.59657034,0.42445236,0.59488927,0.56781517,0.56844839,0.49874469,0.47800869,0.46894657,0.47733183,0.59068117,0.51308151,0.62427894,0.45637254,0.43955457,0.32886563,0.55625675,0.54332471,0.54723006,0.35227358,0.55444839,0.41511133,0.47595833,0.57006099,0.47202232,0.56955405,0.43756461,0.46825871,0.43267716,0.55386100,0.48380047,0.48088481,0.50328123,0.59151720,0.35647041,0.60940793,0.49746768,0.43519392,0.39127535,0.38845831,0.46319386,0.47027243,0.43653604,0.43614746,0.58479863,0.42329964,0.48183592,0.52137478,0.45320385,0.52197078,0.47227246,0.49113600,0.47923956,0.53965610,0.42933626,0.56962981,0.51679012,0.55251644,0.52635374,0.49449829,0.46183440,0.56818562,0.57412670,0.45450847,0.38253294,0.39561450,0.64302552,0.34839395,0.37627574,0.39634401,0.47743169,0.47695220,0.49414458,0.59001825,0.63112666,0.55731238,0.51042702,0.41621728,0.63575391,0.45285365,0.44243857,0.42180211,0.37756485,0.34393570,0.45290111,0.56106788,0.49873387,0.55063937,0.58879624,0.48111117,0.40836725,0.57732207,0.39815150,0.43787604,0.34818559,0.52321833,0.53995870,0.52764172,0.41990812,0.49002379,0.58491022,0.47177720,0.63885530,0.41192157,0.47207875,0.40958103,0.40260833,0.52147800,0.50198876,0.58988411,0.63367793,0.54628862,0.60855335,0.43951859,0.55788982,0.56907782,0.46198546,0.46773164,0.45991776,0.50137910,0.43614746,0.54622889,0.36954978,0.50141890,0.59910053,0.45604489,0.58381272,0.42197044,0.46455149,0.53494763,0.48069242,0.57606763,0.53074371,0.37333706,0.39816161,0.41183345,0.50913975,0.44569986,0.43158519,0.44688995,0.49672225,0.59063613,0.56103008,0.38130660,0.42739137,0.54601700,0.50750687,0.58176267,0.35211667,0.41192157,0.42756488,0.48478609,0.37179922,0.52219398,0.59897849,0.59344823,0.48201727,0.48889958,0.63403716,0.51441634,0.77414408,0.56439017,0.44269876,0.46971788,0.59701171,0.49034291,0.44021383
17634,0.42234154,0.46777913,0.38297669,0.48929444,0.42524922,0.49859141,0.50278040,0.44088588,0.44263926,0.37096244,0.35335781,0.45108102,0.43317852,0.34424257,0.51182465,0.49969982,0.20801094,0.30976867,0.45135716,0.49107588,0.51357150,0.49139373,0.48304213,0.29363031,0.49845186,0.42297614,0.50134872,0.44761471,0.36482373,1.00000000,0.37874626,0.46949692,0.47024142,0.36272638,0.42045068,0.46269958,0.34723727,0.39758197,0.33836865,0.33391809,0.41484517,0.25993554,0.44506711,0.42359711,0.45321600,0.37992455,0.29379164,0.39250737,0.41247503,0.39046003,0.41012157,0.36408282,0.27163056,0.48712907,0.48966371,0.40644895,0.32060442,0.39192443,0.47687122,0.45922940,0.41704173,0.37685657,0.38102087,0.41130945,0.30720356,0.34556444,0.46302556,0.49390214,0.35187019,0.28576944,0.37173729,0.43327294,0.41348852,0.35818365,0.35132081,0.36327934,0.36165495,0.49132886,0.38230793,0.65156057,0.39682375,0.31766342,0.41652884,0.54213063,0.44838095,0.42965459,0.41208402,0.39041788,0.41042688,0.38192334,0.39065389,0.28771135,0.43196112,0.39994915,0.33033679,0.37765774,0.36608265,0.40443781,0.74563139,0.34939696,0.35015736,0.37255421,0.44826557,0.45404992,0.35068714,0.46011767,0.39020611,0.45803822,0.48496771,0.33350979,0.39265652,0.37831783,0.44248688,0.48261782,0.42214258,0.28583560,0.41776382,0.37157734,0.41527761,0.29940621,0.41597660,0.46864768,0.49798948,0.38400199,0.42179558,0.42039031,0.30053949,0.52386105,0.26684023,0.36347590,0.44504996,0.42975734,0.47932260,0.39595748,0.43229936,0.39509205,0.35035669,0.34735084,0.31059937,0.42206579,0.42060796,0.32959818,0.44723322,0.36100008,0.38190413,0.48261782,0.37026391,0.31105261,0.40744510,0.44595165,0.34091357,0.34464386,0.36631320,0.47109120,0.27787362,0.44469665,0.39808732,0.37908368,0.30453222,0.39899968,0.37398177,0.37782406,0.47201952,0.53788548,0.45290700,0.47688197,0.77445561,0.41789069,0.41363786,0.39709685,0.46319203,0.40891730,0.39735029,0.43276928,0.61731689,0.31797823,0.39206802,0.45966143,0.31470024,0.43371733,0.50578622,0.43468096,0.45051083,0.41944361,0.35493061,0.34906653,0.52614811,0.47929461,0.45817482,0.40746735,0.32369124,0.32525583,0.27009582,0.30795671,0.25361061,0.35434604,0.77593634,0.42287967,0.39369112,0.41220897,0.45096698,0.41508029,0.37775183,0.31808152,0.36852057,0.36855216,0.47622986,0.49668020,0.29149446,0.27077736,0.35721284,0.41598642,0.35226608,0.37927923,0.45403550,0.41555396,0.47750736,0.44637934,0.24301944,0.36552295,0.34027825,0.50278040,0.46571559,0.35826177,0.38352281,0.42268455,0.34481441,0.33805467,0.38222553,0.19753821,0.46971528,0.44678617,0.37065435,0.36117741,0.47359657,0.36342665,0.35783202,0.33790482,0.34862711,0.37178481,0.49031306,0.44370872,0.46856305,0.45706696,0.44240317,0.42080756,0.39709685,0.27105157,0.20941463,0.42068791,0.41617213,0.42602989,0.30797711,0.49614216,0.44221002,0.48502936,0.38704644,0.46878167,0.45207301,0.41718591,0.35902701,0.37099656,0.48041285,0.44800349,0.35185248,0.47987231,0.43304094,0.39577601,0.40952151,0.31564419,0.48090050,0.44759736,0.35238979,0.54682479,0.24478976,0.19753821,0.26631054,0.40638976,0.31667339,0.40655961,0.44422668,0.43798560,0.41335236,0.42960577,0.44529573,0.35509355,0.38883024,0.40762040,0.40412895,0.43171994,0.41159031,0.43694333,0.36814391
20741,0.44852250,0.44095719,0.42874897,0.52526648,0.44923391,0.52094022,0.56020973,0.58115145,0.53329214,0.54098980,0.50918512,0.57431854,0.50497412,0.51544799,0.55522843,0.55243884,0.38031352,0.45332535,0.53154742,0.48329189,0.54976731,0.45596265,0.50937561,0.40295101,0.54480080,0.48126270,0.49210759,0.44724072,0.44815637,0.37874626,1.00000000,0.46779657,0.44641383,0.43591849,0.45015292,0.49686696,0.37069238,0.50615873,0.51483430,0.40660004,0.55596670,0.45556806,0.53323117,0.51292840,0.49250131,0.53620683,0.37819477,0.48380120,0.43478719,0.45239821,0.48706945,0.54626512,0.52970478,0.46615310,0.48443670,0.52304973,0.43835008,0.65518702,0.51757261,0.47496413,0.46247728,0.42872843,0.50285661,0.45284810,0.44814887,0.39206968,0.40119598,0.64861623,0.45153328,0.49399660,0.46229026,0.48955800,0.41209499,0.40392240,0.41533901,0.40902661,0.45516438,0.50735846,0.40613645,0.39189108,0.42573513,0.44449649,0.55130222,0.42273509,0.42246083,0.58370326,0.36647470,0.48691639,0.42076877,0.40895557,0.35398586,0.42861074,0.48734806,0.54256171,0.42847044,0.53055084,0.41419643,0.52701700,0.45086105,0.40428653,0.64282872,0.49467529,0.56447434,0.41211823,0.47849588,0.51815273,0.44541185,0.62179856,0.44657303,0.47626600,0.48879659,0.46723122,0.45936494,0.34091237,0.44364522,0.31505958,0.48852467,0.41980673,0.50603499,0.43106967,0.53320837,0.55946570,0.46681075,0.40455507,0.67361951,0.63910940,0.45769503,0.57959779,0.43896233,0.47690806,0.45857802,0.45572302,0.42689217,0.56942534,0.40620936,0.47421762,0.50273540,0.34978986,0.51577751,0.48298711,0.40500729,0.48324072,0.45962125,0.44911395,0.45447319,0.34091237,0.64386290,0.47108577,0.53185306,0.53981569,0.39994183,0.39929417,0.49752331,0.43941586,0.38408410,0.44996433,0.47785463,0.50837211,0.40111760,0.49112424,0.42237222,0.53425951,0.49569704,0.42868066,0.32772563,0.37202618,0.47346122,0.48144857,0.39023870,0.40849990,0.53108492,0.51299227,0.46858899,0.47834463,0.48296114,0.46081005,0.45056180,0.40993270,0.45000627,0.57632396,0.41238039,0.48710859,0.46934154,0.43727650,0.36880066,0.49679933,0.37021121,0.44428294,0.50117110,0.45383895,0.42586634,0.42942733,0.49756859,0.37421702,0.45590389,0.51330787,0.45718006,0.50441734,0.45315257,0.50990400,0.52117902,0.59384364,0.50882131,0.46680334,0.47730440,0.46284039,0.47915338,0.53078575,0.37355971,0.35677466,0.45669293,0.58418389,0.47014577,0.53769090,0.42119758,0.55606537,0.47215567,0.54018430,0.39869522,0.45102185,0.48590154,0.56020973,0.51396852,0.58725708,0.43913036,0.53124743,0.49748794,0.39721146,0.46712034,0.38410528,0.40609107,0.43555771,0.39068430,0.41237322,0.49821946,0.49626304,0.45466739,0.39057823,0.45981313,0.34898057,0.53485615,0.46594883,0.39809326,0.45087298,0.51909689,0.44779331,0.40849990,0.55949243,0.40313362,0.44910650,0.49403725,0.46232735,0.40877437,0.52746145,0.46886137,0.47937563,0.37304382,0.58558374,0.37557974,0.39168824,0.47305074,0.34796158,0.43800397,0.39403876,0.43923847,0.51392835,0.49555365,0.50999856,0.48368944,0.36017422,0.49994433,0.48518749,0.38773283,0.50446649,0.42573404,0.38410528,0.47660209,0.41833531,0.50839960,0.53212810,0.55321108,0.54258077,0.52027531,0.45819288,0.46243831,0.38114878,0.48396409,0.39628048,0.42111561,0.34130866,0.39177727,0.49616260,0.43652116
27311-A,0.63193704,0.58236489,0.53976190,0.56076669,0.49986223,0.63427967,0.60023667,0.55029207,0.56203232,0.44742688,0.47584512,0.60018328,0.57917081,0.53529038,0.67282107,0.67223583,0.30427657,0.42617179,0.51234448,0.58226695,0.67815831,0.47021514,0.59500017,0.41417598,0.67331957,0.48350520,0.54737591,0.58222731,0.51939969,0.46949692,0.46779657,1.00000000,0.85088759,0.51875598,0.56691921,0.63838789,0.34796435,0.54335180,0.43086234,0.46465803,0.52908156,0.36773031,0.63436505,0.50693914,0.65298203,0.57790866,0.45906933,0.53811963,0.49023538,0.49639824,0.59646381,0.57885323,0.40442308,0.68863433,0.58210234,0.46545381,0.35613454,0.53252964,0.54523072,0.57604410,0.60691790,0.45735584,0.54784280,0.56986650,0.38991171,0.58008066,0.53615004,0.60868024,0.48501466,0.38181256,0.54887706,0.55875904,0.58464330,0.51140739,0.43186624,0.38570270,0.41213954,0.56983590,0.41724425,0.45644655,0.51965934,0.38720240,0.59416586,0.54406187,0.50942561,0.49946025,0.49759723,0.53430698,0.43273393,0.57853853,0.56776826,0.48198666,0.65671906,0.56473435,0.36211956,0.47118276,0.59237107,0.56538862,0.51744341,0.49024022,0.41284214,0.54458594,0.60992717,0.53879564,0.46983238,0.56649567,0.47418076,0.62839888,0.55620758,0.43755136,0.54075177,0.50708995,0.56853434,0.38147110,0.59423983,0.45668716,0.45594643,0.51902963,0.50839990,0.49875899,0.60469065,0.61981233,0.58827064,0.44883793,0.55982113,0.57470146,0.41578860,0.58388445,0.45744707,0.45862995,0.59425277,0.57757058,0.53375750,0.62246546,0.60243185,0.58294714,0.43642276,0.48820435,0.43020126,0.64007309,0.62986966,0.45348401,0.59382522,0.45494798,0.57151717,0.38147110,0.55673604,0.43458655,0.58642683,0.62948463,0.49523563,0.42238495,0.50247907,0.62036883,0.53331922,0.58736785,0.58399371,0.52934999,0.50762846,0.60367867,0.40138450,0.53436554,0.60497042,0.57148247,0.38816987,0.53732813,0.53248530,0.61526470,0.52810955,0.60241393,0.56219583,0.54893262,0.58617192,0.61732367,0.56431113,0.52201755,0.47518884,0.50639314,0.38347224,0.62935592,0.47781423,0.58909403,0.54989696,0.60951265,0.58601165,0.42224633,0.49196317,0.59222148,0.64570172,0.55436343,0.36750222,0.48830265,0.36326721,0.41466320,0.36775603,0.44763639,0.50238264,0.54538829,0.49270192,0.54761141,0.63461217,0.51774590,0.56443551,0.43023566,0.56296295,0.46568009,0.51834692,0.55208094,0.45182271,0.36917722,0.51727748,0.45765412,0.53279049,0.51380918,0.52071396,0.50628295,0.49667504,0.59412086,0.47638732,0.55183382,0.44703674,0.60023667,0.68347030,0.52651015,0.53780245,0.53433754,0.48428743,0.49484134,0.45941068,0.29785476,0.55294698,0.60331073,0.41992809,0.50706618,0.60894473,0.49185174,0.52804282,0.44669930,0.48935753,0.46867178,0.63894101,0.62694945,0.51050850,0.59191888,0.67814911,0.50854501,0.60241393,0.47609705,0.34573113,0.50463858,0.60846527,0.65461952,0.58702090,0.55013992,0.57487971,0.69414507,0.47198817,0.69348682,0.46161425,0.52714815,0.50494039,0.51925949,0.62273896,0.59343756,0.68468530,0.64264101,0.61848012,0.52655296,0.56935726,0.50573462,0.54897445,0.60872996,0.55539301,0.62114431,0.36133183,0.29785476,0.43295311,0.61982263,0.50362418,0.54356447,0.64670368,0.57114198,0.63997023,0.55734752,0.54039692,0.41419564,0.49549532,0.48556786,0.59912121,0.62647804,0.67192454,0.61038431,0.59888039
27311,0.57557170,0.52126584,0.49091308,0.49577420,0.45746149,0.54357052,0.54506124,0.54989701,0.55108694,0.42233567,0.39965226,0.59230720,0.57775679,0.56378370,0.58108599,0.58909426,0.34828014,0.45758416,0.46386000,0.54904236,0.63885889,0.43130408,0.52346723,0.38376429,0.59017800,0.50670505,0.44924674,0.51629914,0.47100911,0.47024142,0.44641383,0.85088759,1.00000000,0.48176109,0.51497557,0.58696064,0.31695098,0.49657151,0.36960224,0.52499540,0.50554759,0.40185411,0.54365591,0.51718048,0.55896194,0.57525270,0.49899134,0.52764177,0.40845519,0.41935778,0.53312865,0.55977019,0.39473921,0.61247489,0.54887775,0.46132236,0.38374839,0.52205279,0.51874183,0.50451116,0.54669463,0.56783016,0.62279431,0.58772581,0.47512495,0.60450047,0.59001102,0.60036041,0.47983840,0.40883722,0.49646458,0.49511715,0.49916189,0.43275593,0.50151809,0.46375899,0.36771925,0.55401684,0.38903273,0.47378677,0.45681239,0.48556433,0.60772468,0.54724821,0.50999572,0.53159472,0.48777652,0.47525877,0.47603760,0.55970085,0.51935354,0.46994244,0.58449367,0.52718787,0.35974070,0.47637635,0.53343418,0.59797722,0.53478363,0.54918226,0.41637632,0.61953745,0.61243476,0.55370896,0.44855108,0.56428544,0.47197053,0.54881417,0.50540682,0.46534854,0.50077738,0.50042245,0.47271125,0.36889292,0.55795518,0.43907145,0.43405711,0.49005761,0.53661001,0.49558588,0.59476440,0.64151630,0.55174401,0.45142874,0.54934428,0.54970670,0.41901373,0.59453319,0.48646162,0.47073209,0.55053772,0.46296075,0.46229322,0.65685922,0.59053703,0.60095590,0.39453274,0.43006509,0.43786346,0.61530741,0.58442712,0.46411869,0.53918995,0.43339090,0.52046159,0.36889292,0.51831997,0.40188646,0.62717230,0.55305632,0.49274402,0.49203681,0.54171136,0.63186844,0.51647665,0.54365280,0.60200247,0.51924086,0.47285933,0.55494509,0.48476861,0.48234295,0.58195329,0.54857335,0.36177604,0.50744688,0.53894969,0.55538341,0.48238446,0.54647191,0.51840246,0.57616839,0.60418068,0.59557308,0.55649748,0.50978659,0.47297861,0.50227083,0.35584049,0.57308672,0.49639080,0.54086145,0.53091811,0.57519756,0.48698664,0.45613919,0.49562215,0.47368276,0.59933832,0.52201496,0.35293189,0.43483995,0.37092940,0.41003441,0.36765130,0.46549024,0.49990396,0.53846190,0.46918763,0.61286370,0.56431257,0.49880885,0.61791765,0.45787245,0.58094784,0.50673139,0.49185803,0.51947701,0.53376148,0.35816343,0.55932573,0.46816700,0.60611082,0.52179966,0.53186800,0.49617382,0.52775792,0.56789225,0.47430778,0.51663464,0.45528178,0.54506124,0.57946260,0.54103983,0.52751470,0.53089373,0.46300613,0.49234972,0.44408026,0.37662893,0.58564392,0.60291568,0.41303082,0.43459292,0.58592761,0.47890052,0.51397767,0.47077999,0.50913934,0.44698925,0.59746568,0.59605016,0.46489324,0.61291296,0.67846978,0.53498147,0.54647191,0.43768098,0.31303103,0.53107504,0.55577064,0.63303124,0.63097247,0.51753599,0.56426582,0.66373480,0.37514304,0.65435031,0.40196016,0.56906742,0.52060227,0.49651075,0.53803380,0.62623083,0.70910512,0.64994882,0.65200456,0.57151873,0.52938287,0.53718230,0.49295599,0.53151838,0.46844928,0.55675118,0.36122710,0.37662893,0.45022210,0.57438009,0.51122330,0.57002231,0.60472865,0.51969310,0.62607940,0.51130029,0.52946184,0.38598413,0.44368569,0.43974300,0.57305455,0.60580095,0.52740138,0.64390874,0.58763680
28004,0.66851393,0.62565535,0.59315663,0.62067268,0.45594902,0.58255441,0.59778925,0.48774458,0.58889180,0.60764808,0.58760568,0.57748333,0.62144314,0.50299728,0.69336130,0.71056956,0.43967382,0.43157038,0.61417492,0.65214871,0.55961489,0.44230713,0.53332055,0.32063473,0.71568150,0.39518910,0.62158176,0.58667701,0.58419613,0.36272638,0.43591849,0.51875598,0.48176109,1.00000000,0.56511214,0.56489205,0.52423782,0.64906983,0.63175890,0.63273565,0.62293708,0.46089499,0.55370427,0.47805410,0.64983208,0.58932630,0.47527386,0.46233602,0.66489550,0.66086020,0.67871754,0.48502717,0.53846339,0.62595609,0.65255951,0.42711478,0.45389600,0.44718335,0.44899132,0.56286111,0.49078478,0.39432865,0.45789032,0.41530747,0.44195908,0.40787571,0.37136858,0.60056392,0.42990710,0.48952721,0.52703173,0.65259846,0.50110863,0.50698889,0.51706286,0.39532210,0.45428638,0.45693143,0.60326767,0.47169775,0.68458000,0.39139660,0.49967998,0.53906342,0.64168131,0.48068135,0.51386101,0.55431329,0.41155207,0.40080688,0.60745060,0.50337119,0.63730173,0.50308722,0.41967595,0.53152258,0.54331913,0.47356429,0.47817995,0.42549646,0.32046443,0.44521772,0.54337119,0.45386993,0.56583874,0.41951319,0.42439245,0.56219025,0.49461228,0.44475843,0.47367401,0.44094934,0.58793308,0.37299801,0.63002695,0.58506160,0.32706035,0.48020781,0.48729916,0.55637494,0.55347841,0.51087013,0.52171022,0.45645850,0.45144248,0.50646890,0.47892944,0.51804164,0.52094486,0.46986184,0.56178883,0.54602775,0.48600272,0.44980890,0.45410361,0.45294701,0.56045517,0.48899265,0.43880365,0.47439713,0.41254355,0.39234970,0.60663251,0.66758866,0.55324879,0.37299801,0.59457349,0.43550644,0.41682739,0.61328036,0.42170774,0.50687034,0.40090394,0.51192029,0.35726183,0.54830588,0.45714968,0.40279077,0.38685289,0.58656878,0.33832057,0.59870466,0.53184345,0.46220223,0.41989163,0.45204189,0.41813003,0.46705202,0.46400120,0.46034186,0.60053964,0.43422620,0.42855639,0.48732080,0.48167620,0.44354514,0.42320121,0.45604654,0.60315739,0.60843486,0.39746259,0.55497442,0.46517193,0.60266047,0.66532276,0.48688674,0.42874013,0.56453919,0.53501311,0.37119745,0.36457478,0.40571171,0.46452904,0.35018885,0.34631447,0.44469902,0.46320761,0.50262319,0.49147074,0.49758171,0.64447362,0.51836409,0.46886743,0.43197499,0.62046913,0.40695455,0.39748422,0.43644367,0.34241056,0.38969893,0.45111104,0.43162916,0.46308138,0.50191883,0.64315211,0.41346710,0.40365206,0.66581006,0.48095287,0.46695015,0.32547535,0.59778925,0.60288796,0.52198183,0.42334024,0.45583401,0.56732810,0.42085045,0.48283807,0.31301211,0.45166999,0.36631917,0.35049742,0.50156429,0.53643865,0.55880984,0.59106477,0.62055985,0.53968308,0.33759495,0.55063865,0.59920694,0.46818113,0.45850769,0.41764241,0.46735957,0.46034186,0.57078069,0.36679087,0.47392210,0.52447716,0.47062089,0.54538270,0.43832148,0.44547458,0.59205518,0.47804222,0.57181581,0.55118063,0.35808497,0.40516177,0.37781700,0.47881748,0.38898463,0.39617311,0.44227248,0.47460205,0.54470423,0.48363009,0.26744529,0.44011754,0.59603076,0.50434625,0.59397058,0.28563746,0.31301211,0.35869630,0.37336928,0.32326103,0.54660017,0.55936438,0.60332065,0.40461814,0.44229559,0.64988065,0.59801310,0.57051919,0.52758412,0.44555052,0.43966759,0.59447904,0.47076009,0.46087360
28011-A,0.58158722,0.57853372,0.49871584,0.62948188,0.50682647,0.59511705,0.55667887,0.51507843,0.52076088,0.52823046,0.51805134,0.57919564,0.57261950,0.43910953,0.66440962,0.64240550,0.31775103,0.41524658,0.61907384,0.56562533,0.60979188,0.46690220,0.59550223,0.39237047,0.64217034,0.42017950,0.51410947,0.52674163,0.51991078,0.42045068,0.45015292,0.56691921,0.51497557,0.56511214,1.00000000,0.75053683,0.49536994,0.63557242,0.49226277,0.56825986,0.54584549,0.41726090,0.55508474,0.51463046,0.59713570,0.57321725,0.42107636,0.43977511,0.57509261,0.59042933,0.57774117,0.49322882,0.47148130,0.56467971,0.56344225,0.57204310,0.46939469,0.43555972,0.45061853,0.59987541,0.47639196,0.39396049,0.46877477,0.45584445,0.40226751,0.40387640,0.44734113,0.57632065,0.47925155,0.39144810,0.54490470,0.53547897,0.50094768,0.59531345,0.49628087,0.41930592,0.53295565,0.58289147,0.49095817,0.57201286,0.53138016,0.39707047,0.49715673,0.54596195,0.50398720,0.54284849,0.46611862,0.55160106,0.40371336,0.47020362,0.53286335,0.47465924,0.60798274,0.53846051,0.43140282,0.50753164,0.61453103,0.56085588,0.57515028,0.44757078,0.37912413,0.45412772,0.61266940,0.43634801,0.53072154,0.45823315,0.41758139,0.59068550,0.53806571,0.47832701,0.49224011,0.40916269,0.56430948,0.40033732,0.62063796,0.44331952,0.43290195,0.60734035,0.50842593,0.43059266,0.53960116,0.52829743,0.55010049,0.40184037,0.44746910,0.47716746,0.41296641,0.53907016,0.42791023,0.45846644,0.53543582,0.55517953,0.51041833,0.50893651,0.50350632,0.53774044,0.51042925,0.49425968,0.48826739,0.49498616,0.44473499,0.43264534,0.55106969,0.59809177,0.56007968,0.40033732,0.60045617,0.47213122,0.49565260,0.58285892,0.49096884,0.49394658,0.44852879,0.59538736,0.46018425,0.52254645,0.54948180,0.46998295,0.46377237,0.61444676,0.41366015,0.60024043,0.58111343,0.48209824,0.40766623,0.45107165,0.52935121,0.51158211,0.47922926,0.45603541,0.54994890,0.50299677,0.53994423,0.50550544,0.54126317,0.47549093,0.41225665,0.49781841,0.52119003,0.59168038,0.45597947,0.55995550,0.50425603,0.58297373,0.55310162,0.49522186,0.53251149,0.53279305,0.56491165,0.47888443,0.40814170,0.46036306,0.46329353,0.38715666,0.39764166,0.49995566,0.52936406,0.48485280,0.49406157,0.49861013,0.59078886,0.55185055,0.48368808,0.41957304,0.52457285,0.37265800,0.42662847,0.45396226,0.38593938,0.31930912,0.45114622,0.50654735,0.45672131,0.54686364,0.52156018,0.49702226,0.45940975,0.66879111,0.39821764,0.50197716,0.39705838,0.55667887,0.57263151,0.50703791,0.37580162,0.41065141,0.53405909,0.48967197,0.48377268,0.33836191,0.48403936,0.46794721,0.37910312,0.46341721,0.58893737,0.55985230,0.55735325,0.49142580,0.54441970,0.49520770,0.58252258,0.60308312,0.51425394,0.50114836,0.51491235,0.49512683,0.45603541,0.49288615,0.37304660,0.50273526,0.63586406,0.52537360,0.58289557,0.45969522,0.42433690,0.56609385,0.58054962,0.58048734,0.49893259,0.48461851,0.50306654,0.45199249,0.55530211,0.45506154,0.44250883,0.45994380,0.50797359,0.50287846,0.51019457,0.40546504,0.57974862,0.59364930,0.54189990,0.59838490,0.40140805,0.33836191,0.44441727,0.45570371,0.44529070,0.58043621,0.66262164,0.51717093,0.54243470,0.46034741,0.49968577,0.48801756,0.49551440,0.49962852,0.47574828,0.50160541,0.58656022,0.50627035,0.49421149
28011,0.64767019,0.60753728,0.54363238,0.66465055,0.52219545,0.59771014,0.56574552,0.57840086,0.55104562,0.56112020,0.52961496,0.65969399,0.61874456,0.48035396,0.68116507,0.66741226,0.37928084,0.41649750,0.63819800,0.60782123,0.68093817,0.46656206,0.62281068,0.37822372,0.66717710,0.42329938,0.55849224,0.54234703,0.60361010,0.46269958,0.49686696,0.63838789,0.58696064,0.56489205,0.75053683,1.00000000,0.49321695,0.64145632,0.50551836,0.53882164,0.61201174,0.44744633,0.58677330,0.54181406,0.67595369,0.62181767,0.52504682,0.44202320,0.58006791,0.61950489,0.64842677,0.53623495,0.56205152,0.62257472,0.60563814,0.60475846,0.51338820,0.54252541,0.50063702,0.62655999,0.49035666,0.43726650,0.55415979,0.54413179,0.44412415,0.51857582,0.50169703,0.59525812,0.52836160,0.48059946,0.61113715,0.56476069,0.57005688,0.54693439,0.50342461,0.43142366,0.58998986,0.62546298,0.52277831,0.56160389,0.57459884,0.43178513,0.53842812,0.60332614,0.53022427,0.63214651,0.50239263,0.62147043,0.46013672,0.56728910,0.56772711,0.50027217,0.63295831,0.60107704,0.48371325,0.55116520,0.60312227,0.57506274,0.57997288,0.45161984,0.42430567,0.54353020,0.67355160,0.48894332,0.55789878,0.46566467,0.43474111,0.59957352,0.57012230,0.52706199,0.57302758,0.44094016,0.58995419,0.41851656,0.61456786,0.49708208,0.47156941,0.65026170,0.55430023,0.52661170,0.56642349,0.61885214,0.56136503,0.49228834,0.55443479,0.55829022,0.43103416,0.60253446,0.45761837,0.53387253,0.57672468,0.55927871,0.52755696,0.58594281,0.55717438,0.56334288,0.56305011,0.55342564,0.52279825,0.54038069,0.49672634,0.45292427,0.62377499,0.58815511,0.63536110,0.41851656,0.67804790,0.46664953,0.58482674,0.60878764,0.54537488,0.49850415,0.47526600,0.62888051,0.52434066,0.56383531,0.57435169,0.55544498,0.48569059,0.64587861,0.40057838,0.62455800,0.57182759,0.57407470,0.44063304,0.51907587,0.56844201,0.59057291,0.51620211,0.56037464,0.58598334,0.55216921,0.56958990,0.56293329,0.56146001,0.46014396,0.42941637,0.49813804,0.51661341,0.64897813,0.51761746,0.61623961,0.51793392,0.64782986,0.59085642,0.54751821,0.53672725,0.55785120,0.62315736,0.50796299,0.39466480,0.48964576,0.48786365,0.36682423,0.40018842,0.48219246,0.57123906,0.52810267,0.49538843,0.56631140,0.65134950,0.61486079,0.57399209,0.42366804,0.58245377,0.39816631,0.46917533,0.47477621,0.42489582,0.36188397,0.51363764,0.59188868,0.52559330,0.58422561,0.54327168,0.60024920,0.45386835,0.68832560,0.46247817,0.55328322,0.44924884,0.56574552,0.63697958,0.59355076,0.43641292,0.46087234,0.56661238,0.54407802,0.59280048,0.36718199,0.56891268,0.54463723,0.39803627,0.51850163,0.57965153,0.56176010,0.63333426,0.49850647,0.53457300,0.53639717,0.63230708,0.62821913,0.49492746,0.59021781,0.60885653,0.48705988,0.56037464,0.58727033,0.41987629,0.49466830,0.63554086,0.57716179,0.58835151,0.48050917,0.50202964,0.62706319,0.56145355,0.62889252,0.54524952,0.50549231,0.50336159,0.49622860,0.62497804,0.52607892,0.54296768,0.55477368,0.58270507,0.55505997,0.57120733,0.47995484,0.58109090,0.58446686,0.58234608,0.62573209,0.40830023,0.36718199,0.46562193,0.54122824,0.48917625,0.60855169,0.66605119,0.55799081,0.60575892,0.46171679,0.54907241,0.51983771,0.55972766,0.53632882,0.50789312,0.57982221,0.62981887,0.58100183,0.56463074
28012-A,0.46793666,0.49900254,0.40942473,0.63675220,0.36762950,0.44796045,0.49141518,0.43580861,0.48595858,0.58216901,0.56650581,0.49627135,0.48784080,0.36036503,0.49028499,0.53305285,0.29279693,0.33158446,0.57103455,0.44753240,0.41207680,0.35644019,0.42658310,0.25520697,0.52839836,0.35052433,0.53874073,0.41697322,0.49536677,0.34723727,0.37069238,0.34796435,0.31695098,0.52423782,0.49536994,0.49321695,1.00000000,0.63344088,0.57511117,0.41086643,0.50450362,0.30481220,0.43013007,0.39515454,0.51282987,0.49566466,0.32390583,0.33332890,0.52541770,0.55985807,0.46091416,0.37216084,0.38197700,0.45160066,0.44448141,0.40335028,0.44513463,0.36716976,0.35322100,0.41906891,0.32356783,0.36218218,0.36827055,0.30251776,0.34582650,0.31245815,0.28730348,0.52564175,0.40773373,0.39233161,0.48868062,0.51686160,0.39380396,0.30938025,0.46896316,0.38048795,0.42378776,0.41117617,0.65773637,0.46170594,0.54713053,0.36365498,0.35686021,0.45639392,0.47114095,0.39079546,0.33053459,0.54789057,0.37883372,0.32243456,0.40105857,0.36469080,0.43287251,0.38244934,0.45622171,0.50271495,0.36115980,0.37093446,0.41160282,0.29863255,0.31032776,0.35545712,0.42567011,0.36324483,0.56628122,0.35390549,0.37537018,0.44257141,0.40903433,0.42927164,0.42710374,0.31232922,0.40303318,0.28022243,0.48121417,0.41454561,0.29033206,0.48601354,0.48833457,0.36162703,0.43221891,0.41422733,0.39923489,0.42119715,0.38284952,0.38963806,0.38423761,0.44926717,0.34493718,0.44771793,0.38291884,0.42488590,0.38283304,0.31785552,0.36545910,0.37628667,0.56423089,0.37934523,0.40937133,0.29589999,0.27015474,0.27876888,0.46367156,0.58359560,0.41599088,0.28022243,0.48457785,0.34521262,0.31125860,0.40814823,0.37152124,0.44811425,0.33799123,0.40858137,0.29445777,0.37296590,0.38350761,0.33070578,0.32431310,0.50541893,0.30359055,0.46755153,0.37494506,0.32334426,0.30801405,0.32451879,0.40607545,0.30416102,0.29006043,0.29084774,0.49097639,0.32518307,0.35958751,0.32830331,0.36516238,0.37226312,0.37144624,0.39876341,0.58353970,0.49493889,0.33412840,0.42523275,0.40077958,0.42445644,0.42610245,0.44278168,0.38212672,0.42375465,0.44019981,0.34151947,0.33893304,0.25558538,0.46059541,0.29234443,0.30064052,0.35707729,0.45288614,0.38178929,0.38648482,0.42461648,0.54032615,0.44879814,0.36205405,0.33281398,0.48129148,0.34317270,0.31174980,0.32523712,0.29970141,0.24635571,0.37080044,0.40178372,0.33116110,0.41134804,0.46534772,0.32584635,0.31301137,0.57274628,0.31280634,0.33901745,0.30006317,0.49141518,0.40075476,0.42145169,0.27370607,0.33686803,0.54690742,0.36913939,0.42972208,0.31694679,0.33080284,0.35268969,0.32947980,0.39508422,0.38196454,0.58987987,0.46041435,0.43712041,0.42884116,0.37534683,0.36680028,0.40776990,0.37643713,0.32387442,0.35624376,0.44062637,0.29084774,0.44190979,0.28923552,0.43120284,0.40788685,0.31332923,0.44378955,0.32956027,0.32753849,0.37467363,0.39009038,0.44937794,0.43853476,0.26432933,0.32207426,0.30717451,0.39146746,0.34300953,0.29288303,0.28730231,0.34075647,0.45926889,0.40965875,0.22347133,0.46145110,0.43684374,0.35881361,0.45921841,0.26462410,0.31694679,0.33150502,0.30865470,0.27764379,0.44237103,0.43681852,0.48419737,0.33144805,0.34320899,0.51236102,0.68243420,0.54305222,0.58823203,0.29997995,0.32869527,0.43397682,0.34716028,0.30232552
28012,0.62392505,0.54468250,0.47121751,0.63039885,0.48025305,0.59444003,0.59467251,0.48847058,0.57330091,0.59982104,0.56590464,0.68346602,0.61136194,0.46934622,0.59627915,0.63354462,0.34802849,0.42414337,0.60060701,0.56440751,0.60655448,0.39575916,0.59142482,0.30267395,0.62889013,0.44667756,0.54107015,0.52220505,0.49562985,0.39758197,0.50615873,0.54335180,0.49657151,0.64906983,0.63557242,0.64145632,0.63344088,1.00000000,0.56597336,0.53953822,0.58402319,0.40374871,0.56654143,0.55490720,0.57366246,0.59200900,0.50228062,0.39758599,0.58654482,0.59794872,0.65467030,0.54956294,0.47766704,0.58233493,0.56135651,0.49933500,0.45918902,0.47210781,0.43149130,0.58603929,0.44815349,0.42858473,0.48970281,0.42308270,0.39545516,0.42770553,0.37040546,0.60677993,0.43765188,0.48688182,0.67145081,0.54199294,0.52361555,0.48501042,0.45690511,0.43354513,0.43983476,0.54171507,0.59298785,0.50667664,0.59634056,0.39852534,0.47651571,0.57749469,0.51114167,0.50664460,0.40921985,0.66984893,0.43360387,0.53608494,0.56874100,0.50118633,0.62033506,0.54889386,0.42327939,0.50378627,0.53269689,0.53012438,0.54023308,0.37045300,0.39091107,0.47657429,0.60741846,0.47797070,0.56121284,0.44178231,0.41584135,0.64216929,0.50182498,0.48319548,0.54845455,0.41965548,0.46933773,0.30762816,0.51926334,0.47840471,0.36714612,0.59331282,0.51805708,0.54094650,0.58420560,0.58948959,0.49145746,0.36467831,0.48778757,0.53130566,0.40199520,0.54923887,0.48992947,0.45876773,0.52500202,0.51780725,0.43247768,0.53301820,0.44416790,0.52083871,0.62243324,0.49999348,0.41746800,0.50510789,0.45883301,0.47771149,0.62115340,0.60856639,0.60703591,0.30762816,0.62881230,0.44693292,0.53379531,0.61330369,0.48826466,0.44988718,0.40944558,0.60289218,0.49221860,0.51504907,0.52809463,0.44148957,0.38046921,0.64743009,0.38418348,0.58313512,0.54733100,0.46374186,0.33555408,0.43326156,0.46934446,0.48751491,0.40254108,0.50599784,0.58056132,0.47680870,0.50069270,0.45019190,0.55218687,0.44903472,0.41191741,0.42833487,0.69547393,0.62889858,0.45461296,0.56811273,0.45020495,0.62213391,0.60356068,0.52090904,0.49842995,0.48467467,0.58504588,0.35668272,0.36307298,0.43693704,0.43260519,0.31667871,0.37184956,0.47462003,0.50658202,0.49502483,0.42345897,0.47355286,0.64985699,0.52023085,0.52273259,0.42674141,0.55958709,0.35049098,0.36793203,0.44100840,0.29008899,0.34645794,0.47694695,0.47511943,0.49360783,0.54283399,0.54127149,0.44290056,0.39046820,0.67854392,0.50352046,0.55605932,0.39111031,0.59467251,0.58715743,0.56723921,0.37221272,0.40649332,0.58211790,0.48588281,0.45338140,0.29241737,0.51476381,0.44053956,0.35267748,0.44390366,0.55435047,0.59396407,0.57870594,0.54028446,0.48655446,0.45294052,0.63288754,0.53002714,0.46049218,0.49737529,0.49629328,0.40011068,0.50599784,0.56718762,0.36970561,0.39068714,0.60261270,0.51920938,0.52647999,0.44533155,0.41598524,0.60928127,0.52192175,0.58056851,0.48876690,0.44463702,0.46511267,0.40071872,0.53382959,0.45846033,0.42895426,0.43122383,0.54441995,0.52880102,0.55026181,0.34364950,0.57098119,0.56768371,0.55377371,0.55259937,0.31169231,0.29241737,0.37010330,0.45915317,0.41000627,0.59903664,0.65275481,0.53706081,0.54292787,0.42701831,0.53244687,0.61768568,0.54982197,0.56648968,0.49232632,0.45328108,0.58326144,0.55082376,0.54329466
28020,0.53454528,0.51203576,0.48465288,0.66069964,0.41910879,0.49893214,0.51906017,0.43537699,0.52390046,0.71556301,0.74440605,0.62314892,0.53396414,0.47860156,0.54260245,0.53401109,0.41290062,0.39668885,0.61742558,0.48590959,0.42080945,0.38996319,0.46148918,0.27634875,0.53548210,0.39689209,0.56249931,0.46740493,0.65610203,0.33836865,0.51483430,0.43086234,0.36960224,0.63175890,0.49226277,0.50551836,0.57511117,0.56597336,1.00000000,0.52796353,0.67752589,0.44456973,0.47954002,0.44015623,0.52033311,0.57208900,0.42738757,0.36295128,0.53713930,0.53085274,0.50322927,0.41437488,0.55758180,0.49380325,0.48695612,0.44302730,0.45782181,0.46088965,0.40629861,0.42815026,0.37221441,0.28308397,0.42008462,0.35783278,0.38256674,0.34833557,0.31405929,0.60589695,0.47177574,0.49923346,0.48996706,0.51801063,0.43369502,0.37136912,0.45559511,0.36414132,0.43809796,0.38140732,0.61689091,0.37337621,0.64397993,0.37798405,0.44285670,0.45746006,0.44128986,0.46499327,0.41399602,0.55840970,0.42947388,0.28477144,0.41424996,0.48870274,0.48777102,0.48923866,0.53789294,0.57391697,0.38627682,0.38958403,0.40315422,0.38734726,0.37078498,0.41763300,0.44323906,0.34752591,0.54803727,0.43003501,0.41751550,0.46272348,0.45182935,0.54218843,0.52839088,0.37831123,0.52253214,0.26248059,0.54273328,0.39345439,0.34166645,0.42543130,0.46011080,0.47622842,0.49367007,0.44939731,0.39939094,0.50608779,0.48313163,0.47377542,0.48021191,0.55774386,0.43997762,0.51629667,0.43527756,0.43684158,0.42703671,0.33978392,0.28742571,0.43434328,0.65859815,0.36883825,0.48297922,0.38546620,0.34941480,0.25708226,0.46857611,0.59195410,0.49585469,0.26248059,0.61756723,0.44043188,0.35112241,0.46208715,0.35839129,0.45164527,0.39789257,0.34183909,0.30378381,0.42385976,0.44090516,0.38046564,0.35567727,0.46343986,0.32195485,0.52241200,0.39692560,0.31774580,0.26320280,0.27500289,0.40061278,0.35051624,0.31859202,0.31573821,0.54179833,0.33500464,0.41811568,0.36681883,0.36633014,0.42611804,0.41241673,0.42438104,0.58446105,0.50984414,0.32643936,0.47547316,0.43457580,0.46713484,0.47497087,0.47677106,0.32291679,0.46763673,0.44977960,0.37761340,0.36099217,0.31793672,0.52468298,0.23497990,0.38022068,0.38078034,0.41168128,0.41483946,0.42153548,0.49855597,0.57726893,0.59034969,0.40045551,0.41215160,0.54275472,0.40919514,0.33403119,0.35966193,0.28621600,0.30497414,0.38640051,0.50542594,0.32014936,0.52147377,0.47049623,0.38270206,0.32904247,0.63147842,0.33773380,0.36336442,0.32100498,0.51906017,0.43976869,0.52035428,0.36443700,0.41447566,0.54755118,0.35661827,0.52493440,0.36886885,0.34918014,0.30843445,0.33846114,0.43147958,0.40401907,0.57257097,0.54539083,0.48300752,0.52277175,0.31779409,0.42905014,0.44374494,0.33561463,0.35264636,0.34809510,0.38230475,0.31573821,0.62074676,0.41057051,0.37731334,0.46377208,0.35359053,0.44534391,0.36645124,0.34913319,0.43531168,0.40860767,0.49359287,0.48384318,0.23808485,0.28416579,0.25507828,0.38859826,0.33968889,0.32331345,0.34841882,0.38440753,0.53724286,0.51659494,0.29470520,0.41370866,0.47180988,0.37467895,0.47310117,0.33225934,0.36886885,0.36509239,0.37329982,0.29381818,0.45511856,0.46045118,0.53763135,0.34951272,0.39766184,0.58212626,0.58492717,0.71898168,0.55836770,0.35359459,0.31911777,0.45812870,0.38000885,0.36457522
28021,0.57838496,0.51082535,0.50309108,0.50544884,0.40801257,0.53094039,0.48848597,0.49938725,0.52721406,0.55108287,0.50289593,0.54257426,0.73670798,0.50032670,0.53078671,0.55541720,0.46397323,0.47869793,0.48857538,0.51227401,0.49675142,0.36317094,0.50786844,0.29376195,0.55445832,0.43560874,0.46215167,0.51235631,0.52853571,0.33391809,0.40660004,0.46465803,0.52499540,0.63273565,0.56825986,0.53882164,0.41086643,0.53953822,0.52796353,1.00000000,0.57775290,0.52510654,0.51355724,0.46673223,0.55349659,0.61830018,0.56722465,0.46228787,0.47518577,0.52767097,0.58930578,0.47726287,0.51110163,0.56613653,0.51013390,0.57421390,0.45520049,0.37386522,0.46714389,0.46335529,0.45795457,0.42491069,0.52024881,0.38030603,0.49476440,0.41852074,0.36499544,0.54561833,0.44670956,0.38249286,0.41801787,0.55618200,0.47436234,0.42439647,0.76925177,0.49163053,0.46888608,0.47764830,0.46730956,0.49461374,0.49974302,0.46566136,0.53268859,0.50273121,0.55070390,0.48761319,0.54130331,0.44147843,0.49807972,0.41193569,0.55522003,0.69488538,0.54468979,0.49825802,0.49596495,0.53286133,0.46980855,0.53912919,0.50793541,0.57796982,0.34287865,0.50024323,0.52424063,0.42520542,0.56018873,0.41150705,0.39778359,0.51097742,0.47549065,0.47936946,0.46420168,0.43810903,0.51015873,0.31517225,0.69163351,0.45473102,0.36803242,0.47426235,0.44969707,0.55950894,0.50440296,0.53779010,0.50424995,0.44585585,0.39471345,0.47108518,0.48507389,0.49531549,0.51815215,0.46260478,0.50149459,0.52700867,0.40213969,0.48664482,0.41419256,0.61038037,0.50175503,0.44973553,0.46336941,0.47070919,0.39889859,0.41335659,0.54128835,0.56830524,0.57827755,0.31517225,0.58355902,0.42217661,0.47625214,0.53601799,0.45332317,0.79353533,0.48112633,0.53428119,0.40413565,0.48739430,0.61303190,0.38290501,0.37789342,0.56746297,0.39899329,0.49720593,0.50957110,0.37892929,0.34921476,0.33462668,0.42033079,0.44376802,0.37907774,0.40427036,0.46729028,0.48672609,0.61310763,0.43421075,0.42784120,0.49791708,0.39356662,0.45609486,0.49359853,0.53220147,0.44266421,0.54732329,0.46399058,0.56952237,0.57864249,0.41645969,0.43590983,0.49645758,0.56115898,0.41292038,0.35627726,0.39323394,0.48196844,0.37425430,0.38710750,0.46055514,0.38617569,0.47285153,0.52370920,0.57694234,0.55934678,0.44119476,0.49447735,0.48870905,0.71716349,0.37870842,0.38634301,0.38833207,0.44423919,0.40569231,0.44881069,0.39750742,0.49402570,0.47029597,0.65437510,0.39402263,0.43082169,0.53363945,0.43605882,0.48000778,0.33232116,0.48848597,0.52820403,0.57242286,0.47038512,0.44842755,0.53291023,0.45156122,0.45978848,0.44184607,0.52188255,0.37463307,0.33192831,0.43765027,0.51781890,0.57264323,0.72480877,0.76627722,0.68532091,0.40570177,0.51882496,0.63241745,0.44021236,0.45673609,0.46355511,0.59211045,0.40427036,0.59468188,0.39099290,0.60078483,0.51344022,0.43983667,0.70594585,0.39327224,0.40752943,0.54794043,0.39100346,0.50538717,0.36916780,0.44313553,0.44574596,0.33524643,0.39524738,0.41291898,0.40703534,0.42830444,0.52634121,0.62627853,0.48110209,0.35987533,0.47299335,0.50905390,0.46319196,0.47882649,0.36247920,0.44184607,0.41119291,0.42256436,0.38373546,0.52831161,0.53893430,0.49591428,0.48425981,0.43870248,0.57642066,0.45091953,0.44011467,0.41285723,0.43861136,0.38717650,0.51862895,0.52321975,0.51249918
28024,0.57138921,0.58612030,0.50505280,0.64292372,0.45147977,0.54230882,0.56993586,0.57189026,0.61238947,0.65369692,0.69686504,0.64783522,0.66702185,0.60371771,0.62210430,0.62274137,0.43525118,0.47826175,0.58560257,0.58243585,0.58858410,0.47008516,0.55920823,0.40085016,0.62524406,0.52494447,0.54900904,0.52151942,0.64307576,0.41484517,0.55596670,0.52908156,0.50554759,0.62293708,0.54584549,0.61201174,0.50450362,0.58402319,0.67752589,0.57775290,1.00000000,0.50020377,0.56105059,0.62089983,0.59287638,0.71058544,0.58906440,0.48260118,0.60943996,0.60196953,0.60402600,0.55534585,0.70421390,0.60620866,0.58300213,0.56902789,0.55775840,0.58048912,0.55363799,0.56270819,0.47842348,0.49340691,0.63245045,0.50896141,0.49744510,0.47234982,0.45804686,0.71519225,0.56507934,0.58376766,0.54487176,0.64128534,0.51309650,0.44803334,0.53277678,0.44500679,0.54178186,0.54092193,0.58064790,0.50603962,0.65544061,0.47521410,0.60445422,0.57329093,0.49464434,0.70237533,0.44358063,0.60617371,0.52936188,0.46357546,0.51274955,0.50060305,0.56403367,0.64889794,0.60689681,0.70824219,0.48449468,0.55101958,0.51657454,0.50311201,0.50208864,0.61627431,0.56243076,0.49784772,0.63790016,0.56928997,0.54802644,0.61019448,0.56715261,0.66844027,0.54653546,0.53166885,0.54036591,0.41110025,0.61634394,0.40007691,0.45721400,0.54979003,0.62472023,0.62229980,0.63844367,0.62251908,0.53573188,0.63782252,0.60338356,0.62448598,0.56834545,0.65889083,0.52014754,0.73128626,0.57261457,0.51633736,0.49170475,0.55081040,0.46844739,0.53963943,0.63634756,0.53585449,0.67557751,0.52687652,0.45800331,0.43460869,0.57941735,0.56229129,0.62630935,0.41110025,0.74406775,0.61514240,0.56158198,0.60707439,0.53434865,0.53381948,0.48854507,0.49938540,0.46991633,0.56877442,0.54213262,0.60086323,0.49590795,0.61303587,0.48570212,0.69681557,0.56440611,0.47068615,0.38087795,0.43149310,0.52373243,0.51052774,0.46015852,0.45209088,0.60480940,0.54650847,0.52763019,0.53512059,0.50748069,0.49735517,0.54585398,0.48987118,0.51512517,0.57211326,0.45987569,0.58231482,0.54354496,0.58773886,0.61017935,0.62911908,0.47706236,0.50795466,0.57142642,0.51002867,0.48131994,0.45100777,0.64240659,0.38452380,0.47396740,0.53536552,0.54164073,0.56933355,0.54719317,0.65114766,0.62336424,0.74644269,0.59291565,0.48621720,0.67340872,0.52219230,0.52830676,0.51911725,0.45347486,0.36605451,0.52179640,0.73323673,0.52757054,0.62467623,0.50368869,0.63823980,0.51317261,0.62800868,0.48241073,0.48876557,0.44484028,0.56993586,0.60236193,0.63408766,0.48333850,0.56516358,0.61934223,0.53413351,0.69875861,0.50797961,0.54257107,0.48091850,0.47090637,0.51653618,0.57144631,0.61341937,0.64607609,0.51849629,0.60799403,0.43529486,0.54427485,0.53389967,0.45522598,0.50693537,0.53671704,0.49377321,0.45209088,0.67592933,0.55514163,0.47817463,0.54437061,0.51328105,0.58574677,0.52246941,0.50662127,0.55902378,0.44654108,0.61971144,0.54465142,0.46555088,0.47786258,0.36378010,0.49096000,0.48856825,0.47710507,0.53257883,0.51521120,0.64783637,0.54525663,0.44711045,0.57762114,0.55643822,0.48244461,0.58919092,0.47316596,0.50797961,0.54246503,0.46465618,0.41385591,0.61281229,0.60155180,0.63885842,0.52202762,0.49595829,0.60548935,0.55312675,0.64927356,0.54253135,0.45771321,0.46970202,0.56840761,0.51256252,0.48771872
28027,0.39855394,0.34164054,0.30021559,0.43878527,0.30871539,0.35389972,0.41656511,0.43833733,0.38550971,0.38523010,0.38732213,0.38850616,0.44976880,0.51129958,0.46153217,0.44826330,0.78988867,0.71444149,0.40990804,0.43160998,0.42038318,0.34899600,0.39197613,0.22845569,0.44422535,0.36917748,0.37227817,0.37343639,0.40755810,0.25993554,0.45556806,0.36773031,0.40185411,0.46089499,0.41726090,0.44744633,0.30481220,0.40374871,0.44456973,0.52510654,0.50020377,1.00000000,0.43063434,0.46155300,0.39202459,0.66583326,0.48293144,0.57127569,0.39733127,0.40215136,0.41091770,0.48461860,0.56035191,0.38434042,0.43377823,0.44096786,0.33849014,0.47839947,0.52992188,0.36445374,0.44392246,0.37016605,0.40012786,0.49659642,0.37664752,0.43622746,0.36086857,0.47264427,0.30499193,0.42022090,0.32734912,0.44163009,0.33312695,0.36110887,0.43813616,0.26963501,0.44594214,0.44524541,0.34943246,0.35008104,0.37611848,0.37981881,0.70567510,0.36331478,0.35337128,0.42968229,0.37085135,0.34749471,0.32377630,0.39516942,0.39132264,0.42373594,0.37172810,0.42806657,0.44333924,0.50475203,0.35870635,0.40035117,0.37079863,0.36440939,0.52066949,0.39563145,0.38407772,0.37921925,0.34964811,0.52306833,0.53170534,0.40596703,0.40195781,0.43084419,0.32887648,0.67195553,0.38119115,0.40516601,0.37434078,0.30802381,0.33533066,0.31521481,0.41889682,0.44106127,0.55501397,0.37199663,0.41195746,0.33846410,0.49908677,0.47739694,0.68351524,0.42550578,0.74666321,0.46341236,0.46792979,0.36896727,0.36487730,0.49353405,0.41928041,0.33994319,0.38684677,0.30220311,0.45256324,0.35792017,0.26586663,0.40158551,0.34752670,0.40822012,0.40973926,0.40516601,0.52220927,0.37654116,0.37183232,0.41883660,0.32780477,0.40884379,0.66414789,0.39780518,0.31066866,0.45703123,0.33973388,0.44288006,0.30138582,0.36316026,0.32624613,0.47644496,0.41757135,0.36740095,0.34513150,0.35565791,0.37219147,0.35423662,0.32222120,0.32651679,0.45972217,0.39208198,0.34456792,0.46824806,0.37495464,0.45442160,0.53079220,0.32500920,0.38769545,0.37893372,0.30547883,0.40497773,0.33152877,0.32841516,0.40958294,0.37647289,0.35276857,0.33710349,0.36489364,0.37246000,0.25209768,0.23199538,0.42084100,0.42486390,0.35131242,0.37752841,0.38248882,0.48348997,0.39855200,0.50067060,0.40947651,0.43167809,0.36753288,0.72481314,0.50069320,0.45661285,0.42599453,0.51128369,0.28017866,0.38943723,0.36834676,0.39934019,0.34952567,0.39519541,0.38192658,0.45143146,0.44448883,0.38581988,0.52331916,0.49958039,0.34628603,0.41656511,0.40669536,0.45330201,0.31432367,0.66688362,0.35030567,0.32593871,0.42350127,0.39361300,0.38008071,0.32406065,0.42310015,0.41887729,0.42052733,0.37179769,0.47777237,0.41400622,0.48466868,0.22051028,0.36616651,0.45000686,0.36881989,0.46794602,0.42011997,0.36812340,0.32651679,0.53962832,0.39591277,0.36057275,0.38875661,0.38879841,0.44781836,0.51380594,0.46522695,0.39350078,0.27097339,0.41797963,0.41249182,0.30411942,0.43182012,0.28945781,0.30918004,0.31082912,0.44364342,0.43246914,0.40401858,0.44519339,0.33831749,0.30365447,0.36592191,0.40385838,0.36826537,0.43724322,0.31115586,0.39361300,0.37326926,0.29503931,0.38145506,0.37665004,0.46149071,0.64139176,0.35285413,0.35046198,0.46031527,0.33150033,0.41461368,0.32029101,0.34691466,0.28497259,0.28183612,0.40301998,0.42760628
28040,0.64438372,0.60803212,0.58917948,0.57811331,0.51448181,0.89012626,0.56187585,0.54417545,0.51855995,0.46340922,0.50643012,0.59571119,0.58587796,0.51117409,0.67686415,0.70438938,0.32519331,0.42700317,0.59891414,0.64419850,0.67647565,0.51518313,0.65597655,0.36412734,0.69525515,0.48178241,0.65518527,0.61173877,0.56533181,0.44506711,0.53323117,0.63436505,0.54365591,0.55370427,0.55508474,0.58677330,0.43013007,0.56654143,0.47954002,0.51355724,0.56105059,0.43063434,1.00000000,0.55125659,0.75149625,0.55933881,0.45268072,0.53740788,0.58015642,0.55772731,0.63562363,0.60388365,0.43902207,0.69917954,0.64565720,0.52250245,0.40252858,0.52456564,0.57139318,0.62838380,0.59964452,0.39532878,0.52503795,0.46876356,0.40018567,0.48430507,0.39057432,0.58348290,0.47635001,0.40105311,0.55411156,0.60961722,0.64334533,0.52229783,0.52499321,0.34452478,0.47055219,0.53372213,0.45363367,0.44482613,0.55787731,0.46512722,0.58246371,0.56202802,0.53379828,0.52757913,0.49591195,0.61654346,0.40362284,0.63672181,0.54462049,0.52999705,0.60238865,0.59564191,0.44493918,0.54279766,0.58911381,0.55867913,0.49200271,0.50280398,0.42572919,0.52390525,0.65031858,0.49393714,0.58090969,0.48624322,0.43642777,0.61988911,0.60136960,0.48549887,0.56760283,0.47313382,0.55750424,0.47091479,0.59777083,0.50470827,0.44766175,0.53504953,0.51803706,0.52814865,0.59748167,0.59175653,0.62476067,0.48186923,0.55590293,0.58196341,0.47641369,0.56807561,0.46541857,0.49328042,0.63948010,0.67260298,0.55339899,0.57908819,0.55992968,0.56402779,0.44964745,0.53714978,0.47968892,0.56528551,0.50882256,0.46435160,0.59350500,0.51143010,0.64185663,0.47091479,0.61891486,0.42417024,0.54382501,0.68894934,0.51627493,0.51412527,0.50048600,0.64513322,0.51874763,0.63221567,0.56995044,0.52411721,0.47957625,0.66191911,0.40270208,0.59986912,0.59526814,0.57625064,0.50420121,0.53813047,0.53861253,0.60108013,0.48645911,0.52579496,0.60705408,0.60224949,0.55893928,0.56132894,0.54812805,0.57122090,0.44501052,0.60426428,0.40843007,0.67406557,0.50190127,0.61870832,0.59838886,0.67457268,0.57917204,0.41647258,0.55378399,0.69614394,0.68567739,0.49227130,0.38901749,0.46496496,0.43827319,0.44664757,0.40218564,0.44111969,0.55306778,0.56802157,0.58096943,0.51786020,0.68147366,0.48654470,0.49970179,0.43101899,0.53905091,0.44670652,0.52127530,0.53787927,0.43005533,0.39181523,0.49639173,0.48433668,0.51013963,0.50545264,0.59035792,0.51646918,0.53880315,0.57901499,0.45238774,0.51044934,0.43611149,0.56187585,0.79721920,0.56467037,0.47621100,0.54630374,0.56310765,0.51431774,0.49612880,0.31834704,0.51153479,0.48886262,0.42179901,0.53802996,0.59662803,0.52331342,0.59523966,0.47583244,0.53546426,0.48939151,0.61601884,0.61377745,0.55779241,0.51666498,0.53036192,0.58469795,0.52579496,0.55931930,0.36143456,0.55976238,0.71263468,0.60604106,0.53897730,0.53190231,0.55409298,0.67224270,0.49741136,0.66014133,0.48649042,0.49830089,0.51971431,0.49081491,0.62762277,0.48502539,0.52041236,0.57286488,0.57228651,0.53229397,0.58410941,0.41461151,0.54395341,0.63987470,0.61879158,0.64022983,0.38289142,0.31834704,0.42922525,0.56399039,0.47461842,0.56218273,0.67786593,0.60595441,0.61084337,0.55287648,0.57411525,0.43284787,0.50958140,0.51457431,0.60294028,0.53432165,0.62638847,0.56885492,0.63236511
28106,0.48280453,0.54211403,0.44316717,0.55535299,0.46392254,0.60020624,0.60607142,0.59094857,0.57250047,0.46533527,0.52143014,0.58105142,0.60204087,0.57757341,0.59177993,0.64099098,0.38397996,0.54579631,0.54217998,0.54389077,0.58198686,0.45623087,0.59935672,0.34202912,0.64070260,0.64580203,0.58040343,0.52649676,0.52187440,0.42359711,0.51292840,0.50693914,0.51718048,0.47805410,0.51463046,0.54181406,0.39515454,0.55490720,0.44015623,0.46673223,0.62089983,0.46155300,0.55125659,1.00000000,0.60799287,0.60086173,0.50589346,0.57897022,0.57824888,0.54277697,0.62061121,0.61772131,0.52711056,0.60118886,0.54151678,0.55440270,0.51240941,0.66185813,0.61768058,0.59424591,0.49100637,0.52713264,0.60490494,0.52926017,0.45135463,0.53259269,0.52705299,0.71918253,0.46534513,0.48706408,0.47723433,0.51767835,0.53123786,0.46723793,0.54195954,0.41352010,0.48986247,0.57718686,0.41438402,0.43558202,0.57391020,0.51802424,0.65123653,0.54595730,0.46510782,0.53490412,0.47559132,0.55305308,0.47099293,0.55079629,0.47187972,0.45496362,0.56666305,0.55510182,0.43722804,0.62631413,0.47913424,0.64639584,0.44179837,0.40744682,0.56597981,0.59617042,0.63896798,0.51972786,0.55064766,0.57692456,0.53000077,0.65362233,0.55462200,0.53783276,0.39335952,0.65835673,0.45911737,0.46238088,0.58508225,0.40339730,0.41307922,0.55655380,0.59308366,0.51366388,0.63982417,0.54574062,0.55828436,0.48205960,0.66847158,0.69306935,0.57179269,0.56315590,0.51102844,0.58342662,0.60161028,0.50772185,0.50328376,0.57732534,0.52634979,0.48318893,0.43603862,0.46092282,0.54735369,0.53450397,0.46651762,0.44346999,0.60757485,0.45009582,0.46948324,0.46238088,0.62260877,0.53567591,0.54475796,0.61638363,0.51320998,0.54989472,0.56062163,0.52379780,0.52028318,0.58725518,0.48886130,0.58663229,0.47969471,0.65557646,0.52931656,0.71667654,0.54892890,0.50284130,0.42716377,0.47664697,0.55074631,0.56261063,0.53407582,0.47225018,0.55644971,0.53093067,0.48287536,0.55261334,0.55062349,0.48299654,0.53459226,0.46995987,0.41268759,0.58386538,0.44096962,0.51702554,0.53433241,0.60060101,0.52653005,0.53340368,0.52482794,0.49299220,0.56298509,0.54040006,0.44108205,0.38211554,0.54081981,0.41982216,0.52983547,0.50579592,0.57465650,0.63392199,0.51559833,0.62763497,0.60119003,0.55976574,0.53900769,0.54946600,0.59654022,0.51979399,0.57346290,0.56840749,0.38502312,0.29545991,0.51124776,0.53454440,0.52894341,0.57482944,0.48624229,0.57507476,0.57485521,0.54914141,0.49050116,0.52246477,0.49441776,0.60607142,0.57591620,0.51890353,0.43687604,0.64960112,0.51210761,0.51163394,0.64755816,0.39999422,0.58191543,0.51578585,0.50409037,0.58061361,0.55909955,0.56166308,0.56126954,0.43257976,0.54812706,0.42718743,0.61264177,0.59269016,0.50584161,0.57456257,0.57544801,0.51404213,0.47225018,0.49338713,0.40867543,0.51524057,0.58376733,0.52557636,0.55842888,0.56414729,0.55641362,0.59347880,0.45275168,0.73091479,0.57000722,0.50982409,0.57235894,0.36041626,0.46349912,0.50126246,0.51203229,0.55852008,0.60857723,0.54760432,0.42724787,0.42547828,0.57412690,0.51875072,0.51180808,0.62079751,0.45324446,0.39999422,0.50354080,0.45720865,0.46407865,0.58323184,0.62406641,0.64524442,0.59172181,0.51258722,0.49964238,0.39656943,0.49225108,0.55565027,0.45471164,0.44953047,0.52609104,0.61443979,0.55313982
28623,0.74866169,0.75923534,0.68489647,0.67987205,0.56242612,0.78200555,0.62236835,0.58417775,0.61428614,0.58013053,0.55039392,0.67646308,0.63798319,0.54416473,0.75480982,0.84314439,0.36285888,0.46493997,0.65632736,0.70602094,0.72695335,0.58425485,0.69336059,0.41466467,0.84782382,0.53963190,0.78436106,0.69352461,0.61978760,0.45321600,0.49250131,0.65298203,0.55896194,0.64983208,0.59713570,0.67595369,0.51282987,0.57366246,0.52033311,0.55349659,0.59287638,0.39202459,0.75149625,0.60799287,1.00000000,0.57417496,0.45793043,0.57687330,0.65900803,0.67017870,0.75420740,0.57548080,0.45064100,0.76763462,0.70414742,0.61047688,0.45907835,0.60279269,0.57682909,0.69315701,0.59425168,0.45945215,0.53964847,0.51426806,0.44942528,0.49587903,0.45141657,0.66529683,0.58586190,0.43662990,0.59278054,0.67421461,0.68116564,0.57421529,0.57492108,0.43943324,0.51351663,0.56120099,0.54956855,0.48751599,0.63646634,0.50633622,0.62752191,0.60090550,0.61205470,0.57752997,0.59872422,0.65376560,0.47512815,0.57750073,0.60281897,0.52652702,0.72675274,0.59234719,0.50542386,0.55629834,0.63810589,0.61427316,0.52055024,0.48160352,0.39531300,0.53141869,0.70091721,0.48166522,0.59450815,0.48781553,0.43320477,0.64700406,0.60390515,0.49622964,0.55612306,0.51429707,0.65286723,0.48137462,0.72338931,0.59071423,0.44700349,0.58562573,0.52494523,0.52296734,0.62025567,0.62557024,0.66203877,0.57408725,0.58861561,0.58961323,0.51337670,0.59761520,0.45703302,0.55212043,0.63642197,0.68533654,0.62324601,0.55834260,0.60143623,0.62046344,0.51845341,0.59416055,0.50183558,0.57426459,0.53388878,0.49843085,0.74028366,0.58226171,0.64340577,0.48137462,0.61999146,0.46593187,0.54668396,0.70901674,0.51159231,0.56954978,0.52287362,0.62828684,0.52003612,0.62121492,0.62503305,0.52085865,0.49205454,0.71483125,0.40601101,0.63368651,0.61950814,0.60014404,0.52612212,0.56104928,0.54450916,0.64017560,0.57518129,0.57010871,0.64536729,0.58777145,0.61751552,0.56105732,0.55013077,0.54145792,0.43584166,0.54726380,0.49382279,0.70267047,0.52671242,0.66879310,0.58530825,0.71921963,0.69728355,0.50090049,0.56336126,0.71893138,0.66701171,0.50097039,0.44310171,0.48698667,0.47378536,0.46770950,0.38765130,0.50250760,0.54895762,0.52781695,0.57669272,0.58203503,0.72995949,0.56096998,0.54294094,0.46592777,0.58766133,0.49312810,0.55250711,0.54644877,0.47812655,0.40905911,0.46836321,0.53555072,0.57978393,0.57262168,0.66097210,0.54184966,0.54353615,0.68674203,0.45752697,0.51864514,0.40847896,0.62236835,0.76284802,0.55803760,0.50774871,0.56469326,0.55682987,0.51013859,0.56299152,0.35122429,0.53214549,0.50292602,0.43826474,0.59031635,0.62471591,0.60099537,0.68173219,0.56211693,0.57180768,0.47172572,0.71211338,0.71741697,0.55594703,0.53497443,0.57911054,0.59587098,0.57010871,0.53086637,0.37490725,0.60561380,0.68964095,0.59571589,0.56436931,0.54342474,0.57919127,0.71172003,0.56441014,0.72878771,0.58398684,0.49244609,0.55758129,0.50199863,0.67144168,0.47902256,0.51189257,0.57802916,0.60919279,0.58081011,0.58464076,0.38392316,0.55087528,0.64917733,0.64095364,0.73884183,0.37355858,0.35122429,0.42807171,0.54328229,0.42592848,0.57292069,0.69210362,0.65810522,0.59834056,0.55620934,0.64214070,0.54176059,0.57061196,0.61337553,0.56295359,0.57441607,0.72277353,0.60930122,0.60258643
28652,0.57795172,0.52144540,0.48154077,0.56123488,0.48222460,0.52243940,0.57347702,0.62182520,0.55891422,0.60909006,0.65456356,0.61208058,0.75621324,0.63811815,0.58940358,0.61857987,0.62004160,0.61484603,0.53906959,0.55035020,0.58892342,0.42800151,0.59448016,0.33105650,0.62059260,0.49780124,0.50554495,0.54993017,0.55486241,0.37992455,0.53620683,0.57790866,0.57525270,0.58932630,0.57321725,0.62181767,0.49566466,0.59200900,0.57208900,0.61830018,0.71058544,0.66583326,0.55933881,0.60086173,0.57417496,1.00000000,0.61245614,0.57669424,0.55218457,0.57589989,0.56943461,0.66276556,0.60902009,0.58137029,0.55161836,0.56441419,0.51616527,0.59579320,0.61093122,0.54662341,0.50067487,0.46406898,0.58615211,0.58815865,0.45805093,0.57282949,0.49396440,0.68597215,0.46022834,0.50290442,0.53267229,0.62741923,0.52121023,0.45709942,0.60346297,0.41783929,0.52673466,0.56055934,0.48994370,0.51484752,0.57822730,0.44562216,0.70406783,0.54153961,0.51157806,0.58139369,0.46273587,0.57213799,0.47367701,0.54310881,0.59176550,0.59091711,0.56034092,0.62220472,0.57670065,0.69803216,0.51122302,0.55893471,0.49576183,0.51375472,0.57721258,0.56957817,0.59989807,0.58762683,0.58879426,0.63071962,0.64954579,0.63195850,0.56514389,0.59425239,0.50959492,0.66090042,0.51056840,0.41303953,0.57824647,0.39478762,0.45705775,0.51542793,0.60679248,0.64116717,0.67417839,0.61339573,0.53274352,0.47959319,0.62049423,0.68713339,0.69428684,0.62292215,0.68061912,0.61058481,0.57529175,0.47584536,0.45240580,0.59117260,0.59362609,0.59310052,0.58616724,0.51791524,0.55931725,0.52902568,0.44875713,0.49056470,0.53595650,0.55102727,0.61588363,0.41303953,0.72755563,0.57826294,0.56554749,0.52809085,0.57166221,0.57569755,0.62248828,0.57312304,0.49451442,0.56515624,0.59505293,0.56321054,0.43454765,0.62112450,0.48320042,0.66821634,0.54642727,0.48909220,0.42767112,0.48673073,0.50477597,0.52376693,0.45818147,0.43885234,0.56211295,0.57167957,0.58538238,0.57017485,0.53875824,0.54016102,0.64726585,0.45947071,0.49640098,0.56429840,0.44390847,0.59400238,0.54568605,0.52599693,0.59987427,0.50827653,0.51733591,0.44978972,0.56380673,0.53761944,0.40673843,0.42592666,0.58572627,0.49470250,0.49071124,0.49175199,0.52819293,0.60256619,0.54286624,0.64702970,0.56128268,0.61181039,0.54710980,0.62821995,0.66267891,0.52336951,0.54310303,0.58614819,0.46994542,0.47715463,0.61282276,0.56006530,0.53020146,0.55304957,0.52360589,0.57608754,0.54511978,0.61614193,0.63912858,0.67234422,0.50435518,0.57347702,0.56877547,0.66098229,0.44267487,0.69787319,0.56156329,0.56990195,0.54200815,0.51320880,0.56901620,0.57004573,0.53557634,0.52900246,0.55426089,0.54747741,0.65281046,0.55245252,0.63828948,0.51320232,0.53050593,0.57432640,0.50658072,0.57309025,0.58000910,0.54126552,0.43885234,0.71628782,0.54194629,0.53374364,0.55115284,0.56714282,0.68025367,0.58899034,0.50939943,0.54217357,0.39540941,0.60716216,0.48256031,0.49428704,0.54893070,0.44117822,0.48069679,0.49636422,0.57469888,0.52262214,0.59535109,0.62432052,0.50518425,0.47466228,0.54827527,0.51731269,0.47918453,0.57513093,0.46041430,0.51320880,0.58055255,0.47742803,0.50849417,0.57324905,0.59398500,0.65277286,0.58846299,0.47787268,0.61155203,0.46512565,0.53357888,0.46577514,0.52432666,0.48884855,0.52382175,0.59250608,0.58453143
28659,0.47442020,0.35348658,0.34726102,0.45784054,0.44969697,0.39405612,0.38969231,0.49513467,0.44063441,0.45018087,0.39947488,0.56695500,0.56955026,0.41235787,0.47185043,0.47328701,0.45659181,0.41377385,0.35592814,0.44027782,0.50943278,0.30729460,0.41155459,0.27160981,0.47382150,0.33596798,0.38105601,0.43747374,0.48486164,0.29379164,0.37819477,0.45906933,0.49899134,0.47527386,0.42107636,0.52504682,0.32390583,0.50228062,0.42738757,0.56722465,0.58906440,0.48293144,0.45268072,0.50589346,0.45793043,0.61245614,1.00000000,0.49072519,0.36430033,0.36930967,0.47715493,0.47835755,0.52309934,0.44762624,0.44151973,0.41796176,0.44772747,0.48906480,0.48090974,0.39675677,0.33201343,0.62367471,0.72521500,0.56345597,0.55637359,0.49048735,0.42945152,0.51020943,0.32301905,0.56499803,0.42743625,0.41492200,0.39634976,0.27611562,0.51570442,0.42358533,0.36440866,0.43505438,0.40965177,0.33346705,0.41878126,0.59402709,0.51299993,0.45500644,0.43357552,0.54837837,0.45302167,0.44991879,0.41429645,0.53021015,0.46808271,0.51999176,0.49114877,0.51663542,0.46899659,0.56133203,0.34938349,0.54706650,0.37096556,0.36812867,0.36837747,0.71938714,0.56455793,0.48194418,0.51693177,0.47851346,0.48647715,0.53370860,0.41516481,0.52342700,0.40483161,0.45099431,0.32652232,0.34246398,0.44541251,0.37028452,0.34114588,0.38642583,0.52928595,0.61350783,0.53000926,0.51037833,0.43816872,0.41561954,0.51622368,0.51117880,0.42968749,0.51830176,0.51361160,0.51511083,0.44707917,0.37358068,0.35108617,0.63528759,0.45899325,0.53924061,0.47423513,0.40015420,0.42892541,0.44573752,0.40016219,0.33666733,0.43204586,0.40184400,0.51567558,0.34246398,0.54334994,0.40923036,0.66969821,0.41706756,0.42235696,0.50056236,0.41906542,0.48628953,0.43529963,0.43849482,0.54301937,0.52620565,0.38787801,0.48900655,0.48683731,0.50670654,0.40321119,0.38378432,0.37687288,0.36618963,0.37795572,0.42445552,0.34601174,0.39019700,0.43578240,0.43008598,0.52504841,0.47394968,0.43979791,0.38156416,0.48763907,0.35426996,0.37041852,0.44535018,0.40947487,0.47949222,0.36209945,0.44950140,0.56005194,0.46264322,0.39674423,0.35681573,0.50907219,0.45633612,0.33194586,0.37025330,0.42567573,0.32461585,0.37864503,0.36858639,0.39059769,0.45988070,0.41637340,0.69468762,0.44266069,0.46937351,0.64997582,0.41548824,0.54864753,0.41594835,0.36600649,0.40057465,0.34305804,0.36300994,0.48629093,0.54158426,0.66872728,0.49666816,0.46447862,0.45920443,0.36267723,0.42973644,0.47047288,0.49907745,0.40635918,0.38969231,0.44165029,0.53946373,0.41997353,0.45523032,0.49993653,0.42126786,0.52565730,0.40241374,0.51415978,0.40148107,0.32049617,0.39528302,0.40770908,0.44032004,0.56391777,0.51093116,0.53807316,0.45497605,0.45790665,0.46785194,0.40803281,0.52499257,0.49434111,0.41000122,0.39019700,0.58845716,0.41723421,0.38363972,0.49891777,0.44922360,0.51353329,0.40172779,0.46201536,0.45719642,0.30278637,0.53335308,0.36696178,0.49188204,0.45728945,0.35879456,0.40656046,0.42233496,0.47877942,0.48335735,0.58987446,0.55101990,0.38852952,0.44825508,0.38329336,0.38027280,0.33577498,0.45247559,0.36787896,0.40241374,0.41043841,0.48994029,0.42273558,0.50347901,0.53533183,0.48158996,0.46979691,0.42425569,0.48090672,0.39124742,0.40697236,0.37213500,0.41873511,0.43119237,0.40801246,0.58721170,0.49855677
28796,0.51727580,0.53274418,0.48022764,0.50498004,0.47001124,0.50993394,0.48746727,0.51557052,0.46098324,0.39021334,0.37107696,0.46156569,0.51616036,0.60669003,0.61800063,0.61890597,0.56820777,0.71584358,0.48143134,0.61765449,0.61244932,0.61166520,0.53571780,0.39697083,0.62064023,0.53075924,0.59223992,0.57897608,0.47966760,0.39250737,0.48380120,0.53811963,0.52764177,0.46233602,0.43977511,0.44202320,0.33332890,0.39758599,0.36295128,0.46228787,0.48260118,0.57127569,0.53740788,0.57897022,0.57687330,0.57669424,0.49072519,1.00000000,0.46173613,0.42852575,0.52378512,0.63611372,0.41186425,0.54954225,0.62014705,0.52537103,0.38260122,0.61484313,0.69426863,0.49969609,0.58759834,0.47508170,0.51312455,0.58140356,0.44449556,0.46194248,0.44719675,0.62096181,0.39927973,0.37272427,0.38486103,0.53545076,0.46092897,0.43746288,0.50613710,0.41050289,0.42599196,0.50562136,0.38157335,0.34896168,0.45273511,0.48512328,0.81410649,0.44537966,0.50529896,0.45548220,0.51270146,0.40333557,0.41958058,0.54671753,0.41673343,0.37992114,0.54510210,0.47840091,0.43413265,0.56274331,0.45716118,0.53291011,0.39497257,0.46054394,0.51161214,0.50585980,0.53366123,0.46200189,0.41108747,0.61460408,0.54671614,0.56515385,0.49689062,0.46043613,0.42436105,0.76691946,0.51420090,0.48060564,0.51248502,0.36764224,0.40112242,0.36909818,0.47669383,0.43858936,0.67731083,0.48267795,0.53841130,0.49294863,0.61194526,0.58841616,0.68108478,0.53860966,0.60089689,0.54763718,0.54415720,0.50762671,0.56175793,0.56091944,0.55694179,0.44899955,0.34414692,0.41051509,0.45424308,0.50750498,0.43167329,0.46957299,0.52426814,0.39056713,0.43638684,0.48060564,0.46985303,0.39564375,0.45792396,0.55280796,0.39148617,0.48938813,0.70743201,0.48640345,0.41073514,0.52625225,0.45243574,0.53549646,0.42304931,0.45870555,0.47370771,0.52566569,0.48806972,0.49773156,0.46834060,0.45902873,0.46274783,0.50386532,0.46640875,0.47723168,0.51046382,0.47552006,0.45655036,0.59520363,0.45855901,0.47954452,0.55112871,0.43553920,0.31786357,0.48334088,0.40808614,0.49017205,0.46830513,0.44313310,0.43512911,0.42992555,0.47759424,0.51340400,0.49554446,0.50691072,0.33538777,0.36728065,0.39549054,0.48921765,0.36756038,0.40165633,0.46103623,0.54810077,0.44444204,0.62621742,0.50532153,0.43310187,0.47516251,0.71342582,0.53354353,0.65443713,0.62583806,0.68022851,0.43364852,0.40624228,0.42585158,0.42746245,0.49697885,0.45500378,0.51130720,0.53450109,0.57929626,0.48262968,0.52508533,0.53631298,0.41235634,0.48746727,0.55390813,0.41046100,0.43076119,0.77842277,0.39908710,0.39067975,0.50828829,0.38252403,0.43492569,0.43647802,0.57067275,0.50505362,0.49248223,0.41179163,0.50470428,0.44576795,0.49359864,0.32675096,0.54703927,0.56405964,0.46808556,0.53652025,0.53410034,0.50781471,0.47723168,0.40206844,0.30772275,0.51304733,0.53567267,0.53006193,0.46247266,0.67761559,0.66146891,0.52680812,0.36376199,0.62700295,0.52482691,0.44127827,0.54962383,0.46065424,0.46923455,0.41297552,0.52544039,0.56798012,0.52572176,0.53227802,0.45966044,0.39537520,0.43585459,0.48047060,0.46192067,0.63863865,0.34226127,0.38252403,0.38124736,0.41828940,0.42045089,0.45975954,0.57291581,0.66569970,0.48829548,0.43947467,0.52469431,0.37510820,0.44239022,0.43087902,0.46747159,0.46004808,0.48233176,0.52143481,0.46940509
29227-A,0.57065400,0.68413139,0.59563350,0.57585278,0.52082472,0.61267931,0.63327389,0.45681432,0.49793765,0.51962859,0.60665761,0.52082685,0.60013887,0.50680073,0.73032170,0.73985972,0.32134008,0.43530251,0.60163062,0.59385611,0.58329077,0.51853831,0.65186920,0.34474491,0.74595617,0.47147288,0.65414874,0.55447966,0.54043042,0.41247503,0.43478719,0.49023538,0.40845519,0.66489550,0.57509261,0.58006791,0.52541770,0.58654482,0.53713930,0.47518577,0.60943996,0.39733127,0.58015642,0.57824888,0.65900803,0.55218457,0.36430033,0.46173613,1.00000000,0.82976643,0.71378552,0.47882370,0.48921375,0.60442667,0.59391489,0.51261287,0.45841627,0.49287493,0.50357461,0.65427877,0.50220578,0.39413148,0.41766861,0.43472403,0.34849017,0.40063907,0.39720950,0.61006221,0.39732302,0.39846394,0.53284457,0.63779480,0.53685595,0.58239677,0.50236350,0.34245260,0.50942972,0.52587205,0.50362675,0.48470980,0.69736652,0.37636020,0.50842233,0.50869355,0.54692616,0.45875678,0.45927471,0.59507385,0.40687602,0.44724883,0.53332882,0.43555493,0.60812706,0.51238938,0.43634162,0.57128616,0.57356672,0.50132194,0.47585055,0.40063654,0.41882892,0.40054718,0.57459528,0.46648970,0.56016742,0.45770904,0.44162019,0.57134836,0.60234498,0.44067661,0.45788987,0.50352075,0.60825528,0.39952419,0.62698871,0.46523955,0.31512252,0.54600462,0.48059509,0.49210914,0.52195631,0.52178145,0.57219355,0.49126299,0.49954813,0.50082384,0.48661440,0.48939060,0.38293942,0.47642615,0.55265510,0.59519018,0.54264218,0.43902826,0.49462562,0.45316277,0.48456652,0.48863495,0.48865727,0.46008280,0.42071007,0.43100579,0.63940271,0.55450327,0.53746093,0.39952419,0.62118804,0.46961177,0.41483982,0.67902542,0.47983002,0.51341000,0.43796580,0.51233706,0.43358988,0.53939428,0.45717557,0.50955753,0.42948440,0.63490432,0.36237894,0.68833100,0.59977993,0.47423834,0.41609685,0.46137152,0.52598648,0.50887510,0.52394854,0.44811392,0.58494972,0.47903559,0.43865640,0.52918295,0.47303098,0.44477496,0.44057101,0.48663582,0.50168593,0.59874498,0.43064965,0.54837423,0.51793242,0.67040869,0.59000725,0.46423949,0.50014050,0.58189344,0.51281949,0.43397770,0.42409357,0.40478259,0.50757592,0.40262927,0.43454814,0.45809446,0.58570405,0.48568077,0.49485280,0.48608625,0.59637495,0.53929132,0.44719203,0.43741138,0.57342095,0.40219589,0.48867899,0.46535168,0.33044248,0.33578260,0.45174023,0.44150548,0.43043306,0.46544571,0.52890255,0.51974204,0.46937146,0.61947008,0.40376333,0.45578603,0.36933245,0.63327389,0.61755455,0.41850084,0.37226097,0.52363128,0.52512188,0.47871926,0.52323523,0.29512466,0.46122401,0.42807017,0.42786542,0.53726361,0.60438680,0.54508196,0.57104155,0.46535057,0.52534425,0.39346744,0.56794326,0.56260919,0.48920758,0.45431333,0.45477374,0.49798072,0.44811392,0.49878638,0.34940171,0.50239936,0.56246555,0.48996457,0.48848836,0.46689784,0.45773028,0.58205281,0.56021652,0.59115627,0.61603252,0.37668497,0.42498113,0.38485924,0.54920194,0.43748141,0.38825914,0.48096458,0.44671027,0.50204676,0.47068260,0.29583175,0.56784900,0.63461522,0.53021084,0.64111626,0.37482467,0.29512466,0.44251578,0.40508977,0.35950787,0.49210309,0.60665665,0.61264085,0.47716847,0.41592025,0.55961981,0.49662182,0.55239996,0.59989585,0.42374015,0.46324544,0.59909821,0.44236622,0.40539075
29227-B,0.57127322,0.64589961,0.57950226,0.57450084,0.46885316,0.59640599,0.60078799,0.52658288,0.55613704,0.60650642,0.61286807,0.56915787,0.61894380,0.51014068,0.67256468,0.72618738,0.35875519,0.43940797,0.61188403,0.56874793,0.55957818,0.46827382,0.60499440,0.35487776,0.73228383,0.46890370,0.61923968,0.53835906,0.52958668,0.39046003,0.45239821,0.49639824,0.41935778,0.66086020,0.59042933,0.61950489,0.55985807,0.59794872,0.53085274,0.52767097,0.60196953,0.40215136,0.55772731,0.54277697,0.67017870,0.57589989,0.36930967,0.42852575,0.82976643,1.00000000,0.72292824,0.44408749,0.50662785,0.61051501,0.56880671,0.49904083,0.52169907,0.48606629,0.45947926,0.58738288,0.51451363,0.39330158,0.44601228,0.40000312,0.38974880,0.40896100,0.38627259,0.60742245,0.51187830,0.40910385,0.51892309,0.66902412,0.56401380,0.54171695,0.55464493,0.36347659,0.50782828,0.54012734,0.52999921,0.54077363,0.63041689,0.39016553,0.50142908,0.52158749,0.55199143,0.50346114,0.43285154,0.57345335,0.40383473,0.43288441,0.52055172,0.42009866,0.57835823,0.48850638,0.45615691,0.52372822,0.55649179,0.49883065,0.49367636,0.42812745,0.41960087,0.42642158,0.58592007,0.47192678,0.58095402,0.39718555,0.38935444,0.61223604,0.50488001,0.40331832,0.47023812,0.44911539,0.57071686,0.35227664,0.61424307,0.47106106,0.36184829,0.56122457,0.44475736,0.46851445,0.49879967,0.52681906,0.51435658,0.46262845,0.49273949,0.52193232,0.51262056,0.46429973,0.41335663,0.47750808,0.53683317,0.61507019,0.48297087,0.42932898,0.47333056,0.47938648,0.53574225,0.48090407,0.46930367,0.45218548,0.38706082,0.47984779,0.63635527,0.57299179,0.54818730,0.35227664,0.65248565,0.45845996,0.42811693,0.65936579,0.43052609,0.54480991,0.42224602,0.50476160,0.46753168,0.52357235,0.48201817,0.47320131,0.40492725,0.68463823,0.30303446,0.69374392,0.55986037,0.43760784,0.39164543,0.43680581,0.47130007,0.47768794,0.47400690,0.45000067,0.55371408,0.44816379,0.46417295,0.48447459,0.44526703,0.41377293,0.38830527,0.40948651,0.55718302,0.64768285,0.43575112,0.53704144,0.45971136,0.62881925,0.55329190,0.49151721,0.48167838,0.53678705,0.54816888,0.41455776,0.41769033,0.41149597,0.51464570,0.37080582,0.39184279,0.47747920,0.49700519,0.46817231,0.44257226,0.48887312,0.64417916,0.55645415,0.45590535,0.44316160,0.58536294,0.37319868,0.45097208,0.45490173,0.31766329,0.31410291,0.43280040,0.46085656,0.44294016,0.50562113,0.53975937,0.51243403,0.40312805,0.65535843,0.38279679,0.45115735,0.34837765,0.60078799,0.62192311,0.46627029,0.37355228,0.49342547,0.54661136,0.42941534,0.52022582,0.28532882,0.46704573,0.42055799,0.38602712,0.57498623,0.56446724,0.57146942,0.54467387,0.52083616,0.52990812,0.41046262,0.58008657,0.55780618,0.45262045,0.42496531,0.45739335,0.49650701,0.45000067,0.53527892,0.34794576,0.50092565,0.54727590,0.46414065,0.54819967,0.45644789,0.41473627,0.55394313,0.57330333,0.59149708,0.51454862,0.35768590,0.42889766,0.39064452,0.49642912,0.42169248,0.41560890,0.45398800,0.44942300,0.48825235,0.48798424,0.28428135,0.55047020,0.59473640,0.58777263,0.57481499,0.33592446,0.28532882,0.41212414,0.37961494,0.36448744,0.50124196,0.59211379,0.60170592,0.47243848,0.39827794,0.54995524,0.52299428,0.52702443,0.58097417,0.37212539,0.44486574,0.58180150,0.44507895,0.43244196
29227,0.67236202,0.68560808,0.58841019,0.59914631,0.53447532,0.67870796,0.59671269,0.54005695,0.59563572,0.57009303,0.51764151,0.67834098,0.64670716,0.56499684,0.71360133,0.79479811,0.35384265,0.48107032,0.61811799,0.63340259,0.69218436,0.50534464,0.63863607,0.40562905,0.80089456,0.50320411,0.65699141,0.61625709,0.54133556,0.41012157,0.48706945,0.59646381,0.53312865,0.67871754,0.57774117,0.64842677,0.46091416,0.65467030,0.50322927,0.58930578,0.60402600,0.41091770,0.63562363,0.62061121,0.75420740,0.56943461,0.47715493,0.52378512,0.71378552,0.72292824,1.00000000,0.55348599,0.45945913,0.70158216,0.63346137,0.55701990,0.49988397,0.51531611,0.52677124,0.63589080,0.51097240,0.45300658,0.51240420,0.48887945,0.42054217,0.46623975,0.45842897,0.65526768,0.52551917,0.46889636,0.54103785,0.60836602,0.56994937,0.56404144,0.53084628,0.44596547,0.48533660,0.54635710,0.48609262,0.49520590,0.63442461,0.45807928,0.58312436,0.52230306,0.58585908,0.52860532,0.52439109,0.58739116,0.47234557,0.52580769,0.63554355,0.48928196,0.70800108,0.57098461,0.44700455,0.50606394,0.61478281,0.66665709,0.52219254,0.49327348,0.40672658,0.50037496,0.68542197,0.47292286,0.59128772,0.45514658,0.39944422,0.69909060,0.57009084,0.47832096,0.49126143,0.51209687,0.57960412,0.42330633,0.63151009,0.50816963,0.41972063,0.56873585,0.50357803,0.53444867,0.56684315,0.65536088,0.61632136,0.45339868,0.52198931,0.55804592,0.46845353,0.56800779,0.41728704,0.53295378,0.56367672,0.58965181,0.52957979,0.55821317,0.52766369,0.56605434,0.51922942,0.56590053,0.47176309,0.57057437,0.51358565,0.48550906,0.88279437,0.54467092,0.58386387,0.42330633,0.65391478,0.50300707,0.54126843,0.70442481,0.49033135,0.54539748,0.46980068,0.64039159,0.54060294,0.55041590,0.57177477,0.50000999,0.46347511,0.71221087,0.42748603,0.65495702,0.60707547,0.52013033,0.42041909,0.49270154,0.51487599,0.61626912,0.53179092,0.57171605,0.54948274,0.54092165,0.56327335,0.55740808,0.56264125,0.49432079,0.39839504,0.46798589,0.52357044,0.71613948,0.49526712,0.62635346,0.51849580,0.74806948,0.72255611,0.54495743,0.53063747,0.59947768,0.60232052,0.46215378,0.44430081,0.49604229,0.45343859,0.42710957,0.43607844,0.50777203,0.51216632,0.50971910,0.51906364,0.54345857,0.68909320,0.55992406,0.54524731,0.48502755,0.60023967,0.42302681,0.49976854,0.48431118,0.41624992,0.31904911,0.45102832,0.48333450,0.57572812,0.52403877,0.61508948,0.50369937,0.47454416,0.68410687,0.44388184,0.49902242,0.41437641,0.59671269,0.70446302,0.50050264,0.49154153,0.51181292,0.56213887,0.48922060,0.53926355,0.29353761,0.53796307,0.50676308,0.35402199,0.52603814,0.61168234,0.58086679,0.65389983,0.57993986,0.53359945,0.43167345,0.71125858,0.66621334,0.54125217,0.52299522,0.51660036,0.55123954,0.57171605,0.54514234,0.37412013,0.55565818,0.62362177,0.60740387,0.57169929,0.48585733,0.49613108,0.69424580,0.54405184,0.68016627,0.55052718,0.47483935,0.49580146,0.46251604,0.56428981,0.49945110,0.48844755,0.50516431,0.63150972,0.52494391,0.53091488,0.41593683,0.56712550,0.61314432,0.57439440,0.61116131,0.38439687,0.29353761,0.44550064,0.49508422,0.41481692,0.59855250,0.68097970,0.60275370,0.55145539,0.51732837,0.57906147,0.47908769,0.53600755,0.56548205,0.52777366,0.53168014,0.66266788,0.62716566,0.56557256
30376,0.52230324,0.51483125,0.45120836,0.54426502,0.44689537,0.55149807,0.52491395,0.53835019,0.52084549,0.42303009,0.46671269,0.53681534,0.64199506,0.70068860,0.61387310,0.59869678,0.47471202,0.54324743,0.48822611,0.58300529,0.61434336,0.48694540,0.59957387,0.36584903,0.59568931,0.50800970,0.53790325,0.51321438,0.46271831,0.36408282,0.54626512,0.57885323,0.55977019,0.48502717,0.49322882,0.53623495,0.37216084,0.54956294,0.41437488,0.47726287,0.55534585,0.48461860,0.60388365,0.61772131,0.57548080,0.66276556,0.47835755,0.63611372,0.47882370,0.44408749,0.55348599,1.00000000,0.46992331,0.54943351,0.58238033,0.52741843,0.36003273,0.56338246,0.65967365,0.57276505,0.52445367,0.42767926,0.51559593,0.49790635,0.37115771,0.48970757,0.44700864,0.62243089,0.43520683,0.39264497,0.55558083,0.51625477,0.46843068,0.48413796,0.48070573,0.36901307,0.44226082,0.53063710,0.44307930,0.38390127,0.53067427,0.43967947,0.70260896,0.50619255,0.43057779,0.48891272,0.43045549,0.56866236,0.44156497,0.63035146,0.54047767,0.44275052,0.53281773,0.61734638,0.42422566,0.62665315,0.52763384,0.58772348,0.41719022,0.45906623,0.54624315,0.50767616,0.55237091,0.47778171,0.47811936,0.56184595,0.50032886,0.62264817,0.60806023,0.54648669,0.49309717,0.61914120,0.46406093,0.41041628,0.55311045,0.37963518,0.40428399,0.48886757,0.55193532,0.53050813,0.68989820,0.55841779,0.59656834,0.42938404,0.57702770,0.63230855,0.59826375,0.59009035,0.62080818,0.54357793,0.51660451,0.45315306,0.50516923,0.61420968,0.53007082,0.53256096,0.43434812,0.53107901,0.45714762,0.56596046,0.50357194,0.49605982,0.52878585,0.44504622,0.55498496,0.41041628,0.61930053,0.53450343,0.50856907,0.57207300,0.52889500,0.47964607,0.63010677,0.58242998,0.44411788,0.52297268,0.53904913,0.53053743,0.46123258,0.54066654,0.51351303,0.60695700,0.60477173,0.53427503,0.42765861,0.50567033,0.51336336,0.57021313,0.46131640,0.47797579,0.58913076,0.65210219,0.52868120,0.58626289,0.59480035,0.53933097,0.50065989,0.48020207,0.40809033,0.55402309,0.38989556,0.62835987,0.53320284,0.50434526,0.51299177,0.44392338,0.48427886,0.46854289,0.51428214,0.56467944,0.40232633,0.43554358,0.42389899,0.45560712,0.48965111,0.47400362,0.50816779,0.64885075,0.54094398,0.61319718,0.54246656,0.49497987,0.47697582,0.54687088,0.56137645,0.54996230,0.61763399,0.62904161,0.52093964,0.48069119,0.57359622,0.47016898,0.48502330,0.44896609,0.46757364,0.53988858,0.64687525,0.54698716,0.72995839,0.66740338,0.50396970,0.52491395,0.55999983,0.56231239,0.42119876,0.65343256,0.46173710,0.52685184,0.49012143,0.46715337,0.48732683,0.51705027,0.66016108,0.52613825,0.61103466,0.47378818,0.58072916,0.46836017,0.56679256,0.45738025,0.53290974,0.53789809,0.54987100,0.50853467,0.54660491,0.48659975,0.47797579,0.55962220,0.43925794,0.51180944,0.60223832,0.56748290,0.53188237,0.62591449,0.58128500,0.58418633,0.39665231,0.60155057,0.49502345,0.52194888,0.61118968,0.45830651,0.50100788,0.46009240,0.51749199,0.55008302,0.58565610,0.57784678,0.50486971,0.49300408,0.55524568,0.52830489,0.49762833,0.59004242,0.45500836,0.46715337,0.50458836,0.47178574,0.46912578,0.56050327,0.60129261,0.60665105,0.60569107,0.46938556,0.47731359,0.44460915,0.46834027,0.52091402,0.55595282,0.46506208,0.50378877,0.58846208,0.63051364
37085,0.42994272,0.40910525,0.35045589,0.55926965,0.29990706,0.41487948,0.45953140,0.54447090,0.49764375,0.54535509,0.56575932,0.51479484,0.51772212,0.52101173,0.55013257,0.49530773,0.49423446,0.41962062,0.48820476,0.47310532,0.50341180,0.38842858,0.46087693,0.32783630,0.49182150,0.38004745,0.41648487,0.37157031,0.61025528,0.27163056,0.52970478,0.40442308,0.39473921,0.53846339,0.47148130,0.56205152,0.38197700,0.47766704,0.55758180,0.51110163,0.70421390,0.56035191,0.43902207,0.52711056,0.45064100,0.60902009,0.52309934,0.41186425,0.48921375,0.50662785,0.45945913,0.46992331,1.00000000,0.43817939,0.47188355,0.54753812,0.53421259,0.54259878,0.49436592,0.45966029,0.41068025,0.39556350,0.56662409,0.46261551,0.45100204,0.42903019,0.37798566,0.54331231,0.40423329,0.61843211,0.48953244,0.49961310,0.38577814,0.35754242,0.44037279,0.35648073,0.54174554,0.49189419,0.48042485,0.40522209,0.49955477,0.41643462,0.51557769,0.45845641,0.36675219,0.64867591,0.34839271,0.50521375,0.40075514,0.41127939,0.38468119,0.51481784,0.43049457,0.59645921,0.51905205,0.66855877,0.37429727,0.48890001,0.39546742,0.38031608,0.46221936,0.55505484,0.47496785,0.40986866,0.52016427,0.50954539,0.51998056,0.49412432,0.48537514,0.59773866,0.48186935,0.46786297,0.45340151,0.36919036,0.43579899,0.36483469,0.34939913,0.49098470,0.57229438,0.57617125,0.56314528,0.45049569,0.41409553,0.52264534,0.54647007,0.54380259,0.50539517,0.54454994,0.56835866,0.66476398,0.52622215,0.41791826,0.39600682,0.49509459,0.40880215,0.35989316,0.54085036,0.41027865,0.68544074,0.41259017,0.34392454,0.41124487,0.43433331,0.48929949,0.51062288,0.36919036,0.67227218,0.49465813,0.49465047,0.48112710,0.46544215,0.42373931,0.40220054,0.41175921,0.40553670,0.51871649,0.36229226,0.56297538,0.46223913,0.48558353,0.37910143,0.66750008,0.47983521,0.39015034,0.36714689,0.36532634,0.41011640,0.38091265,0.33844592,0.36321073,0.57564358,0.46772070,0.34977256,0.47050417,0.43872001,0.45088894,0.50905817,0.41894488,0.48363669,0.50129547,0.35123355,0.47585839,0.47729974,0.42616358,0.44719225,0.57215975,0.39565761,0.38099107,0.49536003,0.45102835,0.42331670,0.39873693,0.68992005,0.34519430,0.48331496,0.50880283,0.42955349,0.56990215,0.43856445,0.50261692,0.53629069,0.65600771,0.54041581,0.43714734,0.59502131,0.48200082,0.43050000,0.45735081,0.34202069,0.36946643,0.50395682,0.65187299,0.41383496,0.55692863,0.36710095,0.58237970,0.42856835,0.51034242,0.47081617,0.50132228,0.39451690,0.45953140,0.44677448,0.62868513,0.39057124,0.48257585,0.53970747,0.46531644,0.63969971,0.49777705,0.44029666,0.36453767,0.37463594,0.47731988,0.48421069,0.55774390,0.58793315,0.45879936,0.55598277,0.34717812,0.43200073,0.46472302,0.37595189,0.48241879,0.41636731,0.38519587,0.36321073,0.66549924,0.52133445,0.37530244,0.47990510,0.40545662,0.49642448,0.46943483,0.42146467,0.42938553,0.42018492,0.48644070,0.46160787,0.36861523,0.43384865,0.28240731,0.40327812,0.39103970,0.41805728,0.46774160,0.42851722,0.54549732,0.46537723,0.41630868,0.49368901,0.46448599,0.40853450,0.49316937,0.46277969,0.49777705,0.50717082,0.35092266,0.42180803,0.56424534,0.52463011,0.52219033,0.38244339,0.39797505,0.45555417,0.45828588,0.57558841,0.49271957,0.36363139,0.32631574,0.35743649,0.42841963,0.43823249
37262,0.78767634,0.76125525,0.72617111,0.61089455,0.57092274,0.77952812,0.65686265,0.61515541,0.65222631,0.54978960,0.56865256,0.67077582,0.66975426,0.51726675,0.68557916,0.77670803,0.30788996,0.44382159,0.65591111,0.67381011,0.70691359,0.50982659,0.69078070,0.36409037,0.77371346,0.56855816,0.67374909,0.72932843,0.61779411,0.48712907,0.46615310,0.68863433,0.61247489,0.62595609,0.56467971,0.62257472,0.45160066,0.58233493,0.49380325,0.56613653,0.60620866,0.38434042,0.69917954,0.60118886,0.76763462,0.58137029,0.44762624,0.54954225,0.60442667,0.61051501,0.70158216,0.54943351,0.43817939,1.00000000,0.67047951,0.54595257,0.42663944,0.54022457,0.56617108,0.65781388,0.65280487,0.46223570,0.51231212,0.46998512,0.41491583,0.50481354,0.44955827,0.66783831,0.56523491,0.42447642,0.56944449,0.66854523,0.75786233,0.55738713,0.53824172,0.42503759,0.45616240,0.62192419,0.48673928,0.50914547,0.63247371,0.43825622,0.60506912,0.62182464,0.63093545,0.58167179,0.58820329,0.61704933,0.49044850,0.58498086,0.59026950,0.52151123,0.71342365,0.54751455,0.43703838,0.51216190,0.65289157,0.58843748,0.54455210,0.51225137,0.38357244,0.50962521,0.65763560,0.47503285,0.57692500,0.49604830,0.43206488,0.65307584,0.58064722,0.49187156,0.55211783,0.52189361,0.62615436,0.44641643,0.68851301,0.55585939,0.41541586,0.54198349,0.50133412,0.49548876,0.58496870,0.65341089,0.63663834,0.50514142,0.55751578,0.58388182,0.47544796,0.57201923,0.45221649,0.47030261,0.66087912,0.72905376,0.56091177,0.53978606,0.56596509,0.58414116,0.48534229,0.59225259,0.45441480,0.59057192,0.57487514,0.46018477,0.72405811,0.56789458,0.60936357,0.44641643,0.60978381,0.45753526,0.52763051,0.74842666,0.51346907,0.54438373,0.46119350,0.62342841,0.47379636,0.64712861,0.59127771,0.46958812,0.48184244,0.73031123,0.42143363,0.60377200,0.59369529,0.59404137,0.47365886,0.55037268,0.54237731,0.63466173,0.54556221,0.60927484,0.58724483,0.60445376,0.59060333,0.53060971,0.55166950,0.51369232,0.43359388,0.52802760,0.46067864,0.70461460,0.51451274,0.64867214,0.57962395,0.75972807,0.66431043,0.48307055,0.58792099,0.75748086,0.75248229,0.44519895,0.38184208,0.48748081,0.42834541,0.44612352,0.36741250,0.47928353,0.53901577,0.52789556,0.53030505,0.54897707,0.79788432,0.55418228,0.52642762,0.45423204,0.59489547,0.42383877,0.52353145,0.54643313,0.43475477,0.40810116,0.47619128,0.53447577,0.55773701,0.58057272,0.65888003,0.50440696,0.51878253,0.67033166,0.43034656,0.53428192,0.39265169,0.65686265,0.76189820,0.58046032,0.53968289,0.55732140,0.52954835,0.51082771,0.55095574,0.23926158,0.53822165,0.49568525,0.41954991,0.61425165,0.60543382,0.61424899,0.63087583,0.52459217,0.53729992,0.46703642,0.75533799,0.69779356,0.52265481,0.54837457,0.58696003,0.57896393,0.60927484,0.51684691,0.34381902,0.59574207,0.67952135,0.59462812,0.56365370,0.54641826,0.54789822,0.75282389,0.52959742,0.69104594,0.53006766,0.52156208,0.53730649,0.50661044,0.62911147,0.49101737,0.52300818,0.55460739,0.63640945,0.58506470,0.61623806,0.41033157,0.52754265,0.63905281,0.66059833,0.68646168,0.34839311,0.23926158,0.42785785,0.56599968,0.41162533,0.56156608,0.68722759,0.63350244,0.61588619,0.59334045,0.64056193,0.45716950,0.51707591,0.55376306,0.57388049,0.57452671,0.76693643,0.63355545,0.62102029
37635,0.65741610,0.69522296,0.58108955,0.60352449,0.50891085,0.68869724,0.58667530,0.52775352,0.54721193,0.48099543,0.45981366,0.57758164,0.56137411,0.57039116,0.72081065,0.73554060,0.41932489,0.49259707,0.62640976,0.99788921,0.81048089,0.76627631,0.66939202,0.41533841,0.73194747,0.54888763,0.71859105,0.62990617,0.57702388,0.48966371,0.48443670,0.58210234,0.54887775,0.65255951,0.56344225,0.60563814,0.44448141,0.56135651,0.48695612,0.51013390,0.58300213,0.43377823,0.64565720,0.54151678,0.70414742,0.55161836,0.44151973,0.62014705,0.59391489,0.56880671,0.63346137,0.58238033,0.47188355,0.67047951,1.00000000,0.56392415,0.40803092,0.52902048,0.62247987,0.71137075,0.59523754,0.37610585,0.48117517,0.51971959,0.40172059,0.44051481,0.39018170,0.62693636,0.47733712,0.40418908,0.56142174,0.64194159,0.54709514,0.55681308,0.46585569,0.40629423,0.52394471,0.56241987,0.54947363,0.50260479,0.56997558,0.42699916,0.63666044,0.51846709,0.56828591,0.51524343,0.54369748,0.56306667,0.44895799,0.55932484,0.61260843,0.43350918,0.62980650,0.55067512,0.50155963,0.56526048,0.60826593,0.49460268,0.55047043,0.45623383,0.44596465,0.47319486,0.58279607,0.43107175,0.46005778,0.52638505,0.47780591,0.56369266,0.60505034,0.46719696,0.53839582,0.54484893,0.60721428,0.53979327,0.59155772,0.51166937,0.41568887,0.46603960,0.50076874,0.49523611,0.66901700,0.53234589,0.64518915,0.60036540,0.53100179,0.54078199,0.51951404,0.58869736,0.54475315,0.55489028,0.68036058,0.60628866,0.70883776,0.53034506,0.53625654,0.49492436,0.50498268,0.62425135,0.51954256,0.53545698,0.46303921,0.51781495,0.65203573,0.53305206,0.56882742,0.53979327,0.58362709,0.42828061,0.46753511,0.67541870,0.46877370,0.46961107,0.52068667,0.60456676,0.44004995,0.65862807,0.49870261,0.51359868,0.47427353,0.55874975,0.40653217,0.56732014,0.63169935,0.62678117,0.53448176,0.55425654,0.57472171,0.57988240,0.55828730,0.60226551,0.64723422,0.56874906,0.49298286,0.57940991,0.56664165,0.54252468,0.48253036,0.55885282,0.47742928,0.58709487,0.44034950,0.67824118,0.57174610,0.61767783,0.63487009,0.49546137,0.57486682,0.66651306,0.56076163,0.45154495,0.38457359,0.48836461,0.45106521,0.49796663,0.34727050,0.45294497,0.57393555,0.57474050,0.56775632,0.55600705,0.65865475,0.52753691,0.47313029,0.49438039,0.57657070,0.58442046,0.60441065,0.63164325,0.43831307,0.47524385,0.46145574,0.47625279,0.47122436,0.47939724,0.59032204,0.58304409,0.60383995,0.63291007,0.53637629,0.58055984,0.39515856,0.58667530,0.69551456,0.51393618,0.44912873,0.57704179,0.46487854,0.46738712,0.50409940,0.39773935,0.47976742,0.43758249,0.50366786,0.57412040,0.63753657,0.49092443,0.61856811,0.50081731,0.50602373,0.37723280,0.63704479,0.66280135,0.56318888,0.55318514,0.50226755,0.57320564,0.60226551,0.51750622,0.36214685,0.58548838,0.61029573,0.57767405,0.49641371,0.62920741,0.63638366,0.66965655,0.51595600,0.60811148,0.73886359,0.44816503,0.55213046,0.49463860,0.61875885,0.41221480,0.48297596,0.56313339,0.53408311,0.56583333,0.56402678,0.37435885,0.48049379,0.61403148,0.56336168,0.79423427,0.33838329,0.39773935,0.41151702,0.42676110,0.41777785,0.53246611,0.70376243,0.62613343,0.48788981,0.50359567,0.57279235,0.53903782,0.56319200,0.57439755,0.53159731,0.54021198,0.61376554,0.53441173,0.51684039
37760,0.52506034,0.53898968,0.46518165,0.53423799,0.41168580,0.55624097,0.50989242,0.52420691,0.48261227,0.55517751,0.50662225,0.55185822,0.59386523,0.52286500,0.56051249,0.58803646,0.39908698,0.46749807,0.51756515,0.56864404,0.59258840,0.53299813,0.59852164,0.35722307,0.58474294,0.49265572,0.51644976,0.47803409,0.53924965,0.40644895,0.52304973,0.46545381,0.46132236,0.42711478,0.57204310,0.60475846,0.40335028,0.49933500,0.44302730,0.57421390,0.56902789,0.44096786,0.52250245,0.55440270,0.61047688,0.56441419,0.41796176,0.52537103,0.51261287,0.49904083,0.55701990,0.52741843,0.54753812,0.54595257,0.56392415,1.00000000,0.51657170,0.48835039,0.55071821,0.59835680,0.50764841,0.39450470,0.46478201,0.41519942,0.39897515,0.40405413,0.43384846,0.57290181,0.52057280,0.41142189,0.48210435,0.54994920,0.51579669,0.47899212,0.54639177,0.45191299,0.57251540,0.53019955,0.46570446,0.46129861,0.47195511,0.44139926,0.57789237,0.54097609,0.41577609,0.56765629,0.43492860,0.51518785,0.45009199,0.47559897,0.47370650,0.45620433,0.53830119,0.54006756,0.60521840,0.57209505,0.49832164,0.59221314,0.49315126,0.49309605,0.45959324,0.44654772,0.58104661,0.42702547,0.50541646,0.47530161,0.43306526,0.54146023,0.60699877,0.54485393,0.56207693,0.49347089,0.54784588,0.44883514,0.54990841,0.34655846,0.45585685,0.54611184,0.51231541,0.51995402,0.53568601,0.63812232,0.58575987,0.49952757,0.50081603,0.53908486,0.51717578,0.55819335,0.43549876,0.55855271,0.55877246,0.51546827,0.47655392,0.51110382,0.48826985,0.55932014,0.52406083,0.53023542,0.56269798,0.47343408,0.39785670,0.57784034,0.59152654,0.46258136,0.53418491,0.44883514,0.61937166,0.45984178,0.49381424,0.57683020,0.53666324,0.56324849,0.51068593,0.59701226,0.45421837,0.53766400,0.56154973,0.54215378,0.43872249,0.59778811,0.46425579,0.57552776,0.57020935,0.50796187,0.44360576,0.45538993,0.52960136,0.51465515,0.42087152,0.47655695,0.52367529,0.56387516,0.56815400,0.47224454,0.52670151,0.58561073,0.43298669,0.52357750,0.46656534,0.55223207,0.53180185,0.57413482,0.57839050,0.54858598,0.45527331,0.49311942,0.56453063,0.51235545,0.52508156,0.47961847,0.43820345,0.41857600,0.51548036,0.48827594,0.41433329,0.49212950,0.52708971,0.48516018,0.55373721,0.51717695,0.60119111,0.52554325,0.50591556,0.49155808,0.57221027,0.44832588,0.54753013,0.51512549,0.42134937,0.44697410,0.42158225,0.53015028,0.46722946,0.52102684,0.45123155,0.56388455,0.54413551,0.58711803,0.40163618,0.49729761,0.41438685,0.50989242,0.56459162,0.51671531,0.38994591,0.52362630,0.48883293,0.53418094,0.51551758,0.43526231,0.52095077,0.43595281,0.45799104,0.51000773,0.57678168,0.55275723,0.69779786,0.51707783,0.53849725,0.43686485,0.61402377,0.57523222,0.52534726,0.52927140,0.48617934,0.53749580,0.47655695,0.53113069,0.38790934,0.53866682,0.55533833,0.52867790,0.53301821,0.51612064,0.47765697,0.52203407,0.44400646,0.56471770,0.48669943,0.51731932,0.56426650,0.44347668,0.51001539,0.49453090,0.38807221,0.49911203,0.50836809,0.58141524,0.55854520,0.42940920,0.57691233,0.51570309,0.48191156,0.58113990,0.43062337,0.43526231,0.50710923,0.41892435,0.43403554,0.56421875,0.61460127,0.49656982,0.52787728,0.45230172,0.47196915,0.45251578,0.51925475,0.50994527,0.44345432,0.46507698,0.53736716,0.51665569,0.49206711
37925,0.41800106,0.40201237,0.34687359,0.53467439,0.31849927,0.42450462,0.44183987,0.48105379,0.49343645,0.62651888,0.56073673,0.53882865,0.53520392,0.39964891,0.47101564,0.48940311,0.30874793,0.35505120,0.48740511,0.40765071,0.43469905,0.32231148,0.40491462,0.32332084,0.48953284,0.38420684,0.41273308,0.41356644,0.48953318,0.32060442,0.43835008,0.35613454,0.38374839,0.45389600,0.46939469,0.51338820,0.44513463,0.45918902,0.45782181,0.45520049,0.55775840,0.33849014,0.40252858,0.51240941,0.45907835,0.51616527,0.44772747,0.38260122,0.45841627,0.52169907,0.49988397,0.36003273,0.53421259,0.42663944,0.40803092,0.51657170,1.00000000,0.40953739,0.34307480,0.40376150,0.28190827,0.46772640,0.52258797,0.40883394,0.46753055,0.45616101,0.41854356,0.56090233,0.50063246,0.48667660,0.40469270,0.45855169,0.35612886,0.29545938,0.52218162,0.44322486,0.47650582,0.42538663,0.48783721,0.44389378,0.49044255,0.50681108,0.39832175,0.46880766,0.48018986,0.52318668,0.36581575,0.46875125,0.42331618,0.37914086,0.33813462,0.38423290,0.43695088,0.44734493,0.48847337,0.56444138,0.32838020,0.51984025,0.37744187,0.35381909,0.37467929,0.50337884,0.50264568,0.44717087,0.60964372,0.44074092,0.45422302,0.50678111,0.37695917,0.51881394,0.44765499,0.35866875,0.33703333,0.29254008,0.42739589,0.32293070,0.39799445,0.53027486,0.56890581,0.48404375,0.45355276,0.48964984,0.37386131,0.44274763,0.42947141,0.46679584,0.44555128,0.50963155,0.34888269,0.55414660,0.38706719,0.35811595,0.30885152,0.42816746,0.36506106,0.44691141,0.55301686,0.29848951,0.51948452,0.32408853,0.26568254,0.30352935,0.48017076,0.44114522,0.43997727,0.29254008,0.56044350,0.40872369,0.44929565,0.42852279,0.47415337,0.51181638,0.35530984,0.42433267,0.37485509,0.36991438,0.45730343,0.46460014,0.40845332,0.55868960,0.42963755,0.57244106,0.37172447,0.34214489,0.30390365,0.34377239,0.42127975,0.35730952,0.29914275,0.30930022,0.47734230,0.37593305,0.45176071,0.35762352,0.44389832,0.38041299,0.45535415,0.39097170,0.48016319,0.47652491,0.59908821,0.35548087,0.41524657,0.42376186,0.37299539,0.50964002,0.42042028,0.35353580,0.44523808,0.44879024,0.42123084,0.33819757,0.56753129,0.31437046,0.39956678,0.46027904,0.43378047,0.43275105,0.36715054,0.51831750,0.51180120,0.57906092,0.51509157,0.37569951,0.51500528,0.42194185,0.33719055,0.31284552,0.37241872,0.22650909,0.44521996,0.53289655,0.46258970,0.71039486,0.46141431,0.48126101,0.32570352,0.54881070,0.28966244,0.31401746,0.36266396,0.44183987,0.39193867,0.54081171,0.35704279,0.40805551,0.58286996,0.47246501,0.63349688,0.35961514,0.46044068,0.42093550,0.26152116,0.36859627,0.37652011,0.55800337,0.55553004,0.49739755,0.44303172,0.38575513,0.42719056,0.41728652,0.37740931,0.38513107,0.37965824,0.45128072,0.30930022,0.46693658,0.32832550,0.43350788,0.41535853,0.39529908,0.51333608,0.31460092,0.30724097,0.37756116,0.39977278,0.48505397,0.35313367,0.46266868,0.37749089,0.33386154,0.37513305,0.49128252,0.40178859,0.33436984,0.41306070,0.52523276,0.43231961,0.38116421,0.40168854,0.39276408,0.36416776,0.39600953,0.38694303,0.35961514,0.43590182,0.31136720,0.39786505,0.56844596,0.44523710,0.43666641,0.41053679,0.34580881,0.49021972,0.45335124,0.50714457,0.44521764,0.32842388,0.36507733,0.41239935,0.41191375,0.36125085
39176,0.48012391,0.48975777,0.44037414,0.53868931,0.44606554,0.53033793,0.61146087,0.65529807,0.56743847,0.46544012,0.50073088,0.54073616,0.51478140,0.58083673,0.58581020,0.59657123,0.44271145,0.55774811,0.49846834,0.53087530,0.57984391,0.48647306,0.53216064,0.37988016,0.59433732,0.64475371,0.56075958,0.49058531,0.50024017,0.39192443,0.65518702,0.53252964,0.52205279,0.44718335,0.43555972,0.54252541,0.36716976,0.47210781,0.46088965,0.37386522,0.58048912,0.47839947,0.52456564,0.66185813,0.60279269,0.59579320,0.48906480,0.61484313,0.49287493,0.48606629,0.51531611,0.56338246,0.54259878,0.54022457,0.52902048,0.48835039,0.40953739,1.00000000,0.62124942,0.52777565,0.49396405,0.49531220,0.62719809,0.61372918,0.44878324,0.54945269,0.46734475,0.74058321,0.43200687,0.54782804,0.46629547,0.54626366,0.47605312,0.39652085,0.46242659,0.38018767,0.42018907,0.55566094,0.37277395,0.40996622,0.48346578,0.46752439,0.66314855,0.51297143,0.41973375,0.56760461,0.44725964,0.48694414,0.46180270,0.50939291,0.40694829,0.42210118,0.52455340,0.55250267,0.45338773,0.60342786,0.43346902,0.55957138,0.42788569,0.40178253,0.60648381,0.62125511,0.68107100,0.51623249,0.50509465,0.60925527,0.55948173,0.60197456,0.48298496,0.52326009,0.44795745,0.64935424,0.45253614,0.43188419,0.50558698,0.32751367,0.48041456,0.47896517,0.58670880,0.50986681,0.61311948,0.53825150,0.46782153,0.51035710,0.96776639,0.73701357,0.56946530,0.58644672,0.49509436,0.56946718,0.52195608,0.43365472,0.48076578,0.60140852,0.56520982,0.46980705,0.44615194,0.38731291,0.51290834,0.53179923,0.48173108,0.46826367,0.51200785,0.44022655,0.46681295,0.43188419,0.62315126,0.49269433,0.58730996,0.55073800,0.46019972,0.44292206,0.54909825,0.48067098,0.52242753,0.50883492,0.47018165,0.65966519,0.45638217,0.52839967,0.47702733,0.60633230,0.50004350,0.53104033,0.40565138,0.48129467,0.50001821,0.51408225,0.45864105,0.43901433,0.55823067,0.52300967,0.46449675,0.57203888,0.49226004,0.46528009,0.56108622,0.44163385,0.37766249,0.54588174,0.42668308,0.46819855,0.49430331,0.48902971,0.41883028,0.52898671,0.46961132,0.47258784,0.56519334,0.53977726,0.40404033,0.39654781,0.49806412,0.43899944,0.47973128,0.47125477,0.50414575,0.59306189,0.44487979,0.61158160,0.52253858,0.62775536,0.55936912,0.55411021,0.54777006,0.56055293,0.57762461,0.58003082,0.41935719,0.37286507,0.54262721,0.58048083,0.50455882,0.52113439,0.39861139,0.63939512,0.55092376,0.52100489,0.46283047,0.50834705,0.52385410,0.61146087,0.54166316,0.51814286,0.45274968,0.65865576,0.50577917,0.45838643,0.57682796,0.42966875,0.46205738,0.53296558,0.51030575,0.51143755,0.50469300,0.51828769,0.46154212,0.34592559,0.46853401,0.39285269,0.55317738,0.53977860,0.43388554,0.60087483,0.61736257,0.49789791,0.43901433,0.54308853,0.43326726,0.51308746,0.55554450,0.54189782,0.49252992,0.57890644,0.55772962,0.52094958,0.40933571,0.72815408,0.53615765,0.46785466,0.56045415,0.40928877,0.49754914,0.48109472,0.57820931,0.63956144,0.53721009,0.52788576,0.45880514,0.45123405,0.52561765,0.46529535,0.43348079,0.61364100,0.46096939,0.42966875,0.50198582,0.48903115,0.55187957,0.58521735,0.59949383,0.59974574,0.60260146,0.46723773,0.52200612,0.37044743,0.48812570,0.47362546,0.45406210,0.43139541,0.43639681,0.54089758,0.51764219
40720,0.48409508,0.52757484,0.47474361,0.52346322,0.51167603,0.53235529,0.55377478,0.55429123,0.49132874,0.38770040,0.43623221,0.47201842,0.56423577,0.67486154,0.63066434,0.59692328,0.48655868,0.55635460,0.44520781,0.62019249,0.64077105,0.59235164,0.58980960,0.43157859,0.59580179,0.52009125,0.58497483,0.54193197,0.49390015,0.47687122,0.51757261,0.54523072,0.51874183,0.44899132,0.45061853,0.50063702,0.35322100,0.43149130,0.40629861,0.46714389,0.55363799,0.52992188,0.57139318,0.61768058,0.57682909,0.61093122,0.48090974,0.69426863,0.50357461,0.45947926,0.52677124,0.65967365,0.49436592,0.56617108,0.62247987,0.55071821,0.34307480,0.62124942,1.00000000,0.54182273,0.60970069,0.44663574,0.53620957,0.61393463,0.39874962,0.53345199,0.49442616,0.60256757,0.39104786,0.40239217,0.42701170,0.54629430,0.50663797,0.48025129,0.46967145,0.41704945,0.45947701,0.56245966,0.37743433,0.43864007,0.49410115,0.44395107,0.73125223,0.51387688,0.44596273,0.52627514,0.52924836,0.46625895,0.51006266,0.61571839,0.47494146,0.46017438,0.54262195,0.58064923,0.46229469,0.60297659,0.50147076,0.54885541,0.46828038,0.49364949,0.59347222,0.52598885,0.55320612,0.57417136,0.44555194,0.69447825,0.63218415,0.59120153,0.61164475,0.52792050,0.46539867,0.67051988,0.53365703,0.61890399,0.53069778,0.39222944,0.50852515,0.45697077,0.54165397,0.52082462,0.69525060,0.52891989,0.59124817,0.48065894,0.62849462,0.61875891,0.57695860,0.60620359,0.58483818,0.55546979,0.65267415,0.50484791,0.57884413,0.59879426,0.62427406,0.46701347,0.40747600,0.47126433,0.50744751,0.58347663,0.51024347,0.56095059,0.53425395,0.39739074,0.51261707,0.61890399,0.55831354,0.50861713,0.51410356,0.62014842,0.48131013,0.46828488,0.60558106,0.53340009,0.48933988,0.65244143,0.46634090,0.62185444,0.49569217,0.51400046,0.48129792,0.56407611,0.59440348,0.62228631,0.58663197,0.58498763,0.61165244,0.59212449,0.56682117,0.54348520,0.59768626,0.62040010,0.47502026,0.66192361,0.58383733,0.51667645,0.63790104,0.50855792,0.32492514,0.52437104,0.44011106,0.60079648,0.56464744,0.47577165,0.48190842,0.46141875,0.56677171,0.52735401,0.51952816,0.63833468,0.40529097,0.44200463,0.44732994,0.60360089,0.47552179,0.42612293,0.59548640,0.68008070,0.54664196,0.58777461,0.50325258,0.48135958,0.48907142,0.54665051,0.55826746,0.61679572,0.88683413,0.78214732,0.48719306,0.52057909,0.52509040,0.48647076,0.46441785,0.46276322,0.46763612,0.63614528,0.66897938,0.46436535,0.57734948,0.67704601,0.47664571,0.55377478,0.58662490,0.49581912,0.47603219,0.68288750,0.42623730,0.47981966,0.50924228,0.40764770,0.53156623,0.56962149,0.62923874,0.62039869,0.59870265,0.42581633,0.54073186,0.38178879,0.56770202,0.43545577,0.54934413,0.59865044,0.54736018,0.58672589,0.61636285,0.54692569,0.54348520,0.50342222,0.47006556,0.54505960,0.59263283,0.62410854,0.49705571,0.77670364,0.76239326,0.57039633,0.41838287,0.63579551,0.56047719,0.47508475,0.60690062,0.46831590,0.52833082,0.50059264,0.56697448,0.62069832,0.57190282,0.48957910,0.49549294,0.48362699,0.60088837,0.52025444,0.50800335,0.66660781,0.45377884,0.40764770,0.48810703,0.53128669,0.51078844,0.49552307,0.64621467,0.63637095,0.58135811,0.55180039,0.50792273,0.37396092,0.46825770,0.49219036,0.55505152,0.49333751,0.46168691,0.57477533,0.54636022
41169,0.63326489,0.67012406,0.55717697,0.58873151,0.52887030,0.71683149,0.60577383,0.54171649,0.56485112,0.46372652,0.49597630,0.58557267,0.59725039,0.49027865,0.68050173,0.70443467,0.31092449,0.43256918,0.58396663,0.71614263,0.69895974,0.64058942,0.90431567,0.42964042,0.69912389,0.54166176,0.65514041,0.61391254,0.52053022,0.45922940,0.47496413,0.57604410,0.50451116,0.56286111,0.59987541,0.62655999,0.41906891,0.58603929,0.42815026,0.46335529,0.56270819,0.36445374,0.62838380,0.59424591,0.69315701,0.54662341,0.39675677,0.49969609,0.65427877,0.58738288,0.63589080,0.57276505,0.45966029,0.65781388,0.71137075,0.59835680,0.40376150,0.52777565,0.54182273,1.00000000,0.52745987,0.39763014,0.47688343,0.47385716,0.34273403,0.42892850,0.38954007,0.58953539,0.50977387,0.37224310,0.67711509,0.59137411,0.57184900,0.66569727,0.45758827,0.35046519,0.55688913,0.56003783,0.54366303,0.46097270,0.58076360,0.39578108,0.52594449,0.50013271,0.48584848,0.51401015,0.51267304,0.68118132,0.39776854,0.55275150,0.62456295,0.46435153,0.65877997,0.58026840,0.47997218,0.53952091,0.66616819,0.51187668,0.50942964,0.41538146,0.42123523,0.46235892,0.58459050,0.43599069,0.46203333,0.46350188,0.40737397,0.58141677,0.66434461,0.43757474,0.51297596,0.48438470,0.67606760,0.50413568,0.58235969,0.48815668,0.40749955,0.52604559,0.46779357,0.48905842,0.60362566,0.57886418,0.65870159,0.52110617,0.53588918,0.52994704,0.45551180,0.54314345,0.44761480,0.51047961,0.63335637,0.62563703,0.63046892,0.52922834,0.56991598,0.52710290,0.47155633,0.64132095,0.51991159,0.50488289,0.44945082,0.48775598,0.64679587,0.53205823,0.55707196,0.50413568,0.62416661,0.51437343,0.51415140,0.67790374,0.58295074,0.46082178,0.46749862,0.62204195,0.49606283,0.61630990,0.52963983,0.52555495,0.46634260,0.64683223,0.39616195,0.61030376,0.68601028,0.63559732,0.50608967,0.59402478,0.54376944,0.65840464,0.58639884,0.54343289,0.63294049,0.55629269,0.52268428,0.57345803,0.62688814,0.52942302,0.40782569,0.54996298,0.46486579,0.62350185,0.46506301,0.68132248,0.59702709,0.66599992,0.69320682,0.47285674,0.61045585,0.61860438,0.55857962,0.47231440,0.42933388,0.50014766,0.45820536,0.46249009,0.42614812,0.52301583,0.61501270,0.50496889,0.59387544,0.49663111,0.63078310,0.52845992,0.46827039,0.44256192,0.56760722,0.45601859,0.55132652,0.59714126,0.41299159,0.34822833,0.46875213,0.48956327,0.46554096,0.50452338,0.51393264,0.56559434,0.56723719,0.62174700,0.48979541,0.57621367,0.42153815,0.60577383,0.67655086,0.51529042,0.39112246,0.51452530,0.44931446,0.58044126,0.48534785,0.37035399,0.47427792,0.47382137,0.42997322,0.53279987,0.69444059,0.50449958,0.58893114,0.42109479,0.52563985,0.43274538,0.64465791,0.63456723,0.58602868,0.55442940,0.52813312,0.52946518,0.54343289,0.52409090,0.44455331,0.54124414,0.61390420,0.60715759,0.48081236,0.59657296,0.54280914,0.67182216,0.60128277,0.59595062,0.69502535,0.43212942,0.47389571,0.49166835,0.68108365,0.42719610,0.44225632,0.52654710,0.53619635,0.49126857,0.53366396,0.34879843,0.53818064,0.63481458,0.56656401,0.70176263,0.42845371,0.37035399,0.45703736,0.44714409,0.43247671,0.51802002,0.68548272,0.56845078,0.55823751,0.47035459,0.51384173,0.52698428,0.53119639,0.56173058,0.52242378,0.54621274,0.65222002,0.53827156,0.50673460
41588,0.54202945,0.55546157,0.55020545,0.45647947,0.46047679,0.60912300,0.50836059,0.49908698,0.44445616,0.38347196,0.41215735,0.44501376,0.47424343,0.49316429,0.59166526,0.61591178,0.37157860,0.48546692,0.46929284,0.59676479,0.64355950,0.54034477,0.56860044,0.34189740,0.61914804,0.45005175,0.59404170,0.57692530,0.46040205,0.41704173,0.46247728,0.60691790,0.54669463,0.49078478,0.47639196,0.49035666,0.32356783,0.44815349,0.37221441,0.45795457,0.47842348,0.44392246,0.59964452,0.49100637,0.59425168,0.50067487,0.33201343,0.58759834,0.50220578,0.51451363,0.51097240,0.52445367,0.41068025,0.65280487,0.59523754,0.50764841,0.28190827,0.49396405,0.60970069,0.52745987,1.00000000,0.34474099,0.39832556,0.41151493,0.37112984,0.40719038,0.37101296,0.52093743,0.42205092,0.32451188,0.43092081,0.59150246,0.63480290,0.48743506,0.39653622,0.36734018,0.47334690,0.52340305,0.34307900,0.41249819,0.41152630,0.31921475,0.61874850,0.47423426,0.45831992,0.46707566,0.48350359,0.39817083,0.39587660,0.49101354,0.46451129,0.39185976,0.56692715,0.46775164,0.35847611,0.44684192,0.52672112,0.46225282,0.46449789,0.47263191,0.43866296,0.39019205,0.51039931,0.45156491,0.39364597,0.48751285,0.41626039,0.53071426,0.50181933,0.40881260,0.48577551,0.57959460,0.53461588,0.42004948,0.54246506,0.41764493,0.40550923,0.41117898,0.43302177,0.42681074,0.59236161,0.49238255,0.54085052,0.40436163,0.49824965,0.53061348,0.47933628,0.47977706,0.46768964,0.39063591,0.72688608,0.67841443,0.55091757,0.49019101,0.51041681,0.45570091,0.31919212,0.46298961,0.43179841,0.52047563,0.46014592,0.57258025,0.52655137,0.39982106,0.47006684,0.42004948,0.48808888,0.38420880,0.40799626,0.66275811,0.40693363,0.39298143,0.55144662,0.49175688,0.43599281,0.71143343,0.45473015,0.46450448,0.38077466,0.49223710,0.33522001,0.49773874,0.54232545,0.52405287,0.46392905,0.51110473,0.48120757,0.52620390,0.48235802,0.50609165,0.50053789,0.49476907,0.45629972,0.50953461,0.46977879,0.46089558,0.41645633,0.43558829,0.31173619,0.49396738,0.40769596,0.52366947,0.46605427,0.63259276,0.45254801,0.38211840,0.47274259,0.65267291,0.57436741,0.43098214,0.34356099,0.38549662,0.35640104,0.48214759,0.30870806,0.41358081,0.46580263,0.53097515,0.46231134,0.45450531,0.66557883,0.42805592,0.42426319,0.47273751,0.48543023,0.47142760,0.55623101,0.60463111,0.34853148,0.45447942,0.38017974,0.42359372,0.41863860,0.41961154,0.50098318,0.51519276,0.48796017,0.49739370,0.43054603,0.54622013,0.34687420,0.50836059,0.76343054,0.45460516,0.41082562,0.60187319,0.39954461,0.40578895,0.40880417,0.29796284,0.44778632,0.41988601,0.49970717,0.63785343,0.54287530,0.39708640,0.46168837,0.33487490,0.45487363,0.31280767,0.67839240,0.63813073,0.41816725,0.50861875,0.53349861,0.46476944,0.50609165,0.42527001,0.30822917,0.46261907,0.54826064,0.49873712,0.43617441,0.60407194,0.56532612,0.56017556,0.40147556,0.60285092,0.52000247,0.43262075,0.51754933,0.40113425,0.50073197,0.39745601,0.47892893,0.56650657,0.48806736,0.42939141,0.56512070,0.35264765,0.50709068,0.58296983,0.65963375,0.63313265,0.29175468,0.29796284,0.34604587,0.42057828,0.41533248,0.43262591,0.56374917,0.61128175,0.47696524,0.45119884,0.50140595,0.36757044,0.44233414,0.47155757,0.43806423,0.46177985,0.57380783,0.49323028,0.46047074
41731-A,0.42177607,0.41214631,0.37396200,0.48607472,0.37559417,0.36225269,0.43356762,0.49497601,0.50452358,0.44753916,0.36477465,0.50810026,0.49934128,0.41549156,0.47870822,0.51492725,0.33974590,0.42405826,0.41533910,0.37583384,0.45001499,0.32847092,0.40588765,0.40588967,0.51377833,0.40066003,0.38454567,0.43217861,0.42147840,0.37685657,0.42872843,0.45735584,0.56783016,0.39432865,0.39396049,0.43726650,0.36218218,0.42858473,0.28308397,0.42491069,0.49340691,0.37016605,0.39532878,0.52713264,0.45945215,0.46406898,0.62367471,0.47508170,0.39413148,0.39330158,0.45300658,0.42767926,0.39556350,0.46223570,0.37610585,0.39450470,0.46772640,0.49531220,0.44663574,0.39763014,0.34474099,1.00000000,0.75599825,0.53456554,0.67855331,0.45714393,0.49105451,0.54780075,0.41261866,0.56192616,0.36750558,0.41072780,0.35374956,0.27309025,0.49374804,0.50245215,0.32650310,0.43570425,0.38237959,0.38224004,0.42185577,0.72730011,0.48654947,0.46061306,0.47850664,0.56233552,0.42397783,0.41796005,0.47369408,0.43813413,0.32270479,0.33290846,0.46479698,0.45810153,0.34996230,0.50485109,0.32965724,0.60581408,0.40807431,0.37058555,0.38810559,0.74292216,0.53246599,0.39790200,0.50158878,0.47655889,0.43224132,0.54503616,0.31664799,0.46104289,0.33044421,0.45194835,0.30856074,0.28306603,0.45166532,0.35490373,0.34272807,0.42818388,0.56195155,0.49792964,0.46710352,0.53869034,0.38133166,0.42380929,0.51948644,0.47235200,0.39538073,0.48620990,0.41021569,0.47768267,0.35212117,0.36082957,0.33888496,0.65882905,0.44854735,0.46344670,0.33576227,0.27856798,0.39336988,0.39481575,0.35717973,0.35259646,0.45745672,0.40666984,0.39005118,0.28306603,0.45200460,0.40157335,0.69508024,0.44546121,0.37199835,0.47718395,0.42977923,0.41645045,0.36093384,0.34274350,0.46481628,0.49269403,0.45825597,0.46702856,0.54301068,0.50915416,0.34936173,0.37036359,0.28904219,0.34304129,0.42176540,0.40328841,0.33937155,0.32517047,0.40562277,0.38521492,0.45309826,0.45515925,0.44210664,0.35761999,0.43955219,0.31575432,0.36421108,0.43703021,0.44885953,0.35035950,0.34162279,0.42751094,0.38975219,0.55766632,0.34929792,0.33995118,0.49120222,0.44736838,0.42331372,0.37904922,0.41587332,0.27941849,0.40391946,0.51595891,0.42622726,0.41734520,0.31218649,0.68258085,0.46545469,0.50182632,0.70256571,0.42239750,0.54228634,0.46652079,0.36972374,0.38332358,0.38311967,0.20816724,0.45756428,0.55542283,0.78750233,0.51656689,0.48743878,0.41152640,0.33315619,0.45144385,0.33302671,0.36938625,0.37722951,0.43356762,0.37431621,0.45084167,0.38168857,0.45272390,0.48012841,0.37058635,0.50326496,0.36174699,0.47977947,0.43843934,0.33115187,0.39313321,0.35398630,0.44925326,0.41895026,0.45877578,0.45303217,0.35879529,0.47264227,0.42523790,0.33012070,0.47592698,0.53929182,0.40923456,0.32517047,0.38049668,0.30755797,0.37910196,0.40751948,0.40403601,0.45970059,0.37881771,0.42763412,0.43983479,0.31446837,0.58120414,0.32221365,0.47774914,0.41818041,0.33660715,0.35310618,0.46746652,0.46140677,0.47733238,0.50767386,0.50215204,0.33106046,0.41165585,0.42117644,0.36596025,0.34613115,0.44447982,0.35005597,0.36174699,0.37949267,0.41543330,0.40575583,0.52634599,0.46272827,0.47237043,0.50098468,0.36696262,0.48559878,0.36008148,0.36512939,0.36992158,0.32146364,0.37011739,0.39245060,0.50531748,0.41951798
41731,0.48845263,0.44354701,0.42110828,0.53936027,0.44663731,0.47595878,0.50526323,0.58919968,0.55186962,0.47896810,0.49622764,0.60662236,0.59865724,0.54619533,0.55813372,0.56697504,0.40051821,0.41913910,0.48360582,0.48090316,0.56567387,0.37616942,0.49254622,0.40108596,0.56582612,0.47202561,0.44977098,0.47136950,0.55665770,0.38102087,0.50285661,0.54784280,0.62279431,0.45789032,0.46877477,0.55415979,0.36827055,0.48970281,0.42008462,0.52024881,0.63245045,0.40012786,0.52503795,0.60490494,0.53964847,0.58615211,0.72521500,0.51312455,0.41766861,0.44601228,0.51240420,0.51559593,0.56662409,0.51231212,0.48117517,0.46478201,0.52258797,0.62719809,0.53620957,0.47688343,0.39832556,0.75599825,1.00000000,0.63357408,0.70333450,0.56659320,0.54359850,0.66218837,0.47825690,0.62891253,0.48332463,0.47027797,0.42693158,0.35979589,0.56134542,0.54269445,0.43871671,0.50138882,0.47460599,0.39936802,0.50459066,0.71533075,0.57205517,0.50875213,0.49681851,0.67177282,0.50533113,0.52845343,0.56772039,0.54654646,0.38435379,0.51925248,0.53365360,0.58160973,0.45511982,0.62351361,0.42434440,0.66195963,0.44196009,0.43124482,0.49097157,0.98857799,0.63399592,0.50163563,0.58231218,0.55386490,0.50812563,0.61204259,0.44846243,0.57145992,0.47181095,0.48871869,0.43617743,0.30361272,0.54457083,0.43132179,0.43647017,0.53082097,0.67624805,0.62724548,0.60761234,0.59134883,0.46037487,0.56786196,0.65137232,0.61043595,0.45760984,0.65991284,0.46139228,0.61962519,0.47015068,0.42112655,0.40198720,0.73567755,0.48926725,0.57155080,0.49342794,0.37709251,0.52805861,0.53889633,0.47220794,0.36243758,0.49551748,0.44436088,0.52149898,0.30361272,0.58385012,0.47939019,0.84160215,0.51443410,0.48044911,0.53393569,0.45609783,0.48905072,0.51210581,0.46077301,0.57196952,0.62695633,0.54160468,0.58833476,0.58639042,0.62402476,0.46863876,0.42940836,0.34512901,0.38837138,0.49308846,0.48463102,0.40456148,0.39513099,0.52058997,0.49324848,0.56451207,0.56917558,0.51845583,0.43435922,0.51543651,0.41620030,0.40534373,0.55515313,0.48112805,0.47370444,0.47428178,0.50461758,0.47433959,0.58668868,0.42133774,0.40048529,0.59971259,0.54299829,0.44946674,0.46785721,0.51137960,0.32306086,0.50225459,0.50636312,0.48281639,0.56883782,0.44450290,0.78243574,0.54209620,0.62072877,0.84194163,0.41871198,0.62665588,0.55381552,0.44963193,0.44431883,0.47157836,0.27025408,0.59499003,0.66623611,0.77682476,0.56870738,0.51890583,0.55742759,0.43441244,0.51640836,0.42797856,0.43193859,0.54056096,0.50526323,0.48039674,0.56847980,0.51099247,0.52985163,0.57640787,0.47903711,0.62554133,0.47452039,0.55901321,0.51180003,0.40340515,0.45893718,0.47326333,0.56076415,0.56003389,0.51320347,0.57479436,0.45374213,0.51090759,0.53584968,0.40219347,0.58095501,0.62477394,0.49264938,0.39513099,0.55761823,0.46782826,0.46251678,0.55175929,0.48752138,0.56856522,0.43981296,0.54255304,0.51348978,0.41104435,0.69252995,0.39519257,0.56471143,0.50728865,0.42593370,0.44489656,0.58800143,0.56669934,0.59010660,0.62718511,0.59266321,0.46010002,0.52708235,0.50224702,0.45793313,0.44436575,0.50105733,0.51161537,0.47452039,0.50302491,0.55835591,0.50537877,0.63518647,0.58616919,0.55647098,0.60257805,0.50653204,0.55528569,0.45230788,0.51022341,0.47189670,0.44768434,0.46370057,0.45065537,0.62482873,0.54748729
42500,0.47647958,0.43137512,0.40369407,0.47778790,0.48006046,0.43651900,0.49622367,0.51208058,0.40647938,0.40325145,0.41159918,0.53080637,0.52677370,0.49341907,0.56591252,0.54981762,0.46457428,0.51070169,0.42394019,0.51765617,0.61021356,0.45709418,0.48319021,0.36298763,0.55072924,0.39168216,0.46892018,0.46948436,0.49783915,0.41130945,0.45284810,0.56986650,0.58772581,0.41530747,0.45584445,0.54413179,0.30251776,0.42308270,0.35783278,0.38030603,0.50896141,0.49659642,0.46876356,0.52926017,0.51426806,0.58815865,0.56345597,0.58140356,0.43472403,0.40000312,0.48887945,0.49790635,0.46261551,0.46998512,0.51971959,0.41519942,0.40883394,0.61372918,0.61393463,0.47385716,0.41151493,0.53456554,0.63357408,1.00000000,0.50583751,0.55450470,0.53455788,0.55641446,0.40634592,0.50454374,0.46952039,0.44761327,0.43203558,0.39364616,0.44430045,0.39905285,0.40075559,0.52723734,0.35847504,0.43327750,0.43327026,0.52578320,0.61532487,0.42919881,0.46543773,0.55490965,0.47863813,0.47741098,0.44812261,0.51398778,0.46634965,0.43435386,0.55078247,0.49967951,0.41630322,0.56380668,0.43887541,0.54365399,0.45651109,0.42063961,0.45907772,0.63437441,0.58094602,0.55077155,0.46507772,0.59799870,0.57331038,0.49725338,0.51473176,0.50170422,0.44769416,0.57497958,0.47668354,0.49137341,0.46049388,0.39615698,0.43721927,0.42335791,0.57525198,0.56977603,0.61910100,0.53640219,0.52215351,0.49602269,0.62848756,0.53164279,0.51173470,0.65029625,0.49923458,0.52764787,0.53507507,0.37938380,0.47770845,0.62541511,0.72053027,0.45559184,0.46394588,0.39673722,0.47349303,0.54863258,0.46823962,0.39307515,0.45320897,0.38792032,0.48097764,0.49137341,0.50745554,0.39317364,0.62923886,0.50885918,0.44891074,0.40971237,0.49942984,0.55285920,0.51854497,0.53302080,0.45935607,0.65147791,0.43397607,0.48349840,0.48024718,0.53348785,0.53982971,0.55810821,0.46658620,0.54743078,0.52420745,0.57096487,0.54326893,0.51333895,0.56359130,0.49866896,0.46080329,0.69307014,0.50134248,0.48946147,0.57579112,0.45010588,0.33687212,0.46451652,0.41929054,0.50369037,0.49252222,0.40421377,0.43318462,0.46470028,0.49639088,0.41979481,0.49269322,0.55481187,0.33312903,0.40174028,0.46084523,0.43844917,0.38409960,0.37209722,0.55741523,0.55963296,0.46066953,0.63915527,0.44219823,0.51999702,0.57832179,0.50605799,0.55101526,0.55599392,0.54809278,0.56543546,0.41666558,0.37922151,0.57915681,0.52551170,0.58163440,0.49649004,0.44003287,0.59109105,0.51200635,0.44363459,0.49992801,0.53469120,0.43773473,0.49622367,0.48457690,0.47958623,0.44545110,0.60347986,0.46603096,0.44790459,0.50081062,0.39570688,0.52097090,0.57193934,0.42499504,0.46488466,0.53992035,0.41677501,0.50448780,0.42055985,0.50535282,0.39684489,0.49317978,0.50309473,0.51517347,0.71522574,0.59226783,0.47678855,0.51333895,0.46400948,0.34942706,0.47403278,0.53615752,0.60631826,0.50060657,0.56341624,0.64309670,0.52455820,0.35119516,0.60112042,0.49761631,0.46222822,0.47856846,0.55316493,0.50746717,0.53994374,0.60468601,0.69274790,0.57611140,0.51066264,0.44892236,0.43197223,0.45808067,0.51375018,0.43519653,0.57181069,0.35972308,0.39570688,0.43183473,0.50132907,0.47311036,0.56033082,0.58251510,0.56451951,0.51407127,0.46671447,0.52486368,0.34565860,0.46625674,0.38961404,0.52093397,0.56827120,0.42171479,0.56710592,0.44552677
47240,0.44443374,0.40476878,0.41218499,0.46725687,0.38862986,0.37609785,0.43107861,0.46763689,0.47787943,0.46374599,0.41924531,0.49545249,0.48917905,0.42058826,0.44744402,0.45489880,0.36097684,0.39530432,0.43246653,0.40246548,0.43584942,0.35929640,0.37635795,0.32654202,0.45534360,0.39611546,0.40199183,0.44770826,0.44988835,0.30720356,0.44814887,0.38991171,0.47512495,0.44195908,0.40226751,0.44412415,0.34582650,0.39545516,0.38256674,0.49476440,0.49744510,0.37664752,0.40018567,0.45135463,0.44942528,0.45805093,0.55637359,0.44449556,0.34849017,0.38974880,0.42054217,0.37115771,0.45100204,0.41491583,0.40172059,0.39897515,0.46753055,0.44878324,0.39874962,0.34273403,0.37112984,0.67855331,0.70333450,0.50583751,1.00000000,0.33034595,0.37932070,0.52435824,0.41060195,0.51122999,0.37742151,0.42707369,0.35498284,0.27767554,0.52334228,0.56635156,0.37057518,0.38697039,0.42243819,0.32881640,0.41589608,0.74184253,0.47085951,0.39750912,0.51002081,0.57458926,0.45179839,0.40238293,0.53887808,0.31985406,0.30646009,0.43327806,0.48228408,0.43674402,0.39219863,0.50118713,0.32183525,0.46308295,0.37978217,0.40246491,0.35094566,0.70526146,0.44279075,0.32182512,0.49103423,0.44208594,0.41119197,0.48661945,0.35782542,0.51615060,0.35788070,0.39963995,0.36263377,0.27637514,0.50566147,0.44451737,0.32521489,0.38602525,0.49199065,0.49324428,0.46326612,0.42436485,0.36519792,0.51435942,0.47269755,0.44248021,0.41737655,0.55952808,0.35744929,0.50579967,0.40116338,0.39187498,0.32497636,0.55369301,0.35708178,0.41330888,0.40605181,0.26349167,0.41553553,0.39377879,0.32627026,0.32842216,0.40288917,0.39624053,0.39218569,0.27637514,0.45835758,0.34542403,0.59545625,0.44176569,0.32473051,0.48551900,0.39824704,0.33899422,0.31871716,0.37954123,0.42124809,0.46013122,0.43090674,0.42880812,0.47092894,0.47155773,0.34692806,0.30058872,0.30378020,0.28009212,0.36388876,0.36739126,0.32395655,0.32293177,0.45394689,0.39055733,0.40640974,0.45200244,0.36498925,0.36767475,0.41604019,0.32267676,0.38710856,0.41040199,0.40413316,0.37068979,0.32908749,0.39444455,0.36318949,0.48133586,0.26026140,0.36896121,0.44026694,0.36483188,0.36451192,0.33550511,0.43439184,0.25603756,0.34390036,0.42355830,0.36617224,0.38376324,0.34766437,0.66170024,0.46686767,0.51710197,0.68987314,0.40777415,0.55679901,0.44001716,0.32856312,0.35721346,0.34248863,0.27004692,0.39504815,0.54111998,0.71624227,0.50208857,0.54866875,0.41477216,0.32032374,0.44765653,0.27187518,0.31301516,0.33138213,0.43107861,0.37515490,0.47697077,0.44462838,0.43757957,0.48997161,0.32255729,0.49108015,0.39905139,0.42233967,0.30417600,0.31618771,0.37827308,0.35600979,0.50415554,0.45352068,0.51341476,0.49530875,0.30115173,0.44771642,0.44093004,0.27565221,0.51964003,0.45528537,0.42201870,0.32293177,0.45219204,0.31084994,0.41279996,0.41091821,0.33068830,0.46776744,0.35462638,0.41263372,0.38612509,0.32153202,0.54225912,0.31552056,0.39200882,0.38837971,0.30930980,0.29345544,0.35950996,0.35845513,0.48380693,0.46635977,0.55981027,0.36450334,0.32955743,0.39072695,0.39787004,0.35204768,0.41342998,0.31713417,0.39905139,0.33381083,0.39783080,0.34420923,0.48209421,0.41943172,0.47416372,0.41378975,0.37713660,0.52064837,0.39378652,0.45232942,0.38192675,0.33663866,0.31905040,0.36845381,0.46354131,0.37528236
48693-A,0.48223939,0.39188398,0.36792063,0.42488572,0.35382167,0.44142842,0.48014405,0.52586673,0.41864545,0.41497276,0.43015100,0.46593804,0.55300689,0.48354212,0.44920878,0.48991109,0.40782041,0.44059686,0.39259905,0.43977005,0.48528604,0.27298893,0.43453033,0.30187327,0.49742332,0.39473733,0.39495535,0.41735392,0.41636480,0.34556444,0.39206968,0.58008066,0.60450047,0.40787571,0.40387640,0.51857582,0.31245815,0.42770553,0.34833557,0.41852074,0.47234982,0.43622746,0.48430507,0.53259269,0.49587903,0.57282949,0.49048735,0.46194248,0.40063907,0.40896100,0.46623975,0.48970757,0.42903019,0.50481354,0.44051481,0.40405413,0.45616101,0.54945269,0.53345199,0.42892850,0.40719038,0.45714393,0.56659320,0.55450470,0.33034595,1.00000000,0.67711253,0.56442459,0.32922415,0.43952658,0.42834160,0.45095959,0.45701161,0.30482501,0.47031746,0.36345237,0.32449376,0.51697376,0.35396517,0.41763129,0.44035179,0.36259194,0.53162978,0.53518623,0.41797082,0.46874505,0.41108408,0.47434695,0.39714205,0.48919062,0.41502209,0.47930496,0.45870924,0.47151361,0.40361052,0.48921041,0.38462415,0.52632134,0.39631646,0.43748255,0.45898944,0.55440883,0.61107238,0.66883718,0.43109749,0.51789758,0.52014968,0.49065030,0.42395505,0.41391552,0.38006613,0.48763509,0.34358250,0.35176987,0.43005442,0.43563239,0.45875917,0.46480904,0.52561241,0.52425834,0.53789959,0.53504244,0.41325150,0.40943144,0.56509639,0.57126333,0.46181803,0.51953524,0.51143248,0.49202367,0.44841243,0.35967511,0.31946813,0.56843376,0.54390277,0.51635590,0.40854516,0.39585714,0.41242376,0.49959318,0.44658196,0.36051670,0.44678609,0.40982854,0.48962925,0.35176987,0.50508027,0.41678292,0.57980174,0.42562535,0.51525635,0.45564008,0.43917618,0.54731886,0.49124032,0.44094722,0.51434052,0.53915908,0.37102478,0.54672819,0.41818450,0.52387141,0.39277485,0.44408227,0.34585193,0.45624343,0.45555773,0.45560774,0.38818784,0.41878384,0.42849002,0.47533925,0.51587425,0.51468018,0.48423412,0.37724255,0.52498162,0.37812654,0.34528622,0.54995322,0.43835930,0.40957551,0.43834614,0.47794488,0.41407839,0.44286781,0.45666846,0.36076891,0.55278732,0.54479990,0.33639136,0.35887595,0.41499709,0.45577102,0.45363550,0.36526910,0.46853526,0.52917702,0.39381498,0.50333015,0.47220321,0.40650711,0.50270360,0.44087860,0.55183546,0.48149079,0.47389055,0.44434751,0.41255369,0.32076177,0.56904495,0.43909845,0.47273959,0.47230125,0.41309919,0.46381091,0.40957151,0.44175829,0.51086714,0.49637174,0.50726885,0.48014405,0.48351760,0.49680561,0.45448144,0.51820513,0.43810452,0.51411357,0.45680323,0.36066906,0.60798208,0.66519520,0.36816378,0.45488607,0.39505779,0.44209573,0.50538987,0.43086296,0.41822730,0.43852373,0.46257491,0.51151325,0.42576119,0.51027555,0.61757109,0.48377062,0.41878384,0.48973127,0.43945371,0.48221551,0.46835361,0.62085794,0.64377655,0.44030288,0.46637848,0.50231323,0.26838405,0.56907585,0.34188660,0.51358606,0.51888358,0.45849596,0.42547001,0.66279054,0.84458985,0.53352224,0.57904624,0.49753191,0.37930306,0.54857467,0.39515167,0.37879656,0.40779438,0.43558865,0.41212077,0.36066906,0.47557727,0.49807425,0.51998371,0.51077080,0.50060554,0.44601952,0.53517028,0.45360254,0.46322518,0.34002665,0.38594474,0.37627961,0.50158044,0.50154894,0.43746047,0.56816707,0.51234037
48693,0.38425681,0.39459361,0.36682148,0.44229538,0.43259554,0.38360847,0.48097432,0.51560926,0.43134285,0.37997663,0.39373348,0.47359517,0.49230556,0.50538881,0.52146627,0.50357260,0.34387145,0.40414490,0.43509146,0.38943694,0.45056352,0.32600608,0.39485909,0.34851070,0.51108483,0.38460633,0.37613836,0.41912351,0.39478060,0.46302556,0.40119598,0.53615004,0.59001102,0.37136858,0.44734113,0.50169703,0.28730348,0.37040546,0.31405929,0.36499544,0.45804686,0.36086857,0.39057432,0.52705299,0.45141657,0.49396440,0.42945152,0.44719675,0.39720950,0.38627259,0.45842897,0.44700864,0.37798566,0.44955827,0.39018170,0.43384846,0.41854356,0.46734475,0.49442616,0.38954007,0.37101296,0.49105451,0.54359850,0.53455788,0.37932070,0.67711253,1.00000000,0.55052806,0.35482055,0.42656288,0.34841897,0.39211902,0.40265269,0.34289180,0.40305404,0.42929281,0.35300546,0.58841163,0.30419293,0.49375871,0.44074980,0.40862343,0.50203961,0.57602951,0.40638215,0.45727975,0.42780376,0.40196810,0.45772729,0.41138627,0.33883502,0.33985728,0.46083607,0.43771315,0.30657596,0.41784190,0.35703418,0.58869804,0.51365221,0.38896502,0.41234493,0.54106243,0.52506680,0.65195596,0.40881321,0.51217259,0.46261295,0.52536644,0.42732775,0.44241632,0.34616640,0.43348492,0.38031473,0.32950716,0.44670751,0.35551835,0.41113121,0.47272824,0.50376958,0.42809828,0.45366587,0.50554402,0.44927971,0.35500033,0.48298845,0.53456938,0.40066450,0.51727236,0.37423542,0.44285239,0.42783760,0.34703280,0.35384103,0.50403184,0.47637179,0.43291246,0.36634171,0.31022413,0.39374553,0.50330050,0.47166092,0.35774248,0.44921382,0.37316878,0.39566755,0.32950716,0.44722750,0.41503045,0.50869670,0.44078075,0.40451197,0.39232931,0.44335475,0.48042066,0.36533600,0.42037239,0.43511166,0.50898836,0.35983174,0.47230363,0.49838451,0.47567753,0.43436157,0.41666374,0.34069141,0.40616837,0.56254050,0.46226878,0.46067817,0.39904373,0.38738136,0.40041110,0.44177456,0.56053954,0.50418560,0.37960741,0.46744488,0.39889749,0.29491521,0.47914301,0.52959117,0.37488364,0.39422682,0.40568100,0.38741687,0.41443288,0.42852100,0.35943866,0.47799247,0.54316531,0.33281705,0.34701715,0.35988878,0.34466712,0.36512531,0.37858437,0.53846125,0.46008449,0.37904355,0.50728546,0.44742929,0.48789836,0.51097206,0.40563929,0.47357969,0.39037199,0.46209844,0.38867556,0.43116999,0.19512269,0.42922100,0.44232468,0.46154641,0.43450485,0.40335829,0.46105648,0.39284830,0.45405849,0.32740187,0.36987852,0.49471225,0.48097432,0.42153890,0.37245400,0.46270593,0.46158041,0.39525703,0.40336918,0.45402555,0.28477399,0.60443126,0.66550602,0.31326958,0.39581049,0.43664451,0.41845433,0.43104291,0.40392600,0.43491419,0.42658309,0.44460865,0.47364193,0.40484836,0.50075837,0.54568087,0.39304443,0.39904373,0.34937681,0.32982794,0.39148932,0.45092776,0.50421184,0.52927024,0.38463093,0.46860753,0.47219552,0.32265165,0.57029090,0.35950391,0.51584054,0.44296821,0.42158315,0.37571321,0.68596092,0.59841972,0.54371931,0.56211748,0.45787552,0.36494495,0.49663495,0.45338654,0.41366067,0.40002558,0.41062896,0.35274193,0.28477399,0.39536223,0.51192999,0.38839051,0.50140632,0.47562024,0.46840460,0.46369234,0.49454884,0.40369723,0.29025441,0.39542558,0.39016571,0.43141386,0.45828872,0.41584356,0.55123832,0.41553340
57828,0.60008100,0.64109339,0.54938143,0.67059095,0.53411735,0.60923897,0.70173299,0.69049560,0.71990371,0.63769234,0.65967938,0.67024881,0.66317835,0.64164798,0.69151741,0.75036508,0.43639451,0.57066395,0.66852881,0.62903496,0.62788117,0.52023655,0.59529108,0.43783052,0.74652786,0.66902414,0.65226768,0.58115759,0.56137690,0.49390214,0.64861623,0.60868024,0.60036041,0.60056392,0.57632065,0.59525812,0.52564175,0.60677993,0.60589695,0.54561833,0.71519225,0.47264427,0.58348290,0.71918253,0.66529683,0.68597215,0.51020943,0.62096181,0.61006221,0.60742245,0.65526768,0.62243089,0.54331231,0.66783831,0.62693636,0.57290181,0.56090233,0.74058321,0.60256757,0.58953539,0.52093743,0.54780075,0.66218837,0.55641446,0.52435824,0.56442459,0.55052806,1.00000000,0.52120995,0.57285080,0.53058221,0.63321590,0.53519693,0.46555716,0.59434899,0.52579884,0.46922606,0.62642345,0.54598095,0.51768516,0.65784381,0.51823516,0.67986467,0.61321480,0.54767590,0.61634536,0.49877066,0.60030567,0.55879990,0.49396510,0.48914725,0.49602383,0.61194399,0.62844961,0.51126665,0.65068025,0.52043719,0.67500534,0.55099354,0.52606194,0.59810939,0.65210152,0.69146187,0.54125455,0.59865720,0.61965043,0.56358612,0.75031243,0.56305493,0.61000131,0.46686872,0.63990821,0.53539996,0.42269934,0.67028864,0.40629837,0.56421192,0.55927270,0.69273744,0.55368764,0.66941835,0.63972728,0.57979248,0.58954822,0.77048220,0.78584684,0.57578835,0.67581264,0.52792534,0.66568533,0.56107686,0.52922495,0.51451357,0.59219841,0.54960545,0.56118851,0.56941449,0.45057094,0.58579712,0.55528120,0.49071768,0.47138693,0.62824749,0.58781090,0.52827604,0.42269934,0.70435046,0.58681249,0.57188574,0.61909060,0.50985862,0.59611641,0.57595337,0.54942876,0.45319536,0.54170323,0.56444650,0.62424869,0.53219941,0.68111580,0.57559911,0.68700861,0.54158643,0.49230294,0.38801218,0.45347988,0.56192888,0.52491325,0.48017074,0.45242624,0.59559656,0.55294456,0.54967256,0.58365937,0.52806346,0.50227985,0.56897443,0.49829731,0.51396462,0.65994336,0.51432500,0.53016521,0.55110966,0.57266340,0.52988908,0.61799846,0.50870692,0.56648244,0.60658136,0.61711698,0.49668687,0.46127771,0.58068192,0.44440496,0.55274840,0.55617822,0.57622482,0.61939984,0.51973471,0.67070856,0.65748326,0.71081025,0.60879067,0.57090328,0.68192187,0.61702486,0.56818964,0.59626265,0.51566744,0.34092193,0.57604590,0.63470505,0.57043988,0.64333321,0.54462440,0.60575535,0.57367545,0.69112200,0.48090286,0.52548754,0.60506968,0.70173299,0.62552443,0.58011301,0.52655387,0.65406635,0.58906361,0.50710157,0.66979733,0.44588710,0.56133735,0.61061267,0.56577891,0.54490580,0.55070376,0.63103959,0.58980041,0.54273916,0.56715050,0.45374231,0.63916247,0.65227307,0.50613266,0.57106095,0.61786907,0.62546494,0.45242624,0.58462185,0.45289697,0.62568557,0.54902641,0.54497649,0.60856497,0.59328724,0.54758765,0.59820040,0.44207631,0.80272593,0.57793330,0.53933512,0.56714091,0.41916287,0.51248285,0.57300274,0.57838193,0.59137720,0.61474625,0.67150101,0.47749680,0.51538955,0.57594103,0.54226618,0.46473189,0.62373944,0.50329175,0.44588710,0.55588176,0.52019876,0.52192501,0.65218799,0.62713070,0.68400823,0.60380027,0.54708128,0.55412725,0.52721157,0.59021824,0.59822721,0.50655135,0.46785994,0.60581031,0.61115434,0.54733449
58348,0.51861706,0.53360948,0.49021963,0.54132825,0.42964789,0.50973383,0.42998927,0.47594639,0.53511638,0.58462113,0.50884246,0.62427303,0.50450197,0.45970958,0.51076689,0.53503342,0.23029403,0.35951216,0.52571476,0.48049701,0.51868198,0.40858147,0.52844212,0.39548849,0.53612872,0.47819445,0.47908674,0.52799307,0.49741331,0.35187019,0.45153328,0.48501466,0.47983840,0.42990710,0.47925155,0.52836160,0.40773373,0.43765188,0.47177574,0.44670956,0.56507934,0.30499193,0.47635001,0.46534513,0.58586190,0.46022834,0.32301905,0.39927973,0.39732302,0.51187830,0.52551917,0.43520683,0.40423329,0.56523491,0.47733712,0.52057280,0.50063246,0.43200687,0.39104786,0.50977387,0.42205092,0.41261866,0.47825690,0.40634592,0.41060195,0.32922415,0.35482055,0.52120995,1.00000000,0.35884893,0.42665406,0.49377866,0.46013002,0.49098749,0.45441368,0.39008423,0.47457100,0.41030472,0.48971348,0.35493785,0.45634179,0.45289356,0.49342512,0.41072311,0.46240096,0.52429761,0.38955279,0.47358487,0.40949325,0.46522029,0.42599476,0.36129739,0.53644245,0.46696834,0.46929834,0.49562310,0.53985913,0.49334756,0.38738204,0.46469998,0.33173042,0.46555150,0.48713837,0.29966530,0.47509583,0.38589179,0.31074108,0.51450465,0.45389682,0.49167772,0.55593082,0.36256568,0.51494289,0.33661525,0.52496831,0.39671324,0.38099923,0.47154988,0.43320487,0.37813448,0.47141482,0.54961097,0.49120871,0.47055765,0.43049900,0.42774544,0.45142257,0.51318037,0.30388891,0.48931609,0.47438368,0.49144992,0.40469747,0.45858540,0.40631318,0.49049402,0.52018264,0.44975871,0.47307405,0.41827285,0.37768975,0.40186799,0.56357171,0.40635796,0.53224762,0.33661525,0.56356019,0.43654840,0.46220327,0.50033200,0.40208965,0.43889793,0.39350147,0.49131479,0.48363917,0.46553863,0.49168231,0.40259627,0.41508814,0.58475753,0.36955902,0.48746805,0.52785718,0.45964183,0.34404480,0.40928274,0.37078272,0.45603468,0.40876621,0.40965496,0.48873433,0.46843752,0.49469527,0.43636241,0.43231108,0.47431946,0.31051951,0.38315064,0.41139120,0.56193984,0.39223214,0.48921903,0.48730018,0.50892692,0.43918371,0.52518188,0.44521320,0.48316886,0.45913662,0.35010393,0.36119215,0.38792766,0.42720462,0.31095153,0.30560102,0.45394461,0.38024436,0.40380079,0.47462183,0.49752218,0.56187821,0.59486277,0.45997893,0.37631700,0.51723509,0.41657402,0.44677381,0.43221168,0.43700221,0.26715722,0.35441213,0.52051178,0.45659386,0.52693913,0.49380462,0.49111529,0.46202579,0.59721208,0.31348677,0.34983489,0.30556168,0.42998927,0.51935072,0.49565622,0.33542004,0.44617035,0.45196766,0.40030539,0.45968427,0.29495439,0.37163181,0.32764109,0.33639734,0.42336031,0.53619094,0.47661739,0.51605838,0.42924955,0.47790519,0.34433690,0.55649936,0.47091682,0.41065253,0.43815532,0.44096527,0.42252068,0.40965496,0.44496316,0.36837513,0.42983781,0.50656682,0.49171390,0.44968239,0.43389784,0.41681285,0.52441011,0.43222906,0.53581415,0.34748629,0.39584959,0.40865791,0.39688589,0.47170512,0.40152673,0.38426159,0.43539222,0.45377462,0.49353242,0.58706152,0.31904813,0.42784032,0.50729311,0.52929243,0.47889097,0.32299115,0.29495439,0.36754311,0.38358477,0.35285872,0.51849388,0.52706760,0.48131217,0.51132810,0.36698182,0.57048482,0.45905708,0.49592457,0.44257214,0.40259868,0.46359851,0.50238590,0.44980291,0.46692499
58423,0.43769654,0.37287406,0.30575381,0.58840796,0.31629702,0.37846890,0.39271118,0.52976813,0.49096759,0.51502434,0.45271417,0.53786567,0.46141292,0.42069218,0.47243465,0.50914669,0.40622507,0.38456212,0.48145469,0.40358182,0.44703946,0.35483370,0.36111268,0.39452179,0.51065324,0.31655136,0.38874291,0.36050665,0.48323780,0.28576944,0.49399660,0.38181256,0.40883722,0.48952721,0.39144810,0.48059946,0.39233161,0.48688182,0.49923346,0.38249286,0.58376766,0.42022090,0.40105311,0.48706408,0.43662990,0.50290442,0.56499803,0.37272427,0.39846394,0.40910385,0.46889636,0.39264497,0.61843211,0.42447642,0.40418908,0.41142189,0.48667660,0.54782804,0.40239217,0.37224310,0.32451188,0.56192616,0.62891253,0.50454374,0.51122999,0.43952658,0.42656288,0.57285080,0.35884893,1.00000000,0.40621440,0.45689155,0.34400114,0.25982424,0.36970063,0.43329113,0.36433415,0.40946148,0.49761658,0.35268755,0.50217024,0.51025582,0.40520866,0.43877720,0.41397231,0.70574530,0.37331742,0.44631011,0.40744665,0.35963238,0.34829293,0.36107903,0.39568506,0.52902487,0.40254542,0.46825689,0.29416470,0.54373526,0.35306633,0.30211191,0.36024364,0.63231989,0.46182689,0.39689707,0.55796200,0.39626345,0.41178693,0.48389101,0.34304024,0.52696661,0.34054512,0.38001874,0.32026842,0.29989870,0.38318887,0.35760327,0.38556389,0.40236641,0.65199462,0.52355352,0.44802531,0.45378180,0.36477773,0.39468957,0.57535943,0.50803640,0.39246175,0.49230834,0.43688379,0.52294224,0.36358700,0.32356268,0.32780579,0.49983004,0.38464097,0.35113563,0.49292047,0.31909583,0.44479657,0.36934638,0.32367945,0.32153462,0.44832266,0.46515182,0.38490294,0.29989870,0.51931708,0.49441721,0.55767475,0.37998058,0.36463383,0.35100032,0.33509882,0.39953980,0.35708371,0.34533704,0.35403519,0.60640374,0.39081766,0.43125278,0.46419557,0.58062214,0.33002266,0.31251436,0.29387705,0.29854945,0.34233435,0.36542996,0.32367434,0.33868516,0.44709585,0.33725416,0.34319211,0.41590744,0.37301391,0.36853174,0.41690466,0.27930739,0.47713334,0.45316518,0.32476816,0.36574581,0.32979911,0.37932416,0.41344727,0.66414608,0.32994545,0.36260196,0.45874647,0.38478558,0.50124730,0.44077282,0.47654093,0.25908186,0.50609786,0.51800558,0.40549810,0.44703395,0.37028808,0.53768057,0.52254225,0.68413800,0.58798889,0.39361215,0.51695195,0.42302922,0.29327373,0.31955210,0.28811255,0.27366083,0.49673312,0.74749869,0.53072977,0.50983599,0.39414243,0.55975745,0.26057350,0.51331424,0.39205752,0.37248031,0.43324350,0.39271118,0.36611524,0.53296891,0.36363583,0.39155458,0.57159638,0.36373610,0.60142922,0.38035715,0.38647692,0.37571054,0.26833404,0.39926139,0.33809602,0.51609629,0.46252909,0.49094672,0.39396738,0.33542198,0.40557558,0.41798202,0.35040433,0.44158299,0.39427197,0.34190202,0.33868516,0.52802977,0.47319222,0.32902915,0.38212259,0.34587442,0.40300757,0.31723868,0.37853369,0.40932315,0.34156838,0.54982076,0.39913587,0.34959564,0.33051482,0.29606881,0.38009182,0.40355970,0.39679186,0.42988318,0.47504429,0.47827074,0.33010737,0.39469923,0.39942217,0.38035085,0.30361025,0.41300708,0.43957326,0.38035715,0.45768388,0.38939412,0.37466589,0.58819399,0.41977837,0.52235002,0.36865726,0.36225951,0.42641055,0.45732872,0.45436841,0.37734479,0.34062700,0.33985893,0.33651483,0.46673048,0.37553131
58437,0.61952882,0.55949151,0.51034554,0.52892021,0.48394251,0.59135081,0.53506762,0.46279319,0.51116440,0.47690500,0.53227206,0.60847817,0.55790385,0.41586564,0.54171848,0.58362610,0.29719492,0.33975338,0.53688061,0.56781113,0.63466452,0.44474130,0.65197172,0.32762319,0.57839704,0.41607480,0.52768522,0.51176943,0.59511024,0.37173729,0.46229026,0.54887706,0.49646458,0.52703173,0.54490470,0.61113715,0.48868062,0.67145081,0.48996706,0.41801787,0.54487176,0.32734912,0.55411156,0.47723433,0.59278054,0.53267229,0.42743625,0.38486103,0.53284457,0.51892309,0.54103785,0.55558083,0.48953244,0.56944449,0.56142174,0.48210435,0.40469270,0.46629547,0.42701170,0.67711509,0.43092081,0.36750558,0.48332463,0.46952039,0.37742151,0.42834160,0.34841897,0.53058221,0.42665406,0.40621440,1.00000000,0.48966230,0.52513310,0.47554610,0.38440391,0.31239885,0.47583454,0.47306045,0.57581277,0.41970052,0.53329250,0.41341586,0.46081979,0.49537796,0.43884240,0.50446766,0.43631827,0.87402174,0.36325501,0.54403274,0.52218417,0.48647036,0.58944107,0.54595897,0.41858723,0.54420913,0.52486878,0.44509953,0.48774533,0.39342118,0.39427613,0.47716304,0.55089711,0.45179313,0.46906313,0.44161581,0.41545979,0.54733585,0.56025938,0.47894241,0.57501444,0.36933727,0.53339462,0.33222241,0.52331352,0.48335300,0.36278021,0.53392184,0.47116448,0.50099989,0.59040486,0.52819159,0.49410804,0.52405689,0.46975282,0.48370384,0.38526771,0.54763856,0.44661209,0.47495475,0.52401827,0.50231278,0.47645470,0.55291834,0.45317485,0.50511203,0.56204532,0.55416922,0.46699411,0.47684850,0.43870350,0.38595513,0.54704910,0.50865740,0.56746092,0.33222241,0.59025983,0.41372224,0.54657236,0.57478705,0.53954765,0.38080945,0.38332721,0.53383565,0.49498179,0.51200393,0.51155397,0.42542684,0.44715700,0.59880372,0.29385050,0.54928757,0.57402286,0.52113906,0.38741996,0.51143944,0.47258817,0.56502043,0.41771551,0.46118004,0.65962473,0.49655897,0.49868099,0.47220208,0.63079646,0.42620806,0.41040628,0.44488291,0.48392703,0.57672026,0.40846031,0.62727276,0.48294521,0.55979508,0.60026009,0.43520365,0.47096120,0.47457025,0.55743709,0.34922327,0.33999094,0.46502407,0.42967007,0.29968614,0.37199639,0.45050845,0.52884049,0.46250005,0.43192978,0.46216375,0.60061915,0.49860201,0.50208995,0.34053447,0.51118177,0.38851362,0.39619306,0.47719371,0.32754319,0.32409061,0.48175324,0.48542390,0.49938167,0.51846884,0.44738806,0.44015232,0.42011268,0.58028580,0.46244089,0.52838992,0.38333987,0.53506762,0.54451342,0.56839685,0.36587546,0.40599707,0.48022086,0.53849023,0.46313692,0.35740119,0.47535705,0.47416601,0.33586181,0.45925156,0.58202647,0.56148572,0.56481213,0.45386348,0.50213723,0.44179939,0.55313677,0.51576221,0.42393768,0.52388313,0.52398732,0.39888908,0.46118004,0.56717505,0.37290574,0.40265180,0.61486806,0.54253514,0.47733103,0.48373514,0.43229294,0.55322594,0.52329840,0.54078686,0.55235998,0.38672765,0.42960691,0.40617416,0.58466994,0.41106255,0.46648919,0.50745683,0.48932534,0.50512825,0.55923488,0.30870967,0.45644197,0.55078516,0.53676805,0.58311805,0.36094455,0.35740119,0.37951434,0.47575102,0.39785836,0.51939672,0.64178572,0.51447282,0.52887920,0.45210902,0.48709764,0.59496757,0.68874992,0.60596415,0.52037892,0.47819979,0.57949412,0.48670316,0.51441584
60348,0.66757823,0.70080778,0.63791287,0.60962534,0.48649555,0.62892766,0.60932367,0.55822413,0.59802472,0.57966627,0.61259156,0.54436022,0.65068701,0.54275121,0.65833193,0.71938372,0.43273355,0.51411720,0.60279142,0.64404020,0.61076587,0.52826947,0.60247825,0.40651888,0.71554649,0.50557393,0.68473280,0.56497711,0.58357144,0.43327294,0.48955800,0.55875904,0.49511715,0.65259846,0.53547897,0.56476069,0.51686160,0.54199294,0.51801063,0.55618200,0.64128534,0.44163009,0.60961722,0.51767835,0.67421461,0.62741923,0.41492200,0.53545076,0.63779480,0.66902412,0.60836602,0.51625477,0.49961310,0.66854523,0.64194159,0.54994920,0.45855169,0.54626366,0.54629430,0.59137411,0.59150246,0.41072780,0.47027797,0.44761327,0.42707369,0.45095959,0.39211902,0.63321590,0.49377866,0.45689155,0.48966230,1.00000000,0.57471072,0.51623811,0.54727521,0.39280930,0.48385774,0.54127559,0.54105091,0.49917937,0.61401789,0.39852107,0.59414380,0.56081067,0.55456291,0.55376569,0.52303077,0.53191908,0.41262449,0.49450324,0.53857658,0.48978008,0.60866177,0.53529642,0.53627382,0.57951763,0.54687892,0.48014204,0.49221526,0.50338283,0.43613369,0.46087143,0.56207340,0.50894595,0.57414276,0.49766889,0.49273242,0.60551694,0.55116397,0.47880587,0.51946497,0.53378038,0.60646425,0.42694974,0.63090284,0.54067218,0.41645227,0.51222859,0.49152410,0.52603110,0.55777153,0.54656179,0.58050503,0.53254301,0.57616264,0.56585437,0.58400894,0.52163809,0.46388040,0.49413124,0.59528309,0.59686784,0.52631674,0.47553241,0.52757293,0.51304497,0.54947962,0.57827814,0.49203627,0.48647568,0.43969597,0.51124499,0.59049125,0.55387778,0.56621471,0.42694974,0.62410954,0.48896566,0.46449724,0.62260053,0.48437417,0.53689072,0.50689197,0.55893543,0.42919195,0.57590946,0.51479348,0.49171336,0.44969940,0.62993572,0.39248562,0.61889496,0.55577355,0.48498074,0.46290851,0.46359079,0.48871844,0.53170903,0.51267907,0.51833674,0.55606906,0.52002242,0.49952875,0.52255212,0.47095063,0.49900540,0.49812073,0.49409456,0.50992011,0.61695492,0.41218197,0.60612769,0.53748199,0.60076338,0.59039011,0.53535704,0.49132890,0.61722554,0.58116650,0.44292558,0.45741004,0.43346612,0.48413622,0.45259009,0.40678482,0.47634917,0.51937551,0.50202470,0.55148003,0.51679454,0.63257642,0.55082976,0.45998542,0.51808952,0.63382443,0.46569851,0.52814004,0.52741814,0.42628847,0.46180362,0.49488055,0.50211978,0.45153219,0.50159318,0.56314011,0.52791840,0.49065074,0.60007840,0.45646259,0.49656989,0.42182392,0.60932367,0.64880112,0.51573847,0.45500112,0.60250870,0.53745628,0.48161712,0.50754175,0.37819935,0.46975315,0.44918723,0.48042558,0.58424417,0.56489087,0.56595981,0.59282258,0.52703506,0.55414421,0.40822005,0.57702745,0.59291798,0.52268238,0.50501518,0.52038041,0.57480362,0.51833674,0.57151392,0.43232622,0.57502426,0.54733338,0.51385283,0.55150113,0.52444272,0.52126308,0.56499503,0.46140463,0.61579696,0.54585642,0.43505055,0.51386997,0.45858104,0.52942276,0.43226428,0.45535828,0.51625802,0.50179580,0.54065527,0.54045462,0.36382265,0.52689036,0.60771581,0.53971763,0.64275343,0.36050000,0.37819935,0.49181009,0.40813277,0.37886790,0.51372751,0.59645617,0.69071127,0.50066861,0.46063321,0.62151599,0.52228152,0.50764085,0.51567409,0.44849427,0.47960750,0.59774405,0.49820389,0.48568400
65094,0.64821117,0.60659613,0.58575788,0.46813194,0.51525803,0.69004597,0.53738596,0.52650047,0.47062269,0.48640674,0.51498757,0.58155449,0.60310533,0.40650982,0.55699201,0.64857536,0.27699593,0.38832801,0.51844324,0.55094314,0.58589794,0.43951015,0.58977176,0.27842674,0.64578479,0.44382040,0.59016667,0.65153685,0.56604772,0.41348852,0.41209499,0.58464330,0.49916189,0.50110863,0.50094768,0.57005688,0.39380396,0.52361555,0.43369502,0.47436234,0.51309650,0.33312695,0.64334533,0.53123786,0.68116564,0.52121023,0.39634976,0.46092897,0.53685595,0.56401380,0.56994937,0.46843068,0.38577814,0.75786233,0.54709514,0.51579669,0.35612886,0.47605312,0.50663797,0.57184900,0.63480290,0.35374956,0.42693158,0.43203558,0.35498284,0.45701161,0.40265269,0.53519693,0.46013002,0.34400114,0.52513310,0.57471072,1.00000000,0.47555098,0.50340049,0.37405163,0.42518058,0.51610944,0.36238548,0.47261201,0.50356043,0.38720922,0.52402751,0.55638089,0.53279608,0.50108591,0.51989142,0.56772930,0.44896968,0.52067113,0.51187593,0.49139117,0.64383348,0.48663931,0.41306549,0.47638804,0.56385237,0.46557995,0.46901467,0.44159382,0.35860576,0.43069491,0.59340925,0.50613553,0.52205065,0.43743299,0.41234628,0.54517259,0.51889246,0.45588734,0.50336745,0.45080220,0.55111448,0.42059656,0.61839828,0.50563857,0.35206731,0.48604379,0.40812292,0.46042060,0.52314752,0.54307328,0.55268474,0.44216874,0.48810820,0.52909623,0.44193706,0.49488948,0.41498518,0.38530319,0.67128934,0.69139771,0.45987983,0.47079479,0.54754791,0.49432368,0.46344060,0.52976333,0.35979169,0.50037306,0.47012774,0.45046813,0.57918324,0.45612754,0.52680248,0.42059656,0.52565347,0.37311052,0.46229848,0.64210825,0.49108611,0.49551315,0.40455783,0.56612652,0.42781177,0.66601729,0.50325618,0.42083695,0.35936742,0.63605813,0.31155644,0.54660962,0.50717395,0.54218910,0.50506504,0.53902876,0.50597251,0.59963446,0.50621497,0.55976638,0.53476986,0.50954799,0.49570524,0.45390351,0.52764665,0.45431391,0.41250555,0.49003931,0.36681510,0.54098963,0.45651042,0.57370009,0.52959862,0.66152968,0.53732954,0.37884723,0.55638662,0.63264662,0.69280153,0.38692707,0.32614498,0.41132043,0.36590828,0.37425672,0.31287986,0.38810497,0.51841518,0.45724702,0.45733736,0.47786265,0.70389920,0.40281721,0.45118094,0.39551022,0.49672861,0.32169168,0.48634505,0.50488982,0.31494237,0.40483951,0.42096364,0.45022835,0.48130052,0.54360667,0.55987463,0.43595826,0.45763637,0.52286595,0.37422671,0.50261221,0.33623318,0.53738596,0.75388403,0.50269351,0.44769444,0.49828097,0.46585056,0.48841363,0.46890031,0.25897755,0.50591790,0.49834761,0.40347171,0.60245060,0.51833638,0.52887170,0.57501617,0.44828012,0.50150449,0.46330439,0.68722112,0.63228436,0.48036820,0.49164319,0.53915059,0.50444305,0.55976638,0.45046400,0.26059108,0.52042695,0.62862192,0.56743710,0.50095403,0.50642782,0.47640891,0.60066432,0.44502689,0.59681012,0.48092635,0.42526524,0.46468455,0.43375436,0.53243738,0.39850761,0.46463919,0.50453012,0.54850996,0.50980236,0.58418456,0.33705304,0.50316873,0.55637814,0.63834341,0.59956295,0.28854281,0.25897755,0.36176714,0.50888332,0.37772090,0.49655888,0.60905841,0.51977827,0.57176073,0.51115003,0.55558614,0.34292983,0.43483363,0.47255815,0.53985885,0.48081815,0.70058257,0.54648080,0.53423476
66857,0.50981535,0.54804622,0.53168321,0.50357431,0.52947936,0.57690647,0.52619629,0.40175476,0.44690403,0.35993184,0.40920611,0.47780183,0.50713708,0.47010194,0.63687709,0.61699172,0.29334783,0.42704666,0.50782934,0.56084919,0.54562105,0.53291958,0.69443424,0.39040468,0.61402121,0.38690795,0.51859421,0.57047690,0.45345778,0.35818365,0.40392240,0.51140739,0.43275593,0.50698889,0.59531345,0.54693439,0.30938025,0.48501042,0.37136912,0.42439647,0.44803334,0.36110887,0.52229783,0.46723793,0.57421529,0.45709942,0.27611562,0.43746288,0.58239677,0.54171695,0.56404144,0.48413796,0.35754242,0.55738713,0.55681308,0.47899212,0.29545938,0.39652085,0.48025129,0.66569727,0.48743506,0.27309025,0.35979589,0.39364616,0.27767554,0.30482501,0.34289180,0.46555716,0.49098749,0.25982424,0.47554610,0.51623811,0.47555098,1.00000000,0.38263843,0.27518618,0.53877170,0.44674921,0.38588872,0.36487352,0.51830793,0.29600856,0.49450582,0.36648887,0.47301152,0.40873070,0.44829348,0.47813923,0.31419482,0.43938966,0.51892059,0.37089106,0.63415706,0.48374350,0.40650315,0.44066039,0.88355847,0.43572693,0.43185252,0.37284128,0.33199779,0.35243321,0.47957197,0.33556663,0.39081504,0.35760986,0.29550750,0.48911437,0.55969587,0.35693977,0.43818446,0.45026716,0.69074096,0.37359883,0.53875143,0.45596218,0.34650478,0.44567205,0.34004463,0.37654243,0.45825805,0.47513903,0.60486675,0.40162613,0.40378823,0.40416102,0.41349037,0.42310400,0.31197675,0.36377054,0.55108928,0.55153568,0.50585498,0.43324004,0.49557406,0.44117336,0.39486052,0.47462752,0.42099391,0.50892035,0.46517153,0.45035864,0.53662882,0.48501439,0.49362068,0.37359883,0.48776551,0.44374542,0.36949361,0.58752983,0.40359503,0.39335743,0.46390688,0.52668495,0.44791825,0.53497663,0.44301952,0.43004993,0.35822666,0.53860195,0.29884448,0.50858402,0.64604823,0.47800989,0.40214216,0.43686602,0.43866110,0.53857311,0.59368069,0.52200173,0.48699675,0.46867164,0.44422664,0.56161868,0.45227129,0.44985026,0.29481817,0.43998225,0.37779324,0.54154932,0.37036018,0.54338125,0.51005308,0.52530462,0.53579296,0.43409980,0.47611194,0.54244584,0.42732575,0.37221914,0.33943187,0.44826759,0.37439401,0.41003304,0.34757998,0.39694380,0.46771062,0.40126147,0.52240785,0.36746714,0.52816794,0.43855787,0.32094626,0.43785618,0.47584904,0.32797316,0.49862354,0.45239491,0.36621465,0.27761436,0.31136331,0.36975760,0.37798864,0.38378755,0.48453899,0.48118532,0.47290157,0.54192126,0.37704455,0.40752767,0.36721970,0.52619629,0.57248651,0.37467735,0.32311004,0.47223519,0.37322900,0.40135561,0.36552542,0.25410757,0.34026713,0.34189218,0.35896043,0.44846805,0.65605282,0.36123917,0.48564604,0.37205687,0.48344293,0.32153034,0.54413871,0.59598530,0.49646373,0.48419623,0.44539175,0.40398652,0.52200173,0.42159013,0.37394231,0.42507203,0.56726023,0.46582061,0.39487295,0.45279460,0.45293539,0.60777695,0.55418529,0.51025910,0.51533340,0.34545850,0.40008132,0.46685363,0.55595315,0.35075884,0.33118650,0.42634339,0.49178065,0.38687443,0.48991480,0.26039896,0.45625780,0.60676249,0.50931854,0.54710019,0.34095484,0.25410757,0.35484389,0.44230690,0.34524417,0.41690897,0.58573482,0.53768231,0.46081076,0.40817025,0.49219414,0.37742001,0.45206784,0.41878456,0.48388981,0.52675623,0.53790848,0.49295322,0.44402581
66858,0.51581421,0.48677729,0.52595105,0.50385928,0.46579334,0.55490374,0.51330093,0.50708430,0.48087847,0.58480491,0.57401101,0.55301569,0.76622969,0.50359829,0.51880490,0.56548361,0.42660065,0.51520753,0.48292139,0.46982994,0.48267770,0.34030978,0.49021229,0.28948446,0.56265079,0.45644644,0.50637167,0.52514900,0.55577939,0.35132081,0.41533901,0.43186624,0.50151809,0.51706286,0.49628087,0.50342461,0.46896316,0.45690511,0.45559511,0.76925177,0.53277678,0.43813616,0.52499321,0.54195954,0.57492108,0.60346297,0.51570442,0.50613710,0.50236350,0.55464493,0.53084628,0.48070573,0.44037279,0.53824172,0.46585569,0.54639177,0.52218162,0.46242659,0.46967145,0.45758827,0.39653622,0.49374804,0.56134542,0.44430045,0.52334228,0.47031746,0.40305404,0.59434899,0.45441368,0.36970063,0.38440391,0.54727521,0.50340049,0.38263843,1.00000000,0.49440248,0.45475855,0.44772998,0.45144759,0.49182008,0.50325141,0.52735995,0.56373093,0.46928367,0.59176592,0.48877426,0.50113200,0.45422627,0.51365922,0.45930528,0.48921818,0.63668775,0.52953020,0.47841509,0.49421731,0.61871977,0.42224557,0.54584218,0.43768947,0.54781737,0.38692379,0.54832844,0.57721383,0.46247271,0.62440206,0.47354078,0.47728991,0.51180352,0.50860610,0.51156792,0.44766300,0.49885281,0.48899006,0.35297853,0.72200890,0.48602165,0.36809431,0.49502761,0.50528171,0.52569366,0.49200233,0.54930071,0.50213196,0.50073538,0.48543358,0.49273912,0.54317875,0.50788337,0.42671416,0.51919790,0.51207452,0.50071285,0.38669954,0.48776119,0.48113846,0.58873921,0.49969502,0.43382870,0.46681133,0.44230927,0.36838038,0.36735717,0.50589264,0.52067753,0.51828079,0.35297853,0.55101870,0.40576282,0.50823394,0.50686924,0.48431497,0.95381996,0.52682040,0.52644189,0.38961688,0.49036492,0.59644167,0.44420592,0.37751056,0.58523921,0.45298025,0.55471954,0.48693536,0.40660850,0.42028111,0.41642148,0.46360452,0.45459341,0.37486587,0.36883958,0.49085161,0.52822646,0.58759394,0.47680609,0.43554261,0.50981146,0.47939631,0.48110934,0.47968847,0.48072865,0.44135356,0.52963089,0.53028714,0.52320969,0.46741182,0.41542545,0.46002315,0.46320527,0.58819141,0.49657787,0.38615738,0.33471353,0.54646686,0.40161027,0.42159411,0.41844921,0.45798808,0.46284476,0.50003020,0.63092950,0.52424682,0.44850431,0.52270559,0.52860922,0.71674787,0.42180608,0.43713439,0.43015674,0.43327999,0.39346128,0.49354212,0.41231964,0.55045207,0.50700086,0.64606324,0.41388602,0.47682174,0.53538903,0.38843996,0.42900039,0.38785622,0.51330093,0.49279563,0.54676814,0.44795001,0.52547890,0.56545621,0.48186572,0.51041595,0.43214110,0.52227034,0.44296545,0.41929163,0.45674251,0.49746857,0.56838971,0.66765506,0.68826202,0.67530113,0.46089948,0.53603364,0.54618075,0.50458072,0.51164057,0.49599623,0.63653365,0.36883958,0.49636060,0.30759062,0.64977803,0.50942326,0.48790118,0.72892565,0.42961777,0.44274941,0.47742952,0.37026327,0.54875180,0.36633173,0.45475096,0.44667014,0.39198763,0.40412294,0.44212406,0.43388226,0.46003542,0.53479284,0.64843247,0.45493948,0.35605225,0.46972448,0.50708064,0.42421321,0.48629330,0.36832723,0.43214110,0.44958689,0.40383404,0.39171637,0.54063768,0.50856126,0.50534637,0.50732875,0.41908945,0.57056365,0.42693426,0.43386915,0.42129936,0.44726381,0.42568367,0.50967805,0.53044592,0.45210271
66860,0.39908187,0.39440563,0.34364658,0.45817009,0.33765759,0.35879324,0.42763677,0.50032075,0.45726534,0.50839866,0.40160316,0.52203775,0.50310858,0.38020089,0.44268443,0.46330505,0.26110245,0.34268477,0.42463031,0.40810731,0.42346380,0.32239505,0.37514428,0.29624375,0.46272330,0.42942983,0.43479785,0.48265169,0.41899006,0.36327934,0.40902661,0.38570270,0.46375899,0.39532210,0.41930592,0.43142366,0.38048795,0.43354513,0.36414132,0.49163053,0.44500679,0.26963501,0.34452478,0.41352010,0.43943324,0.41783929,0.42358533,0.41050289,0.34245260,0.36347659,0.44596547,0.36901307,0.35648073,0.42503759,0.40629423,0.45191299,0.44322486,0.38018767,0.41704945,0.35046519,0.36734018,0.50245215,0.54269445,0.39905285,0.56635156,0.36345237,0.42929281,0.52579884,0.39008423,0.43329113,0.31239885,0.39280930,0.37405163,0.27518618,0.49440248,1.00000000,0.32059324,0.45696531,0.39093889,0.42110120,0.37165572,0.52438539,0.38317562,0.44945483,0.53146129,0.50727737,0.44458381,0.33371612,0.78071510,0.33094627,0.31526674,0.36551161,0.45370725,0.41962303,0.38347445,0.46739476,0.32132306,0.50811538,0.43137064,0.40225179,0.34336211,0.52369622,0.43529705,0.36313761,0.52214174,0.42433534,0.37674914,0.46534947,0.38434553,0.59291698,0.38366001,0.33050107,0.33123082,0.27904570,0.50572269,0.33845851,0.40798452,0.45931165,0.56972664,0.44125094,0.40516818,0.48276982,0.37764459,0.41095061,0.38073609,0.41256806,0.29700874,0.57836285,0.31308497,0.41438829,0.37109918,0.38552017,0.36828937,0.43355216,0.38327971,0.44606320,0.45823471,0.26639473,0.38412771,0.36868294,0.31850346,0.36298927,0.45738795,0.41284312,0.38168378,0.27904570,0.39141602,0.34047177,0.45275140,0.39580025,0.40363141,0.50172907,0.34351833,0.40413788,0.32056926,0.36653554,0.45028885,0.41635221,0.36842507,0.39542699,0.48930078,0.36307194,0.36201748,0.28342953,0.27458546,0.26793843,0.39801247,0.34867422,0.33666076,0.34373825,0.37210476,0.39050837,0.43651697,0.42327588,0.34785750,0.39101631,0.37383648,0.39685188,0.37017984,0.37147001,0.49831526,0.39352250,0.38456367,0.40508558,0.35921707,0.41263429,0.33613220,0.42287602,0.42539508,0.42698447,0.34985888,0.31597286,0.38147880,0.28263172,0.30256172,0.38466176,0.37651972,0.42535162,0.36535268,0.56867524,0.48787733,0.46842254,0.64397612,0.34463997,0.51360481,0.37092618,0.35090316,0.36963745,0.40196893,0.26958940,0.40423054,0.44834219,0.49112385,0.40632975,0.54600880,0.39598110,0.32155799,0.48198097,0.27474985,0.35109096,0.35829799,0.42763677,0.38386181,0.39969117,0.42046082,0.33780453,0.52139311,0.40298112,0.44629271,0.33885419,0.43705373,0.39231439,0.32880249,0.37595718,0.36841546,0.47661462,0.43403976,0.52098125,0.44367030,0.32156082,0.47129449,0.46054923,0.33757439,0.41626301,0.44628129,0.44457429,0.34373825,0.32498218,0.24839381,0.43268727,0.40585932,0.35438888,0.44196774,0.37451622,0.39242813,0.37923859,0.27004346,0.46144081,0.33491433,0.48100619,0.39910377,0.30413073,0.30489030,0.45825961,0.36440406,0.39300889,0.43561585,0.52408934,0.39745697,0.37432416,0.46013332,0.37208347,0.35023429,0.43238801,0.28156699,0.33885419,0.30268832,0.36386007,0.42903673,0.57735046,0.43749885,0.37954250,0.37336359,0.35902899,0.49787093,0.37407897,0.40324938,0.36888407,0.33835348,0.34647026,0.39629226,0.44191275,0.31838634
66870,0.40671338,0.46570667,0.41186753,0.53452783,0.41159803,0.49844814,0.44194178,0.39743395,0.41126762,0.46933460,0.49927713,0.44806290,0.51664312,0.46609077,0.55000531,0.52720790,0.41520977,0.44961864,0.48864576,0.52840925,0.50686182,0.47882640,0.57911373,0.31356113,0.52368995,0.35996093,0.49614726,0.49477807,0.61581932,0.36165495,0.45516438,0.41213954,0.36771925,0.45428638,0.53295565,0.58998986,0.42378776,0.43983476,0.43809796,0.46888608,0.54178186,0.44594214,0.47055219,0.48986247,0.51351663,0.52673466,0.36440866,0.42599196,0.50942972,0.50782828,0.48533660,0.44226082,0.54174554,0.45616240,0.52394471,0.57251540,0.47650582,0.42018907,0.45947701,0.55688913,0.47334690,0.32650310,0.43871671,0.40075559,0.37057518,0.32449376,0.35300546,0.46922606,0.47457100,0.36433415,0.47583454,0.48385774,0.42518058,0.53877170,0.45475855,0.32059324,1.00000000,0.43449085,0.43170217,0.46529500,0.45987106,0.41443685,0.47914729,0.39373650,0.47629422,0.49249506,0.47638287,0.46701412,0.33859402,0.37342519,0.43087467,0.41624351,0.53002467,0.45548402,0.51886360,0.58575603,0.48085220,0.41443766,0.44150046,0.44132126,0.39764652,0.41789018,0.42287350,0.37683698,0.46675668,0.37974796,0.37652655,0.47178358,0.51421554,0.44171575,0.44714608,0.43341796,0.60399619,0.39801210,0.52147768,0.40995429,0.34426785,0.46173745,0.44994504,0.46561710,0.46122962,0.43793840,0.50592573,0.48652599,0.42391734,0.43491245,0.49180438,0.45679153,0.38590862,0.51450666,0.54614922,0.51079451,0.49627749,0.41074658,0.41363222,0.41803962,0.46885431,0.42626115,0.61504036,0.40932950,0.35285403,0.40712852,0.49006801,0.45040906,0.43689711,0.39801210,0.55676119,0.41437755,0.38608477,0.50246281,0.41335024,0.46405867,0.48864414,0.41590513,0.39106768,0.53163195,0.41885578,0.51814326,0.40842407,0.50740670,0.31304753,0.54503771,0.49428263,0.43457112,0.41566174,0.39410509,0.47182227,0.46782869,0.49660403,0.41897697,0.50533655,0.41751360,0.42979645,0.51440003,0.42325644,0.46656237,0.37319757,0.44912819,0.41927026,0.45650476,0.41602743,0.49921935,0.50062583,0.44891509,0.44957845,0.45070440,0.47619100,0.47403963,0.43634963,0.36061653,0.36991040,0.38235295,0.58332795,0.38827152,0.32066783,0.38738106,0.47719432,0.42617718,0.47201366,0.47084852,0.50268666,0.51336163,0.37387361,0.46519032,0.53192948,0.34744735,0.45691094,0.41669980,0.35270474,0.27184217,0.36942722,0.46926559,0.38182904,0.46467102,0.46432573,0.57258809,0.40038050,0.47966809,0.34807695,0.40367877,0.39340705,0.44194178,0.50622767,0.49221953,0.34196905,0.47295584,0.46581796,0.41184384,0.50848916,0.38188034,0.38340770,0.35190429,0.36632263,0.43525981,0.50063883,0.45676223,0.54469880,0.40868851,0.53453679,0.36219816,0.46728046,0.55373859,0.41409531,0.41165940,0.42913528,0.40926991,0.41897697,0.49855275,0.39555255,0.40578404,0.46759945,0.40865879,0.45600996,0.41982270,0.40303273,0.46253210,0.46195951,0.50378791,0.51956992,0.33470798,0.37746350,0.37882598,0.49017678,0.34143278,0.33500516,0.39419711,0.36352580,0.45177145,0.45182191,0.27011332,0.49133248,0.51096311,0.45039780,0.52362194,0.33204536,0.38188034,0.39284048,0.35020341,0.33481161,0.43503200,0.51061825,0.54041357,0.38906029,0.41747802,0.47710123,0.43852857,0.58284599,0.45660291,0.38152879,0.46637925,0.46937358,0.36806669,0.33591575
69259,0.53113155,0.55362936,0.47323473,0.52816942,0.49023057,0.58641126,0.61660379,0.62218901,0.58294216,0.47886238,0.47301234,0.56326107,0.56767222,0.57112672,0.64026519,0.61237825,0.36668281,0.41865937,0.57168143,0.56539398,0.63363193,0.46699113,0.57439346,0.31253101,0.61152780,0.53574864,0.52747781,0.51957457,0.43714316,0.49132886,0.50735846,0.56983590,0.55401684,0.45693143,0.58289147,0.62546298,0.41117617,0.54171507,0.38140732,0.47764830,0.54092193,0.44524541,0.53372213,0.57718686,0.56120099,0.56055934,0.43505438,0.50562136,0.52587205,0.54012734,0.54635710,0.53063710,0.49189419,0.62192419,0.56241987,0.53019955,0.42538663,0.55566094,0.56245966,0.56003783,0.52340305,0.43570425,0.50138882,0.52723734,0.38697039,0.51697376,0.58841163,0.62642345,0.41030472,0.40946148,0.47306045,0.54127559,0.51610944,0.44674921,0.44772998,0.45696531,0.43449085,1.00000000,0.39960351,0.58998053,0.51074407,0.38514893,0.56170707,0.62646359,0.43707273,0.53514048,0.39493195,0.49865989,0.49372902,0.49198281,0.45675277,0.44510934,0.53261454,0.48038022,0.40086286,0.48494200,0.51052325,0.57038220,0.60171769,0.43843212,0.45751918,0.49055204,0.60068545,0.56925729,0.49567059,0.49918698,0.43694475,0.63456524,0.52965067,0.46995038,0.53168858,0.47361467,0.46880541,0.40797437,0.51315162,0.36485162,0.41959841,0.58380363,0.56228211,0.45617588,0.57882192,0.59756549,0.51863702,0.44137472,0.57328538,0.59189281,0.42178222,0.58901890,0.46387833,0.48180439,0.58032656,0.48462810,0.48302997,0.52743509,0.52990076,0.47019536,0.45196130,0.41580988,0.49517793,0.55213147,0.48262642,0.47970739,0.55193394,0.49313964,0.56884254,0.40797437,0.55964350,0.41578614,0.50439158,0.66586282,0.49489256,0.44253660,0.45762410,0.56895030,0.46123214,0.56476319,0.47223238,0.51107206,0.41124741,0.60380684,0.46039427,0.55386167,0.59071779,0.49741113,0.34849324,0.45841728,0.57894803,0.51140715,0.45555307,0.47403316,0.54432133,0.51749281,0.46601532,0.52600445,0.51882777,0.44892837,0.43904251,0.47592449,0.44361294,0.57202247,0.52037135,0.52957194,0.46862916,0.57179533,0.49015214,0.43887253,0.51950951,0.55042891,0.61290042,0.53251892,0.28581428,0.37095077,0.46621336,0.39364400,0.35406263,0.40976187,0.57395366,0.57741596,0.44876999,0.49174714,0.60165999,0.55808906,0.56513155,0.42587226,0.54527314,0.43660650,0.52537054,0.53464925,0.41518683,0.34362167,0.46809257,0.49637564,0.45497164,0.49099054,0.46341376,0.52541464,0.47334604,0.61559182,0.42430411,0.51654032,0.47994357,0.61660379,0.57585425,0.50156011,0.48598120,0.50612821,0.48990926,0.49158120,0.48458698,0.29575367,0.58161989,0.54113108,0.40261996,0.49732065,0.60181545,0.53353633,0.54094863,0.44327918,0.51068656,0.47778045,0.59196028,0.57203148,0.47628423,0.55090504,0.53982356,0.47312659,0.47403316,0.45883960,0.32768110,0.48374286,0.60433687,0.53957048,0.52689099,0.53330786,0.49649578,0.57236171,0.50326885,0.57442599,0.47995091,0.52135640,0.53540172,0.45791180,0.50986167,0.51499528,0.50354526,0.56220405,0.58155263,0.53520837,0.56084031,0.43766808,0.58392944,0.57702435,0.56673115,0.59863139,0.32956297,0.29575367,0.42746126,0.47862506,0.45672885,0.58635960,0.65501799,0.53008832,0.56277007,0.48719981,0.43646185,0.37396181,0.42002336,0.47761535,0.46144665,0.47909311,0.53946368,0.58335034,0.49822825
69430,0.55457323,0.54812734,0.46772708,0.72941792,0.42130748,0.49712457,0.53734210,0.47542188,0.57379113,0.60070821,0.57153642,0.55981922,0.50022319,0.41906796,0.56709038,0.57712719,0.34834284,0.33568580,0.62325179,0.55080567,0.49374704,0.45162127,0.51384818,0.34339455,0.58386085,0.39466552,0.54029504,0.40834887,0.53420420,0.38230793,0.40613645,0.41724425,0.38903273,0.60326767,0.49095817,0.52277831,0.65773637,0.59298785,0.61689091,0.46730956,0.58064790,0.34943246,0.45363367,0.41438402,0.54956855,0.48994370,0.40965177,0.38157335,0.50362675,0.52999921,0.48609262,0.44307930,0.48042485,0.48673928,0.54947363,0.46570446,0.48783721,0.37277395,0.37743433,0.54366303,0.34307900,0.38237959,0.47460599,0.35847504,0.42243819,0.35396517,0.30419293,0.54598095,0.48971348,0.49761658,0.57581277,0.54105091,0.36238548,0.38588872,0.45144759,0.39093889,0.43170217,0.39960351,1.00000000,0.40176505,0.67985730,0.40961194,0.41376669,0.50243706,0.46423881,0.49952974,0.44338870,0.62676004,0.38769854,0.39346059,0.44507276,0.43534621,0.50026206,0.51570665,0.52887310,0.54312445,0.43506960,0.40009215,0.45725634,0.34286205,0.34213401,0.45851885,0.41597614,0.34575132,0.55939910,0.42748365,0.41905169,0.47008311,0.49126051,0.49600749,0.49331668,0.34726941,0.54557651,0.31335485,0.52600831,0.46650953,0.35663523,0.48078680,0.53044456,0.45258808,0.53601865,0.45620008,0.48751867,0.53110559,0.39570005,0.41515767,0.42631413,0.52558791,0.43365525,0.53812858,0.42134557,0.43927494,0.46171972,0.40014313,0.34561470,0.45349549,0.60655113,0.44845739,0.45133809,0.34939478,0.31384847,0.29427988,0.49800814,0.61925559,0.53528419,0.31335485,0.54058312,0.46380761,0.40304793,0.45163483,0.39950802,0.42190698,0.35781326,0.41254917,0.30719645,0.41512883,0.45853459,0.35216001,0.36793824,0.48207644,0.34210235,0.49238433,0.43704374,0.39183180,0.33157828,0.34225569,0.39645618,0.34805555,0.33544359,0.31598475,0.60589546,0.35268025,0.44630135,0.38032168,0.43158537,0.44733751,0.40658363,0.38518255,0.68224753,0.54498118,0.36882724,0.49540239,0.47086490,0.44198391,0.51852844,0.53272182,0.38691409,0.45375683,0.45894980,0.36498587,0.40995545,0.35627305,0.43892115,0.30158612,0.37412528,0.43257520,0.45512364,0.43804947,0.48020999,0.49447849,0.61041946,0.56708637,0.42909042,0.34671971,0.54999956,0.47138116,0.34088518,0.40775759,0.32342066,0.30641957,0.43007529,0.52216429,0.37562320,0.47185179,0.48601681,0.40087576,0.37500498,0.64385865,0.43455971,0.41626852,0.34534757,0.53734210,0.42308299,0.49640346,0.33953021,0.39373006,0.56894104,0.39766922,0.50667597,0.43659101,0.35575311,0.28832619,0.34426203,0.41115483,0.44447487,0.57556340,0.56680447,0.56573904,0.50099509,0.34445718,0.42090736,0.43836878,0.41240371,0.38139954,0.34994970,0.38536531,0.31598475,0.52877129,0.46213726,0.38707742,0.46353750,0.38632172,0.43193911,0.42128874,0.40604411,0.44936871,0.47781554,0.46886680,0.50016495,0.28911910,0.33467635,0.41286500,0.49222796,0.35498497,0.31100441,0.36387926,0.39186560,0.56267885,0.47382325,0.25975371,0.43283240,0.51335971,0.37398021,0.51895543,0.38374102,0.43659101,0.35324265,0.30774250,0.33438974,0.51322039,0.49277789,0.53098846,0.33236891,0.38429412,0.53781865,0.95503094,0.67038155,0.67145330,0.36364079,0.40712970,0.45947929,0.38820862,0.38617417
69661,0.44837062,0.46913398,0.40137781,0.46372684,0.36537674,0.49090957,0.51661523,0.49435048,0.47416335,0.53771455,0.49438346,0.50055383,0.58900284,0.40048481,0.55245818,0.54886492,0.28731368,0.34942704,0.44913561,0.50350255,0.52505758,0.41491769,0.45965904,0.27815210,0.54801495,0.41648477,0.45506973,0.44028547,0.42887092,0.65156057,0.39189108,0.45644655,0.47378677,0.47169775,0.57201286,0.56160389,0.46170594,0.50667664,0.37337621,0.49461374,0.50603962,0.35008104,0.44482613,0.43558202,0.48751599,0.51484752,0.33346705,0.34896168,0.48470980,0.54077363,0.49520590,0.38390127,0.40522209,0.50914547,0.50260479,0.46129861,0.44389378,0.40996622,0.43864007,0.46097270,0.41249819,0.38224004,0.39936802,0.43327750,0.32881640,0.41763129,0.49375871,0.51768516,0.35493785,0.35268755,0.41970052,0.49917937,0.47261201,0.36487352,0.49182008,0.42110120,0.46529500,0.58998053,0.40176505,1.00000000,0.43556300,0.33608061,0.40544296,0.63334162,0.50184933,0.46592982,0.37383706,0.44393815,0.43843393,0.39463276,0.49052457,0.36098513,0.45779543,0.42581397,0.44064603,0.45571514,0.38980905,0.46429419,0.90086413,0.49176731,0.30326405,0.38377974,0.51210378,0.56543926,0.48110222,0.46409344,0.46904765,0.50554074,0.50085596,0.40860042,0.42507733,0.35902964,0.40717846,0.42330573,0.48884168,0.33341748,0.40399480,0.51575417,0.45971952,0.44214442,0.43593753,0.52509356,0.48872484,0.36521718,0.42841690,0.46003316,0.39327614,0.48803100,0.36922576,0.43078043,0.48966130,0.45841379,0.44180229,0.39060508,0.51574691,0.46077683,0.51103737,0.43186861,0.38391287,0.42537561,0.38195262,0.38984681,0.50432146,0.49261315,0.45239864,0.42330573,0.49398162,0.35819168,0.41283730,0.50503900,0.42848422,0.49800394,0.33465449,0.53934888,0.34210745,0.49850509,0.46283242,0.44612716,0.34508981,0.53097970,0.34306140,0.49719566,0.50090832,0.48170038,0.42254993,0.48089691,0.75386862,0.45015525,0.41476176,0.40058587,0.48460119,0.45839432,0.45940578,0.44429974,0.60076872,0.37262859,0.46042851,0.43214561,0.46355070,0.47626538,0.54738969,0.47155910,0.45075639,0.46946852,0.43938659,0.41007676,0.57983039,0.45729190,0.54520071,0.44804461,0.31707442,0.32127991,0.41857738,0.36745058,0.29107378,0.40148415,0.68378498,0.46741337,0.38355853,0.41136658,0.50351935,0.46550302,0.42747282,0.35384890,0.50121708,0.32699007,0.44913440,0.43945628,0.36125541,0.33644818,0.45006731,0.40942448,0.36435438,0.41599487,0.47132542,0.44810885,0.41394174,0.52762319,0.35515345,0.45690917,0.33473989,0.51661523,0.47605026,0.41097277,0.40264910,0.39073266,0.47254215,0.42635193,0.45056945,0.28041695,0.59465169,0.57496909,0.35934638,0.45656049,0.50013672,0.49104143,0.44593036,0.49998745,0.43459464,0.49174511,0.47694071,0.49094818,0.49947971,0.46120854,0.46265593,0.51903237,0.40058587,0.38356411,0.23996097,0.52106278,0.46058333,0.50708363,0.54927401,0.45027638,0.38959466,0.46851929,0.44848546,0.47262641,0.43525443,0.46440008,0.42638933,0.38409746,0.48360494,0.50454251,0.41128160,0.46632058,0.42938840,0.45016726,0.42896209,0.39327634,0.55585826,0.50867357,0.44529245,0.53431616,0.28363298,0.28041695,0.38556878,0.38272273,0.35930101,0.52266030,0.52815033,0.40080212,0.44636435,0.45187625,0.45646386,0.38261224,0.40296064,0.43962321,0.42377696,0.42668217,0.44319710,0.43313936,0.38872979
69731,0.58962987,0.65282541,0.61717065,0.71464240,0.52555981,0.57768270,0.65675324,0.51273713,0.61979035,0.59537455,0.67558679,0.59960863,0.63408911,0.57187063,0.69375910,0.69333059,0.34866144,0.39311539,0.73873425,0.57093404,0.52108579,0.45860810,0.59245007,0.38096009,0.69730464,0.44818212,0.58918612,0.54482551,0.62569819,0.39682375,0.42573513,0.51965934,0.45681239,0.68458000,0.53138016,0.57459884,0.54713053,0.59634056,0.64397993,0.49974302,0.65544061,0.37611848,0.55787731,0.57391020,0.63646634,0.57822730,0.41878126,0.45273511,0.69736652,0.63041689,0.63442461,0.53067427,0.49955477,0.63247371,0.56997558,0.47195511,0.49044255,0.48346578,0.49410115,0.58076360,0.41152630,0.42185577,0.50459066,0.43327026,0.41589608,0.44035179,0.44074980,0.65784381,0.45634179,0.50217024,0.53329250,0.61401789,0.50356043,0.51830793,0.50325141,0.37165572,0.45987106,0.51074407,0.67985730,0.43556300,1.00000000,0.40058618,0.51743335,0.59515128,0.53815104,0.52636822,0.50138444,0.63325827,0.46740873,0.44009941,0.52240246,0.45666701,0.58975405,0.52238180,0.44739533,0.57693574,0.54266765,0.52643389,0.46246394,0.42026456,0.38586803,0.49296825,0.52267658,0.47826020,0.64081188,0.44596290,0.42791902,0.58686308,0.55994188,0.50786137,0.48660377,0.44705509,0.63687183,0.36112543,0.64897949,0.48213419,0.34525707,0.56886016,0.53677697,0.57483493,0.54413887,0.55780465,0.55123576,0.53558313,0.50833943,0.54377916,0.49428481,0.56206828,0.41133159,0.53915789,0.50819050,0.52347466,0.49385426,0.43829175,0.41929626,0.49138339,0.53989657,0.47008064,0.49932516,0.51861479,0.49343313,0.33157187,0.60604262,0.65656713,0.58086023,0.36112543,0.61239624,0.51524405,0.42812814,0.58802139,0.49299064,0.50532959,0.45091790,0.48794056,0.39270767,0.49046237,0.50128687,0.44574370,0.43517259,0.62305970,0.42262206,0.62982560,0.52962768,0.43319397,0.33785741,0.37938214,0.45826207,0.45472119,0.45222984,0.41749739,0.60102965,0.42203633,0.48584219,0.52125538,0.45524285,0.46113905,0.43074103,0.50419852,0.64623811,0.65412537,0.43957755,0.52855822,0.51965766,0.56406018,0.56072395,0.57179414,0.43689303,0.53869894,0.53654556,0.47304698,0.37669610,0.37745897,0.50160505,0.33508255,0.43119163,0.42946563,0.51898481,0.51138104,0.53078702,0.52859535,0.66773824,0.60780575,0.48903831,0.40883583,0.63045442,0.46743360,0.46363957,0.43136665,0.41981143,0.26297636,0.48454121,0.53252605,0.44684414,0.52258736,0.54823264,0.46779606,0.42790634,0.71762444,0.44945351,0.41468849,0.40971936,0.65675324,0.54194428,0.49631508,0.41300853,0.48250264,0.60792116,0.49069529,0.57114194,0.31349489,0.48311714,0.40655128,0.41140166,0.50658088,0.53935026,0.58359136,0.60987711,0.58026276,0.56571021,0.38948830,0.52162525,0.53622118,0.46714682,0.45324292,0.42789970,0.45158917,0.41749739,0.54326544,0.44819663,0.45680703,0.55712449,0.45382197,0.50106523,0.43063505,0.43046472,0.56309296,0.52743586,0.60374463,0.55418861,0.38643009,0.38557247,0.40119273,0.54014202,0.47063636,0.38272377,0.42693809,0.51602267,0.59144763,0.49910543,0.36494169,0.51421723,0.59635518,0.47429405,0.57264853,0.36296984,0.31349489,0.38265523,0.44666219,0.33019103,0.52466152,0.55123806,0.60551824,0.45228797,0.45568909,0.57817411,0.62430698,0.64626861,0.61921051,0.44124838,0.45607425,0.58759744,0.50921303,0.46893418
69867,0.42449207,0.42578406,0.40539593,0.48809248,0.39491819,0.41885593,0.39314947,0.48880739,0.44527622,0.45446181,0.39725339,0.52467571,0.49512235,0.42092622,0.47037794,0.51377801,0.38209964,0.42086867,0.43418738,0.42672536,0.45234024,0.37144168,0.42283995,0.31305512,0.51440047,0.40558578,0.45826020,0.46667574,0.53078922,0.31766342,0.44449649,0.38720240,0.48556433,0.39139660,0.39707047,0.43178513,0.36365498,0.39852534,0.37798405,0.46566136,0.47521410,0.37981881,0.46512722,0.51802424,0.50633622,0.44562216,0.59402709,0.48512328,0.37636020,0.39016553,0.45807928,0.43967947,0.41643462,0.43825622,0.42699916,0.44139926,0.50681108,0.46752439,0.44395107,0.39578108,0.31921475,0.72730011,0.71533075,0.52578320,0.74184253,0.36259194,0.40862343,0.51823516,0.45289356,0.51025582,0.41341586,0.39852107,0.38720922,0.29600856,0.52735995,0.52438539,0.41443685,0.38514893,0.40961194,0.33608061,0.40058618,1.00000000,0.50676681,0.40495302,0.49826599,0.55125025,0.48608818,0.46280177,0.48851621,0.44768725,0.31029281,0.40212045,0.48460936,0.43890630,0.39404390,0.54739213,0.32191889,0.54595543,0.36377704,0.40625974,0.41493350,0.71518102,0.49020782,0.37374415,0.50364914,0.46603234,0.43185470,0.52027851,0.37666032,0.52206893,0.38703791,0.41895009,0.36564831,0.29372064,0.51188764,0.43474251,0.32305247,0.43274756,0.53149003,0.49692222,0.47125286,0.46018205,0.40548428,0.51170978,0.48441414,0.46202793,0.44474595,0.51637306,0.38197442,0.49671006,0.38596564,0.40366189,0.35028849,0.60067897,0.39714192,0.47616292,0.41269555,0.30351116,0.45451192,0.37707568,0.31530420,0.32688169,0.46100162,0.37571113,0.39214009,0.29372064,0.47023974,0.34861692,0.63645813,0.47060312,0.34496630,0.51972198,0.45225608,0.38950717,0.34620231,0.36988995,0.48255898,0.49932160,0.45646102,0.49008689,0.48183726,0.51359811,0.38502754,0.33927087,0.32570944,0.30787103,0.41814771,0.41590885,0.35884467,0.31483591,0.47094657,0.39914587,0.46954966,0.46077167,0.41434789,0.42138128,0.43636188,0.34848054,0.36487326,0.43498232,0.42895013,0.41551138,0.36431341,0.43105634,0.40617607,0.49184653,0.34294862,0.38112468,0.49041167,0.39956133,0.38256720,0.33414473,0.47762260,0.28430652,0.37712787,0.42895532,0.41115966,0.41500259,0.36887618,0.71083002,0.49435980,0.48970693,0.68764900,0.42581603,0.52357682,0.46292799,0.37896755,0.36139956,0.37159797,0.25553269,0.40581378,0.51473258,0.70169094,0.50662555,0.54426356,0.43059003,0.37318845,0.44945899,0.29912432,0.32506123,0.35943510,0.39314947,0.36949042,0.44621584,0.40884190,0.48054160,0.46363096,0.34512353,0.52687624,0.42319597,0.43804140,0.36185499,0.32423057,0.39474521,0.39141048,0.50179999,0.52189662,0.51023196,0.52590433,0.35545099,0.45908684,0.46534403,0.31764921,0.44127995,0.48387933,0.46420316,0.31483591,0.44206380,0.27970138,0.45034898,0.47878044,0.37886742,0.45261512,0.35964836,0.43358092,0.41494218,0.33838617,0.56389070,0.34316492,0.43383488,0.41403259,0.31595927,0.33732960,0.41135841,0.38736001,0.46605012,0.49573259,0.53814947,0.38109248,0.38871800,0.38780407,0.41087309,0.36111482,0.43675686,0.35834607,0.42319597,0.37151416,0.40752236,0.37644849,0.51967026,0.48291801,0.49107910,0.46878818,0.40060040,0.50400937,0.38712258,0.46521281,0.43349557,0.36249434,0.37608336,0.38198326,0.49434652,0.39476281
70155,0.56721147,0.57728676,0.53352352,0.55150594,0.49641688,0.54896391,0.53678321,0.58594395,0.53841298,0.44473211,0.48338285,0.55772393,0.58712221,0.74092374,0.64412270,0.65918458,0.70712384,0.79862316,0.52766458,0.63358938,0.65578085,0.57848816,0.56539630,0.41002544,0.66544379,0.55561977,0.58521215,0.58053864,0.51859422,0.41652884,0.55130222,0.59416586,0.60772468,0.49967998,0.49715673,0.53842812,0.35686021,0.47651571,0.44285670,0.53268859,0.60445422,0.70567510,0.58246371,0.65123653,0.62752191,0.70406783,0.51299993,0.81410649,0.50842233,0.50142908,0.58312436,0.70260896,0.51557769,0.60506912,0.63666044,0.57789237,0.39832175,0.66314855,0.73125223,0.52594449,0.61874850,0.48654947,0.57205517,0.61532487,0.47085951,0.53162978,0.50203961,0.67986467,0.49342512,0.40520866,0.46081979,0.59414380,0.52402751,0.49450582,0.56373093,0.38317562,0.47914729,0.56170707,0.41376669,0.40544296,0.51743335,0.50676681,1.00000000,0.50270222,0.50325658,0.55270196,0.51089373,0.50447207,0.45959488,0.61572894,0.48215353,0.45649806,0.58810334,0.58063996,0.48406205,0.62028999,0.54510655,0.59518803,0.46271363,0.54050755,0.62156507,0.57210864,0.61045812,0.50710053,0.45805466,0.67549590,0.60174089,0.60089841,0.54066147,0.55730207,0.51396871,0.84591220,0.55437720,0.48296365,0.58558918,0.41283901,0.42844952,0.45542554,0.55301387,0.50474832,0.76635664,0.56665144,0.58801904,0.54459032,0.66371554,0.66149400,0.76930354,0.61391813,0.69550077,0.62697993,0.61939658,0.53016564,0.53639476,0.64140340,0.57500468,0.53936548,0.44010163,0.45387078,0.53139280,0.60151558,0.50730159,0.53849649,0.54925868,0.41585362,0.51906464,0.48296365,0.59453687,0.49941877,0.55227407,0.60689914,0.46289076,0.54121540,0.82285311,0.54535395,0.47382578,0.60843952,0.54438182,0.57843424,0.48258343,0.53881301,0.48869120,0.64821684,0.59212701,0.56516494,0.48621667,0.50738760,0.53347807,0.56589022,0.49570620,0.50071965,0.59164983,0.57562733,0.55164651,0.60294120,0.53954961,0.55138087,0.60817228,0.46281340,0.39187982,0.55001335,0.44105522,0.55410003,0.51969479,0.51739646,0.48462901,0.49996459,0.50262329,0.51626944,0.54809432,0.55359370,0.38433932,0.40822097,0.47634771,0.53599480,0.42657213,0.48593960,0.51203456,0.63136513,0.48460710,0.65289052,0.54935564,0.54731987,0.53302200,0.79088340,0.58590441,0.67324792,0.68387356,0.71147122,0.49408408,0.45889653,0.50510417,0.52233594,0.55143185,0.54266850,0.52891602,0.60675757,0.65790670,0.54949689,0.58212725,0.60325954,0.46708992,0.53678321,0.60795970,0.53131709,0.48461814,0.84712527,0.44106528,0.46210186,0.55158612,0.44884436,0.50396397,0.48628413,0.61894984,0.55083150,0.59745804,0.48724707,0.59349197,0.47046931,0.58886454,0.37943395,0.60079623,0.60341385,0.49305316,0.60312929,0.59787815,0.54202394,0.50071965,0.52354777,0.40747231,0.54108887,0.60347904,0.58920620,0.56613386,0.70688265,0.67067383,0.57468833,0.40999791,0.67331935,0.51165069,0.49317660,0.62388175,0.44847561,0.49740871,0.46890386,0.59959613,0.63486173,0.61334370,0.61252248,0.54287495,0.43268601,0.52328871,0.55815269,0.53260699,0.65759661,0.40410342,0.44884436,0.46875227,0.47209738,0.47801393,0.52646346,0.65155871,0.74584244,0.58480501,0.48929507,0.56531413,0.40719790,0.50091571,0.48354505,0.52201987,0.48249239,0.50535673,0.61155377,0.57682701
70210,0.59750547,0.56007815,0.48986245,0.57914792,0.42770691,0.57341885,0.60503902,0.58714390,0.58331562,0.51092744,0.50488270,0.54180243,0.58544645,0.49941281,0.61514395,0.60141344,0.33446209,0.36850474,0.55400936,0.52340952,0.55717719,0.41732848,0.52108084,0.26027144,0.60208412,0.52247850,0.53364830,0.49826628,0.47522702,0.54213063,0.42273509,0.54406187,0.54724821,0.53906342,0.54596195,0.60332614,0.45639392,0.57749469,0.45746006,0.50273121,0.57329093,0.36331478,0.56202802,0.54595730,0.60090550,0.54153961,0.45500644,0.44537966,0.50869355,0.52158749,0.52230306,0.50619255,0.45845641,0.62182464,0.51846709,0.54097609,0.46880766,0.51297143,0.51387688,0.50013271,0.47423426,0.46061306,0.50875213,0.42919881,0.39750912,0.53518623,0.57602951,0.61321480,0.41072311,0.43877720,0.49537796,0.56081067,0.55638089,0.36648887,0.46928367,0.44945483,0.39373650,0.62646359,0.50243706,0.63334162,0.59515128,0.40495302,0.50270222,1.00000000,0.49471147,0.54565612,0.44691554,0.54377019,0.49013639,0.49752936,0.42293617,0.44324949,0.53625490,0.46429202,0.42985784,0.46911319,0.43198336,0.56345729,0.65586711,0.46131266,0.38373627,0.49158573,0.58382399,0.57808071,0.50690334,0.51665200,0.48428681,0.57198215,0.45280444,0.48447501,0.46384305,0.39764019,0.43812451,0.37586346,0.54145298,0.41300093,0.42381266,0.58932767,0.51641196,0.51213646,0.51805106,0.58429935,0.48310557,0.42935385,0.51262249,0.57145123,0.41993133,0.54848320,0.46106342,0.47614299,0.48488222,0.49826148,0.46743828,0.50604734,0.47679388,0.51751280,0.46827709,0.45879900,0.42811043,0.49907211,0.46233744,0.44965257,0.55660874,0.59056932,0.55521014,0.37586346,0.56220255,0.39048336,0.48829736,0.54194733,0.47686908,0.46192071,0.41645833,0.52917405,0.38911481,0.48203664,0.52411843,0.45717823,0.38776975,0.58419284,0.43933024,0.48784439,0.44933573,0.47005942,0.37480321,0.43239446,0.65687249,0.45138033,0.36608479,0.45090740,0.50893425,0.52011976,0.51513538,0.44180749,0.55775910,0.38497735,0.48668361,0.45763398,0.49755188,0.57008205,0.61184923,0.48713534,0.45607320,0.58013676,0.49516401,0.44680719,0.52162744,0.54234083,0.64108652,0.44901339,0.29551952,0.33749014,0.40566718,0.32933448,0.31552201,0.39182566,0.59642146,0.50902337,0.41594957,0.51705426,0.62557268,0.48024328,0.51295848,0.36720423,0.53104508,0.38712704,0.45122154,0.43466933,0.40182462,0.35283669,0.46566227,0.49491409,0.46150654,0.52528500,0.51992646,0.45901747,0.41416836,0.59805738,0.40163515,0.47042668,0.37229631,0.60503902,0.55958778,0.51255022,0.46806508,0.41983592,0.48150631,0.47534456,0.51372500,0.30903194,0.71484879,0.55271065,0.37681425,0.51020402,0.45144201,0.55948044,0.57260350,0.52628668,0.47910692,0.48246592,0.56479536,0.53617811,0.40029978,0.51219282,0.56194313,0.45362098,0.45090740,0.49013684,0.31734637,0.45718737,0.57614720,0.50319285,0.53841578,0.43482967,0.42755623,0.55579201,0.40374392,0.58101811,0.43907348,0.55549799,0.53484550,0.41442209,0.50242533,0.57448563,0.48555429,0.52644624,0.54948216,0.53726981,0.47945202,0.46911367,0.55006271,0.47358981,0.49560635,0.57531855,0.30659580,0.30903194,0.36906720,0.45852099,0.40572389,0.56949707,0.56496394,0.47840896,0.55557379,0.49024248,0.48570466,0.49490764,0.46333923,0.53102495,0.43520668,0.46720002,0.56033454,0.54868737,0.55816574
70219,0.62097487,0.60560002,0.64525111,0.56436454,0.54926005,0.56074871,0.49394059,0.45138414,0.49261022,0.55936529,0.51415936,0.55535899,0.66268158,0.41563887,0.59808877,0.66495297,0.35656042,0.44977486,0.55295176,0.56725467,0.54503326,0.40140340,0.53087557,0.32321628,0.66594144,0.36402922,0.59277301,0.75528373,0.59081397,0.44838095,0.42246083,0.50942561,0.50999572,0.64168131,0.50398720,0.53022427,0.47114095,0.51114167,0.44128986,0.55070390,0.49464434,0.35337128,0.53379828,0.46510782,0.61205470,0.51157806,0.43357552,0.50529896,0.54692616,0.55199143,0.58585908,0.43057779,0.36675219,0.63093545,0.56828591,0.41577609,0.48018986,0.41973375,0.44596273,0.48584848,0.45831992,0.47850664,0.49681851,0.46543773,0.51002081,0.41797082,0.40638215,0.54767590,0.46240096,0.41397231,0.43884240,0.55456291,0.53279608,0.47301152,0.59176592,0.53146129,0.47629422,0.43707273,0.46423881,0.50184933,0.53815104,0.49826599,0.50325658,0.49471147,1.00000000,0.48188039,0.57981444,0.48783955,0.51091403,0.41974012,0.46946461,0.46848831,0.60762492,0.43907310,0.40907444,0.54887040,0.48999827,0.47066666,0.51488284,0.50229556,0.31340165,0.47690266,0.53755613,0.42837508,0.57390543,0.40725976,0.38073518,0.52254533,0.47972730,0.44775680,0.45836689,0.45817623,0.55880861,0.34342599,0.68146523,0.59836653,0.33082394,0.48594615,0.47598354,0.47522100,0.47800398,0.52377390,0.49034230,0.45685142,0.41924551,0.41865274,0.42911032,0.52673901,0.39046781,0.42549924,0.50229038,0.59077117,0.44747650,0.44393811,0.51414743,0.49115143,0.47490502,0.38842857,0.41685217,0.44533243,0.39028293,0.36969643,0.58230870,0.53106632,0.48788524,0.34342599,0.48154891,0.34411549,0.44827622,0.55138970,0.38712911,0.59787736,0.47366417,0.51699171,0.39052578,0.50060904,0.50006620,0.41202709,0.39958995,0.54323695,0.40250492,0.50474703,0.49480814,0.44316789,0.41562641,0.41241630,0.46118325,0.47792672,0.46441685,0.42299922,0.52502907,0.44715026,0.49492715,0.50784206,0.44885668,0.41516475,0.38059835,0.47689826,0.45648463,0.53014762,0.51210968,0.49013541,0.49151295,0.53035495,0.49020873,0.40388838,0.43776502,0.60332474,0.58458116,0.37842442,0.33032587,0.37681467,0.44019061,0.33455495,0.27329815,0.35873243,0.47926146,0.42518352,0.45148081,0.57374154,0.61218438,0.45469039,0.50725688,0.45757723,0.59781344,0.38534588,0.41108520,0.46095620,0.35249259,0.30327558,0.39879787,0.43312341,0.53951686,0.50098241,0.84851706,0.37272749,0.39623424,0.58888130,0.35806130,0.41938889,0.32285031,0.49394059,0.54896854,0.45481038,0.44155214,0.47158646,0.54456166,0.38596090,0.49515834,0.25200552,0.47133994,0.40290399,0.33036184,0.46497104,0.49621525,0.51463138,0.51452340,0.58645119,0.53630037,0.39448973,0.57793073,0.56424068,0.43243380,0.45542336,0.46507048,0.51431426,0.42299922,0.41920590,0.24681301,0.53258436,0.52671489,0.46448077,0.53370694,0.46123991,0.43076660,0.51964408,0.41063722,0.55440700,0.43484284,0.41455890,0.41444132,0.40061893,0.45958232,0.44681583,0.41939799,0.46119073,0.46666374,0.55838567,0.49107519,0.27567768,0.43289653,0.58768899,0.46128492,0.54958734,0.22148111,0.25200552,0.30282806,0.42060962,0.30437572,0.50384777,0.50945568,0.53309169,0.44268526,0.41566475,0.71793617,0.45128747,0.48599116,0.40412712,0.45823835,0.47717973,0.57228661,0.46099005,0.37556732
70226,0.56301721,0.53893978,0.47649985,0.62104693,0.46617187,0.52049650,0.48153941,0.60558692,0.54998764,0.55053734,0.49265900,0.60648408,0.56896852,0.50072262,0.59051172,0.58938042,0.40116577,0.42908931,0.53251291,0.51562006,0.59934818,0.45863263,0.50883818,0.44631121,0.58850403,0.42169150,0.46570557,0.48745293,0.56977012,0.42965459,0.58370326,0.49946025,0.53159472,0.48068135,0.54284849,0.63214651,0.39079546,0.50664460,0.46499327,0.48761319,0.70237533,0.42968229,0.52757913,0.53490412,0.57752997,0.58139369,0.54837837,0.45548220,0.45875678,0.50346114,0.52860532,0.48891272,0.64867591,0.58167179,0.51524343,0.56765629,0.52318668,0.56760461,0.52627514,0.51401015,0.46707566,0.56233552,0.67177282,0.55490965,0.57458926,0.46874505,0.45727975,0.61634536,0.52429761,0.70574530,0.50446766,0.55376569,0.50108591,0.40873070,0.48877426,0.50727737,0.49249506,0.53514048,0.49952974,0.46592982,0.52636822,0.55125025,0.55270196,0.54565612,0.48188039,1.00000000,0.48190973,0.52963044,0.53759844,0.49197763,0.42245380,0.43602831,0.54205567,0.63463177,0.50654587,0.57464983,0.46448500,0.62082498,0.51201719,0.45526788,0.44761064,0.66307444,0.58486586,0.42559922,0.57925264,0.50100642,0.46463306,0.58101651,0.46732346,0.62892599,0.49444050,0.44641622,0.49865657,0.40656074,0.53955577,0.43221548,0.46774664,0.52754390,0.66227374,0.56990520,0.54293602,0.61487314,0.50423245,0.53095423,0.58380518,0.56747993,0.47797319,0.62277442,0.42985392,0.61163688,0.49516976,0.50313972,0.46964645,0.58841620,0.47492823,0.51406253,0.52478035,0.43635173,0.56622203,0.49760351,0.42374081,0.45792806,0.53075689,0.52199526,0.54031324,0.40656074,0.63748663,0.54103081,0.63094714,0.53805548,0.52188278,0.46881738,0.47727885,0.51211120,0.46042890,0.48643023,0.51853680,0.63042386,0.49923315,0.57417918,0.52045057,0.65824334,0.49460027,0.47205285,0.40867408,0.41518993,0.48886750,0.50209297,0.43040349,0.46976966,0.54350176,0.55958966,0.50255132,0.50918490,0.50289192,0.45933931,0.46710778,0.39459925,0.48307871,0.57009570,0.48506057,0.54126132,0.49043992,0.52954013,0.47017348,0.68956889,0.48180873,0.50459377,0.60014002,0.48522815,0.49215627,0.50803261,0.53791815,0.37577818,0.47828248,0.55789479,0.51179754,0.53112906,0.47175099,0.62558712,0.59620512,0.75335164,0.66185668,0.43881985,0.58070513,0.47582748,0.47912057,0.48684235,0.45232250,0.32148950,0.54850847,0.90517135,0.59799293,0.60808592,0.48179475,0.69904994,0.45756259,0.56991903,0.39996692,0.46896229,0.42437150,0.48153941,0.55166578,0.63763885,0.44743166,0.49714560,0.57222431,0.52163880,0.67762151,0.42886749,0.51134449,0.44483367,0.37870451,0.48759452,0.50327873,0.53827849,0.57976062,0.50160558,0.50858336,0.40980260,0.58447806,0.53509579,0.41805394,0.53463188,0.52669706,0.45941089,0.46976966,0.56858555,0.48684818,0.45641354,0.53217888,0.49641756,0.50018373,0.48596737,0.48214347,0.52543261,0.44728418,0.60047417,0.41477262,0.51435015,0.50976002,0.40621410,0.49517849,0.46509688,0.47912626,0.53751396,0.57074247,0.58135041,0.49702949,0.49087785,0.55510084,0.49140916,0.46178339,0.56841278,0.47406224,0.42886749,0.50616842,0.45529796,0.47027371,0.65582090,0.56501914,0.55894579,0.51479328,0.46700052,0.53205207,0.47164102,0.53211742,0.45602392,0.46503443,0.47625802,0.50205208,0.56575288,0.50375238
72671,0.57415034,0.58956502,0.60030134,0.52946170,0.53802807,0.53166705,0.46583582,0.42891503,0.42745861,0.39737509,0.40842220,0.47942183,0.54942566,0.43157862,0.57088295,0.61469737,0.39202535,0.44656549,0.50042000,0.54720699,0.53279489,0.43229436,0.54200030,0.36111116,0.61351140,0.39267689,0.57856521,0.58040433,0.55564230,0.41208402,0.36647470,0.49759723,0.48777652,0.51386101,0.46611862,0.50239263,0.33053459,0.40921985,0.41399602,0.54130331,0.44358063,0.37085135,0.49591195,0.47559132,0.59872422,0.46273587,0.45302167,0.51270146,0.45927471,0.43285154,0.52439109,0.43045549,0.34839271,0.58820329,0.54369748,0.43492860,0.36581575,0.44725964,0.52924836,0.51267304,0.48350359,0.42397783,0.50533113,0.47863813,0.45179839,0.41108408,0.42780376,0.49877066,0.38955279,0.37331742,0.43631827,0.52303077,0.51989142,0.44829348,0.50113200,0.44458381,0.47638287,0.39493195,0.44338870,0.37383706,0.50138444,0.48608818,0.51089373,0.44691554,0.57981444,0.48190973,1.00000000,0.43918470,0.47540626,0.43278927,0.43992838,0.46006414,0.63890615,0.44961777,0.40918753,0.47302728,0.44677792,0.45262191,0.43508255,0.42555172,0.33424274,0.49891013,0.45940566,0.39214038,0.43764172,0.41781893,0.37352352,0.48886393,0.49025271,0.45074236,0.42841342,0.44970708,0.64228737,0.38171684,0.64416799,0.56687171,0.35483056,0.41291398,0.40827224,0.42727481,0.50070195,0.41963809,0.52834093,0.44871199,0.44616862,0.43380626,0.41545651,0.52726514,0.38661244,0.38785492,0.53135269,0.56708793,0.52058826,0.45334819,0.44731359,0.47859444,0.41031269,0.41507912,0.36878007,0.50748502,0.45008138,0.33270184,0.52767196,0.45591259,0.46066999,0.38171684,0.44705831,0.38902681,0.44274986,0.52916759,0.36113189,0.51532548,0.47783592,0.44719740,0.32710178,0.51928058,0.48539941,0.40616234,0.40378442,0.45810258,0.36163232,0.45752750,0.46131461,0.45622063,0.46852538,0.40670538,0.45311395,0.56027451,0.57976958,0.49766010,0.48765366,0.39899273,0.48300595,0.51966330,0.43776597,0.44709324,0.37104509,0.43041668,0.36798719,0.50513780,0.45569825,0.49886791,0.45323681,0.50418918,0.55647645,0.41769694,0.41944099,0.56670627,0.49994751,0.42432469,0.35286570,0.43534821,0.34242199,0.32322314,0.32433277,0.37072230,0.45691660,0.42619445,0.45308334,0.56091721,0.52794995,0.43066536,0.48355137,0.44937073,0.54315054,0.39961512,0.47415039,0.44018468,0.35494877,0.31912486,0.38443505,0.44867684,0.47721771,0.47646005,0.62815171,0.43103503,0.40531115,0.46723514,0.33716958,0.40885381,0.33722204,0.46583582,0.50447429,0.43869623,0.48475506,0.47955581,0.39340773,0.36024464,0.49757062,0.31220549,0.41410217,0.39576394,0.34208581,0.48715077,0.46636414,0.47150719,0.51228058,0.50295566,0.58052461,0.36203336,0.53140308,0.59774700,0.42469846,0.47581136,0.49817002,0.49049530,0.49766010,0.43786827,0.36606855,0.51037734,0.52480806,0.44739508,0.44313528,0.44215177,0.53415149,0.53733904,0.43040161,0.56305664,0.49846798,0.35582944,0.37849380,0.39525133,0.48387189,0.39831035,0.40005110,0.48795164,0.50885277,0.47426246,0.46036955,0.34749933,0.41973829,0.54498746,0.45603195,0.56836320,0.34322867,0.31220549,0.31336571,0.51111053,0.32173278,0.41818749,0.48445280,0.56522531,0.45889955,0.52937320,0.57182973,0.43701450,0.47104473,0.44732637,0.48330464,0.51479465,0.51949159,0.49962802,0.42209148
72778,0.63786117,0.61072318,0.55650380,0.59976621,0.50294733,0.62886229,0.58357376,0.51568356,0.54870082,0.54267895,0.62012766,0.65386466,0.60494434,0.46520852,0.57483885,0.64138554,0.33455047,0.39091821,0.61301976,0.56501589,0.63044973,0.43921365,0.67399202,0.33157615,0.63635979,0.43932616,0.59715789,0.54945791,0.63733283,0.39041788,0.48691639,0.53430698,0.47525877,0.55431329,0.55160106,0.62147043,0.54789057,0.66984893,0.55840970,0.44147843,0.60617371,0.34749471,0.61654346,0.55305308,0.65376560,0.57213799,0.44991879,0.40333557,0.59507385,0.57345335,0.58739116,0.56866236,0.50521375,0.61704933,0.56306667,0.51518785,0.46875125,0.48694414,0.46625895,0.68118132,0.39817083,0.41796005,0.52845343,0.47741098,0.40238293,0.47434695,0.40196810,0.60030567,0.47358487,0.44631011,0.87402174,0.53191908,0.56772930,0.47813923,0.45422627,0.33371612,0.46701412,0.49865989,0.62676004,0.44393815,0.63325827,0.46280177,0.50447207,0.54377019,0.48783955,0.52963044,0.43918470,1.00000000,0.38352300,0.56997329,0.51157885,0.49786048,0.59039296,0.56992471,0.44893549,0.59223856,0.53375691,0.49980810,0.48964685,0.40608522,0.43183931,0.51810003,0.61291729,0.47200507,0.55987319,0.47448866,0.45057616,0.60602108,0.57743196,0.51433505,0.58354710,0.42598963,0.54790329,0.35834557,0.58259449,0.49860464,0.38548582,0.57356178,0.52302829,0.52321700,0.63805063,0.56126171,0.51937641,0.57176657,0.50724820,0.52784814,0.45097488,0.55605397,0.48147384,0.57616066,0.55541218,0.53689614,0.48068857,0.57707880,0.46942830,0.54385155,0.58468965,0.55884071,0.52237251,0.45880452,0.42548722,0.36604176,0.59019765,0.56116195,0.60000209,0.35834557,0.62322069,0.47380152,0.57086680,0.59588862,0.57293163,0.44940899,0.39832456,0.54899496,0.50161282,0.54176600,0.55017893,0.44901523,0.47362446,0.67473019,0.33673225,0.63326097,0.57167335,0.53472118,0.40720599,0.48986700,0.51302696,0.55407781,0.41325705,0.43016717,0.68409941,0.49963034,0.53739565,0.48521771,0.63153407,0.41260021,0.45481373,0.48016455,0.54273577,0.64974151,0.43795391,0.62436344,0.49482279,0.59828305,0.60122397,0.49750447,0.50184273,0.50850799,0.61469064,0.40095179,0.38985206,0.45412808,0.50240858,0.32756458,0.42469464,0.47186744,0.57414874,0.48647816,0.44851373,0.50037139,0.66255539,0.53632051,0.52756797,0.39519081,0.54561686,0.44143185,0.43618701,0.47866760,0.35640584,0.29985479,0.49187247,0.52192522,0.51154777,0.56565328,0.49509676,0.45499419,0.43710559,0.63736494,0.46475062,0.50807990,0.40909142,0.58357376,0.56828280,0.57099161,0.37829639,0.45479882,0.54116888,0.57185705,0.54052872,0.38336730,0.49479486,0.51329068,0.35537281,0.50522925,0.58221723,0.61229052,0.60276362,0.48985254,0.53521587,0.48892995,0.56988063,0.55571403,0.44976335,0.50769842,0.51163130,0.44388604,0.43016717,0.57014810,0.40851313,0.44801748,0.62523321,0.54592881,0.52787707,0.47696436,0.45682614,0.55976888,0.53229804,0.59074474,0.54498621,0.41368288,0.45752696,0.40851171,0.57638971,0.46818446,0.48515242,0.48677424,0.50027019,0.52358468,0.57157504,0.33643489,0.48689977,0.55325277,0.55814116,0.59302957,0.40235015,0.38336730,0.41681151,0.49838481,0.40584629,0.55901418,0.66795509,0.54601912,0.56353147,0.45334902,0.52182494,0.59503499,0.67388932,0.61459025,0.50634927,0.46202299,0.62112096,0.49702335,0.52904085
72787,0.44665138,0.46618990,0.42558023,0.46731187,0.43509829,0.41586560,0.48340227,0.47943683,0.45762152,0.47723454,0.48807308,0.51643429,0.56218167,0.47186234,0.47644457,0.49058247,0.27953382,0.35581117,0.44316732,0.44946121,0.46399727,0.35329770,0.41878926,0.28564078,0.48802221,0.47074172,0.45421605,0.48704924,0.49100374,0.41042688,0.42076877,0.43273393,0.47603760,0.41155207,0.40371336,0.46013672,0.37883372,0.43360387,0.42947388,0.49807972,0.52936188,0.32377630,0.40362284,0.47099293,0.47512815,0.47367701,0.41429645,0.41958058,0.40687602,0.40383473,0.47234557,0.44156497,0.40075514,0.49044850,0.44895799,0.45009199,0.42331618,0.46180270,0.51006266,0.39776854,0.39587660,0.47369408,0.56772039,0.44812261,0.53887808,0.39714205,0.45772729,0.55879990,0.40949325,0.40744665,0.36325501,0.41262449,0.44896968,0.31419482,0.51365922,0.78071510,0.33859402,0.49372902,0.38769854,0.43843393,0.46740873,0.48851621,0.45959488,0.49013639,0.51091403,0.53759844,0.47540626,0.38352300,1.00000000,0.37934247,0.35597000,0.41911696,0.48400047,0.46029025,0.43082079,0.54029144,0.36351213,0.49207249,0.45673052,0.40364277,0.41491941,0.55432895,0.45778741,0.40286093,0.54991388,0.50001360,0.44496539,0.48552050,0.47794526,0.68103562,0.44351788,0.40629259,0.39807873,0.29347660,0.56447060,0.34572331,0.35951483,0.48396125,0.57757558,0.52367840,0.49031670,0.52828570,0.41805266,0.50781096,0.47496150,0.48943391,0.40096300,0.66110056,0.34206263,0.48160520,0.42824523,0.42853270,0.40636061,0.45493567,0.37956260,0.46748160,0.49164514,0.31467864,0.39581518,0.42398772,0.39085340,0.35822197,0.48878894,0.42638681,0.44302900,0.29347660,0.45754347,0.37143904,0.46208053,0.49488433,0.43506069,0.51488131,0.39123255,0.41000196,0.34022715,0.42100063,0.47602414,0.42243343,0.38674199,0.43098922,0.50012533,0.42665171,0.44411613,0.34741955,0.28922498,0.32152348,0.48757889,0.43109752,0.39837711,0.36941585,0.45322317,0.44867873,0.45735984,0.44248043,0.41567003,0.42820243,0.44315641,0.42635466,0.34999090,0.40891731,0.53194794,0.45584990,0.45022266,0.44754568,0.37820976,0.39557556,0.37094183,0.43601741,0.46747352,0.48106237,0.31794794,0.31900937,0.39912001,0.28999211,0.32388468,0.36616282,0.45877651,0.52362966,0.38784941,0.63549881,0.50156814,0.52059727,0.64795011,0.36240460,0.53210240,0.42936816,0.44722184,0.42159776,0.41808284,0.31441550,0.45086673,0.50047327,0.50416618,0.42576670,0.53057780,0.44111044,0.42535468,0.46116137,0.31684427,0.39273015,0.39553925,0.48340227,0.44037058,0.41472888,0.47095811,0.44069126,0.52431835,0.43461618,0.51301862,0.38027253,0.50454105,0.43353564,0.39226208,0.44825095,0.44963245,0.48384848,0.49079764,0.47817743,0.51505795,0.34313742,0.48009939,0.46838606,0.36253247,0.43340136,0.46978735,0.45909137,0.36941585,0.37743837,0.27494593,0.45374774,0.49042878,0.39719191,0.47924749,0.42621782,0.44927558,0.44443420,0.34883494,0.48884448,0.39983946,0.49508871,0.43237063,0.31507025,0.39046951,0.50718120,0.41485262,0.43993011,0.45173235,0.54815223,0.47094861,0.40949316,0.52339212,0.46316890,0.40657572,0.47756733,0.31859130,0.38027253,0.34045346,0.43235117,0.43700984,0.58530916,0.49141702,0.43543765,0.46725288,0.41804511,0.55016585,0.36798965,0.46173314,0.45555916,0.39326941,0.37397430,0.44384628,0.45220788,0.40033779
72796,0.55174846,0.47707177,0.46182758,0.45322622,0.49766542,0.59970836,0.48188949,0.47863670,0.45067476,0.34370102,0.39578115,0.56744285,0.55349046,0.51530811,0.56271809,0.57174787,0.35833925,0.43219060,0.41291049,0.55685186,0.67566976,0.44221157,0.56999043,0.32788015,0.56837235,0.43112638,0.47006750,0.47367647,0.45937842,0.38192334,0.40895557,0.57853853,0.55970085,0.40080688,0.47020362,0.56728910,0.32243456,0.53608494,0.28477144,0.41193569,0.46357546,0.39516942,0.63672181,0.55079629,0.57750073,0.54310881,0.53021015,0.54671753,0.44724883,0.43288441,0.52580769,0.63035146,0.41127939,0.58498086,0.55932484,0.47559897,0.37914086,0.50939291,0.61571839,0.55275150,0.49101354,0.43813413,0.54654646,0.51398778,0.31985406,0.48919062,0.41138627,0.49396510,0.46522029,0.35963238,0.54403274,0.49450324,0.52067113,0.43938966,0.45930528,0.33094627,0.37342519,0.49198281,0.39346059,0.39463276,0.44009941,0.44768725,0.61572894,0.49752936,0.41974012,0.49197763,0.43278927,0.56997329,0.37934247,1.00000000,0.54089809,0.48852201,0.54583685,0.55157530,0.40201764,0.53282327,0.52238508,0.55571188,0.42503137,0.42069184,0.46845526,0.53545838,0.64309784,0.48607003,0.46529877,0.57763323,0.53909901,0.57548030,0.57567574,0.48470238,0.53365149,0.51262418,0.43895867,0.47909012,0.48394197,0.41883291,0.37772164,0.50796880,0.49395812,0.49915693,0.63754502,0.54412073,0.55821025,0.40202599,0.50969564,0.52938409,0.47001947,0.52475597,0.50867513,0.46552384,0.63647212,0.48819510,0.46538944,0.64424423,0.57543259,0.54334641,0.41703352,0.57567232,0.42494899,0.50763480,0.50702823,0.46067999,0.51523812,0.37884727,0.58411998,0.47909012,0.52992475,0.40800703,0.59013720,0.56888357,0.50391076,0.43598515,0.46775431,0.65605024,0.59312579,0.62030968,0.54730268,0.49869327,0.47505866,0.60299713,0.40319824,0.55249901,0.58675672,0.59641168,0.53771251,0.57824670,0.51011469,0.57868199,0.45255137,0.49902889,0.55583437,0.61980497,0.54618919,0.55922233,0.62253606,0.50144657,0.54368185,0.45490291,0.31408789,0.55458535,0.41116755,0.60654941,0.56245941,0.58532890,0.53429760,0.38465328,0.56521261,0.49929187,0.60810697,0.48843278,0.33182499,0.40832080,0.37534863,0.51608112,0.39711407,0.36997986,0.51666358,0.59866005,0.52319444,0.54021047,0.51432728,0.40900795,0.52558393,0.43190495,0.49120895,0.46411568,0.57940642,0.57652925,0.41663413,0.47957579,0.50954864,0.44267517,0.52197713,0.43151602,0.45142082,0.51521044,0.56498080,0.50404353,0.60831338,0.64242921,0.43686589,0.48188949,0.58840567,0.48320285,0.37290660,0.54945714,0.44137701,0.50248673,0.43944365,0.32691471,0.54166418,0.50483392,0.47181799,0.52316513,0.59431242,0.42701391,0.56724352,0.36863174,0.50356950,0.50145444,0.56726801,0.52259325,0.55545497,0.58617246,0.56813791,0.45591252,0.49902889,0.46564557,0.36001770,0.45889290,0.66351156,0.65719123,0.49018142,0.57608936,0.64114919,0.57523299,0.43501687,0.56934105,0.42636351,0.56248410,0.61928809,0.51829366,0.59776926,0.50811549,0.54458410,0.53870889,0.58604302,0.44734054,0.53549372,0.47430717,0.51788973,0.51369046,0.56465786,0.57759122,0.39775840,0.32691471,0.44491151,0.52983503,0.50017188,0.54017931,0.69761833,0.52696790,0.64356842,0.46002079,0.47958775,0.38158445,0.40457767,0.46991881,0.57075599,0.54577133,0.51632696,0.58874032,0.64315048
72938,0.58537412,0.53885566,0.48197054,0.46038561,0.48761801,0.58601171,0.52819894,0.46022852,0.45769559,0.44566012,0.42208440,0.52656514,0.62602394,0.42686814,0.57890229,0.61940258,0.35291773,0.39586796,0.45403559,0.61608624,0.62823136,0.45890754,0.61124590,0.28628989,0.62242499,0.39846573,0.50224025,0.51431062,0.47290949,0.39065389,0.35398586,0.56776826,0.51935354,0.60745060,0.53286335,0.56772711,0.40105857,0.56874100,0.41424996,0.55522003,0.51274955,0.39132264,0.54462049,0.47187972,0.60281897,0.59176550,0.46808271,0.41673343,0.53332882,0.52055172,0.63554355,0.54047767,0.38468119,0.59026950,0.61260843,0.47370650,0.33813462,0.40694829,0.47494146,0.62456295,0.46451129,0.32270479,0.38435379,0.46634965,0.30646009,0.41502209,0.33883502,0.48914725,0.42599476,0.34829293,0.52218417,0.53857658,0.51187593,0.51892059,0.48921818,0.31526674,0.43087467,0.45675277,0.44507276,0.49052457,0.52240246,0.31029281,0.48215353,0.42293617,0.46946461,0.42245380,0.43992838,0.51157885,0.35597000,0.54089809,1.00000000,0.50205181,0.62908683,0.50182402,0.42722257,0.44611731,0.59378576,0.46549906,0.48499707,0.39304923,0.30365704,0.37742802,0.55254689,0.43004177,0.48262513,0.39838610,0.39914871,0.53403701,0.67982924,0.38556932,0.44834510,0.43733516,0.56030939,0.54236416,0.57082196,0.45550828,0.35265184,0.43549211,0.43218339,0.53660458,0.51488097,0.54974313,0.73401999,0.36872026,0.41477566,0.45803481,0.41200982,0.48353361,0.45177923,0.42921309,0.61611602,0.50101618,0.49714527,0.46083311,0.58125035,0.52064594,0.47499703,0.62202081,0.38491485,0.50978805,0.49177809,0.40082507,0.58650404,0.49732949,0.55586204,0.54236416,0.54691670,0.44401296,0.42717400,0.56827714,0.50414194,0.49064751,0.38476431,0.76161758,0.45406564,0.62838862,0.52235538,0.42236073,0.36472490,0.58268865,0.33407307,0.50860344,0.73442238,0.63548528,0.50124338,0.58303807,0.46970220,0.62686013,0.55085688,0.54403155,0.54562079,0.54122795,0.51082097,0.52927328,0.58389258,0.55386645,0.39444075,0.52867086,0.44646884,0.54526444,0.39286878,0.66281326,0.57761814,0.60223316,0.70634835,0.37955589,0.57486771,0.51099016,0.51997668,0.43228790,0.33870740,0.42609193,0.40201257,0.47746579,0.37251597,0.40740074,0.50493476,0.49135018,0.66353220,0.43244461,0.52155472,0.42410597,0.39398101,0.39967073,0.54611044,0.34429823,0.49970104,0.53304614,0.33927369,0.43824565,0.47416905,0.37384167,0.45017150,0.39891705,0.46884227,0.45218524,0.56997846,0.54534956,0.56692928,0.63704328,0.35184782,0.52819894,0.59530412,0.48261612,0.37108254,0.43602130,0.49007994,0.50219328,0.37484411,0.30158458,0.47553462,0.41928346,0.38007502,0.45231044,0.74456463,0.44495398,0.59734008,0.50791846,0.47928290,0.42432150,0.56830366,0.57479335,0.72426082,0.56078428,0.45367636,0.55268939,0.54403155,0.51845734,0.38329017,0.58666517,0.52066555,0.64158418,0.52832075,0.53412750,0.48413051,0.63914419,0.47087356,0.52627529,0.53627688,0.40424819,0.41611018,0.53061098,0.61528258,0.39991965,0.43403885,0.50329101,0.56906363,0.48542322,0.46067300,0.30483930,0.46394980,0.65161158,0.49493959,0.59728798,0.32603706,0.30158458,0.42363117,0.46972366,0.40671466,0.49996839,0.59868002,0.51182533,0.49218443,0.50611355,0.50159944,0.44334140,0.42096182,0.42230938,0.58716450,0.56970047,0.58680729,0.57574878,0.54133204
72939,0.55190660,0.43730438,0.44814575,0.43989544,0.48861669,0.55378738,0.49592842,0.44670261,0.44587893,0.48283257,0.52419951,0.54125398,0.66747955,0.43697223,0.45002375,0.48402931,0.37824083,0.37243236,0.42975810,0.43628807,0.50472442,0.28573781,0.49101044,0.21379947,0.48408725,0.39669823,0.43820551,0.47543099,0.53519481,0.28771135,0.42861074,0.48198666,0.46994244,0.50337119,0.47465924,0.50027217,0.36469080,0.50118633,0.48870274,0.69488538,0.50060305,0.42373594,0.52999705,0.45496362,0.52652702,0.59091711,0.51999176,0.37992114,0.43555493,0.42009866,0.48928196,0.44275052,0.51481784,0.52151123,0.43350918,0.45620433,0.38423290,0.42210118,0.46017438,0.46435153,0.39185976,0.33290846,0.51925248,0.43435386,0.43327806,0.47930496,0.33985728,0.49602383,0.36129739,0.36107903,0.48647036,0.48978008,0.49139117,0.37089106,0.63668775,0.36551161,0.41624351,0.44510934,0.43534621,0.36098513,0.45666701,0.40212045,0.45649806,0.44324949,0.46848831,0.43602831,0.46006414,0.49786048,0.41911696,0.48852201,0.50205181,1.00000000,0.57348723,0.50965312,0.44273769,0.57889305,0.44529361,0.43054566,0.37079523,0.45340193,0.39102551,0.51776907,0.53808069,0.45550836,0.51436627,0.44791371,0.45440312,0.48027250,0.50122687,0.46518763,0.47056590,0.40634858,0.48564933,0.30048641,0.58539924,0.48798049,0.33629849,0.42312313,0.41218203,0.55370523,0.50309977,0.48591119,0.46137350,0.43351299,0.43953246,0.45857283,0.38485297,0.50989886,0.44583521,0.46050455,0.51247116,0.43646882,0.36345485,0.50878592,0.44563971,0.55387160,0.49834203,0.41432908,0.46936423,0.47620517,0.43513325,0.35283981,0.43777876,0.48334989,0.56756589,0.30048641,0.58343195,0.39888146,0.50529822,0.49280503,0.51083448,0.62788300,0.37225456,0.50463167,0.46415741,0.49690610,0.55845440,0.38726613,0.38054072,0.55540085,0.33605100,0.47708918,0.46989935,0.39284647,0.33089481,0.37386532,0.38958057,0.47561970,0.40956118,0.41971815,0.46900495,0.51688786,0.55271947,0.43241715,0.42513248,0.49501814,0.44204144,0.42488255,0.38193404,0.51696334,0.35182094,0.51782191,0.50275957,0.53211338,0.53043811,0.32302431,0.38610678,0.43697276,0.55932396,0.39111856,0.28447893,0.35543428,0.50622417,0.33870443,0.41451205,0.30653049,0.39178609,0.47276859,0.50927932,0.47906177,0.50828948,0.40787057,0.47702986,0.39153998,0.60677670,0.35183955,0.35580045,0.37432728,0.33266467,0.41875557,0.50183542,0.37677006,0.49248825,0.45548482,0.53750097,0.37356636,0.39682157,0.48711605,0.44509019,0.56034957,0.40691089,0.49592842,0.49786054,0.58385827,0.46246102,0.44029752,0.51516267,0.50842621,0.39197673,0.41086221,0.52689473,0.42002499,0.29848174,0.37519518,0.47948240,0.54454473,0.64777949,0.57118351,0.62179707,0.47502484,0.47708878,0.55450723,0.43359688,0.47262459,0.51603400,0.52580654,0.41971815,0.62293318,0.40477757,0.53834366,0.53337841,0.48693761,0.61256593,0.38716087,0.42394322,0.49038781,0.35752381,0.48547006,0.35467393,0.39628304,0.42791423,0.39770911,0.44972711,0.40773088,0.44255296,0.41656316,0.56235151,0.57021163,0.48145832,0.35399997,0.40695247,0.47801837,0.46035842,0.43116846,0.37107708,0.41086221,0.43282656,0.48189123,0.41176678,0.48035140,0.55652738,0.45303073,0.52816732,0.47959220,0.52490450,0.41084802,0.47095312,0.40368016,0.54537123,0.42098552,0.49496924,0.56149861,0.50450645
72940,0.70098273,0.68437574,0.65082818,0.57685613,0.67684393,0.67465849,0.61161285,0.50075019,0.56972237,0.50995691,0.51528837,0.64067235,0.63866439,0.50664948,0.67909897,0.73144708,0.33754216,0.47637662,0.60141470,0.63456198,0.67584084,0.52573309,0.68768317,0.38381168,0.73071350,0.47575260,0.64236691,0.67304481,0.58948643,0.43196112,0.48734806,0.65671906,0.58449367,0.63730173,0.60798274,0.63295831,0.43287251,0.62033506,0.48777102,0.54468979,0.56403367,0.37172810,0.60238865,0.56666305,0.72675274,0.56034092,0.49114877,0.54510210,0.60812706,0.57835823,0.70800108,0.53281773,0.43049457,0.71342365,0.62980650,0.53830119,0.43695088,0.52455340,0.54262195,0.65877997,0.56692715,0.46479698,0.53365360,0.55078247,0.48228408,0.45870924,0.46083607,0.61194399,0.53644245,0.39568506,0.58944107,0.60866177,0.64383348,0.63415706,0.52953020,0.45370725,0.53002467,0.53261454,0.50026206,0.45779543,0.58975405,0.48460936,0.58810334,0.53625490,0.60762492,0.54205567,0.63890615,0.59039296,0.48400047,0.54583685,0.62908683,0.57348723,1.00000000,0.57319424,0.48211480,0.55549125,0.67226444,0.56399800,0.52407630,0.47642860,0.36050221,0.53262237,0.64595446,0.48350193,0.52405044,0.51493422,0.45846882,0.66684958,0.61128818,0.50697963,0.56741222,0.50362358,0.71030822,0.47238052,0.66065269,0.62112696,0.41026830,0.51715181,0.45640727,0.52819071,0.58470896,0.59895880,0.66938405,0.46234312,0.52229335,0.51724564,0.44861663,0.60690399,0.39664444,0.46172166,0.64283656,0.63265293,0.57004865,0.55552546,0.59467192,0.58303944,0.52357034,0.53936255,0.45381649,0.64223909,0.61481003,0.46274440,0.68408130,0.54784970,0.59327678,0.47238052,0.59908922,0.45665149,0.54900337,0.68806055,0.48657990,0.50783142,0.49860736,0.61745412,0.49014732,0.64226668,0.58851706,0.49643748,0.47544217,0.65740592,0.40813998,0.58923766,0.64115261,0.58771342,0.48709258,0.53974273,0.51595207,0.73144690,0.69802379,0.66970032,0.57930111,0.55002457,0.57690588,0.59223557,0.57824049,0.56466481,0.44250262,0.50227287,0.45628537,0.60837866,0.51383095,0.63342210,0.57484203,0.68535447,0.67633344,0.48570186,0.51607071,0.64593728,0.60055229,0.43635704,0.37316599,0.48827660,0.41628014,0.42386823,0.38396106,0.45821864,0.53373676,0.47078026,0.55726757,0.54869620,0.63151224,0.52468929,0.56092715,0.47645423,0.56467080,0.39462693,0.52119266,0.52288919,0.38732188,0.37323255,0.44438655,0.50494462,0.60938718,0.59361483,0.63787979,0.50948481,0.50635056,0.63535460,0.42754719,0.54019055,0.40813801,0.61161285,0.66228634,0.56175049,0.57189298,0.53007314,0.49565173,0.48583324,0.48345120,0.30836017,0.53199755,0.49393808,0.36822246,0.52134854,0.64450666,0.57199861,0.63128923,0.51616305,0.57087393,0.45367188,0.69408149,0.68658124,0.54387244,0.61421291,0.60053964,0.52198441,0.66970032,0.53119506,0.36850877,0.53916059,0.66857101,0.62206715,0.53652316,0.53807110,0.57815229,0.72208739,0.54544402,0.67326974,0.54027647,0.46608594,0.48809971,0.52874026,0.65066252,0.48063814,0.48191000,0.54971601,0.66099596,0.53098140,0.61286271,0.35948493,0.50163576,0.70232300,0.59668739,0.65157604,0.37984365,0.30836017,0.41924014,0.59397798,0.43367757,0.57529143,0.69531254,0.60775571,0.60778968,0.63077710,0.67564241,0.50326542,0.55940775,0.52446225,0.64610953,0.63320889,0.69490143,0.66137366,0.54105939
72942,0.53223393,0.52308356,0.45559133,0.58267398,0.47281064,0.57794068,0.51741042,0.55776803,0.57479215,0.51293950,0.50766426,0.63464773,0.58353637,0.55634830,0.61707512,0.63068741,0.37875351,0.47933680,0.49208109,0.54949525,0.63641853,0.46180737,0.57913366,0.67450409,0.62793718,0.45320985,0.53007191,0.48805335,0.52104293,0.39994915,0.54256171,0.56473435,0.52718787,0.50308722,0.53846051,0.60107704,0.38244934,0.54889386,0.48923866,0.49825802,0.64889794,0.42806657,0.59564191,0.55510182,0.59234719,0.62220472,0.51663542,0.47840091,0.51238938,0.48850638,0.57098461,0.61734638,0.59645921,0.54751455,0.55067512,0.54006756,0.44734493,0.55250267,0.58064923,0.58026840,0.46775164,0.45810153,0.58160973,0.49967951,0.43674402,0.47151361,0.43771315,0.62844961,0.46696834,0.52902487,0.54595897,0.53529642,0.48663931,0.48374350,0.47841509,0.41962303,0.45548402,0.48038022,0.51570665,0.42581397,0.52238180,0.43890630,0.58063996,0.46429202,0.43907310,0.63463177,0.44961777,0.56992471,0.46029025,0.55157530,0.50182402,0.50965312,0.57319424,1.00000000,0.50715812,0.61686721,0.54505244,0.56021549,0.47644691,0.44080418,0.48874344,0.57315798,0.59600602,0.44318790,0.52638141,0.53712050,0.48731114,0.60538545,0.57545689,0.58620897,0.49443836,0.52650836,0.52489661,0.44056086,0.54306856,0.38708037,0.55940909,0.48904139,0.60764208,0.51907850,0.62090842,0.57023536,0.58419041,0.48920869,0.56678268,0.57534465,0.46816994,0.60496644,0.48375788,0.60691055,0.54980286,0.50588033,0.51768017,0.59358491,0.50444815,0.51627348,0.51509865,0.48564797,0.56321093,0.52864339,0.46567468,0.47298888,0.53464723,0.45888707,0.59303738,0.44056086,0.68927218,0.76440989,0.56246144,0.53153973,0.51419167,0.47695394,0.50187083,0.55835278,0.48988630,0.55049430,0.51741152,0.55283059,0.64834290,0.55531044,0.52150293,0.71798897,0.55921370,0.52707927,0.45951312,0.48901566,0.48728548,0.51343136,0.44171500,0.45527632,0.57523976,0.55023369,0.50595373,0.53286633,0.53555028,0.54216787,0.47763104,0.48642362,0.39314740,0.57280583,0.43063107,0.56812271,0.58452510,0.52964916,0.52450122,0.54738691,0.51529534,0.46412645,0.53116730,0.53330641,0.75822417,0.77200406,0.51940925,0.40655033,0.70920343,0.75191997,0.50524565,0.56467306,0.51405156,0.55303801,0.55407781,0.64184797,0.53236079,0.48497249,0.60238349,0.52374824,0.55444697,0.56136507,0.42199747,0.39771035,0.51888132,0.64743376,0.51891891,0.60305256,0.45297268,0.57450724,0.55822531,0.57095166,0.49323722,0.55308527,0.55315604,0.51741042,0.60292829,0.65327437,0.44886274,0.53744283,0.53997100,0.51308542,0.59608574,0.49640268,0.43682958,0.52255054,0.45480240,0.49391558,0.56423960,0.57272055,0.60367680,0.46522143,0.55833939,0.44347462,0.55706166,0.56142747,0.52171762,0.51903092,0.54104116,0.51418822,0.45527632,0.62395192,0.68065613,0.51746849,0.58097074,0.53125463,0.53399470,0.57186051,0.52162909,0.54229341,0.49643609,0.61194670,0.50094700,0.46614100,0.49565615,0.39519262,0.56978000,0.43270895,0.52165833,0.53712092,0.56843741,0.57746774,0.50675238,0.48498761,0.57173522,0.51733108,0.47474275,0.60376222,0.71082139,0.49640268,0.67783928,0.47302150,0.50776786,0.62324191,0.62564906,0.58983820,0.55142384,0.45847925,0.49305379,0.49820983,0.53309913,0.51855431,0.51211234,0.46036515,0.49491502,0.56510442,0.55253349
72945,0.43457788,0.44106900,0.39199608,0.52227763,0.36263382,0.44656746,0.41321349,0.41528548,0.41632614,0.58373261,0.55267072,0.46514293,0.56858873,0.43596310,0.47659529,0.47809944,0.41796633,0.43897982,0.42081755,0.50238615,0.47529884,0.46913605,0.50020307,0.30241797,0.47542755,0.42984000,0.46175577,0.41024003,0.53671451,0.33033679,0.42847044,0.36211956,0.35974070,0.41967595,0.43140282,0.48371325,0.45622171,0.42327939,0.53789294,0.49596495,0.60689681,0.44333924,0.44493918,0.43722804,0.50542386,0.57670065,0.46899659,0.43413265,0.43634162,0.45615691,0.44700455,0.42422566,0.51905205,0.43703838,0.50155963,0.60521840,0.48847337,0.45338773,0.46229469,0.47997218,0.35847611,0.34996230,0.45511982,0.41630322,0.39219863,0.40361052,0.30657596,0.51126665,0.46929834,0.40254542,0.41858723,0.53627382,0.41306549,0.40650315,0.49421731,0.38347445,0.51886360,0.40086286,0.52887310,0.44064603,0.44739533,0.39404390,0.48406205,0.42985784,0.40907444,0.50654587,0.40918753,0.44893549,0.43082079,0.40201764,0.42722257,0.44273769,0.48211480,0.50715812,1.00000000,0.60307185,0.42283888,0.39580304,0.44054231,0.43406752,0.39530613,0.42626011,0.46288839,0.36419685,0.52430672,0.44882661,0.46665519,0.39823896,0.51189409,0.54692503,0.56131565,0.42711557,0.49129950,0.38214935,0.47276367,0.32959231,0.37769281,0.40434740,0.46105650,0.49771297,0.51432251,0.51044425,0.48469584,0.52353226,0.46790294,0.43658511,0.53061871,0.55274916,0.43805450,0.54144097,0.44908739,0.40578837,0.43022076,0.40793101,0.39991129,0.49826366,0.69089783,0.47088144,0.52858971,0.34929650,0.30736866,0.34974986,0.43790608,0.45888859,0.52200043,0.38214935,0.56967845,0.41863430,0.39076705,0.41843384,0.43385640,0.49994183,0.44720936,0.44900924,0.38478048,0.44588662,0.49505778,0.43570977,0.37490888,0.45627326,0.39980967,0.48773998,0.43251463,0.39883183,0.43185012,0.36347920,0.42468287,0.41136754,0.38583238,0.35400889,0.48989445,0.49756785,0.49198454,0.40213758,0.42964867,0.49533453,0.45395134,0.43684080,0.44931978,0.47029800,0.43415236,0.50779955,0.55585133,0.39498862,0.41066756,0.44159703,0.45162415,0.40787285,0.39310353,0.42250692,0.40747429,0.32621410,0.51499229,0.43144782,0.38252954,0.39996204,0.43941723,0.44424582,0.49265662,0.51133294,0.44984557,0.49946702,0.40139313,0.45894393,0.56671607,0.47776435,0.44836730,0.44471069,0.37220609,0.41025759,0.44796091,0.48681683,0.36906716,0.44971667,0.42102824,0.46567809,0.45161749,0.49269911,0.44205236,0.46264612,0.35763418,0.41321349,0.43030170,0.50546983,0.35886918,0.46654651,0.52228106,0.43219889,0.49271073,0.51308709,0.39912120,0.33969092,0.38769186,0.40906285,0.43885993,0.53416916,0.60748877,0.47916797,0.52043404,0.36643310,0.39966070,0.46149412,0.44329304,0.40412901,0.39407970,0.49294720,0.35400889,0.55474415,0.41749875,0.48384075,0.44435774,0.44438515,0.50134365,0.45865502,0.46008101,0.41597657,0.34968715,0.43029145,0.42018475,0.36392240,0.41486319,0.37106692,0.41711146,0.35461040,0.37193003,0.38546883,0.38202132,0.54614409,0.53268368,0.37487037,0.45673030,0.44208975,0.35678680,0.49115127,0.40094616,0.51308709,0.44865088,0.36118280,0.41397234,0.51696941,0.50511579,0.46199188,0.37969799,0.36905393,0.53859066,0.51536627,0.54200841,0.45996436,0.38275828,0.40238501,0.38255593,0.38579384,0.37755086
73025,0.48008420,0.50871745,0.48756470,0.56576702,0.47865922,0.51627181,0.55612644,0.54101920,0.50093010,0.60277920,0.68054236,0.56192889,0.68567164,0.58484412,0.56083258,0.57566607,0.46211885,0.50629391,0.51632332,0.56510181,0.56552849,0.43630698,0.55455297,0.34959257,0.57395825,0.49702400,0.56723553,0.51584016,0.69498930,0.37765774,0.53055084,0.47118276,0.47637635,0.53152258,0.50753164,0.55116520,0.50271495,0.50378627,0.57391697,0.53286133,0.70824219,0.50475203,0.54279766,0.62631413,0.55629834,0.69803216,0.56133203,0.56274331,0.57128616,0.52372822,0.50606394,0.62665315,0.66855877,0.51216190,0.56526048,0.57209505,0.56444138,0.60342786,0.60297659,0.53952091,0.44684192,0.50485109,0.62351361,0.56380668,0.50118713,0.48921041,0.41784190,0.65068025,0.49562310,0.46825689,0.54420913,0.57951763,0.47638804,0.44066039,0.61871977,0.46739476,0.58575603,0.48494200,0.54312445,0.45571514,0.57693574,0.54739213,0.62028999,0.46911319,0.54887040,0.57464983,0.47302728,0.59223856,0.54029144,0.53282327,0.44611731,0.57889305,0.55549125,0.61686721,0.60307185,1.00000000,0.45914413,0.50799034,0.43218055,0.50835290,0.55368294,0.60539229,0.56096363,0.50785009,0.62145916,0.62742333,0.63170122,0.58410613,0.62926864,0.70791659,0.55057691,0.58910408,0.53531719,0.39892458,0.62873510,0.41559880,0.41683764,0.53809824,0.64433872,0.65923480,0.66415095,0.55735402,0.50164702,0.62640912,0.61373334,0.59904658,0.62544351,0.65073739,0.54412567,0.66048974,0.56584421,0.46366621,0.47079207,0.56768605,0.53121980,0.52006799,0.58936479,0.46782160,0.66642743,0.44846227,0.39712629,0.41816489,0.49675689,0.50167704,0.56107079,0.39892458,0.67981747,0.55136600,0.55608357,0.54738065,0.57678026,0.61295857,0.53922052,0.48310271,0.49127481,0.56040513,0.52420195,0.57899773,0.52046304,0.56799731,0.50897582,0.67099917,0.53561505,0.46697469,0.43734730,0.45139020,0.51403025,0.48217665,0.44649241,0.38036850,0.61972484,0.55395729,0.51129460,0.56372362,0.52687113,0.53604189,0.62000670,0.51775867,0.43785131,0.50213984,0.45698606,0.55708919,0.61646007,0.49081817,0.49635353,0.54606062,0.46812357,0.45743043,0.51377344,0.55904531,0.42510260,0.39673188,0.67464109,0.42823806,0.51878367,0.45663562,0.54808175,0.63643271,0.53661923,0.68646053,0.54078890,0.61875690,0.57047964,0.52044179,0.67189157,0.59558568,0.57628968,0.55610337,0.47693016,0.40209979,0.58409689,0.57746584,0.55263049,0.57074668,0.53241517,0.57607498,0.55318152,0.54729562,0.53942483,0.56127460,0.51168674,0.55612644,0.51058813,0.60452368,0.39117463,0.64487714,0.60886243,0.57575383,0.63252502,0.58364591,0.52583020,0.49369648,0.57945574,0.53811384,0.54002922,0.58193981,0.61479793,0.50192809,0.66596288,0.46742813,0.48229089,0.52414877,0.47642137,0.52815502,0.53695067,0.53719061,0.38036850,0.62465446,0.49137888,0.52832033,0.57064885,0.52033643,0.58699814,0.56940973,0.53338081,0.44621384,0.42428105,0.58540504,0.53449878,0.50109946,0.55813586,0.41143561,0.45544201,0.49220559,0.48795707,0.53425441,0.48457586,0.62828494,0.53707647,0.42937862,0.55126570,0.52100215,0.45052963,0.56948037,0.50546042,0.58364591,0.56560270,0.43974077,0.49025680,0.61900775,0.60027961,0.60204132,0.53358391,0.43908674,0.64800710,0.52023746,0.63535400,0.57223659,0.44751153,0.45235252,0.51005785,0.48423898,0.46757619
73149,0.59433143,0.59267212,0.54933937,0.51111266,0.52046404,0.61584646,0.55855756,0.49479789,0.50502914,0.40834691,0.43225419,0.56108141,0.54781854,0.49847567,0.65854808,0.66732151,0.29159609,0.41750663,0.56057221,0.61127899,0.62390579,0.50907405,0.69490516,0.38661510,0.66180094,0.41566822,0.52391455,0.58849699,0.48005240,0.36608265,0.41419643,0.59237107,0.53343418,0.54331913,0.61453103,0.60312227,0.36115980,0.53269689,0.38627682,0.46980855,0.48449468,0.35870635,0.58911381,0.47913424,0.63810589,0.51122302,0.34938349,0.45716118,0.57356672,0.55649179,0.61478281,0.52763384,0.37429727,0.65289157,0.60826593,0.49832164,0.32838020,0.43346902,0.50147076,0.66616819,0.52672112,0.32965724,0.42434440,0.43887541,0.32183525,0.38462415,0.35703418,0.52043719,0.53985913,0.29416470,0.52486878,0.54687892,0.56385237,0.88355847,0.42224557,0.32132306,0.48085220,0.51052325,0.43506960,0.38980905,0.54266765,0.32191889,0.54510655,0.43198336,0.48999827,0.46448500,0.44677792,0.53375691,0.36351213,0.52238508,0.59378576,0.44529361,0.67226444,0.54505244,0.42283888,0.45914413,1.00000000,0.50863232,0.45638555,0.41994912,0.34256418,0.41608365,0.58446985,0.37787903,0.44895053,0.39849534,0.33639299,0.53696123,0.56041787,0.39325674,0.50022757,0.47854831,0.67313191,0.40263767,0.54416305,0.48305567,0.37611958,0.46843098,0.41567926,0.42768565,0.51660088,0.54773504,0.65564640,0.43546827,0.44200652,0.44799971,0.40981035,0.50877139,0.37483813,0.42106167,0.59257511,0.55889146,0.50508171,0.51642623,0.58414139,0.51559676,0.44527584,0.52204523,0.42138070,0.57691199,0.52567758,0.45712777,0.57430121,0.52242620,0.58053807,0.40263767,0.53830231,0.45033618,0.43952250,0.61578226,0.50132506,0.43296457,0.43910281,0.61325953,0.50355064,0.57505656,0.51737964,0.42803741,0.42187618,0.60709642,0.34514822,0.54061580,0.66470603,0.56285781,0.41159828,0.50852441,0.45037269,0.55804870,0.55659582,0.56242630,0.51893156,0.54104511,0.51749820,0.55017100,0.50247941,0.50479344,0.33812645,0.48422080,0.40600566,0.62882257,0.40845550,0.59110704,0.57224505,0.60212085,0.56336666,0.44910941,0.55968247,0.56165306,0.52353259,0.40245469,0.33760230,0.49229450,0.37469680,0.43380071,0.38655128,0.43326779,0.47632602,0.46258719,0.56168831,0.39782861,0.59855197,0.46655589,0.41352999,0.42250058,0.50494399,0.37150071,0.51548672,0.49402165,0.40508774,0.35945310,0.38030109,0.41307168,0.47442049,0.44843201,0.50308692,0.48050539,0.52370727,0.61400704,0.42988472,0.47747292,0.40873961,0.55855756,0.66900721,0.47611550,0.37806835,0.50025124,0.43115673,0.49959752,0.37191061,0.28457523,0.41607482,0.40571226,0.38512156,0.49524613,0.67289555,0.45032838,0.55913606,0.42076461,0.46512748,0.37028821,0.59036139,0.64474668,0.55823363,0.54255087,0.52509841,0.49310310,0.56242630,0.47176060,0.37814336,0.51286473,0.61285109,0.55421690,0.48227391,0.49303018,0.47603364,0.66439269,0.54100837,0.57238256,0.49217841,0.42660935,0.46239738,0.52886781,0.61646707,0.39675109,0.42350600,0.49885909,0.58451012,0.47321103,0.55135962,0.34303713,0.48461909,0.60266195,0.57240567,0.59147367,0.37977088,0.28457523,0.44076449,0.50713903,0.41107968,0.48653898,0.64933522,0.54714614,0.53834140,0.47347101,0.51155076,0.42896560,0.46106339,0.44421139,0.55761365,0.58969761,0.61483035,0.58157038,0.55150485
73273,0.52429485,0.52610625,0.46461007,0.58890925,0.45020427,0.53123855,0.50904480,0.62530981,0.56627682,0.50120320,0.45214248,0.63770126,0.59286038,0.57528282,0.62516272,0.65448561,0.33348943,0.43360243,0.54272633,0.49475781,0.62443190,0.44530148,0.53383361,0.44529180,0.65138148,0.49359305,0.50382631,0.50350915,0.46656922,0.40443781,0.52701700,0.56538862,0.59797722,0.47356429,0.56085588,0.57506274,0.37093446,0.53012438,0.38958403,0.53912919,0.55101958,0.40035117,0.55867913,0.64639584,0.61427316,0.55893471,0.54706650,0.53291011,0.50132194,0.49883065,0.66665709,0.58772348,0.48890001,0.58843748,0.49460268,0.59221314,0.51984025,0.55957138,0.54885541,0.51187668,0.46225282,0.60581408,0.66195963,0.54365399,0.46308295,0.52632134,0.58869804,0.67500534,0.49334756,0.54373526,0.44509953,0.48014204,0.46557995,0.43572693,0.54584218,0.50811538,0.41443766,0.57038220,0.40009215,0.46429419,0.52643389,0.54595543,0.59518803,0.56345729,0.47066666,0.62082498,0.45262191,0.49980810,0.49207249,0.55571188,0.46549906,0.43054566,0.56399800,0.56021549,0.39580304,0.50799034,0.50863232,1.00000000,0.49905753,0.50292685,0.47771983,0.64761676,0.70181640,0.51497748,0.53764985,0.53187282,0.46034876,0.70487484,0.51016463,0.54411146,0.49237627,0.47691079,0.43837236,0.40354587,0.54915403,0.39369238,0.48926416,0.58049572,0.62093799,0.53729633,0.56001182,0.66954395,0.56394711,0.41794093,0.57963617,0.62853319,0.43731091,0.58543821,0.41094847,0.54330324,0.47783202,0.46425901,0.46618634,0.66235568,0.53002227,0.62447864,0.44317046,0.47281991,0.51139043,0.56866402,0.50509049,0.45925098,0.64183500,0.45898137,0.52355309,0.40354587,0.59105029,0.50761357,0.66534999,0.58172486,0.51667463,0.55202911,0.48829222,0.61200927,0.50929623,0.46961951,0.63706624,0.59509218,0.49030345,0.66715325,0.67015058,0.63313148,0.57355053,0.47436580,0.39612855,0.44395082,0.55046637,0.53467751,0.43782833,0.46598068,0.49013683,0.56865327,0.62919937,0.54911522,0.58070196,0.49393435,0.46718257,0.47247054,0.42427751,0.64661938,0.52791678,0.54541351,0.51869901,0.58362779,0.52069083,0.56305920,0.51496054,0.50065923,0.58719216,0.61202179,0.47555871,0.45434233,0.47432436,0.43370048,0.49299237,0.56980289,0.52342195,0.55337043,0.53243364,0.60236281,0.58315675,0.58193506,0.65971553,0.43281095,0.56154857,0.49093838,0.52732461,0.46601105,0.53506012,0.31731839,0.55618205,0.57445092,0.61470196,0.53190044,0.49630178,0.55393661,0.51924007,0.59074584,0.40767984,0.46838178,0.49844922,0.50904480,0.57074449,0.51858287,0.47816782,0.51424161,0.50878147,0.51501642,0.53460593,0.38877219,0.59451877,0.58341803,0.37897814,0.47775524,0.57716293,0.49939027,0.60617535,0.53360831,0.54492718,0.48057229,0.62966623,0.59787369,0.52466793,0.55695918,0.58542442,0.54181894,0.46598068,0.48085492,0.39950923,0.52533394,0.60888796,0.56158351,0.57569109,0.46116163,0.50783457,0.59070694,0.42889438,0.69609847,0.39088846,0.67123595,0.59379083,0.42795107,0.48890397,0.61387002,0.51935765,0.55188569,0.67729845,0.54493040,0.50210303,0.56646390,0.57129419,0.49425105,0.47822550,0.55181415,0.48344718,0.38877219,0.53650507,0.52331577,0.52079950,0.67384413,0.63636822,0.54247053,0.63165052,0.52350320,0.47628795,0.39259673,0.41651593,0.46690263,0.49699353,0.47082279,0.51083035,0.67819356,0.61186467
73302,0.52190327,0.52939056,0.45691294,0.51310039,0.45020141,0.53066078,0.53318214,0.50113286,0.50332726,0.49328352,0.43974300,0.54454938,0.54479513,0.42210618,0.59046163,0.58464311,0.29777065,0.37031407,0.50452475,0.55144356,0.58380891,0.47860277,0.51347940,0.32048548,0.58378173,0.45276086,0.49089197,0.48468644,0.42205786,0.74563139,0.45086105,0.51744341,0.53478363,0.47817995,0.57515028,0.57997288,0.41160282,0.54023308,0.40315422,0.50793541,0.51657454,0.37079863,0.49200271,0.44179837,0.52055024,0.49576183,0.37096556,0.39497257,0.47585055,0.49367636,0.52219254,0.41719022,0.39546742,0.54455210,0.55047043,0.49315126,0.37744187,0.42788569,0.46828038,0.50942964,0.46449789,0.40807431,0.44196009,0.45651109,0.37978217,0.39631646,0.51365221,0.55099354,0.38738204,0.35306633,0.48774533,0.49221526,0.46901467,0.43185252,0.43768947,0.43137064,0.44150046,0.60171769,0.45725634,0.90086413,0.46246394,0.36377704,0.46271363,0.65586711,0.51488284,0.51201719,0.43508255,0.48964685,0.45673052,0.42503137,0.48499707,0.37079523,0.52407630,0.47644691,0.44054231,0.43218055,0.45638555,0.49905753,1.00000000,0.52032978,0.34611453,0.42958934,0.52225729,0.52105261,0.42946998,0.47703948,0.42073736,0.53766619,0.55120048,0.43535889,0.47817536,0.38366831,0.47979505,0.44854197,0.50403144,0.35016334,0.43476512,0.50216149,0.44958177,0.42717433,0.47807552,0.55770986,0.55030779,0.41687098,0.44568029,0.46721101,0.37551721,0.54054439,0.37797103,0.45627760,0.51399308,0.50768847,0.49863185,0.45077854,0.50050541,0.51171598,0.48146403,0.44502658,0.40505861,0.49217291,0.44522903,0.42247216,0.53282864,0.48787092,0.50676655,0.44854197,0.49877576,0.36727599,0.46094031,0.54577887,0.42693775,0.44057001,0.38765446,0.57049394,0.36826804,0.52419261,0.51361225,0.44605090,0.35665203,0.50894319,0.37155983,0.46229020,0.56455411,0.54005481,0.43283070,0.47452642,0.78155684,0.48085377,0.44991025,0.45738122,0.52649953,0.48072705,0.50910038,0.47949667,0.66572878,0.38971173,0.41075490,0.45887743,0.46678007,0.52391594,0.56569536,0.52532810,0.48095011,0.51005453,0.46882282,0.43006750,0.57635028,0.50644644,0.56488995,0.42023440,0.30720816,0.35651052,0.34910404,0.36304987,0.28499035,0.43169277,0.74552777,0.46469906,0.43304490,0.44284580,0.52986362,0.49927197,0.46530680,0.37462955,0.49717341,0.36369814,0.47138184,0.49787588,0.37022140,0.32816094,0.41831052,0.45657152,0.41691672,0.43622290,0.50298919,0.45234276,0.48208864,0.55963621,0.34722100,0.44668492,0.36011464,0.53318214,0.51628253,0.42454451,0.45274170,0.41987965,0.42325437,0.42485354,0.43684106,0.28638940,0.59623972,0.53422869,0.35605797,0.44163594,0.56360526,0.47288658,0.46304779,0.49579719,0.45115590,0.43360271,0.53074866,0.54077680,0.48327497,0.53460279,0.48378312,0.48387865,0.45738122,0.41692936,0.27930670,0.48676527,0.50001991,0.52291384,0.48498150,0.50986191,0.45277889,0.53798425,0.46077024,0.51205621,0.45861539,0.47583828,0.44305431,0.41660075,0.54732508,0.51221019,0.41877673,0.54440817,0.47627845,0.48427772,0.48668195,0.39237991,0.57214663,0.57427575,0.46942994,0.57171745,0.30696031,0.28638940,0.34357563,0.45136606,0.37777791,0.51248951,0.57098989,0.44876748,0.47724975,0.51501308,0.48159695,0.43900557,0.46496917,0.47270552,0.48744806,0.45527984,0.47253188,0.48080114,0.45613534
73435,0.49049383,0.47664171,0.53089930,0.40924474,0.42324457,0.48195620,0.39936090,0.42779670,0.43169482,0.42698275,0.43660651,0.45591223,0.57390327,0.56496300,0.48789857,0.48939890,0.33198858,0.42357791,0.44249767,0.45653950,0.47151842,0.41300654,0.43995763,0.40905123,0.48584468,0.43446156,0.41187916,0.52264390,0.46708932,0.34939696,0.40428653,0.49024022,0.54918226,0.42549646,0.44757078,0.45161984,0.29863255,0.37045300,0.38734726,0.57796982,0.50311201,0.36440939,0.50280398,0.40744682,0.48160352,0.51375472,0.36812867,0.46054394,0.40063654,0.42812745,0.49327348,0.45906623,0.38031608,0.51225137,0.45623383,0.49309605,0.35381909,0.40178253,0.49364949,0.41538146,0.47263191,0.37058555,0.43124482,0.42063961,0.40246491,0.43748255,0.38896502,0.52606194,0.46469998,0.30211191,0.39342118,0.50338283,0.44159382,0.37284128,0.54781737,0.40225179,0.44132126,0.43843212,0.34286205,0.49176731,0.42026456,0.40625974,0.54050755,0.46131266,0.50229556,0.45526788,0.42555172,0.40608522,0.40364277,0.42069184,0.39304923,0.45340193,0.47642860,0.44080418,0.43406752,0.50835290,0.41994912,0.50292685,0.52032978,1.00000000,0.37121305,0.41304953,0.49419046,0.45435681,0.41876993,0.43660404,0.37364535,0.51257368,0.47731393,0.45367881,0.54943998,0.38626865,0.50471041,0.33390080,0.57562359,0.37047007,0.36587156,0.44506934,0.39423649,0.47269063,0.46320822,0.56332818,0.46192715,0.51781503,0.41590096,0.45738994,0.43792309,0.50979820,0.36795972,0.46032242,0.47110202,0.48901365,0.37463820,0.45823974,0.44533382,0.54781267,0.37592691,0.40721769,0.46944450,0.47907452,0.40591077,0.43369588,0.47657590,0.38881878,0.52209547,0.33390080,0.53279620,0.38594671,0.44828630,0.49600703,0.42997329,0.55433990,0.48902706,0.45889452,0.44933760,0.46962870,0.55515771,0.44307642,0.42188149,0.49075028,0.35927989,0.42266511,0.47899632,0.40244316,0.34184987,0.38079480,0.44343442,0.44893943,0.36615978,0.37612790,0.41607734,0.53150290,0.55822670,0.48343678,0.43776013,0.42796922,0.37408199,0.42070923,0.33404697,0.48639828,0.40024486,0.49159861,0.46961608,0.47956652,0.40131068,0.42790886,0.43855057,0.47652565,0.47627324,0.42457074,0.33046143,0.34286979,0.43302778,0.36613193,0.31299757,0.38181376,0.41625851,0.41616493,0.44369604,0.48913907,0.46755470,0.43002544,0.45535221,0.42958939,0.60599832,0.46978762,0.51548311,0.46809742,0.58611305,0.35036548,0.46922334,0.41013926,0.44890080,0.41866602,0.54009469,0.43025614,0.45505357,0.47124176,0.34501611,0.39380759,0.36754220,0.39936090,0.51586078,0.44038588,0.43816584,0.50235655,0.39991713,0.42914079,0.38207101,0.36809234,0.52639429,0.47269580,0.40232811,0.40179651,0.47737296,0.37278449,0.51357147,0.53657119,0.58213822,0.41112556,0.50310078,0.51219637,0.37639432,0.43702161,0.49455151,0.52194980,0.37612790,0.46792706,0.32749538,0.51611533,0.47744429,0.53783651,0.63390295,0.46843076,0.41748228,0.45944297,0.29263160,0.49251083,0.30750146,0.44418198,0.41721186,0.37540810,0.42409369,0.46305268,0.47057155,0.47174948,0.44942374,0.53658013,0.56722788,0.43310601,0.43758360,0.47471880,0.43509450,0.42615088,0.32505376,0.36809234,0.42288139,0.40992064,0.37876010,0.45261274,0.51835734,0.41600319,0.50561226,0.40241250,0.50254528,0.33144236,0.40786648,0.35374918,0.47656795,0.45076084,0.48671526,0.45137803,0.42014865
75198,0.34523179,0.38277480,0.32773544,0.44727616,0.35702782,0.37854444,0.53592584,0.57479327,0.43241003,0.38648856,0.45942278,0.42154619,0.45275041,0.57030970,0.46955871,0.49984486,0.45469933,0.49624384,0.43990535,0.44329826,0.48500345,0.41624222,0.44173590,0.32828440,0.49546304,0.50753592,0.44179658,0.35005874,0.37169657,0.35015736,0.64282872,0.41284214,0.41637632,0.32046443,0.37912413,0.42430567,0.31032776,0.39091107,0.37078498,0.34287865,0.50208864,0.52066949,0.42572919,0.56597981,0.39531300,0.57721258,0.36837747,0.51161214,0.41882892,0.41960087,0.40672658,0.54624315,0.46221936,0.38357244,0.44596465,0.45959324,0.37467929,0.60648381,0.59347222,0.42123523,0.43866296,0.38810559,0.49097157,0.45907772,0.35094566,0.45898944,0.41234493,0.59810939,0.33173042,0.36024364,0.39427613,0.43613369,0.35860576,0.33199779,0.38692379,0.34336211,0.39764652,0.45751918,0.34213401,0.30326405,0.38586803,0.41493350,0.62156507,0.38373627,0.31340165,0.44761064,0.33424274,0.43183931,0.41491941,0.46845526,0.30365704,0.39102551,0.36050221,0.48874344,0.39530613,0.55368294,0.34256418,0.47771983,0.34611453,0.37121305,1.00000000,0.47342540,0.47324540,0.42677942,0.39369278,0.60219065,0.55513173,0.54296538,0.43432676,0.51498020,0.38348573,0.58629818,0.37732282,0.38939103,0.41040616,0.24310424,0.42534925,0.40745568,0.51833369,0.41497117,0.57880342,0.42990097,0.40613430,0.41941906,0.61155899,0.68224124,0.51502944,0.53344102,0.49780576,0.47903267,0.44520883,0.37918958,0.40687785,0.56692050,0.40609406,0.42019774,0.37525649,0.33329942,0.50431225,0.40102996,0.32016545,0.51795417,0.38605051,0.33925354,0.38373619,0.38939103,0.53275615,0.46301517,0.47918477,0.46207148,0.38055915,0.38229848,0.53161727,0.38887124,0.37449924,0.44361832,0.42149872,0.50781717,0.41992186,0.42910787,0.42280247,0.53056854,0.46046982,0.39881919,0.34998628,0.36467830,0.48726741,0.41935278,0.38645537,0.29890375,0.49406450,0.46043465,0.41848549,0.48098146,0.45398022,0.38282220,0.55952759,0.35264828,0.31738558,0.43969043,0.34327970,0.43105430,0.41830919,0.34870686,0.32129676,0.41516623,0.35604935,0.32339534,0.40443456,0.45581291,0.36730441,0.31763184,0.44721903,0.43751322,0.45112877,0.40156293,0.46655212,0.55865906,0.41491691,0.54375258,0.41560220,0.48059869,0.44722354,0.50035252,0.43482018,0.52454906,0.54916127,0.54826876,0.36348466,0.35436951,0.41744812,0.45706019,0.40060097,0.42702709,0.32553480,0.53344407,0.52763181,0.40370726,0.45134728,0.49364882,0.51924935,0.53592584,0.43008531,0.45684292,0.33549764,0.64828415,0.39301151,0.37924706,0.44716754,0.45517145,0.40926098,0.44227186,0.50282110,0.41819663,0.46131608,0.42225249,0.44638020,0.31084757,0.46703219,0.31760299,0.39645839,0.41879221,0.34528706,0.41406591,0.53997695,0.40214342,0.29890375,0.48186215,0.42159465,0.39790916,0.44709397,0.41732031,0.40588632,0.54543502,0.50242613,0.37032932,0.31503895,0.54417978,0.42689764,0.39594604,0.50994037,0.31133524,0.32536104,0.40629023,0.47934109,0.46292970,0.44181350,0.44520068,0.37544237,0.35305398,0.47422934,0.37950929,0.41855859,0.49513943,0.45972255,0.45517145,0.46779274,0.34066268,0.63630718,0.44566670,0.52957552,0.58496212,0.49162008,0.38096864,0.38801338,0.32844726,0.42829174,0.43036901,0.32054237,0.29508120,0.33610315,0.45292564,0.42619871
75835,0.48846097,0.43998036,0.42629301,0.52484006,0.44976636,0.47790908,0.49656715,0.57960005,0.53533219,0.46023786,0.48038972,0.60739588,0.57693698,0.53734560,0.54749922,0.56136799,0.39756749,0.41278770,0.48286851,0.47268295,0.55470505,0.36837095,0.47458447,0.39902699,0.56050720,0.46348855,0.44538186,0.46870969,0.54793241,0.37255421,0.49467529,0.54458594,0.61953745,0.44521772,0.45412772,0.54353020,0.35545712,0.47657429,0.41763300,0.50024323,0.61627431,0.39563145,0.52390525,0.59617042,0.53141869,0.56957817,0.71938714,0.50585980,0.40054718,0.42642158,0.50037496,0.50767616,0.55505484,0.50962521,0.47319486,0.44654772,0.50337884,0.62125511,0.52598885,0.46235892,0.39019205,0.74292216,0.98857799,0.63437441,0.70526146,0.55440883,0.54106243,0.65210152,0.46555150,0.63231989,0.47716304,0.46087143,0.43069491,0.35243321,0.54832844,0.52369622,0.41789018,0.49055204,0.45851885,0.38377974,0.49296825,0.71518102,0.57210864,0.49158573,0.47690266,0.66307444,0.49891013,0.51810003,0.55432895,0.53545838,0.37742802,0.51776907,0.53262237,0.57315798,0.42626011,0.60539229,0.41608365,0.64761676,0.42958934,0.41304953,0.47342540,1.00000000,0.62321470,0.49468750,0.56615913,0.54338818,0.49542002,0.59957631,0.44161561,0.56207054,0.45726635,0.48225427,0.42783129,0.29548960,0.53675913,0.44247936,0.42116278,0.51243393,0.66550111,0.60497067,0.59936293,0.56429716,0.45841683,0.55873051,0.65040183,0.59824245,0.44394481,0.64374656,0.45196874,0.60062509,0.46576070,0.42097445,0.39259937,0.72363765,0.48093257,0.54445908,0.47822042,0.36399632,0.50490118,0.54004632,0.47352442,0.34793827,0.48077327,0.42287699,0.49723532,0.29548960,0.57067085,0.47159470,0.83747460,0.50829784,0.46323672,0.51513497,0.45093960,0.47447199,0.49717337,0.45456249,0.54670264,0.62116122,0.53685719,0.57174668,0.56605278,0.61200056,0.46008695,0.41903157,0.33620295,0.38473685,0.48357728,0.49395477,0.41031609,0.40240550,0.51104909,0.47546516,0.54090790,0.56009073,0.50949552,0.43159499,0.50319486,0.40571798,0.38945010,0.53860523,0.46419514,0.46151088,0.45311450,0.49446353,0.47504870,0.58485455,0.40024385,0.39906761,0.59123615,0.52921191,0.43831447,0.46780874,0.49368933,0.30612321,0.49757923,0.49958981,0.47667501,0.55848429,0.43049479,0.77394382,0.53218975,0.61435405,0.83735419,0.41250497,0.60620550,0.54012036,0.43408659,0.42894719,0.45854095,0.25561343,0.58557589,0.65859015,0.78673733,0.56702140,0.50897076,0.54781632,0.42109118,0.50472648,0.41183648,0.41538062,0.53761074,0.49656715,0.47290865,0.55487571,0.51455444,0.52648778,0.55830064,0.46165582,0.61430060,0.45195512,0.54283469,0.50267885,0.38983254,0.45460155,0.46530009,0.55172193,0.54361451,0.49981309,0.56229017,0.43721228,0.50124204,0.52284579,0.39188987,0.57908852,0.61706971,0.48398351,0.40240550,0.54933504,0.45891319,0.45353930,0.54766843,0.47836204,0.54764445,0.42442878,0.54002481,0.50590948,0.40499835,0.68473269,0.38861499,0.54708225,0.49085794,0.42020959,0.44666002,0.57466205,0.55966765,0.58610413,0.63937775,0.57813194,0.44917712,0.51592904,0.47991360,0.45990772,0.44237180,0.48773428,0.50383508,0.45195512,0.49308542,0.56129983,0.48935526,0.62003854,0.57851914,0.55624955,0.59684022,0.51595136,0.54655046,0.43409707,0.49907101,0.46579413,0.45192997,0.45316610,0.44133416,0.63618534,0.54393502
75969,0.63726581,0.58181905,0.54156135,0.54252914,0.55614962,0.67053493,0.59742987,0.62009179,0.55388410,0.54815682,0.50784226,0.70297281,0.64103378,0.52358634,0.65942258,0.69450451,0.35297614,0.48474358,0.55628780,0.58433661,0.68730309,0.45356149,0.60065810,0.41211263,0.69267093,0.53939490,0.55455496,0.58860548,0.53751674,0.44826557,0.56447434,0.60992717,0.61243476,0.54337119,0.61266940,0.67355160,0.42567011,0.60741846,0.44323906,0.52424063,0.56243076,0.38407772,0.65031858,0.63896798,0.70091721,0.59989807,0.56455793,0.53366123,0.57459528,0.58592007,0.68542197,0.55237091,0.47496785,0.65763560,0.58279607,0.58104661,0.50264568,0.68107100,0.55320612,0.58459050,0.51039931,0.53246599,0.63399592,0.58094602,0.44279075,0.61107238,0.52506680,0.69146187,0.48713837,0.46182689,0.55089711,0.56207340,0.59340925,0.47957197,0.57721383,0.43529705,0.42287350,0.60068545,0.41597614,0.51210378,0.52267658,0.49020782,0.61045812,0.58382399,0.53755613,0.58486586,0.45940566,0.61291729,0.45778741,0.64309784,0.55254689,0.53808069,0.64595446,0.59600602,0.46288839,0.56096363,0.58446985,0.70181640,0.52225729,0.49419046,0.47324540,0.62321470,1.00000000,0.55872640,0.59590471,0.54448081,0.49078898,0.68841898,0.52790390,0.49597778,0.54854757,0.53180009,0.50389381,0.44137504,0.59659910,0.44673854,0.48938729,0.56627893,0.56931872,0.53557712,0.60393561,0.68650305,0.58135829,0.46636775,0.67418941,0.64814861,0.45458580,0.62315872,0.45216538,0.53523962,0.56854876,0.56033945,0.49217554,0.71441839,0.63371919,0.69254457,0.51092442,0.52239982,0.51530070,0.58298858,0.56226076,0.49418632,0.65254065,0.53940783,0.57838777,0.44137504,0.65753044,0.47732856,0.71959746,0.64100030,0.56020713,0.57354924,0.48521795,0.68263404,0.66682449,0.55335667,0.69501435,0.57331956,0.48738231,0.73323378,0.48541078,0.65681672,0.56905835,0.57121764,0.45307390,0.52774461,0.57714996,0.60455467,0.48267225,0.50719387,0.53110582,0.59303790,0.68593369,0.56364120,0.62820544,0.50638233,0.49494107,0.51261616,0.44899376,0.71096981,0.53230560,0.58097586,0.56161862,0.67848953,0.55257267,0.51283729,0.56131240,0.56659251,0.70999612,0.57669113,0.45570988,0.51792636,0.52387579,0.45598288,0.48199497,0.52464249,0.56212807,0.55178274,0.51736607,0.56457623,0.63982040,0.55578807,0.62425116,0.47999249,0.56488307,0.47413703,0.51890722,0.51628927,0.43171097,0.38620944,0.57556083,0.53405879,0.64318362,0.58896799,0.54016343,0.55982328,0.50386465,0.63130278,0.43710008,0.55061496,0.50127631,0.59742987,0.69130907,0.57889154,0.49172707,0.54733645,0.56604701,0.55820347,0.53047029,0.35134437,0.60786852,0.62919165,0.37820772,0.49611139,0.57449998,0.56724007,0.61940821,0.51842941,0.52104402,0.56589452,0.70999804,0.62752902,0.54084341,0.61129051,0.64249024,0.58899565,0.50719387,0.54347053,0.35459356,0.59791825,0.71406686,0.66314785,0.64092783,0.51410743,0.53275948,0.64487676,0.49442803,0.74544830,0.44214902,0.58599973,0.59835571,0.53966957,0.58382793,0.56753254,0.63624653,0.60868662,0.69508102,0.56666979,0.56225942,0.51762489,0.57594708,0.51782603,0.54388103,0.62285383,0.45027703,0.35134437,0.53977218,0.57289314,0.55096935,0.68386942,0.75231034,0.56242979,0.73107906,0.50615895,0.54541309,0.40731293,0.44616230,0.48188458,0.54667398,0.57367717,0.60970957,0.69344790,0.63792748
76011,0.43067937,0.40356075,0.38558406,0.41565079,0.43229918,0.46497299,0.51519000,0.49876254,0.42465712,0.42176414,0.49169284,0.47439945,0.59406318,0.50112276,0.47615541,0.49587018,0.34624632,0.40231122,0.37911720,0.43112090,0.50786540,0.35013339,0.44659371,0.26818806,0.49941210,0.37508790,0.44331899,0.45144517,0.41089896,0.45404992,0.41211823,0.53879564,0.55370896,0.45386993,0.43634801,0.48894332,0.36324483,0.47797070,0.34752591,0.42520542,0.49784772,0.37921925,0.49393714,0.51972786,0.48166522,0.58762683,0.48194418,0.46200189,0.46648970,0.47192678,0.47292286,0.47778171,0.40986866,0.47503285,0.43107175,0.42702547,0.44717087,0.51623249,0.57417136,0.43599069,0.45156491,0.39790200,0.50163563,0.55077155,0.32182512,0.66883718,0.65195596,0.54125455,0.29966530,0.39689707,0.45179313,0.50894595,0.50613553,0.33556663,0.46247271,0.36313761,0.37683698,0.56925729,0.34575132,0.56543926,0.47826020,0.37374415,0.50710053,0.57808071,0.42837508,0.42559922,0.39214038,0.47200507,0.40286093,0.48607003,0.43004177,0.45550836,0.48350193,0.44318790,0.36419685,0.50785009,0.37787903,0.51497748,0.52105261,0.45435681,0.42677942,0.49468750,0.55872640,1.00000000,0.49805392,0.57475042,0.57628629,0.53500190,0.48814273,0.41912247,0.41885179,0.45338315,0.37949790,0.36086493,0.46742338,0.36496915,0.44181467,0.49925814,0.50130042,0.55497103,0.52314474,0.54249140,0.43965192,0.34401580,0.53894093,0.55561243,0.44654005,0.52111636,0.42301876,0.42256291,0.51711639,0.38653374,0.37021544,0.50730780,0.54574501,0.47943720,0.46003353,0.38301341,0.39371181,0.55195305,0.50750677,0.41197946,0.44050675,0.38810528,0.48123882,0.36086493,0.52230784,0.42277521,0.51180170,0.49978685,0.49452571,0.45342585,0.43423247,0.51850320,0.45702426,0.51583983,0.48350311,0.56113220,0.33063586,0.53389964,0.41024399,0.51863998,0.50164593,0.48643100,0.38287606,0.51443124,0.55081000,0.51289057,0.47697746,0.44193622,0.47582661,0.49288657,0.47922479,0.52997858,0.55714845,0.38078244,0.58052681,0.44107328,0.34869897,0.49631386,0.52312663,0.46460501,0.45357049,0.45603648,0.43705085,0.39676551,0.50947369,0.37224700,0.54185701,0.51104104,0.30192383,0.32646403,0.40401809,0.40948422,0.36137520,0.32121639,0.57504026,0.49972697,0.40934098,0.47175788,0.46702050,0.42993427,0.47972366,0.39628222,0.49659812,0.38099624,0.53721429,0.49267751,0.39737640,0.36960045,0.51011586,0.38243782,0.42930986,0.44251163,0.41051265,0.52279703,0.41765881,0.47235411,0.43556626,0.49934642,0.45211881,0.51519000,0.51616747,0.45140807,0.44726342,0.50756817,0.47475617,0.49310262,0.42327659,0.32100560,0.62228078,0.68001789,0.38344748,0.44469638,0.49629440,0.43353175,0.48220680,0.44597462,0.46813390,0.49780459,0.48066514,0.46543260,0.45777717,0.52453084,0.57039730,0.48822500,0.44193622,0.45678802,0.33692179,0.45980016,0.51189576,0.58523193,0.58829875,0.49252584,0.49835541,0.48013036,0.30731563,0.55875909,0.40941894,0.53784384,0.47792388,0.41878522,0.45215353,0.65259395,0.60724231,0.56006353,0.52107067,0.46512842,0.43159047,0.50324771,0.51942190,0.47455768,0.44674430,0.48352439,0.32320213,0.32100560,0.43369221,0.50013506,0.42882026,0.50685269,0.54069555,0.47518793,0.52123434,0.47502173,0.44316376,0.33911693,0.39722402,0.42833011,0.50268195,0.48085185,0.45022856,0.51089381,0.45409030
77780,0.52646695,0.49978606,0.50315978,0.62355253,0.47879560,0.58182839,0.56119085,0.56272001,0.53788479,0.64602426,0.64000045,0.60551663,0.68842520,0.45196214,0.58283761,0.61265101,0.33042110,0.37467136,0.56924372,0.46162764,0.50639518,0.34554971,0.49804074,0.32281280,0.61163281,0.39480543,0.50435605,0.53104547,0.62032437,0.35068714,0.47849588,0.46983238,0.44855108,0.56583874,0.53072154,0.55789878,0.56628122,0.56121284,0.54803727,0.56018873,0.63790016,0.34964811,0.58090969,0.55064766,0.59450815,0.58879426,0.51693177,0.41108747,0.56016742,0.58095402,0.59128772,0.47811936,0.52016427,0.57692500,0.46005778,0.50541646,0.60964372,0.50509465,0.44555194,0.46203333,0.39364597,0.50158878,0.58231218,0.46507772,0.49103423,0.43109749,0.40881321,0.59865720,0.47509583,0.55796200,0.46906313,0.57414276,0.52205065,0.39081504,0.62440206,0.52214174,0.46675668,0.49567059,0.55939910,0.48110222,0.64081188,0.50364914,0.45805466,0.50690334,0.57390543,0.57925264,0.43764172,0.55987319,0.54991388,0.46529877,0.48262513,0.51436627,0.52405044,0.52638141,0.52430672,0.62145916,0.44895053,0.53764985,0.42946998,0.41876993,0.39369278,0.56615913,0.59590471,0.49805392,1.00000000,0.41961707,0.42672191,0.58087528,0.51753810,0.59072580,0.50870602,0.39926567,0.47585219,0.33607460,0.64759967,0.39622113,0.37267731,0.64606687,0.67493111,0.57883730,0.51937386,0.57641481,0.48030634,0.47911968,0.52336448,0.54548848,0.47239080,0.59240467,0.40113640,0.53756785,0.53008763,0.50203782,0.38140527,0.44289195,0.45581945,0.49262527,0.60208145,0.41263380,0.48861092,0.44143952,0.40101705,0.37121980,0.54002474,0.58921720,0.55553536,0.33607460,0.58437511,0.46114637,0.48905881,0.58903151,0.49342953,0.62221105,0.40666236,0.51708955,0.41336412,0.51155123,0.50088448,0.48791489,0.43539413,0.60598267,0.45733769,0.62659419,0.51041587,0.39500750,0.37152885,0.38537120,0.44170559,0.44561690,0.36351391,0.33392216,0.56985666,0.46467708,0.48630313,0.45391601,0.44842266,0.49202699,0.43025096,0.48698395,0.52747380,0.57500662,0.51487733,0.49717102,0.52299311,0.52027995,0.52452606,0.53807672,0.45433706,0.48220508,0.62051639,0.49733922,0.43833347,0.38408446,0.54180166,0.33949294,0.39517938,0.41261190,0.47874237,0.52747906,0.50985696,0.60145087,0.63234938,0.61325193,0.57725621,0.39183466,0.62569712,0.40211042,0.39455726,0.38059940,0.37787028,0.31193100,0.52298898,0.56674954,0.54165728,0.54655920,0.55939627,0.46226778,0.39574527,0.60104423,0.39720614,0.41697817,0.39670056,0.56119085,0.52787743,0.58080816,0.41344198,0.43714740,0.94715519,0.49194991,0.58235850,0.34694929,0.45923732,0.42004842,0.35790769,0.47480671,0.51668806,0.66030936,0.61882503,0.59218730,0.56617638,0.45183521,0.51609069,0.51087604,0.48741115,0.44376721,0.43410928,0.52704884,0.33392216,0.53340246,0.35244302,0.52393743,0.56157287,0.44373317,0.57719294,0.37896613,0.42789440,0.49020423,0.49909287,0.58386411,0.40750356,0.46809514,0.43897973,0.40188130,0.45442773,0.47716589,0.39975958,0.46261185,0.50015884,0.60381015,0.52037760,0.37748150,0.62673030,0.55038745,0.45616836,0.51629786,0.34633241,0.34694929,0.42519475,0.44637582,0.40663277,0.65138705,0.55735737,0.52494626,0.47011038,0.43717774,0.57120910,0.52230424,0.53618422,0.52548864,0.42341375,0.42474586,0.56692929,0.49664509,0.44435958
77933,0.48837784,0.49428376,0.39100059,0.50355056,0.41720370,0.46180658,0.58909067,0.55971796,0.46035030,0.43067892,0.50591889,0.48736315,0.51898544,0.58313826,0.57999856,0.55236353,0.41317233,0.52610888,0.42212330,0.52178459,0.56968753,0.46691788,0.46795964,0.31609063,0.54866391,0.51431098,0.51524612,0.44656585,0.46312133,0.46011767,0.51815273,0.56649567,0.56428544,0.41951319,0.45823315,0.46566467,0.35390549,0.44178231,0.43003501,0.41150705,0.56928997,0.52306833,0.48624322,0.57692456,0.48781553,0.63071962,0.47851346,0.61460408,0.45770904,0.39718555,0.45514658,0.56184595,0.50954539,0.49604830,0.52638505,0.47530161,0.44074092,0.60925527,0.69447825,0.46350188,0.48751285,0.47655889,0.55386490,0.59799870,0.44208594,0.51789758,0.51217259,0.61965043,0.38589179,0.39626345,0.44161581,0.49766889,0.43743299,0.35760986,0.47354078,0.42433534,0.37974796,0.49918698,0.42748365,0.46409344,0.44596290,0.46603234,0.67549590,0.51665200,0.40725976,0.50100642,0.41781893,0.47448866,0.50001360,0.57763323,0.39838610,0.44791371,0.51493422,0.53712050,0.44882661,0.62742333,0.39849534,0.53187282,0.47703948,0.43660404,0.60219065,0.54338818,0.54448081,0.57475042,0.41961707,1.00000000,0.95526391,0.54996210,0.54011875,0.61671591,0.45355305,0.64925974,0.42183098,0.50115819,0.46565327,0.35942730,0.47132668,0.44910167,0.60047486,0.52746531,0.65913065,0.52201177,0.50152058,0.46276241,0.62950256,0.62826546,0.56934162,0.62549820,0.57967276,0.57156019,0.55569704,0.42578747,0.48952611,0.60934727,0.55416458,0.47608820,0.45599908,0.43079830,0.49811901,0.50067214,0.44188292,0.46495872,0.48245253,0.39813199,0.44669202,0.50115819,0.55210659,0.46461053,0.53860823,0.50551854,0.47820084,0.43126243,0.54244930,0.46452994,0.41900900,0.55924551,0.47680604,0.55370265,0.42742427,0.48274937,0.47653835,0.53582246,0.52205943,0.52629892,0.45789846,0.51972381,0.60818164,0.48845039,0.43928211,0.43741152,0.59416210,0.57279254,0.48267227,0.57098948,0.58691901,0.50069403,0.94888171,0.45120629,0.33336441,0.46416413,0.45983241,0.52982387,0.53169207,0.44322640,0.44346295,0.44376698,0.50901878,0.41023216,0.51931257,0.59861213,0.34763758,0.34521291,0.46178163,0.56641064,0.42370660,0.41212500,0.57457877,0.61678511,0.45202556,0.62319009,0.45426744,0.51329728,0.54515801,0.52658471,0.49985177,0.57748101,0.65395999,0.65239705,0.44184995,0.44217182,0.52307294,0.47554446,0.47138712,0.51701075,0.42868957,0.56944815,0.61990452,0.46756113,0.52428276,0.61190079,0.45689347,0.58909067,0.50532895,0.49593046,0.47248781,0.66294514,0.42391609,0.47662093,0.52086917,0.44350051,0.53639694,0.57755923,0.53279919,0.49445946,0.52196316,0.45112450,0.49339018,0.33943892,0.50847298,0.38749206,0.49237619,0.47211179,0.47668332,0.60159804,0.59241247,0.50154092,0.43741152,0.46495141,0.38817984,0.47617891,0.50149023,0.60487456,0.47785265,0.66510578,0.63731133,0.48321921,0.35168214,0.59190633,0.47116763,0.52050916,0.55921311,0.40594425,0.43861038,0.57504291,0.57331857,0.56696079,0.54432469,0.48844230,0.46105994,0.52778362,0.52719032,0.46545120,0.40128064,0.57783074,0.44045732,0.44350051,0.48338753,0.44658345,0.55814486,0.56020330,0.57918738,0.56860472,0.54626602,0.52595396,0.52695477,0.40686682,0.53276841,0.50082353,0.50694803,0.43872709,0.44825582,0.54345481,0.49747717
78096,0.44884962,0.42617072,0.32823063,0.45188277,0.35593864,0.39812790,0.53878553,0.51754849,0.39494559,0.44077663,0.53202520,0.42472652,0.53257384,0.49734331,0.50046186,0.49815022,0.43202251,0.48377407,0.36704229,0.47320545,0.48776930,0.38355898,0.40195881,0.22778336,0.49445061,0.43581332,0.47128549,0.37701062,0.46972273,0.39020611,0.44541185,0.47418076,0.47197053,0.42439245,0.41758139,0.43474111,0.37537018,0.41584135,0.41751550,0.39778359,0.54802644,0.53170534,0.43642777,0.53000077,0.43320477,0.64954579,0.48647715,0.54671614,0.44162019,0.38935444,0.39944422,0.50032886,0.51998056,0.43206488,0.47780591,0.43306526,0.45422302,0.55948173,0.63218415,0.40737397,0.41626039,0.43224132,0.50812563,0.57331038,0.41119197,0.52014968,0.46261295,0.56358612,0.31074108,0.41178693,0.41545979,0.49273242,0.41234628,0.29550750,0.47728991,0.37674914,0.37652655,0.43694475,0.41905169,0.46904765,0.42791902,0.43185470,0.60174089,0.48428681,0.38073518,0.46463306,0.37352352,0.45057616,0.44496539,0.53909901,0.39914871,0.45440312,0.45846882,0.48731114,0.46665519,0.63170122,0.33639299,0.46034876,0.42073736,0.37364535,0.55513173,0.49542002,0.49078898,0.57628629,0.42672191,0.95526391,1.00000000,0.48441513,0.49207895,0.59075773,0.38629053,0.60281034,0.35367220,0.48147345,0.42430039,0.36044496,0.42273608,0.42005538,0.58282607,0.56185770,0.59714587,0.45453120,0.43751682,0.41350724,0.57972901,0.59669865,0.57681206,0.56110377,0.58119828,0.54565650,0.52464653,0.35420301,0.41302284,0.53211398,0.54554972,0.42189570,0.47589891,0.42955706,0.45859648,0.42694959,0.36946950,0.41792723,0.41998251,0.40012917,0.42254765,0.48147345,0.51629505,0.42358132,0.47448072,0.43355220,0.46352673,0.43374641,0.47376735,0.42877818,0.37104499,0.52819501,0.42030919,0.51790502,0.36235888,0.45842708,0.42202673,0.53367905,0.44460401,0.45950073,0.45838867,0.49456059,0.54734338,0.43251407,0.40010008,0.38476328,0.55404727,0.51380701,0.42166450,0.51901268,0.53946856,0.46675322,0.99361780,0.40624328,0.33733712,0.39678026,0.39916175,0.47939590,0.47976913,0.38266655,0.43209893,0.40260405,0.49088173,0.34608210,0.47527147,0.54228778,0.31638566,0.28149764,0.47581624,0.57400229,0.40258000,0.34506082,0.54643437,0.57260265,0.42376442,0.56840300,0.39653948,0.44815000,0.47893629,0.48424990,0.49116059,0.50362621,0.57921364,0.57525573,0.35871245,0.45527872,0.52156559,0.43936124,0.41922517,0.46618412,0.38611785,0.52161702,0.55042875,0.41390018,0.55739206,0.60593123,0.42708325,0.53878553,0.43552241,0.47370224,0.41326603,0.61558367,0.42772753,0.46194682,0.49255984,0.44497079,0.52433982,0.54641967,0.50152212,0.47911735,0.44450774,0.43791697,0.49906033,0.35657000,0.48890980,0.38378365,0.40369429,0.42200833,0.46997406,0.56425178,0.54496972,0.47506280,0.38476328,0.48278477,0.38896961,0.44970079,0.44618446,0.55921216,0.48159649,0.58796446,0.57504898,0.40512124,0.29778455,0.51765002,0.45009514,0.47228517,0.51096477,0.37690966,0.37253132,0.52241750,0.52214986,0.49621312,0.48444950,0.45823606,0.37464760,0.48231748,0.45899045,0.40273999,0.34849375,0.51061059,0.40372371,0.44497079,0.48395753,0.39193775,0.52160213,0.51729212,0.50435138,0.53621116,0.46753752,0.48226800,0.50115997,0.39843486,0.50809697,0.44329712,0.45659074,0.39037641,0.40545232,0.48357962,0.45035418
78510,0.60457636,0.63202522,0.56224980,0.59396084,0.58560312,0.61693597,0.63732084,0.69103519,0.67183247,0.57932474,0.55969564,0.66011732,0.65187227,0.57898663,0.69806263,0.72920068,0.34942641,0.46267933,0.61377347,0.56579126,0.66004164,0.47046342,0.62481278,0.46455474,0.72536346,0.55115363,0.61552692,0.58280068,0.48856543,0.45803822,0.62179856,0.62839888,0.54881417,0.56219025,0.59068550,0.59957352,0.44257141,0.64216929,0.46272348,0.51097742,0.61019448,0.40596703,0.61988911,0.65362233,0.64700406,0.63195850,0.53370860,0.56515385,0.57134836,0.61223604,0.69909060,0.62264817,0.49412432,0.65307584,0.56369266,0.54146023,0.50678111,0.60197456,0.59120153,0.58141677,0.53071426,0.54503616,0.61204259,0.49725338,0.48661945,0.49065030,0.52536644,0.75031243,0.51450465,0.48389101,0.54733585,0.60551694,0.54517259,0.48911437,0.51180352,0.46534947,0.47178358,0.63456524,0.47008311,0.50554074,0.58686308,0.52027851,0.60089841,0.57198215,0.52254533,0.58101651,0.48886393,0.60602108,0.48552050,0.57548030,0.53403701,0.48027250,0.66684958,0.60538545,0.39823896,0.58410613,0.53696123,0.70487484,0.53766619,0.51257368,0.54296538,0.59957631,0.68841898,0.53500190,0.58087528,0.54996210,0.48441513,1.00000000,0.57058305,0.51060335,0.50465399,0.50846883,0.54233940,0.38047769,0.58913011,0.42438639,0.53013515,0.59600752,0.57277469,0.55695780,0.59920022,0.63260675,0.58971683,0.44758964,0.63187355,0.73369552,0.49444643,0.57767461,0.43951971,0.52690949,0.55880910,0.58675348,0.51587133,0.60413267,0.51323198,0.56170103,0.49282450,0.50711806,0.48418394,0.55506039,0.49695137,0.53076538,0.68433318,0.53061567,0.57440879,0.38047769,0.66010735,0.55359266,0.60372790,0.67948851,0.47747349,0.50245106,0.49624108,0.59908868,0.49134244,0.53943547,0.56503024,0.52709437,0.51285513,0.73309977,0.51078696,0.67008329,0.59036514,0.48437581,0.40226043,0.46282959,0.51976575,0.58450989,0.50723496,0.50194859,0.57523049,0.55546517,0.55221014,0.58880578,0.58348670,0.45960304,0.48980344,0.47296881,0.47702028,0.70825525,0.49551525,0.57555451,0.50761350,0.58838567,0.63316023,0.56283445,0.49742746,0.57343322,0.62846314,0.55462689,0.47470189,0.51193712,0.46235528,0.39250543,0.50073828,0.55525989,0.51934419,0.56388449,0.50611483,0.57939626,0.66990323,0.60443420,0.63339071,0.46478842,0.57030899,0.47480990,0.56161347,0.53890771,0.45270065,0.30829855,0.49551962,0.58016327,0.60834287,0.56590901,0.52478809,0.54691661,0.47592952,0.66651043,0.42478864,0.52202557,0.56769766,0.63732084,0.65562390,0.54625379,0.47047977,0.56654694,0.54959799,0.47471643,0.53436131,0.33068539,0.56051999,0.58044379,0.43416756,0.54869730,0.59948247,0.56934623,0.56338097,0.51170943,0.54928275,0.53617314,0.67194682,0.63349143,0.52040004,0.53399941,0.60030070,0.51138532,0.50194859,0.54575231,0.44573115,0.51160595,0.62730139,0.57605298,0.54026613,0.53593229,0.49960046,0.56977674,0.51392109,0.75837913,0.49029662,0.54698438,0.56195649,0.43792312,0.54026577,0.53595561,0.51473231,0.55683734,0.62814316,0.54258240,0.52865538,0.44759597,0.60476503,0.58827061,0.54649765,0.60528032,0.47861527,0.33068539,0.52169931,0.52626679,0.49286127,0.61051692,0.66175179,0.62552081,0.61474505,0.55312201,0.50488041,0.45131372,0.48203082,0.52223078,0.49768463,0.49090435,0.61058094,0.62455125,0.61211973
78778,0.51663754,0.56803473,0.53239913,0.52457960,0.54812584,0.60731413,0.58135054,0.49785124,0.45927055,0.42890759,0.54143444,0.53293558,0.61966475,0.53756292,0.63107450,0.63009464,0.31027128,0.40975893,0.51162944,0.60792575,0.63105937,0.54559775,0.67198707,0.34086875,0.62667290,0.45899617,0.58773201,0.55597184,0.53879126,0.48496771,0.44657303,0.55620758,0.50540682,0.49461228,0.53806571,0.57012230,0.40903433,0.50182498,0.45182935,0.47549065,0.56715261,0.40195781,0.60136960,0.55462200,0.60390515,0.56514389,0.41516481,0.49689062,0.60234498,0.50488001,0.57009084,0.60806023,0.48537514,0.58064722,0.60505034,0.60699877,0.37695917,0.48298496,0.61164475,0.66434461,0.50181933,0.31664799,0.44846243,0.51473176,0.35782542,0.42395505,0.42732775,0.56305493,0.45389682,0.34304024,0.56025938,0.55116397,0.51889246,0.55969587,0.50860610,0.38434553,0.51421554,0.52965067,0.49126051,0.50085596,0.55994188,0.37666032,0.54066147,0.45280444,0.47972730,0.46732346,0.49025271,0.57743196,0.47794526,0.57567574,0.67982924,0.50122687,0.61128818,0.57545689,0.51189409,0.62926864,0.56041787,0.51016463,0.55120048,0.47731393,0.43432676,0.44161561,0.52790390,0.48814273,0.51753810,0.54011875,0.49207895,0.57058305,1.00000000,0.56664340,0.54496210,0.49055278,0.61941350,0.57872996,0.60923648,0.43000908,0.39474631,0.54980009,0.49517745,0.55455231,0.59800553,0.56643791,0.77822625,0.51061612,0.49664476,0.53333755,0.48873538,0.62035988,0.39965232,0.53605913,0.67442666,0.54900464,0.58814228,0.47018933,0.55642741,0.50473193,0.49170255,0.60578297,0.53868693,0.49709729,0.46149066,0.44730694,0.55189331,0.45172949,0.59111434,0.57872996,0.60443127,0.52480381,0.44783300,0.66593017,0.57201959,0.49756085,0.46895678,0.70864716,0.45270120,0.67748948,0.50762179,0.56017368,0.45255927,0.58182793,0.41863845,0.57601324,0.79525359,0.65089404,0.57520904,0.61557417,0.59703791,0.63314052,0.57192655,0.52345592,0.66891802,0.64034918,0.50609038,0.64839112,0.62778027,0.62525631,0.47706163,0.70365940,0.36934331,0.54649947,0.46214087,0.70637321,0.73474780,0.54919184,0.57156830,0.41089536,0.64355252,0.59917640,0.53154733,0.55833281,0.38686164,0.40744767,0.46578342,0.54215925,0.43643761,0.39860269,0.66440658,0.58772659,0.71688957,0.51401133,0.52569186,0.53372968,0.46109188,0.42885213,0.56463820,0.43842705,0.64021241,0.63170743,0.43341952,0.43413378,0.50739984,0.45631699,0.43507732,0.45266168,0.45900627,0.55173556,0.69362257,0.54355266,0.48390482,0.60127054,0.43785759,0.58135054,0.59359774,0.45684121,0.43673313,0.53973638,0.49920456,0.56906262,0.50935675,0.40535983,0.49512820,0.48772273,0.50029164,0.52094008,0.80636005,0.47440102,0.59082230,0.42497297,0.57777086,0.42959807,0.56592367,0.56643026,0.74017650,0.59797884,0.48399022,0.55434747,0.52345592,0.53498578,0.44984217,0.58169420,0.60449213,0.63323247,0.50692814,0.64537252,0.58929317,0.57951857,0.50909032,0.55430895,0.62869000,0.45130225,0.48839561,0.52453016,0.67442268,0.52951076,0.43127119,0.60740412,0.52404415,0.53665247,0.55321899,0.39206220,0.60484126,0.74317689,0.51886716,0.62854595,0.47606706,0.40535983,0.49196179,0.50401723,0.47675597,0.55547403,0.64698566,0.56832894,0.52354262,0.54390511,0.51866250,0.47885196,0.56808582,0.57779771,0.62520854,0.56834290,0.55886958,0.53020119,0.51222164
78779,0.48104757,0.47497163,0.42553876,0.56267948,0.41250971,0.43501119,0.47844849,0.54645127,0.47404539,0.53970119,0.58084788,0.58999118,0.56463955,0.52839419,0.50812866,0.52046272,0.36099801,0.41226171,0.47414174,0.46648035,0.50424449,0.38114257,0.44466002,0.30449877,0.51939182,0.42981861,0.47379063,0.44388254,0.57318395,0.33350979,0.47626600,0.43755136,0.46534854,0.44475843,0.47832701,0.52706199,0.42927164,0.48319548,0.54218843,0.47936946,0.66844027,0.43084419,0.48549887,0.53783276,0.49622964,0.59425239,0.52342700,0.46043613,0.44067661,0.40331832,0.47832096,0.54648669,0.59773866,0.49187156,0.46719696,0.54485393,0.51881394,0.52326009,0.52792050,0.43757474,0.40881260,0.46104289,0.57145992,0.50170422,0.51615060,0.41391552,0.44241632,0.61000131,0.49167772,0.52696661,0.47894241,0.47880587,0.45588734,0.35693977,0.51156792,0.59291698,0.44171575,0.46995038,0.49600749,0.40860042,0.50786137,0.52206893,0.55730207,0.48447501,0.44775680,0.62892599,0.45074236,0.51433505,0.68103562,0.48470238,0.38556932,0.46518763,0.50697963,0.58620897,0.54692503,0.70791659,0.39325674,0.54411146,0.43535889,0.45367881,0.51498020,0.56207054,0.49597778,0.41912247,0.59072580,0.61671591,0.59075773,0.51060335,0.56664340,1.00000000,0.53021463,0.47108296,0.40953561,0.40042544,0.55740811,0.37706384,0.38753924,0.53315754,0.68993750,0.58292680,0.59845798,0.51344652,0.46857686,0.53610007,0.54181885,0.55001957,0.50040613,0.70217314,0.47864421,0.63838923,0.51097858,0.39699472,0.41140915,0.51812676,0.42757765,0.49038543,0.60313737,0.42509442,0.55027792,0.45078611,0.40659898,0.37990005,0.46683352,0.41940805,0.51342784,0.40042544,0.59921144,0.49714092,0.49057341,0.49430928,0.57363410,0.50955509,0.45646854,0.45917031,0.39269449,0.51320551,0.50005712,0.52798404,0.46650794,0.48218365,0.51189179,0.56455204,0.49009632,0.41890179,0.41387468,0.40742609,0.50759848,0.47313965,0.40911854,0.37773153,0.57740221,0.51037010,0.48068318,0.46903184,0.49052802,0.49581834,0.57417012,0.47065227,0.39058604,0.45320255,0.45590716,0.51919250,0.53524722,0.45605792,0.45663649,0.55066650,0.44574092,0.41768350,0.47411031,0.51991683,0.39781954,0.35287160,0.52452579,0.37232468,0.41567175,0.42967348,0.51543581,0.57570657,0.45460185,0.63382666,0.52577860,0.65512356,0.61790023,0.42296446,0.58162030,0.50637572,0.49427361,0.47872948,0.44453567,0.37541105,0.50713427,0.62954967,0.49849844,0.56690899,0.46986872,0.54183898,0.49734836,0.51132225,0.44449599,0.50942563,0.42977821,0.47844849,0.47273788,0.56209748,0.43319205,0.50990942,0.58218257,0.57288149,0.62584915,0.55787728,0.48868720,0.43593946,0.45329140,0.45004303,0.49581148,0.55963319,0.56827887,0.45182463,0.59715256,0.40558519,0.45592669,0.46476717,0.41187487,0.49440418,0.48873821,0.45749809,0.37773153,0.57256569,0.43939033,0.43826148,0.53425965,0.47935474,0.49655322,0.49675925,0.50681496,0.44398983,0.37016155,0.54947485,0.44845698,0.48153611,0.46105053,0.35516413,0.39922039,0.46712145,0.42110658,0.46659946,0.48344335,0.61081988,0.52672791,0.44141249,0.53893673,0.46174192,0.41480609,0.50041151,0.45216892,0.55787728,0.45756859,0.46729377,0.50602391,0.65217682,0.55741863,0.54401552,0.48454958,0.46550682,0.54717614,0.47474258,0.59523023,0.55765058,0.42418619,0.37856902,0.46072044,0.48668202,0.46169219
78810,0.55785497,0.51748631,0.52385079,0.50962980,0.45140277,0.56565968,0.45171456,0.42276618,0.48213089,0.52547012,0.56284247,0.60380525,0.55796181,0.54966029,0.55194498,0.52062254,0.28942163,0.31103880,0.54486960,0.54023386,0.61061495,0.48631035,0.54721381,0.37561419,0.51634434,0.42499605,0.50530308,0.52644704,0.55624423,0.39265652,0.48879659,0.54075177,0.50077738,0.47367401,0.49224011,0.57302758,0.42710374,0.54845455,0.52839088,0.46420168,0.54653546,0.32887648,0.56760283,0.39335952,0.55612306,0.50959492,0.40483161,0.42436105,0.45788987,0.47023812,0.49126143,0.49309717,0.48186935,0.55211783,0.53839582,0.56207693,0.44765499,0.44795745,0.46539867,0.51297596,0.48577551,0.33044421,0.47181095,0.44769416,0.35788070,0.38006613,0.34616640,0.46686872,0.55593082,0.34054512,0.57501444,0.51946497,0.50336745,0.43818446,0.44766300,0.38366001,0.44714608,0.53168858,0.49331668,0.42507733,0.48660377,0.38703791,0.51396871,0.46384305,0.45836689,0.49444050,0.42841342,0.58354710,0.44351788,0.53365149,0.44834510,0.47056590,0.56741222,0.49443836,0.56131565,0.55057691,0.50022757,0.49237627,0.47817536,0.54943998,0.38348573,0.45726635,0.54854757,0.41885179,0.50870602,0.45355305,0.38629053,0.50465399,0.54496210,0.53021463,1.00000000,0.33669302,0.57480715,0.31278851,0.48895755,0.41434121,0.34798019,0.58265740,0.44573946,0.49651547,0.56246449,0.59637464,0.47965883,0.53286477,0.45874590,0.42373804,0.39954203,0.60593425,0.38102813,0.44962319,0.55776242,0.49960090,0.42553443,0.50304723,0.39610728,0.55560989,0.63884051,0.47461138,0.45768898,0.51557852,0.47721695,0.37056578,0.51263009,0.42261559,0.67435857,0.31278851,0.57714569,0.35885751,0.51710592,0.61210890,0.47069929,0.43781218,0.39105785,0.53244290,0.49179302,0.56265750,0.55971273,0.40473788,0.38937901,0.53887283,0.32001144,0.50610583,0.58473710,0.49574539,0.37459658,0.42167582,0.47262739,0.52475552,0.37526174,0.46891732,0.59133963,0.54143332,0.55558266,0.43873462,0.55788526,0.48853108,0.37551382,0.49298224,0.47536398,0.56686741,0.43058414,0.57674364,0.53281635,0.58231275,0.45879140,0.45178100,0.48994159,0.50378996,0.54108919,0.39713736,0.30525998,0.37483703,0.42585486,0.28652967,0.26433500,0.40864333,0.46095313,0.46848702,0.44241812,0.47196954,0.56348903,0.49703322,0.54292247,0.32906167,0.52442102,0.46784008,0.50451473,0.45936157,0.44991811,0.42038830,0.43695090,0.45940360,0.43673820,0.49209335,0.47417483,0.43825297,0.44581126,0.59425262,0.39598781,0.44107722,0.34249330,0.45171456,0.53713238,0.55219673,0.39130074,0.46825126,0.51285432,0.46906211,0.41216319,0.35881986,0.44737251,0.38428569,0.34354036,0.41783458,0.59145173,0.48561013,0.57453813,0.43916804,0.55360378,0.44483678,0.55771358,0.44215686,0.42422260,0.45935929,0.47025628,0.39938468,0.46891732,0.54155334,0.33297267,0.39252168,0.63035005,0.57531867,0.49612032,0.46991181,0.47183298,0.50862772,0.47031580,0.49750370,0.38073838,0.45420028,0.43267106,0.44239490,0.52687618,0.44979142,0.40386755,0.47315488,0.49370687,0.50659529,0.96597592,0.35943518,0.47836491,0.61139239,0.59444336,0.53814629,0.31311567,0.35881986,0.35145961,0.48278333,0.41055423,0.56634773,0.64820810,0.45114673,0.58025057,0.44482007,0.61730015,0.47921072,0.56575487,0.48673470,0.49456433,0.45507252,0.50889590,0.49779528,0.52415908
79194,0.45654909,0.49124542,0.41583291,0.46904906,0.44086924,0.46602250,0.51517542,0.50739551,0.45103743,0.38769773,0.43056176,0.44315162,0.53314145,0.60896527,0.55909138,0.58679146,0.68667047,0.85707403,0.44669501,0.54253117,0.55408599,0.48454843,0.50415717,0.30658375,0.59049956,0.49168048,0.53082248,0.51569513,0.45017983,0.37831783,0.46723122,0.50708995,0.50042245,0.44094934,0.40916269,0.44094016,0.31232922,0.41965548,0.37831123,0.43810903,0.53166885,0.67195553,0.47313382,0.65835673,0.51429707,0.66090042,0.45099431,0.76691946,0.50352075,0.44911539,0.51209687,0.61914120,0.46786297,0.52189361,0.54484893,0.49347089,0.35866875,0.64935424,0.67051988,0.48438470,0.57959460,0.45194835,0.48871869,0.57497958,0.39963995,0.48763509,0.43348492,0.63990821,0.36256568,0.38001874,0.36933727,0.53378038,0.45080220,0.45026716,0.49885281,0.33050107,0.43341796,0.47361467,0.34726941,0.35902964,0.44705509,0.41895009,0.84591220,0.39764019,0.45817623,0.44641622,0.44970708,0.42598963,0.40629259,0.51262418,0.43733516,0.40634858,0.50362358,0.52650836,0.42711557,0.58910408,0.47854831,0.47691079,0.38366831,0.38626865,0.58629818,0.48225427,0.53180009,0.45338315,0.39926567,0.64925974,0.60281034,0.50846883,0.49055278,0.47108296,0.33669302,1.00000000,0.46477849,0.47512091,0.49754843,0.33353466,0.38053744,0.34673797,0.50746307,0.45686615,0.69218727,0.46845788,0.52368823,0.44617617,0.65303836,0.59809738,0.74832744,0.51733685,0.66164961,0.55986771,0.58198273,0.45657629,0.49094534,0.55201230,0.56243357,0.40953215,0.35561682,0.35154760,0.49333916,0.46255196,0.38436960,0.46536384,0.49178061,0.41107418,0.40101936,0.47512091,0.54484402,0.48908334,0.43937508,0.51671545,0.43084498,0.48211356,0.70505362,0.45802659,0.39870461,0.57074079,0.40886201,0.56026023,0.42829957,0.46020925,0.44100874,0.61005827,0.49497228,0.52417199,0.43519691,0.49030246,0.48132941,0.47801303,0.46562394,0.41074573,0.50475223,0.48597498,0.42219767,0.56535068,0.46150968,0.48779280,0.60774249,0.39647011,0.31505360,0.43487310,0.38189397,0.44403778,0.46485793,0.46180348,0.39372543,0.45485311,0.46581324,0.45346465,0.47035042,0.52620596,0.34822789,0.34804397,0.45721605,0.53386294,0.48592253,0.42033981,0.48511568,0.56833350,0.43098860,0.58970141,0.48603832,0.49507287,0.41918092,0.84670401,0.55586509,0.60333032,0.61450345,0.67254533,0.34779380,0.43509477,0.42717662,0.43917423,0.44208756,0.46740743,0.45192390,0.56148471,0.59612421,0.44836406,0.56798221,0.59082917,0.42619128,0.51517542,0.53202823,0.44039469,0.38861070,0.88150604,0.38716915,0.43013414,0.57571045,0.42787709,0.40929175,0.44411712,0.60128009,0.52251071,0.49939486,0.42139941,0.46923604,0.36562034,0.49001101,0.33162154,0.53349877,0.54671786,0.47108156,0.56560994,0.51790220,0.49404320,0.41074573,0.44726286,0.37032302,0.49393506,0.46231214,0.51262010,0.49560204,0.66932741,0.61040080,0.49225576,0.35264197,0.61593554,0.54784077,0.41166418,0.55256887,0.37133565,0.41380773,0.40347213,0.54473216,0.55938748,0.51479475,0.52886796,0.36517147,0.39025439,0.46372375,0.47033057,0.42673292,0.61388963,0.39844141,0.42787709,0.46009078,0.37316248,0.44101406,0.45732597,0.55031244,0.70272395,0.46842738,0.38756060,0.49675210,0.34159093,0.43771797,0.41631861,0.43270998,0.40848404,0.42614499,0.50880925,0.43365328
81609,0.60303048,0.68172674,0.68192444,0.60019969,0.63847320,0.62784834,0.56483414,0.45858366,0.51156501,0.46578717,0.51643873,0.53254461,0.58550351,0.52265200,0.69162687,0.68414212,0.36161459,0.40916394,0.61759875,0.61256828,0.59960596,0.57920289,0.71381124,0.47337925,0.68217627,0.44657655,0.62394142,0.62484655,0.62305805,0.44248688,0.45936494,0.56853434,0.47271125,0.58793308,0.56430948,0.58995419,0.40303318,0.46933773,0.52253214,0.51015873,0.54036591,0.38119115,0.55750424,0.45911737,0.65286723,0.51056840,0.32652232,0.51420090,0.60825528,0.57071686,0.57960412,0.46406093,0.45340151,0.62615436,0.60721428,0.54784588,0.33703333,0.45253614,0.53365703,0.67606760,0.53461588,0.30856074,0.43617743,0.47668354,0.36263377,0.34358250,0.38031473,0.53539996,0.51494289,0.32026842,0.53339462,0.60646425,0.55111448,0.69074096,0.48899006,0.33123082,0.60399619,0.46880541,0.54557651,0.40717846,0.63687183,0.36564831,0.55437720,0.43812451,0.55880861,0.49865657,0.64228737,0.54790329,0.39807873,0.43895867,0.56030939,0.48564933,0.71030822,0.52489661,0.49129950,0.53531719,0.67313191,0.43837236,0.47979505,0.50471041,0.37732282,0.42783129,0.50389381,0.37949790,0.47585219,0.42183098,0.35367220,0.54233940,0.61941350,0.40953561,0.57480715,0.46477849,1.00000000,0.41542379,0.67284215,0.53745660,0.40098686,0.47610617,0.40625412,0.43629631,0.53834949,0.50486673,0.65476581,0.60241237,0.44993271,0.45288604,0.46717672,0.55964799,0.35032838,0.44793042,0.61730060,0.64838625,0.58450379,0.43825846,0.50757368,0.48799326,0.46572664,0.51875791,0.49253335,0.55059282,0.50908525,0.40580876,0.57779583,0.52839663,0.54244004,0.41542379,0.55612164,0.46194714,0.42240931,0.61577089,0.41936634,0.47398779,0.49832531,0.51151116,0.41041804,0.60688135,0.49443601,0.42836434,0.46265097,0.55901471,0.35209466,0.52606327,0.63520177,0.53215476,0.46377606,0.47511692,0.48378040,0.62089603,0.62477863,0.54007871,0.60412674,0.48809036,0.49542441,0.59020079,0.48856222,0.51330197,0.35108036,0.52378707,0.47977516,0.60594256,0.41915014,0.61588195,0.59648679,0.54757403,0.55773000,0.44952918,0.47752107,0.63725693,0.50773736,0.44352437,0.40011314,0.51356495,0.45076282,0.38679434,0.37769158,0.42795144,0.49776961,0.46975357,0.56378507,0.49180651,0.59712365,0.51840360,0.41285071,0.41816259,0.57111914,0.48173350,0.57151041,0.56531885,0.43266728,0.33621182,0.39440544,0.47994825,0.43730036,0.48767417,0.55486171,0.49177168,0.52393921,0.60399067,0.35739304,0.43421135,0.42348812,0.56483414,0.60583225,0.47129096,0.43392114,0.54744838,0.45965564,0.41844723,0.45966434,0.32353250,0.39662830,0.37205709,0.41233590,0.50970208,0.64117024,0.49244033,0.58913186,0.48095884,0.59279617,0.36363175,0.60462237,0.61644303,0.52258134,0.52502596,0.47919884,0.48779978,0.54007871,0.51634974,0.42784463,0.51240410,0.59141785,0.52607043,0.45676980,0.56678209,0.52386944,0.61040401,0.55699514,0.58614086,0.55970301,0.33160663,0.37348391,0.46845963,0.64402856,0.38287403,0.38012809,0.51608315,0.50273471,0.53087720,0.60778165,0.25647081,0.49964684,0.71054325,0.53586764,0.64709639,0.39464582,0.32353250,0.39012137,0.47480740,0.32024106,0.44371321,0.57875479,0.61669120,0.45217570,0.51667404,0.61230547,0.53580192,0.59003445,0.51295795,0.54608239,0.55721500,0.61468276,0.49804475,0.42473844
81610,0.39444873,0.41716098,0.34032509,0.44350784,0.37449318,0.46021752,0.39612265,0.44374821,0.35604612,0.30815421,0.26923049,0.35136823,0.36242178,0.38425936,0.49296872,0.47618689,0.30405379,0.44192424,0.35792060,0.54239300,0.51803470,0.50833457,0.47296832,0.31199249,0.46973375,0.37946230,0.45985335,0.39085528,0.35227358,0.48261782,0.34091237,0.38147110,0.36889292,0.37299801,0.40033732,0.41851656,0.28022243,0.30762816,0.26248059,0.31517225,0.41110025,0.40516601,0.47091479,0.46238088,0.48137462,0.41303953,0.34246398,0.48060564,0.39952419,0.35227664,0.42330633,0.41041628,0.36919036,0.44641643,0.53979327,0.44883514,0.29254008,0.43188419,0.61890399,0.50413568,0.42004948,0.28306603,0.30361272,0.49137341,0.27637514,0.35176987,0.32950716,0.42269934,0.33661525,0.29989870,0.33222241,0.42694974,0.42059656,0.37359883,0.35297853,0.27904570,0.39801210,0.40797437,0.31335485,0.42330573,0.36112543,0.29372064,0.48296365,0.37586346,0.34342599,0.40656074,0.38171684,0.35834557,0.29347660,0.47909012,0.54236416,0.30048641,0.47238052,0.44056086,0.38214935,0.39892458,0.40263767,0.40354587,0.44854197,0.33390080,0.38939103,0.29548960,0.44137504,0.36086493,0.33607460,0.50115819,0.48147345,0.38047769,0.57872996,0.40042544,0.31278851,0.47512091,0.41542379,1.00000000,0.35733353,0.33124650,0.37297352,0.27965589,0.40603606,0.31095966,0.47542951,0.36459120,0.65991268,0.34696139,0.43313792,0.41282775,0.41594103,0.48045837,0.39431096,0.46308925,0.61778753,0.41426623,0.51370455,0.39755038,0.58848293,0.33797356,0.28871013,0.46289190,0.40087331,0.40616165,0.37140531,0.40463307,0.43143613,0.31601635,0.34733926,1.00000000,0.39927467,0.37410154,0.32934815,0.42560233,0.39597590,0.33014902,0.40863377,0.60220031,0.33620167,0.66129288,0.33754096,0.48828108,0.35392174,0.40021018,0.36225115,0.40115457,0.56604711,0.74055299,0.80033206,0.69540961,0.55337623,0.53400848,0.54713897,0.53084702,0.57740592,0.50122541,0.33997538,0.54530448,0.58896462,0.46516573,0.47932507,0.52381915,0.21904684,0.37722278,0.35242975,0.50304173,0.55202562,0.38789375,0.40767212,0.35432652,0.64987533,0.47034435,0.41788584,0.48456490,0.32366946,0.28948863,0.32529061,0.58118168,0.35596803,0.35391267,0.61098981,0.47391188,0.56484050,0.34140738,0.36948386,0.36705098,0.28873114,0.43975054,0.39671131,0.41857356,0.67341543,0.64887475,0.29951458,0.40438601,0.35700197,0.38099451,0.29281174,0.37236948,0.33366745,0.51439586,0.70298795,0.35917523,0.39486905,0.49219390,0.28223423,0.39612265,0.47185234,0.36045083,0.38737855,0.45986836,0.31866669,0.39389964,0.41522286,0.30609732,0.34820501,0.38319728,0.37701524,0.41089879,0.56793672,0.35307385,0.42019632,0.26472307,0.35379635,0.32968329,0.42191011,0.46890613,0.67796810,0.54031017,0.41340129,0.51732996,0.53084702,0.31282111,0.30444952,0.53582353,0.42035483,0.63189063,0.31424389,0.64499950,0.62433353,0.49430359,0.33877041,0.44231415,0.51743999,0.34234498,0.39550658,0.45317007,0.52580176,0.29174020,0.37671582,0.50073380,0.44438006,0.34999956,0.33124106,0.31102718,0.40279203,0.46456797,0.37727344,0.55199488,0.34475572,0.30609732,0.39586062,0.35777107,0.43158999,0.40050963,0.49378205,0.47115930,0.40463332,0.51052587,0.36664191,0.30475199,0.35594139,0.33549008,0.53549689,0.44978256,0.33981079,0.44989812,0.39133492
81612,0.66395554,0.69288653,0.69489324,0.63047602,0.60163206,0.64327687,0.60268826,0.54047920,0.55312516,0.55898498,0.61227319,0.58794437,0.74740156,0.54308929,0.66202834,0.71095077,0.36917186,0.47283005,0.57430598,0.59444595,0.57381284,0.45426355,0.59723762,0.36952928,0.71194569,0.52006555,0.66430073,0.65621481,0.67388538,0.42214258,0.44364522,0.59423983,0.55795518,0.63002695,0.62063796,0.61456786,0.48121417,0.51926334,0.54273328,0.69163351,0.61634394,0.37434078,0.59777083,0.58508225,0.72338931,0.57824647,0.44541251,0.51248502,0.62698871,0.61424307,0.63151009,0.55311045,0.43579899,0.68851301,0.59155772,0.54990841,0.42739589,0.50558698,0.53069778,0.58235969,0.54246506,0.45166532,0.54457083,0.46049388,0.50566147,0.43005442,0.44670751,0.67028864,0.52496831,0.38318887,0.52331352,0.63090284,0.61839828,0.53875143,0.72200890,0.50572269,0.52147768,0.51315162,0.52600831,0.48884168,0.64897949,0.51188764,0.58558918,0.54145298,0.68146523,0.53955577,0.64416799,0.58259449,0.56447060,0.48394197,0.57082196,0.58539924,0.66065269,0.54306856,0.47276367,0.62873510,0.54416305,0.54915403,0.50403144,0.57562359,0.41040616,0.53675913,0.59659910,0.46742338,0.64759967,0.46565327,0.42430039,0.58913011,0.60923648,0.55740811,0.48895755,0.49754843,0.67284215,0.35733353,1.00000000,0.59985778,0.39327326,0.57494986,0.52601028,0.53821785,0.57987684,0.55602108,0.57451497,0.58842875,0.51208422,0.54144694,0.51441142,0.58003527,0.41857343,0.52020512,0.60109615,0.65157217,0.53095512,0.48080851,0.50453944,0.58341990,0.50228533,0.52094116,0.49674079,0.52095899,0.48795800,0.40124120,0.62241796,0.60849882,0.55907880,0.35733353,0.59262424,0.49531571,0.47869860,0.65846652,0.48508742,0.73960962,0.54487592,0.52711797,0.43902887,0.58477431,0.59599759,0.47259827,0.46266895,0.64943082,0.42439958,0.60279393,0.58568700,0.46870419,0.43283201,0.44455834,0.50955125,0.56572200,0.52783742,0.43750080,0.60194645,0.51978612,0.58894781,0.55264607,0.49075981,0.52864818,0.42478142,0.51587931,0.46407799,0.58060008,0.48492988,0.61527527,0.55459888,0.62546430,0.61049966,0.45274861,0.43095439,0.64490912,0.62977827,0.52731159,0.43553361,0.43759710,0.50273487,0.36440999,0.41028621,0.42618495,0.52380191,0.50609140,0.55584284,0.65360343,0.66020443,0.53946899,0.52350955,0.48241794,0.72150164,0.43073719,0.50347404,0.48401844,0.46746410,0.34192427,0.48496405,0.49761414,0.54712481,0.51195904,0.72484871,0.45798098,0.49399830,0.60508875,0.41655070,0.48995253,0.40482909,0.60268826,0.62515587,0.53204442,0.50615740,0.52719177,0.59449001,0.48362660,0.58275583,0.41174776,0.52154063,0.46904464,0.46135833,0.56475040,0.59136116,0.61113098,0.68120114,0.66717463,0.73009079,0.48107956,0.62494910,0.65198051,0.50203215,0.51784452,0.52672944,0.62267400,0.43750080,0.52043773,0.36515449,0.62624579,0.61682530,0.49797701,0.66908040,0.48352262,0.52054391,0.60332607,0.52262655,0.64334726,0.53323190,0.45290758,0.48006726,0.41045555,0.52098285,0.47925982,0.45525209,0.54176268,0.53390034,0.64931357,0.53435051,0.34955411,0.56075385,0.63752426,0.53167127,0.62509170,0.37079679,0.41174776,0.42982550,0.50898633,0.37775109,0.55914541,0.59744723,0.62729829,0.55530939,0.50074180,0.64030099,0.51431620,0.56138766,0.59419678,0.48738497,0.50724538,0.69822416,0.53177507,0.48687603
81672,0.62221299,0.57648695,0.59926766,0.48730717,0.46047448,0.52335632,0.44363904,0.37089499,0.40865813,0.38649056,0.41220828,0.47574131,0.51346540,0.38461267,0.51366006,0.58185612,0.29518743,0.30560486,0.48993718,0.51721931,0.47122370,0.33478451,0.50189563,0.28137660,0.57944852,0.27887077,0.52652778,0.55211080,0.52818541,0.28583560,0.31505958,0.45668716,0.43907145,0.58506160,0.44331952,0.49708208,0.41454561,0.47840471,0.39345439,0.45473102,0.40007691,0.30802381,0.50470827,0.40339730,0.59071423,0.39478762,0.37028452,0.36764224,0.46523955,0.47106106,0.50816963,0.37963518,0.36483469,0.55585939,0.51166937,0.34655846,0.32293070,0.32751367,0.39222944,0.48815668,0.41764493,0.35490373,0.43132179,0.39615698,0.44451737,0.43563239,0.35551835,0.40629837,0.39671324,0.35760327,0.48335300,0.54067218,0.50563857,0.45596218,0.48602165,0.33845851,0.40995429,0.36485162,0.46650953,0.33341748,0.48213419,0.43474251,0.41283901,0.41300093,0.59836653,0.43221548,0.56687171,0.49860464,0.34572331,0.41883291,0.45550828,0.48798049,0.62112696,0.38708037,0.32959231,0.41559880,0.48305567,0.39369238,0.35016334,0.37047007,0.24310424,0.44247936,0.44673854,0.36496915,0.39622113,0.35942730,0.36044496,0.42438639,0.43000908,0.37706384,0.41434121,0.33353466,0.53745660,0.33124650,0.59985778,1.00000000,0.24440058,0.43595543,0.37646180,0.41680577,0.43164205,0.37812589,0.46291937,0.39104956,0.33378799,0.34592323,0.34607882,0.44897304,0.33823530,0.35139833,0.49437520,0.55061161,0.38301464,0.40570701,0.44195079,0.41201413,0.40915772,0.45355878,0.35315022,0.43148670,0.39122526,0.28937118,0.50451866,0.48811148,0.44893314,0.33124650,0.43481602,0.31734224,0.42321211,0.50073982,0.36622814,0.44824756,0.35793705,0.44718591,0.33900380,0.47897030,0.42066483,0.34641714,0.33890866,0.49135307,0.25111641,0.45481157,0.42594762,0.43634973,0.40440845,0.44378217,0.37445836,0.50087425,0.50656175,0.47195988,0.46766707,0.41781461,0.40235476,0.44163523,0.41656721,0.39547263,0.35952598,0.36149319,0.43690809,0.49953962,0.31989587,0.49633878,0.39394600,0.52087917,0.54411860,0.38587448,0.37063430,0.52323994,0.50652298,0.28982649,0.27567942,0.36388947,0.36708758,0.32146486,0.29468454,0.31716267,0.41372438,0.36750287,0.42022812,0.42993459,0.53706630,0.32464514,0.42765111,0.30805498,0.50316234,0.30069480,0.34509593,0.35351279,0.31256071,0.32030932,0.39165425,0.36400655,0.47186436,0.42508369,0.63325315,0.32851737,0.32761211,0.47447235,0.36591691,0.38758814,0.30388724,0.44363904,0.48686944,0.42918361,0.41184821,0.38487713,0.37097920,0.36444249,0.37945609,0.28515083,0.39285099,0.34219485,0.22679287,0.48257956,0.43563308,0.45051119,0.51639152,0.49061130,0.49948818,0.33423747,0.51336829,0.49826504,0.37637209,0.44652324,0.43233846,0.42137667,0.47195988,0.45312135,0.33993509,0.42882896,0.51846515,0.45669028,0.43010310,0.35365140,0.40904295,0.50223701,0.39779011,0.45615089,0.41884416,0.35674305,0.38504890,0.40224163,0.46610499,0.38831641,0.37083418,0.38651825,0.48149734,0.40895136,0.43816827,0.25646413,0.33165291,0.52424919,0.47649609,0.47083820,0.27884883,0.28515083,0.29954461,0.42683786,0.28538925,0.41595125,0.47217454,0.52130154,0.41827974,0.41811686,0.58775540,0.45503108,0.45291803,0.44647356,0.43664660,0.44763895,0.52831638,0.47476165,0.42775184
81676,0.39098053,0.36940056,0.30032607,0.47958745,0.38049345,0.42688624,0.43794606,0.51525423,0.45914144,0.42404411,0.36256381,0.44980783,0.39463164,0.40190730,0.44446203,0.45836231,0.26819282,0.37453266,0.38346764,0.41650832,0.47888632,0.37253249,0.41924127,0.51204695,0.45859048,0.40160700,0.41359747,0.34009061,0.34098984,0.41776382,0.48852467,0.45594643,0.43405711,0.32706035,0.43290195,0.47156941,0.29033206,0.36714612,0.34166645,0.36803242,0.45721400,0.33533066,0.44766175,0.41307922,0.44700349,0.45705775,0.34114588,0.40112242,0.31512252,0.36184829,0.41972063,0.40428399,0.34939913,0.41541586,0.41568887,0.45585685,0.39799445,0.48041456,0.50852515,0.40749955,0.40550923,0.34272807,0.43647017,0.43721927,0.32521489,0.45875917,0.41113121,0.56421192,0.38099923,0.38556389,0.36278021,0.41645227,0.35206731,0.34650478,0.36809431,0.40798452,0.34426785,0.41959841,0.35663523,0.40399480,0.34525707,0.32305247,0.42844952,0.42381266,0.33082394,0.46774664,0.35483056,0.38548582,0.35951483,0.37772164,0.35265184,0.33629849,0.41026830,0.55940909,0.37769281,0.41683764,0.37611958,0.48926416,0.43476512,0.36587156,0.42534925,0.42116278,0.48938729,0.44181467,0.37267731,0.47132668,0.42273608,0.53013515,0.39474631,0.38753924,0.34798019,0.38053744,0.40098686,0.37297352,0.39327326,0.24440058,1.00000000,0.39833276,0.48769567,0.35736140,0.45339056,0.44828337,0.42793002,0.37106150,0.49806404,0.48378197,0.33538051,0.47770223,0.33848577,0.41960223,0.38729686,0.39142065,0.40699282,0.44864631,0.44028727,0.40948329,0.38860649,0.33573912,0.45929387,0.41330217,0.36214948,0.38908894,0.41825509,0.37471998,0.40120792,0.37297352,0.49538185,0.52681459,0.43345444,0.39374968,0.36945496,0.36782710,0.40317488,0.44508484,0.34636848,0.38057243,0.40544372,0.46343023,0.42750679,0.44824686,0.46024718,0.45396844,0.40005096,0.40592296,0.32964478,0.36528062,0.43245490,0.39159007,0.36786054,0.31664233,0.37919424,0.40910456,0.40388025,0.45673936,0.41335143,0.41481111,0.42665293,0.37927810,0.30486168,0.48370006,0.41284545,0.38396820,0.41825128,0.37254007,0.33474620,0.41421723,0.39338149,0.39267675,0.43339682,0.55941653,0.52141601,0.52386628,0.40782014,0.39695431,0.51701351,0.50376417,0.40663698,0.43960988,0.44846966,0.40572561,0.42508191,0.46558126,0.39550447,0.37202228,0.43123009,0.45960755,0.47138143,0.47631390,0.42948725,0.28952106,0.38600694,0.48044283,0.35464987,0.46292640,0.34357018,0.48758438,0.44665241,0.42482442,0.33229136,0.42528806,0.51087408,0.43794606,0.46145049,0.45327983,0.36879970,0.40366586,0.40233242,0.36760298,0.40201421,0.38764357,0.38978132,0.57726443,0.37325247,0.36845290,0.40606675,0.42818613,0.39631667,0.32632421,0.34600079,0.41765960,0.43281443,0.46889478,0.42780493,0.42197025,0.49583507,0.46625773,0.31664233,0.43086325,0.48311766,0.44849868,0.34550073,0.43833639,0.41804990,0.47435311,0.45683923,0.41316817,0.28055118,0.54206749,0.35688651,0.41759434,0.43507473,0.37579379,0.39508072,0.44763687,0.50489782,0.44633625,0.43263519,0.39811395,0.34275618,0.45605718,0.44361251,0.34121694,0.32049181,0.42885237,0.54185301,0.38764357,0.48392526,0.40697192,0.44601337,0.44333915,0.42582594,0.42694861,0.43240661,0.40735326,0.36038979,0.34926720,0.38023024,0.33624556,0.39482213,0.39714802,0.34313717,0.42711864,0.40759077
81678,0.52456574,0.51021471,0.47841080,0.55060466,0.44551818,0.54113175,0.59358969,0.52904888,0.52539046,0.48777792,0.55342163,0.53564223,0.60153761,0.47668040,0.58709764,0.58000583,0.29173664,0.30955231,0.54457971,0.47028010,0.52233536,0.36210856,0.53072761,0.31672125,0.58339391,0.43786479,0.49126717,0.51110474,0.50210018,0.37157734,0.41980673,0.51902963,0.49005761,0.48020781,0.60734035,0.65026170,0.48601354,0.59331282,0.42543130,0.47426235,0.54979003,0.31521481,0.53504953,0.55655380,0.58562573,0.51542793,0.38642583,0.36909818,0.54600462,0.56122457,0.56873585,0.48886757,0.49098470,0.54198349,0.46603960,0.54611184,0.53027486,0.47896517,0.45697077,0.52604559,0.41117898,0.42818388,0.53082097,0.42335791,0.38602525,0.46480904,0.47272824,0.55927270,0.47154988,0.40236641,0.53392184,0.51222859,0.48604379,0.44567205,0.49502761,0.45931165,0.46173745,0.58380363,0.48078680,0.51575417,0.56886016,0.43274756,0.45542554,0.58932767,0.48594615,0.52754390,0.41291398,0.57356178,0.48396125,0.50796880,0.43549211,0.42312313,0.51715181,0.48904139,0.40434740,0.53809824,0.46843098,0.58049572,0.50216149,0.44506934,0.40745568,0.51243393,0.56627893,0.49925814,0.64606687,0.44910167,0.42005538,0.59600752,0.54980009,0.53315754,0.58265740,0.34673797,0.47610617,0.27965589,0.57494986,0.43595543,0.39833276,1.00000000,0.60744271,0.54967533,0.54605685,0.59244232,0.47028112,0.44730494,0.47145789,0.54263988,0.38013888,0.53482224,0.38009218,0.46381874,0.52872537,0.48819544,0.37183983,0.49104464,0.43366704,0.50758706,0.51872937,0.44785840,0.47526175,0.47025361,0.44771551,0.42009720,0.55370657,0.51974539,0.62300383,0.27965589,0.57612488,0.41880006,0.52426228,0.65623588,0.50503174,0.49750483,0.41459277,0.51828286,0.48055461,0.52465785,0.51519099,0.46079606,0.45586707,0.62624101,0.39045775,0.60628764,0.58378821,0.42137760,0.32040551,0.41141671,0.52699240,0.49971135,0.38896839,0.39392858,0.54419828,0.50491593,0.50479642,0.49841832,0.52084808,0.45410710,0.41547424,0.51584005,0.49165330,0.58973920,0.55128523,0.51779319,0.51440648,0.57709626,0.51075022,0.50593147,0.49308636,0.48177241,0.60249015,0.45740552,0.35116480,0.35639585,0.47194239,0.32152549,0.33527937,0.40460731,0.52849184,0.53189537,0.44966618,0.50349206,0.58731012,0.53251323,0.55327049,0.30648956,0.56193171,0.36283440,0.44609318,0.40019323,0.40604264,0.27056663,0.49216825,0.49084192,0.46409286,0.50261640,0.47759067,0.45030080,0.40000298,0.61235477,0.40017640,0.43389325,0.44367154,0.59358969,0.50916350,0.49254465,0.37392143,0.39845323,0.64173911,0.50303832,0.51536759,0.31090904,0.53254853,0.49621293,0.37938907,0.48781552,0.58972147,0.56965352,0.58394724,0.43584181,0.58130816,0.44907871,0.56505799,0.47537835,0.41217051,0.47664246,0.54812798,0.43262092,0.39392858,0.50334107,0.35657373,0.43208275,0.61773278,0.50011569,0.53288405,0.40391196,0.42752912,0.49581272,0.55099244,0.56574941,0.42766277,0.56555972,0.51680102,0.38932235,0.46099321,0.58856981,0.42925891,0.48940456,0.47412001,0.50687126,0.58018159,0.41702506,0.66753621,0.59162127,0.54578105,0.51098904,0.36700743,0.31090904,0.37080380,0.48109147,0.43094356,0.61916277,0.59711485,0.47576730,0.55617646,0.44261127,0.50728391,0.48175215,0.51117576,0.58036812,0.41572658,0.43710964,0.57501527,0.48054008,0.52104306
81683,0.45462038,0.44039062,0.36255737,0.62724216,0.38512058,0.46610405,0.55574205,0.64862974,0.54989147,0.52759230,0.52907697,0.55147296,0.54843725,0.53429964,0.58838236,0.59738407,0.38117646,0.42812128,0.52626255,0.50041513,0.53098913,0.37944618,0.45074537,0.40514636,0.59501315,0.45241852,0.49365952,0.42117637,0.51869825,0.41527761,0.50603499,0.50839990,0.53661001,0.48729916,0.50842593,0.55430023,0.48833457,0.51805708,0.46011080,0.44969707,0.62472023,0.41889682,0.51803706,0.59308366,0.52494523,0.60679248,0.52928595,0.47669383,0.48059509,0.44475736,0.50357803,0.55193532,0.57229438,0.50133412,0.50076874,0.51231541,0.56890581,0.58670880,0.54165397,0.46779357,0.43302177,0.56195155,0.67624805,0.57525198,0.49199065,0.52561241,0.50376958,0.69273744,0.43320487,0.65199462,0.47116448,0.49152410,0.40812292,0.34004463,0.50528171,0.56972664,0.44994504,0.56228211,0.53044456,0.45971952,0.53677697,0.53149003,0.55301387,0.51641196,0.47598354,0.66227374,0.40827224,0.52302829,0.57757558,0.49395812,0.43218339,0.41218203,0.45640727,0.60764208,0.46105650,0.64433872,0.41567926,0.62093799,0.44958177,0.39423649,0.51833369,0.66550111,0.56931872,0.50130042,0.67493111,0.60047486,0.58282607,0.57277469,0.49517745,0.68993750,0.44573946,0.50746307,0.40625412,0.40603606,0.52601028,0.37646180,0.48769567,0.60744271,1.00000000,0.57492971,0.63530559,0.55220847,0.50265576,0.52505421,0.61247788,0.62450980,0.45444463,0.66455708,0.50960871,0.63085059,0.49983186,0.39270812,0.40687840,0.57959496,0.52672593,0.46315009,0.54157951,0.35996766,0.58106953,0.45025949,0.40945127,0.40288420,0.47132688,0.49677916,0.46305360,0.40603606,0.58660678,0.52861817,0.59167087,0.47756605,0.53726977,0.49971453,0.47708835,0.51938364,0.43244037,0.49041982,0.46428229,0.60542553,0.54838293,0.51732759,0.60318881,0.62606259,0.49978734,0.46471592,0.39674358,0.46064969,0.53015528,0.43148115,0.40621622,0.33444568,0.57951759,0.49017438,0.45421133,0.51956123,0.51410956,0.49611185,0.58848050,0.48025557,0.46424766,0.51979358,0.51044759,0.47046929,0.53625971,0.46119613,0.44817576,0.61892734,0.47804143,0.41009436,0.51487382,0.62725528,0.48812033,0.44034661,0.58215514,0.44436735,0.53540936,0.51570468,0.57135787,0.72253783,0.51521930,0.63744756,0.54768769,0.67565819,0.65055344,0.42678940,0.59812995,0.61780983,0.49399534,0.50863657,0.47845287,0.34926735,0.66188893,0.67025772,0.53181576,0.57336501,0.45615153,0.58304663,0.51999468,0.56818483,0.49550015,0.50102402,0.54957887,0.55574205,0.47527478,0.57473838,0.41005525,0.52390956,0.71773111,0.53634379,0.65696061,0.49159567,0.47379470,0.50332176,0.47740588,0.47409093,0.50284448,0.63012501,0.55905457,0.48816990,0.50743664,0.42542467,0.45204466,0.52246916,0.48441854,0.52400376,0.51567836,0.55804109,0.33444568,0.52191488,0.44544359,0.53145630,0.50148478,0.49085607,0.50421279,0.50501339,0.51895113,0.45903026,0.42354878,0.61947573,0.46451303,0.57307588,0.53178234,0.41978900,0.46836394,0.54634352,0.52766875,0.54190515,0.54408025,0.59829902,0.43148865,0.49421709,0.62223430,0.46699756,0.39384483,0.54127088,0.51364237,0.49159567,0.52647551,0.45764686,0.57119382,0.79562751,0.53358228,0.55367923,0.50291193,0.47323907,0.52252890,0.51133542,0.53523357,0.54768012,0.44291843,0.42774909,0.45038097,0.54077563,0.47408002
81917,0.50229765,0.43934530,0.43411230,0.45201390,0.42465227,0.44790697,0.52833826,0.47573275,0.43676672,0.50036634,0.55987578,0.51829949,0.68244083,0.52156117,0.51748496,0.53129373,0.45793799,0.38796534,0.41040930,0.49374931,0.51663601,0.33728870,0.48863711,0.27132811,0.52688374,0.37860014,0.43674743,0.42956124,0.58198308,0.29940621,0.43106967,0.49875899,0.49558588,0.55637494,0.43059266,0.52661170,0.36162703,0.54094650,0.47622842,0.55950894,0.62229980,0.44106127,0.52814865,0.51366388,0.52296734,0.64116717,0.61350783,0.43858936,0.49210914,0.46851445,0.53444867,0.53050813,0.57617125,0.49548876,0.49523611,0.51995402,0.48404375,0.50986681,0.52082462,0.48905842,0.42681074,0.49792964,0.62724548,0.56977603,0.49324428,0.52425834,0.42809828,0.55368764,0.37813448,0.52355352,0.50099989,0.52603110,0.46042060,0.37654243,0.52569366,0.44125094,0.46561710,0.45617588,0.45258808,0.44214442,0.57483493,0.49692222,0.50474832,0.51213646,0.47522100,0.56990520,0.42727481,0.52321700,0.52367840,0.49915693,0.53660458,0.55370523,0.52819071,0.51907850,0.49771297,0.65923480,0.42768565,0.53729633,0.42717433,0.47269063,0.41497117,0.60497067,0.53557712,0.55497103,0.57883730,0.52746531,0.56185770,0.55695780,0.55455231,0.58292680,0.49651547,0.45686615,0.43629631,0.31095966,0.53821785,0.41680577,0.35736140,0.54967533,0.57492971,1.00000000,0.56946616,0.63080106,0.46324971,0.48215957,0.53759741,0.59568988,0.50252524,0.60571040,0.50195331,0.55719773,0.52676564,0.41184501,0.38000540,0.55193730,0.49170804,0.57775636,0.54249400,0.46340040,0.50674989,0.48851346,0.43522264,0.45757537,0.51741476,0.51313667,0.61353819,0.31095966,0.59969222,0.43585227,0.58458483,0.55322724,0.57011364,0.52315877,0.40305499,0.52168215,0.49652129,0.52003747,0.57473514,0.54819586,0.40714550,0.57413300,0.44869290,0.57577519,0.51629251,0.40226433,0.33227852,0.40188527,0.44545844,0.46365351,0.38705187,0.41223478,0.51682878,0.50850169,0.56123915,0.53172025,0.47948586,0.51635939,0.56636843,0.47095439,0.48025087,0.49981699,0.45898837,0.54222445,0.49992670,0.48802920,0.52889654,0.49937493,0.44748106,0.42573694,0.49924498,0.49308430,0.33212720,0.35534169,0.54624483,0.40485760,0.44499659,0.39039813,0.47628614,0.56955431,0.52026806,0.58795919,0.52342356,0.51882140,0.61076913,0.39241930,0.70208959,0.45396086,0.44246007,0.42009464,0.46664248,0.38126841,0.61880370,0.52387088,0.55754271,0.47944725,0.48862279,0.49763079,0.40954436,0.49011886,0.57740046,0.55838339,0.44183384,0.52833826,0.53024106,0.56574517,0.39555449,0.49100602,0.59615776,0.56909909,0.52423843,0.50558602,0.63114236,0.47092419,0.41541331,0.49950677,0.51395971,0.48352742,0.63414475,0.58403295,0.60210989,0.43073300,0.49009400,0.50837239,0.45808034,0.52231271,0.47410429,0.45589085,0.41223478,0.63794085,0.46431792,0.42383540,0.53477097,0.51447874,0.59916073,0.42218566,0.45613901,0.48464622,0.37711591,0.54132006,0.43638915,0.52989127,0.48454696,0.41534449,0.41719030,0.60801743,0.49332690,0.50658396,0.50897096,0.60006764,0.47512393,0.48679783,0.52485588,0.50412652,0.44280542,0.47289005,0.39502903,0.50558602,0.45875831,0.48228333,0.48373643,0.59765769,0.55837488,0.51918023,0.51331759,0.43378320,0.53759574,0.43420793,0.51062670,0.43291279,0.45818450,0.44045774,0.52643207,0.50820972,0.51702480
81932,0.57520991,0.55633408,0.48276295,0.57411555,0.49852864,0.58340191,0.59832791,0.57325673,0.54933296,0.47455000,0.51454577,0.59566751,0.60130491,0.64537334,0.64988684,0.63467320,0.56104143,0.61431884,0.49812680,0.66582723,0.71471067,0.55883196,0.60813059,0.40519437,0.63248417,0.52550059,0.59725157,0.53016843,0.54773862,0.41597660,0.53320837,0.60469065,0.59476440,0.55347841,0.53960116,0.56642349,0.43221891,0.58420560,0.49367007,0.50440296,0.63844367,0.55501397,0.59748167,0.63982417,0.62025567,0.67417839,0.53000926,0.67731083,0.52195631,0.49879967,0.56684315,0.68989820,0.56314528,0.58496870,0.66901700,0.53568601,0.45355276,0.61311948,0.69525060,0.60362566,0.59236161,0.46710352,0.60761234,0.61910100,0.46326612,0.53789959,0.45366587,0.66941835,0.47141482,0.44802531,0.59040486,0.55777153,0.52314752,0.45825805,0.49200233,0.40516818,0.46122962,0.57882192,0.53601865,0.43593753,0.54413887,0.47125286,0.76635664,0.51805106,0.47800398,0.54293602,0.50070195,0.63805063,0.49031670,0.63754502,0.51488097,0.50309977,0.58470896,0.62090842,0.51432251,0.66415095,0.51660088,0.56001182,0.47807552,0.46320822,0.57880342,0.59936293,0.60393561,0.52314474,0.51937386,0.65913065,0.59714587,0.59920022,0.59800553,0.59845798,0.56246449,0.69218727,0.53834949,0.47542951,0.57987684,0.43164205,0.45339056,0.54605685,0.63530559,0.56946616,1.00000000,0.56681137,0.57028221,0.60827427,0.61624586,0.62453627,0.64464675,0.66884924,0.73417158,0.67951952,0.67965240,0.50554426,0.58932153,0.64976784,0.56080865,0.52316849,0.53556614,0.51388648,0.56674036,0.54814123,0.47777362,0.48852593,0.53917261,0.46960184,0.57232903,0.47542951,0.61476549,0.52706371,0.56636316,0.64210520,0.53186352,0.48152214,0.62109474,0.57514768,0.55462701,0.67554980,0.52595948,0.57274784,0.52594997,0.57267446,0.46882730,0.65807059,0.62660738,0.59567428,0.50875702,0.55107154,0.54648126,0.54893136,0.47078872,0.47092095,0.70336222,0.59011197,0.52494676,0.58144434,0.61511102,0.51591631,0.60141919,0.48428066,0.44308912,0.58799839,0.46205358,0.61442000,0.53791316,0.53556583,0.54483519,0.51769400,0.50441005,0.49929932,0.55812317,0.57035446,0.41715648,0.45218070,0.50925866,0.49769570,0.45369157,0.49292476,0.55309099,0.73200276,0.49622111,0.64217434,0.60610789,0.56825955,0.56289517,0.60704391,0.61573496,0.78244499,0.64125031,0.71726433,0.48846580,0.47121221,0.58883199,0.54567097,0.50671739,0.57198830,0.51607288,0.59614088,0.61397758,0.58815827,0.70171915,0.69922215,0.49569146,0.59832791,0.62577226,0.57906124,0.46866815,0.70463875,0.53564147,0.53063086,0.58692482,0.51593980,0.52403165,0.50219824,0.59981444,0.58488199,0.62918745,0.52660086,0.61239494,0.46040333,0.59965715,0.46405521,0.58126513,0.62017764,0.50834465,0.58365261,0.55881146,0.51329744,0.47092095,0.55127109,0.45868123,0.51162119,0.62709280,0.61649251,0.57124071,0.71384123,0.74550958,0.59542948,0.49417185,0.65446069,0.59013470,0.51160982,0.62544500,0.47409154,0.56671280,0.50873857,0.61667661,0.60707283,0.57294391,0.61647446,0.58132033,0.46375747,0.56544924,0.58999788,0.57088196,0.69119180,0.43048791,0.51593980,0.48215888,0.47547079,0.51346275,0.61805533,0.71302169,0.67666752,0.56748398,0.48691486,0.57859951,0.53552063,0.56889518,0.59758969,0.51476244,0.46993866,0.52124820,0.57876579,0.55951777
81934,0.59842567,0.54934604,0.53046434,0.52713264,0.50029882,0.61330918,0.58123348,0.56384134,0.57002223,0.56376532,0.52532320,0.66495287,0.66957148,0.57026523,0.60595852,0.61458448,0.33697456,0.42707750,0.52752303,0.53254097,0.64830226,0.44582359,0.58444892,0.37871885,0.61213157,0.51368049,0.47017156,0.56989120,0.51969941,0.46864768,0.55946570,0.61981233,0.64151630,0.51087013,0.52829743,0.61885214,0.41422733,0.58948959,0.44939731,0.53779010,0.62251908,0.37199663,0.59175653,0.54574062,0.62557024,0.61339573,0.51037833,0.48267795,0.52178145,0.52681906,0.65536088,0.55841779,0.45049569,0.65341089,0.53234589,0.63812232,0.48964984,0.53825150,0.52891989,0.57886418,0.49238255,0.53869034,0.59134883,0.53640219,0.42436485,0.53504244,0.50554402,0.63972728,0.54961097,0.45378180,0.52819159,0.54656179,0.54307328,0.47513903,0.54930071,0.48276982,0.43793840,0.59756549,0.45620008,0.52509356,0.55780465,0.46018205,0.56665144,0.58429935,0.52377390,0.61487314,0.41963809,0.56126171,0.52828570,0.54412073,0.54974313,0.48591119,0.59895880,0.57023536,0.51044425,0.55735402,0.54773504,0.66954395,0.55770986,0.56332818,0.42990097,0.56429716,0.68650305,0.54249140,0.57641481,0.52201177,0.45453120,0.63260675,0.56643791,0.51344652,0.59637464,0.46845788,0.50486673,0.36459120,0.55602108,0.37812589,0.44828337,0.59244232,0.55220847,0.63080106,0.56681137,1.00000000,0.57920751,0.45426603,0.56530710,0.58682735,0.44131129,0.63936643,0.41837049,0.52351173,0.52060526,0.50038773,0.44529566,0.64057516,0.55425233,0.71491849,0.55003917,0.52291414,0.47724204,0.58103039,0.54243892,0.50062949,0.66001694,0.52612156,0.63938080,0.36459120,0.65968038,0.49020468,0.67414562,0.61865443,0.58252005,0.54342837,0.48390357,0.66048604,0.55276763,0.51620726,0.71195545,0.55834445,0.43660129,0.70042456,0.52162590,0.58705645,0.61832474,0.54702355,0.35911110,0.50922588,0.54791911,0.57219815,0.44039771,0.52258974,0.51438576,0.63989189,0.70781366,0.53110983,0.58766384,0.53547783,0.45505255,0.50856271,0.47733619,0.64768965,0.60637026,0.60171648,0.59007220,0.64031973,0.52270868,0.54107453,0.56200199,0.49470110,0.61159030,0.52431255,0.39470188,0.45209773,0.45280700,0.46364831,0.42088168,0.49904021,0.54798247,0.50786710,0.51588050,0.57863279,0.61611057,0.58757447,0.63703413,0.43591157,0.57921570,0.44624177,0.52123011,0.50423757,0.51754885,0.36577042,0.57371590,0.56339283,0.60661461,0.53568729,0.51333378,0.53832217,0.48738934,0.66713851,0.43968477,0.51947571,0.44900918,0.58123348,0.62986633,0.58213820,0.46410853,0.50119215,0.57140968,0.58030848,0.50032660,0.32362613,0.61139475,0.56131078,0.40638739,0.45146282,0.62138362,0.50901737,0.60508233,0.51864455,0.51909292,0.52535206,0.69775142,0.57247552,0.53004388,0.57063406,0.57669695,0.54653921,0.52258974,0.53184825,0.36746339,0.53703435,0.60189077,0.64582375,0.61476174,0.50516555,0.48132458,0.64065140,0.45699779,0.62245776,0.39302091,0.61950183,0.54233613,0.52126613,0.56426154,0.64823524,0.54738318,0.56559712,0.64713163,0.57762447,0.61141850,0.53177105,0.60569586,0.55804170,0.51992675,0.55980514,0.38985376,0.32362613,0.50644045,0.53954670,0.51298332,0.65771285,0.65969129,0.48829670,0.67043557,0.51495466,0.55061682,0.43673143,0.49391272,0.47025683,0.56650990,0.58290373,0.59188511,0.66384644,0.58450727
81940,0.57326966,0.61203196,0.54052415,0.57162974,0.55286387,0.64093070,0.57924438,0.54616195,0.50783824,0.43578451,0.44006302,0.54216488,0.56134583,0.50962609,0.68943919,0.70934785,0.32751109,0.47154768,0.57017247,0.64976722,0.68114439,0.57408257,0.66156550,0.42120892,0.70389319,0.47770979,0.59102002,0.57817456,0.50045876,0.49798948,0.46681075,0.58827064,0.55174401,0.52171022,0.55010049,0.56136503,0.39923489,0.49145746,0.39939094,0.50424995,0.53573188,0.41195746,0.62476067,0.55828436,0.66203877,0.53274352,0.43816872,0.53841130,0.57219355,0.51435658,0.61632136,0.59656834,0.41409553,0.63663834,0.64518915,0.58575987,0.37386131,0.46782153,0.59124817,0.65870159,0.54085052,0.38133166,0.46037487,0.52215351,0.36519792,0.41325150,0.44927971,0.57979248,0.49120871,0.36477773,0.49410804,0.58050503,0.55268474,0.60486675,0.50213196,0.37764459,0.50592573,0.51863702,0.48751867,0.48872484,0.55123576,0.40548428,0.58801904,0.48310557,0.49034230,0.50423245,0.52834093,0.51937641,0.41805266,0.55821025,0.73401999,0.46137350,0.66938405,0.58419041,0.48469584,0.50164702,0.65564640,0.56394711,0.55030779,0.46192715,0.40613430,0.45841683,0.58135829,0.43965192,0.48030634,0.50152058,0.43751682,0.58971683,0.77822625,0.46857686,0.47965883,0.52368823,0.65476581,0.65991268,0.57451497,0.46291937,0.42793002,0.47028112,0.50265576,0.46324971,0.57028221,0.57920751,1.00000000,0.48888787,0.48211528,0.51436998,0.46333936,0.58996825,0.40420069,0.50476962,0.67006352,0.60570349,0.63614224,0.52671641,0.61787787,0.54297759,0.44423190,0.59412348,0.47845157,0.55861565,0.53249062,0.46459511,0.59104927,0.49246962,0.53553548,0.65991268,0.56678976,0.48898570,0.46446203,0.60763437,0.50882294,0.48837741,0.49952584,0.77664205,0.42429344,0.68555717,0.54516042,0.54136694,0.48286605,0.58473970,0.45953231,0.54852882,0.78126824,0.71299366,0.64711531,0.64334525,0.60313112,0.68286642,0.66763170,0.61082232,0.64517009,0.63277311,0.54436081,0.65842545,0.62319506,0.63564135,0.43748530,0.65911926,0.38018207,0.60582480,0.48545453,0.69769587,0.70429241,0.56121560,0.58301375,0.46711801,0.67921557,0.63101988,0.55606048,0.56422345,0.41564299,0.47887594,0.41804489,0.55355340,0.45255728,0.48375557,0.62815487,0.55972817,0.73207825,0.49806912,0.55761862,0.53098534,0.43798596,0.47612307,0.53683620,0.46700874,0.63647163,0.62473872,0.43021561,0.41734242,0.48071450,0.48021550,0.48611656,0.49186343,0.50370459,0.56153030,0.70868093,0.56851683,0.45203759,0.54775857,0.44741264,0.57924438,0.63722175,0.46867938,0.50432921,0.54772425,0.46803776,0.50601920,0.50928834,0.32498590,0.47349069,0.45946805,0.45388316,0.50738363,0.79293279,0.47759146,0.61394422,0.46172853,0.52386951,0.40611908,0.60793695,0.66498105,0.79328814,0.59654058,0.52854110,0.61349160,0.61082232,0.48462385,0.40088861,0.65321402,0.59360328,0.64269558,0.48324070,0.62098201,0.62786540,0.67439306,0.48646852,0.61510084,0.57230616,0.46994261,0.49573393,0.61314498,0.67649146,0.46832611,0.44972517,0.59735571,0.61253432,0.54583354,0.50913789,0.40341555,0.56679383,0.73197489,0.53509066,0.66956456,0.45603735,0.32498590,0.49330534,0.52409036,0.46670659,0.53863660,0.62832936,0.61120934,0.52423374,0.60312888,0.51538225,0.48130762,0.50125412,0.52146695,0.63686471,0.62516926,0.56422357,0.62059684,0.54734984
81942,0.49502040,0.54945061,0.51190599,0.54630396,0.43326676,0.48189593,0.48082850,0.44202036,0.45685150,0.44866920,0.49602714,0.49476850,0.49468964,0.52301848,0.53726752,0.54181765,0.34126230,0.37556924,0.49875741,0.60091074,0.55598932,0.52074089,0.49787366,0.40083892,0.54349542,0.51647999,0.56412016,0.47378084,0.66626247,0.38400199,0.40455507,0.44883793,0.45142874,0.45645850,0.40184037,0.49228834,0.42119715,0.36467831,0.50608779,0.44585585,0.63782252,0.33846410,0.48186923,0.48205960,0.57408725,0.47959319,0.41561954,0.49294863,0.49126299,0.46262845,0.45339868,0.42938404,0.52264534,0.50514142,0.60036540,0.49952757,0.44274763,0.51035710,0.48065894,0.52110617,0.40436163,0.42380929,0.56786196,0.49602269,0.51435942,0.40943144,0.35500033,0.58954822,0.47055765,0.39468957,0.52405689,0.53254301,0.44216874,0.40162613,0.50073538,0.41095061,0.48652599,0.44137472,0.53110559,0.36521718,0.53558313,0.51170978,0.54459032,0.42935385,0.45685142,0.53095423,0.44871199,0.57176657,0.50781096,0.40202599,0.36872026,0.43351299,0.46234312,0.48920869,0.52353226,0.62640912,0.43546827,0.41794093,0.41687098,0.51781503,0.41941906,0.55873051,0.46636775,0.34401580,0.47911968,0.46276241,0.41350724,0.44758964,0.51061612,0.53610007,0.53286477,0.44617617,0.60241237,0.34696139,0.58842875,0.39104956,0.37106150,0.44730494,0.52505421,0.48215957,0.60827427,0.45426603,0.48888787,1.00000000,0.51901060,0.48665324,0.48838456,0.59731817,0.39448704,0.68024939,0.52094344,0.48650171,0.51357887,0.47458145,0.40461603,0.44994089,0.47007843,0.44798245,0.60353238,0.40388810,0.35638743,0.34793525,0.46059256,0.39646845,0.48071669,0.34696139,0.50128235,0.39455389,0.47414531,0.50159468,0.43388005,0.48736994,0.42968191,0.40222894,0.42009048,0.50462213,0.45541979,0.47747948,0.51945346,0.45892420,0.40405003,0.50400574,0.47553737,0.41996158,0.36292962,0.35336212,0.46261867,0.40758899,0.38337428,0.36658602,0.57432376,0.46189996,0.44583567,0.48085347,0.39180666,0.42321830,0.41870697,0.47744399,0.36968507,0.47414301,0.38412386,0.50837756,0.51594891,0.45717251,0.42638188,0.48151481,0.41602547,0.48122878,0.44261736,0.46237974,0.38357205,0.35368543,0.57436948,0.32654781,0.35076374,0.38428060,0.46509022,0.50949604,0.44277413,0.61332099,0.52160463,0.53006840,0.50962941,0.38419739,0.62524102,0.66970337,0.49799268,0.47804203,0.48722880,0.30322128,0.43608770,0.54750121,0.47187888,0.51816368,0.46985500,0.49505630,0.49345001,0.48846428,0.34732890,0.36348212,0.41263351,0.48082850,0.49474995,0.45127291,0.42749657,0.53888836,0.46031296,0.43509192,0.58613438,0.52661769,0.43550155,0.37712936,0.47256207,0.45270182,0.48129848,0.48876065,0.56863258,0.44397935,0.55846744,0.34148488,0.46493242,0.51669511,0.38180475,0.46234763,0.45654342,0.50320376,0.36658602,0.47098278,0.38480156,0.49729614,0.47953979,0.43086302,0.49560852,0.47621375,0.51929050,0.44835323,0.38422208,0.53799623,0.54120348,0.38502365,0.41346523,0.38365230,0.49713995,0.39408925,0.44743989,0.49368766,0.39864661,0.62410099,0.52853137,0.35548552,0.40922503,0.48241901,0.44996109,0.58327610,0.37206792,0.52661769,0.38941856,0.39858398,0.36143256,0.48091135,0.53430162,0.51147181,0.41346372,0.41789413,0.56551281,0.51270646,0.65561291,0.55794381,0.39226959,0.41960359,0.48782662,0.39227254,0.36795936
82202-A,0.49651085,0.50614471,0.45676108,0.56214470,0.45097518,0.54796237,0.62908531,0.67292251,0.58506291,0.48921378,0.52450454,0.56450982,0.53778838,0.58535220,0.59195775,0.60271877,0.44639556,0.56143223,0.52334200,0.53357721,0.58322348,0.48917497,0.54027417,0.39118393,0.59847112,0.64731691,0.55382497,0.48183874,0.50708758,0.42179558,0.67361951,0.55982113,0.54934428,0.45144248,0.44746910,0.55443479,0.38284952,0.48778757,0.48313163,0.39471345,0.60338356,0.49908677,0.55590293,0.66847158,0.58861561,0.62049423,0.51622368,0.61194526,0.49954813,0.49273949,0.52198931,0.57702770,0.54647007,0.55751578,0.53100179,0.50081603,0.42947141,0.96776639,0.62849462,0.53588918,0.49824965,0.51948644,0.65137232,0.62848756,0.47269755,0.56509639,0.48298845,0.77048220,0.43049900,0.57535943,0.46975282,0.57616264,0.48810820,0.40378823,0.48543358,0.38073609,0.42391734,0.57328538,0.39570005,0.42841690,0.50833943,0.48441414,0.66371554,0.51262249,0.41924551,0.58380518,0.44616862,0.50724820,0.47496150,0.50969564,0.41477566,0.43953246,0.52229335,0.56678268,0.46790294,0.61373334,0.44200652,0.57963617,0.44568029,0.41590096,0.61155899,0.65040183,0.67418941,0.53894093,0.52336448,0.62950256,0.57972901,0.63187355,0.49664476,0.54181885,0.45874590,0.65303836,0.44993271,0.43313792,0.51208422,0.33378799,0.49806404,0.47145789,0.61247788,0.53759741,0.61624586,0.56530710,0.48211528,0.51901060,1.00000000,0.76924719,0.57157089,0.59418100,0.49860136,0.58250474,0.51583835,0.45004166,0.45953544,0.61497407,0.56110538,0.48302804,0.46544221,0.39590195,0.52559070,0.54074754,0.48824011,0.47032343,0.51399394,0.44253437,0.47744321,0.43313792,0.64107593,0.50281762,0.61733274,0.55578186,0.48094156,0.46592905,0.56876949,0.49529020,0.51462012,0.49819092,0.48355523,0.67331986,0.46723628,0.55384556,0.50167866,0.61763993,0.50121814,0.52396606,0.39857711,0.48320830,0.52131558,0.51581956,0.46037837,0.44075165,0.57263457,0.53629331,0.48215996,0.58016956,0.50051632,0.48244291,0.58428909,0.45513155,0.40074720,0.56108294,0.43261093,0.47594625,0.50206992,0.49774461,0.42754518,0.55373356,0.48406754,0.46667930,0.57153649,0.56772052,0.42284427,0.40785158,0.51156052,0.43511582,0.49978845,0.49131195,0.53558043,0.59618343,0.46335101,0.62783805,0.53535677,0.64744770,0.58396544,0.56055315,0.57077704,0.57357270,0.57527707,0.57768329,0.43000429,0.37960668,0.56289480,0.59548593,0.51866753,0.54230327,0.41193723,0.64977945,0.55382641,0.53324653,0.46599867,0.50309692,0.55375308,0.62908531,0.55716596,0.53460114,0.47075368,0.66729223,0.52808484,0.47799978,0.59486930,0.43802437,0.48055465,0.54724426,0.51597293,0.50637380,0.50952520,0.53136185,0.47100877,0.36524302,0.48566748,0.41223216,0.54443081,0.53791540,0.44734126,0.60651581,0.61250098,0.52810696,0.44075165,0.56063050,0.43974557,0.52609217,0.55592917,0.54253939,0.50776150,0.57532426,0.56185989,0.53363339,0.40683863,0.73176934,0.54123043,0.48928127,0.54949313,0.41443984,0.49771870,0.50568249,0.58959433,0.63979664,0.55544678,0.53847063,0.46541290,0.47995134,0.53788615,0.46931371,0.41126692,0.59291753,0.47895395,0.43802437,0.52202791,0.51703351,0.56990409,0.60577639,0.60737845,0.61524855,0.61758924,0.48334992,0.53799815,0.37940735,0.49354257,0.48156057,0.46359048,0.43534520,0.43880887,0.55270745,0.53262997
82202,0.51350143,0.51158696,0.44185619,0.54737413,0.45149445,0.54294967,0.65898092,0.77273857,0.61135929,0.50588437,0.54081606,0.55851497,0.60714639,0.61096333,0.61525571,0.64117017,0.44758314,0.50475122,0.52222015,0.54335741,0.58444711,0.44040644,0.54867443,0.36199255,0.63692252,0.63833118,0.55866755,0.49759253,0.49787924,0.42039031,0.63910940,0.57470146,0.54970670,0.50646890,0.47716746,0.55829022,0.38963806,0.53130566,0.47377542,0.47108518,0.62448598,0.47739694,0.58196341,0.69306935,0.58961323,0.68713339,0.51117880,0.58841616,0.50082384,0.52193232,0.55804592,0.63230855,0.54380259,0.58388182,0.54078199,0.53908486,0.46679584,0.73701357,0.61875891,0.52994704,0.53061348,0.47235200,0.61043595,0.53164279,0.44248021,0.57126333,0.53456938,0.78584684,0.42774544,0.50803640,0.48370384,0.56585437,0.52909623,0.40416102,0.49273912,0.41256806,0.43491245,0.59189281,0.41515767,0.46003316,0.54377916,0.46202793,0.66149400,0.57145123,0.41865274,0.56747993,0.43380626,0.52784814,0.48943391,0.52938409,0.45803481,0.45857283,0.51724564,0.57534465,0.43658511,0.59904658,0.44799971,0.62853319,0.46721101,0.45738994,0.68224124,0.59824245,0.64814861,0.55561243,0.54548848,0.62826546,0.59669865,0.73369552,0.53333755,0.55001957,0.42373804,0.59809738,0.45288604,0.41282775,0.54144694,0.34592323,0.48378197,0.54263988,0.62450980,0.59568988,0.62453627,0.58682735,0.51436998,0.48665324,0.76924719,1.00000000,0.57544844,0.58685120,0.53445189,0.57264423,0.53995239,0.51441997,0.44645956,0.59975670,0.52654782,0.52531253,0.45631718,0.45996761,0.50513530,0.55013385,0.49471415,0.60019433,0.54494774,0.46189399,0.52516519,0.41282775,0.62251879,0.50338277,0.56955224,0.57603596,0.49040366,0.47840439,0.56473935,0.53615392,0.46354699,0.52230497,0.52812408,0.57776635,0.45733288,0.60429314,0.47134396,0.64091870,0.50606167,0.46673292,0.39676152,0.45216828,0.52271951,0.51459644,0.44642237,0.44986155,0.54628886,0.52397088,0.51699125,0.57640907,0.51936119,0.45223490,0.60125873,0.44002848,0.41384199,0.60013578,0.45120442,0.51105922,0.47547387,0.50420936,0.49080570,0.49681111,0.48324387,0.50204205,0.59859795,0.56681972,0.41237039,0.40965178,0.49102582,0.45542385,0.47224125,0.47008727,0.52183960,0.63413795,0.49825559,0.60090940,0.58569659,0.58318779,0.55646389,0.50472533,0.58099569,0.51579249,0.56743496,0.54689437,0.45036377,0.36066073,0.56838966,0.55534363,0.51556219,0.52917105,0.44056776,0.58544754,0.52656372,0.54140569,0.49977413,0.54882990,0.57707983,0.65898092,0.60147998,0.53766800,0.46801358,0.64247103,0.53617818,0.48746188,0.57728380,0.41607288,0.54387273,0.58818943,0.52535299,0.53454211,0.51436872,0.52829036,0.54737616,0.45601764,0.52030441,0.44810119,0.56538517,0.57653382,0.47049356,0.54507407,0.61976473,0.50992584,0.44986155,0.56699503,0.44672801,0.50791105,0.60100746,0.53701615,0.52622858,0.54453534,0.52752959,0.55855507,0.39105713,0.72204830,0.50101735,0.52818569,0.55251124,0.40960354,0.45423074,0.54619474,0.56390203,0.57781882,0.60313318,0.56499754,0.43170104,0.48286575,0.55708876,0.47766878,0.47953644,0.56231728,0.45478735,0.41607288,0.51324742,0.52343523,0.62129217,0.59860761,0.59905253,0.61941960,0.61849050,0.52881813,0.48047096,0.39886496,0.49510931,0.51368730,0.47157404,0.43265086,0.54823054,0.60039385,0.61350152
84339,0.44452659,0.46730644,0.42981570,0.49267500,0.37971249,0.44186109,0.46391668,0.49118868,0.44369802,0.47122371,0.53412015,0.44015397,0.56944540,0.61698479,0.51675537,0.53366696,0.68468771,0.76965740,0.43323913,0.51825601,0.47021238,0.45829079,0.49949376,0.30265022,0.53650770,0.48564397,0.51237484,0.46036500,0.52044324,0.30053949,0.45769503,0.41578860,0.41901373,0.47892944,0.41296641,0.43103416,0.38423761,0.40199520,0.48021191,0.48507389,0.56834545,0.68351524,0.47641369,0.57179269,0.51337670,0.69428684,0.42968749,0.68108478,0.48661440,0.51262056,0.46845353,0.59826375,0.50539517,0.47544796,0.51951404,0.51717578,0.44555128,0.56946530,0.57695860,0.45551180,0.47933628,0.39538073,0.45760984,0.51173470,0.41737655,0.46181803,0.40066450,0.57578835,0.45142257,0.39246175,0.38526771,0.58400894,0.44193706,0.41349037,0.54317875,0.29700874,0.49180438,0.42178222,0.42631413,0.39327614,0.49428481,0.44474595,0.76930354,0.41993133,0.42911032,0.47797319,0.41545651,0.45097488,0.40096300,0.47001947,0.41200982,0.38485297,0.44861663,0.46816994,0.53061871,0.62544351,0.40981035,0.43731091,0.37551721,0.43792309,0.51502944,0.44394481,0.45458580,0.44654005,0.47239080,0.56934162,0.57681206,0.49444643,0.48873538,0.50040613,0.39954203,0.74832744,0.46717672,0.41594103,0.51441142,0.34607882,0.33538051,0.38013888,0.45444463,0.50252524,0.64464675,0.44131129,0.46333936,0.48838456,0.57157089,0.57544844,1.00000000,0.48457901,0.65480646,0.57191053,0.52323721,0.43245205,0.46105942,0.44563206,0.46535008,0.39372896,0.44530578,0.40442013,0.47449368,0.39570865,0.31221748,0.44325712,0.45884594,0.43065738,0.43141465,0.41594103,0.55794315,0.44845462,0.39304940,0.48945609,0.41629369,0.51328125,0.67775704,0.42911891,0.37357148,0.51242439,0.39559254,0.49007593,0.35958324,0.47610704,0.38506864,0.61839365,0.43842746,0.43824637,0.44271482,0.40637926,0.40271542,0.40528718,0.38966302,0.36679115,0.52320360,0.47288682,0.39047582,0.49963440,0.41854309,0.48044579,0.58020420,0.37795110,0.38868253,0.43773118,0.37435432,0.47187736,0.44815854,0.39411254,0.39937326,0.42926998,0.43132283,0.42505143,0.43513711,0.44601223,0.35712438,0.29770900,0.47112731,0.46076023,0.37651506,0.39586711,0.42396831,0.51772118,0.42175198,0.58562916,0.47909874,0.47875444,0.37851471,0.78349256,0.58454088,0.54403035,0.55387649,0.56399447,0.39255047,0.41728808,0.44001134,0.45626881,0.38481032,0.44367074,0.44268231,0.53614066,0.52069864,0.46568987,0.53968963,0.50582908,0.34251270,0.46391668,0.47206207,0.44147766,0.34930004,0.78101704,0.42694563,0.41407876,0.53101427,0.45131238,0.41201603,0.38261183,0.55191758,0.51959302,0.44782710,0.43933682,0.53753990,0.45820540,0.53885636,0.31064308,0.44855709,0.47461233,0.44024526,0.48187900,0.41176093,0.45927681,0.36679115,0.49539427,0.38625985,0.46581691,0.44709053,0.47417348,0.52896850,0.56221358,0.51438944,0.42075629,0.37662557,0.51375426,0.48016073,0.36054703,0.48516628,0.37793138,0.37269723,0.34582849,0.47652322,0.47843472,0.41853000,0.53121606,0.40821617,0.34220990,0.43136850,0.47128122,0.42498507,0.53575119,0.32943703,0.45131238,0.42612664,0.29781692,0.38150042,0.43651019,0.49435979,0.65477945,0.39928433,0.37511297,0.50007579,0.40654895,0.50016355,0.46101961,0.39727883,0.37597983,0.40308298,0.41472100,0.42316873
84401,0.58368139,0.55619214,0.52311861,0.60501414,0.50952011,0.55430068,0.55937012,0.58275486,0.57429257,0.54577646,0.56987894,0.63746519,0.60921089,0.60874911,0.62025188,0.60737398,0.38697790,0.43931062,0.57222072,0.58775985,0.62380009,0.50026201,0.57127078,0.37847544,0.60889177,0.51324948,0.53528576,0.52962343,0.59657034,0.52386105,0.57959779,0.58388445,0.59453319,0.51804164,0.53907016,0.60253446,0.44926717,0.54923887,0.55774386,0.49531549,0.65889083,0.42550578,0.56807561,0.56315590,0.59761520,0.62292215,0.51830176,0.53860966,0.48939060,0.46429973,0.56800779,0.59009035,0.54454994,0.57201923,0.58869736,0.55819335,0.50963155,0.58644672,0.60620359,0.54314345,0.47977706,0.48620990,0.65991284,0.65029625,0.55952808,0.51953524,0.51727236,0.67581264,0.51318037,0.49230834,0.54763856,0.52163809,0.49488948,0.42310400,0.50788337,0.57836285,0.45679153,0.58901890,0.52558791,0.48803100,0.56206828,0.51637306,0.61391813,0.54848320,0.52673901,0.62277442,0.52726514,0.55605397,0.66110056,0.52475597,0.48353361,0.50989886,0.60690399,0.60496644,0.55274916,0.65073739,0.50877139,0.58543821,0.54054439,0.50979820,0.53344102,0.64374656,0.62315872,0.52111636,0.59240467,0.62549820,0.56110377,0.57767461,0.62035988,0.70217314,0.60593425,0.51733685,0.55964799,0.48045837,0.58003527,0.44897304,0.47770223,0.53482224,0.66455708,0.60571040,0.66884924,0.63936643,0.58996825,0.59731817,0.59418100,0.58685120,0.48457901,1.00000000,0.46963042,0.63604034,0.57035408,0.46840409,0.51482333,0.59870269,0.58080770,0.59598166,0.58191084,0.46368261,0.56187194,0.62424284,0.55713809,0.40532661,0.54879691,0.49643163,0.59369696,0.48045837,0.64268578,0.49338650,0.60939168,0.57995256,0.57862523,0.48626601,0.49269910,0.58401845,0.46884514,0.57404871,0.60097790,0.58944431,0.49524673,0.56251694,0.54288152,0.57715876,0.61267691,0.57809300,0.46775079,0.54354932,0.61163826,0.56511005,0.50456033,0.51222309,0.65043428,0.59912175,0.59278777,0.61397345,0.60510989,0.55834438,0.56100716,0.58844588,0.46796700,0.59399173,0.56880272,0.57848022,0.62106588,0.51611839,0.47288344,0.51232804,0.53450832,0.51550185,0.54458512,0.59783533,0.40022112,0.44441861,0.52493911,0.44917443,0.45057026,0.47446159,0.60619913,0.63404063,0.55399549,0.65115339,0.57950170,0.63115640,0.66943702,0.44487923,0.59358326,0.58137675,0.57985233,0.59652114,0.49088470,0.38942563,0.58790424,0.62775880,0.58646879,0.61386525,0.52468634,0.57431408,0.59431419,0.60677846,0.45927569,0.53710450,0.47784325,0.55937012,0.56774588,0.62143538,0.57614868,0.56654574,0.60181736,0.57708224,0.58970384,0.47185092,0.57476628,0.52561500,0.45143900,0.46900636,0.60548699,0.59015319,0.61020416,0.50854680,0.57289249,0.44279717,0.55390065,0.55558866,0.53280313,0.59224531,0.56631909,0.53402972,0.51222309,0.58945252,0.44268276,0.53452451,0.62461891,0.61458667,0.55236901,0.59593015,0.59217840,0.58584564,0.43740756,0.63758812,0.49106166,0.53042422,0.51897594,0.50823460,0.55472765,0.59487228,0.53650200,0.61579550,0.62477199,0.63806388,0.60426434,0.48357616,0.60456605,0.57179911,0.47957766,0.59331793,0.47451309,0.47185092,0.51210456,0.55384817,0.53113887,0.65991192,0.63449155,0.59177209,0.57966141,0.56275554,0.59015003,0.51551720,0.62546664,0.55677235,0.56849284,0.55397445,0.52042001,0.62434539,0.53756785
84530,0.50037271,0.39093705,0.31722444,0.46833851,0.28360263,0.41238270,0.45803453,0.50371768,0.44649450,0.42919406,0.40218147,0.44119832,0.51390132,0.54894378,0.49734460,0.48622240,0.74440071,0.65631966,0.41511477,0.54088967,0.52295444,0.38948886,0.45370048,0.22736060,0.48701162,0.40221072,0.43646555,0.40090700,0.42445236,0.26684023,0.43896233,0.45744707,0.48646162,0.52094486,0.42791023,0.45761837,0.34493718,0.48992947,0.43997762,0.51815215,0.52014754,0.74666321,0.46541857,0.51102844,0.45703302,0.68061912,0.51361160,0.60089689,0.38293942,0.41335663,0.41728704,0.62080818,0.56835866,0.45221649,0.54475315,0.43549876,0.34888269,0.49509436,0.58483818,0.44761480,0.46768964,0.41021569,0.46139228,0.49923458,0.35744929,0.51143248,0.37423542,0.52792534,0.30388891,0.43688379,0.44661209,0.46388040,0.41498518,0.31197675,0.42671416,0.31308497,0.38590862,0.46387833,0.43365525,0.36922576,0.41133159,0.38197442,0.69550077,0.46106342,0.39046781,0.42985392,0.38661244,0.48147384,0.34206263,0.50867513,0.45177923,0.44583521,0.39664444,0.48375788,0.43805450,0.54412567,0.37483813,0.41094847,0.37797103,0.36795972,0.49780576,0.45196874,0.45216538,0.42301876,0.40113640,0.57967276,0.58119828,0.43951971,0.39965232,0.47864421,0.38102813,0.66164961,0.35032838,0.39431096,0.41857343,0.33823530,0.33848577,0.38009218,0.50960871,0.50195331,0.73417158,0.41837049,0.40420069,0.39448704,0.49860136,0.53445189,0.65480646,0.46963042,1.00000000,0.54793307,0.52920018,0.38860376,0.41052062,0.55572184,0.47665439,0.38180252,0.43125779,0.42002874,0.43300297,0.38064050,0.29580800,0.41979302,0.38286260,0.45874818,0.45993675,0.39431096,0.52234164,0.38497932,0.42474502,0.43841631,0.42248730,0.41240368,0.58796306,0.44746471,0.37842644,0.52554473,0.38285809,0.43649413,0.36203683,0.41171336,0.35370226,0.51166964,0.41847337,0.44890754,0.38879155,0.42700206,0.39268876,0.37446718,0.28572257,0.34575015,0.53268121,0.45588654,0.37478204,0.44080774,0.46378167,0.43713726,0.57786120,0.33913924,0.44671735,0.45070733,0.32454900,0.46105032,0.37578804,0.38080457,0.49134471,0.40505527,0.38873633,0.35512648,0.45528604,0.42522097,0.27397316,0.29352267,0.42712632,0.41952810,0.36267530,0.39574258,0.39835696,0.60392337,0.39663469,0.54597896,0.49685522,0.39484202,0.42137469,0.65737971,0.54661419,0.57265710,0.46109020,0.60090302,0.33828959,0.43394752,0.50559855,0.40013596,0.38458736,0.44469989,0.43023048,0.43988919,0.48110059,0.45344227,0.73501491,0.67338365,0.35408764,0.45803453,0.45986677,0.54741467,0.31565483,0.63290846,0.41094837,0.42185940,0.43245571,0.44603310,0.46618534,0.39506586,0.52597936,0.48937773,0.42253153,0.43786688,0.52802721,0.43986303,0.47955623,0.30269790,0.40192459,0.49161112,0.37776380,0.46340459,0.45591860,0.40753932,0.34575015,0.54147196,0.38878478,0.39915211,0.43726526,0.47486058,0.50442206,0.60516585,0.55051106,0.45197782,0.29010920,0.48163472,0.45616003,0.36296111,0.50692316,0.33341116,0.34997668,0.34508529,0.54216101,0.44926041,0.45109841,0.50730314,0.38681888,0.36587967,0.41168297,0.37962812,0.40548963,0.52372572,0.31219812,0.44603310,0.37763627,0.31738496,0.41292047,0.46473146,0.54090745,0.57107739,0.40484557,0.36471740,0.45258806,0.42345412,0.41213458,0.39524156,0.38277854,0.30953858,0.37217925,0.45159769,0.47154812
84531,0.49039206,0.48780925,0.39430752,0.60249433,0.37454846,0.45537289,0.47289404,0.53937950,0.53089764,0.53672014,0.55534511,0.56427785,0.54631903,0.57610833,0.54337450,0.55187318,0.44409960,0.49464185,0.50996960,0.55219575,0.56061596,0.46034558,0.49090214,0.40394417,0.55691350,0.49623670,0.50826955,0.41994313,0.59488927,0.36347590,0.47690806,0.45862995,0.47073209,0.46986184,0.45846644,0.53387253,0.44771793,0.45876773,0.51629667,0.46260478,0.73128626,0.46341236,0.49328042,0.58342662,0.55212043,0.61058481,0.51511083,0.54763718,0.47642615,0.47750808,0.53295378,0.54357793,0.66476398,0.47030261,0.55489028,0.55855271,0.55414660,0.56946718,0.55546979,0.51047961,0.39063591,0.47768267,0.61962519,0.52764787,0.50579967,0.49202367,0.44285239,0.66568533,0.48931609,0.52294224,0.47495475,0.49413124,0.38530319,0.36377054,0.51919790,0.41438829,0.51450666,0.48180439,0.53812858,0.43078043,0.53915789,0.49671006,0.62697993,0.47614299,0.42549924,0.61163688,0.38785492,0.57616066,0.48160520,0.46552384,0.42921309,0.46050455,0.46172166,0.60691055,0.54144097,0.66048974,0.42106167,0.54330324,0.45627760,0.46032242,0.47903267,0.60062509,0.53523962,0.42256291,0.53756785,0.57156019,0.54565650,0.52690949,0.53605913,0.63838923,0.44962319,0.55986771,0.44793042,0.46308925,0.52020512,0.35139833,0.41960223,0.46381874,0.63085059,0.55719773,0.67951952,0.52351173,0.50476962,0.68024939,0.58250474,0.57264423,0.57191053,0.63604034,0.54793307,1.00000000,0.52094241,0.39739629,0.46665238,0.54766997,0.46380169,0.47501672,0.51450809,0.44545270,0.70932774,0.43609912,0.36270384,0.40031374,0.52253380,0.46066672,0.52388740,0.46308925,0.61740153,0.53911602,0.52801507,0.48981206,0.52456404,0.50875027,0.50092813,0.48431421,0.48892757,0.51562481,0.47843625,0.56187004,0.49062866,0.54966888,0.48399403,0.64975686,0.49566591,0.46944507,0.41373626,0.41178254,0.48120257,0.41132054,0.35985085,0.36890204,0.58457338,0.49801374,0.46772072,0.52490257,0.48748678,0.47987168,0.54364824,0.44972154,0.44661799,0.52905505,0.42227141,0.50971605,0.50406306,0.43645057,0.44983072,0.55321742,0.48205071,0.40121139,0.48989149,0.55106188,0.46381293,0.41016427,0.68329243,0.45742291,0.47397053,0.50247954,0.49184399,0.59533696,0.46498452,0.60560812,0.52946675,0.61603046,0.55723723,0.50437884,0.62137197,0.69717952,0.53761273,0.53820833,0.45947097,0.31951685,0.50630145,0.62930774,0.48722305,0.56898300,0.43380929,0.56807487,0.55847507,0.54798696,0.48827541,0.47387586,0.41516083,0.47289404,0.50088090,0.54268252,0.44140904,0.57094656,0.53088441,0.52601761,0.65440912,0.54880895,0.50431686,0.46428378,0.48824886,0.45204042,0.50017049,0.55526873,0.59800452,0.48475358,0.54155019,0.40873475,0.47815998,0.51943184,0.46397855,0.50457150,0.46050973,0.52044256,0.36890204,0.54841558,0.49443338,0.50109807,0.45724015,0.50215258,0.55392425,0.54229834,0.55687210,0.48371094,0.41251148,0.58280399,0.47904798,0.44888495,0.50269569,0.41637351,0.46306395,0.46221777,0.52126592,0.50204448,0.49005304,0.63755349,0.43927571,0.48168498,0.49122032,0.43703656,0.40139420,0.54055180,0.50146915,0.54880895,0.53321515,0.39968782,0.47872416,0.59256778,0.55358853,0.54371139,0.45072607,0.43382328,0.49146006,0.51272463,0.59996299,0.53461740,0.44848196,0.44152001,0.44406204,0.48475274,0.46666482
85189,0.57092737,0.56041203,0.56465771,0.49906264,0.54613088,0.66573270,0.57026695,0.52092696,0.48835131,0.44588836,0.51632514,0.54376196,0.59912668,0.51701343,0.63076589,0.65366756,0.39503334,0.49123335,0.49868591,0.68201091,0.69507355,0.55235249,0.64372650,0.33288059,0.64804062,0.45180757,0.61647819,0.58981407,0.56781517,0.44504996,0.45857802,0.59425277,0.55053772,0.56178883,0.53543582,0.57672468,0.38291884,0.52500202,0.43527756,0.50149459,0.57261457,0.46792979,0.63948010,0.60161028,0.63642197,0.57529175,0.44707917,0.54415720,0.55265510,0.53683317,0.56367672,0.51660451,0.52622215,0.66087912,0.68036058,0.55877246,0.38706719,0.52195608,0.65267415,0.63335637,0.72688608,0.35212117,0.47015068,0.53507507,0.40116338,0.44841243,0.42783760,0.56107686,0.47438368,0.36358700,0.52401827,0.59528309,0.67128934,0.55108928,0.51207452,0.37109918,0.54614922,0.58032656,0.42134557,0.48966130,0.50819050,0.38596564,0.61939658,0.48488222,0.50229038,0.49516976,0.53135269,0.55541218,0.42824523,0.63647212,0.61611602,0.51247116,0.64283656,0.54980286,0.44908739,0.56584421,0.59257511,0.47783202,0.51399308,0.47110202,0.44520883,0.46576070,0.56854876,0.51711639,0.53008763,0.55569704,0.52464653,0.55880910,0.67442666,0.51097858,0.55776242,0.58198273,0.61730060,0.61778753,0.60109615,0.49437520,0.38729686,0.52872537,0.49983186,0.52676564,0.67965240,0.52060526,0.67006352,0.52094344,0.51583835,0.53995239,0.52323721,0.57035408,0.52920018,0.52094241,1.00000000,0.63267191,0.58792274,0.52440578,0.59038600,0.45945937,0.45993247,0.55657375,0.51098351,0.53890469,0.49068679,0.50265454,0.55189260,0.45882998,0.59820556,0.61778753,0.57030642,0.43994714,0.45542108,0.71246061,0.50626814,0.48779085,0.46440175,0.62673173,0.50775570,0.97157714,0.46402453,0.52501272,0.43303185,0.58518791,0.35422527,0.59980992,0.69173746,0.68632870,0.65790581,0.66922086,0.56645164,0.61966049,0.57810518,0.58058891,0.69837665,0.58035833,0.46380136,0.60617939,0.61372855,0.55376009,0.52945542,0.58678301,0.35169219,0.54921443,0.44000187,0.63362716,0.63869771,0.61622215,0.57263435,0.42848377,0.64127137,0.61661961,0.59954201,0.50050375,0.35109588,0.41310743,0.45517981,0.54210846,0.36830017,0.40536809,0.61389358,0.60185422,0.58508291,0.49591198,0.65482955,0.49163170,0.47377406,0.50023134,0.58402138,0.48300071,0.64592075,0.67518920,0.34063036,0.46694541,0.44610578,0.46438008,0.46661152,0.52161111,0.52233051,0.56453631,0.62078536,0.55988035,0.52997127,0.63597714,0.41300282,0.57026695,0.73070160,0.52675725,0.44908219,0.60183240,0.51928217,0.50431004,0.50498115,0.34871481,0.50629659,0.47512309,0.50772214,0.65027971,0.70221468,0.48873285,0.59648220,0.39094194,0.60252380,0.42038856,0.66958261,0.68183484,0.63176261,0.63419838,0.55178180,0.54027083,0.58058891,0.52110709,0.39451156,0.55450059,0.63405645,0.66144823,0.51792182,0.67149677,0.68378687,0.60719910,0.51128329,0.62858143,0.61070589,0.45793390,0.53067745,0.47381168,0.60716096,0.46351027,0.50721072,0.61321134,0.52102711,0.50801951,0.61870823,0.37786885,0.55241495,0.70302590,0.68637134,0.69550808,0.34722330,0.34871481,0.43168953,0.50723037,0.44023104,0.50795861,0.68454843,0.61596990,0.52657082,0.55766821,0.55241793,0.41850549,0.52536826,0.49278285,0.58004390,0.52715352,0.61335051,0.53001857,0.50436492
85285,0.65119819,0.68200702,0.66399657,0.55800700,0.56301931,0.71905225,0.53915703,0.51731839,0.49720566,0.47062350,0.48058347,0.54931242,0.53088135,0.43286515,0.66922251,0.69913071,0.30811932,0.42729439,0.60390324,0.61005623,0.63974160,0.51962113,0.65268319,0.39938241,0.69553005,0.45768340,0.64154550,0.68135959,0.56844839,0.42975734,0.45572302,0.57757058,0.46296075,0.54602775,0.55517953,0.55927871,0.42488590,0.51780725,0.43684158,0.52700867,0.51633736,0.36896727,0.67260298,0.50772185,0.68533654,0.47584536,0.37358068,0.50762671,0.59519018,0.61507019,0.58965181,0.45315306,0.41791826,0.72905376,0.60628866,0.51546827,0.35811595,0.43365472,0.50484791,0.62563703,0.67841443,0.36082957,0.42112655,0.37938380,0.39187498,0.35967511,0.34703280,0.52922495,0.49144992,0.32356268,0.50231278,0.59686784,0.69139771,0.55153568,0.50071285,0.38552017,0.51079451,0.48462810,0.43927494,0.45841379,0.52347466,0.40366189,0.53016564,0.49826148,0.59077117,0.50313972,0.56708793,0.53689614,0.42853270,0.48819510,0.50101618,0.43646882,0.63265293,0.50588033,0.40578837,0.46366621,0.55889146,0.46425901,0.50768847,0.48901365,0.37918958,0.42097445,0.56033945,0.38653374,0.50203782,0.42578747,0.35420301,0.58675348,0.54900464,0.39699472,0.49960090,0.45657629,0.64838625,0.41426623,0.65157217,0.55061161,0.39142065,0.48819544,0.39270812,0.41184501,0.50554426,0.50038773,0.60570349,0.48650171,0.45004166,0.51441997,0.43245205,0.46840409,0.38860376,0.39739629,0.63267191,1.00000000,0.59720349,0.46028588,0.46267545,0.46484405,0.39432081,0.53710281,0.46667874,0.45185611,0.41475462,0.52017038,0.62378906,0.51324753,0.51694089,0.41426623,0.52577844,0.39340261,0.44565394,0.68661110,0.37345881,0.48773052,0.47369207,0.52685110,0.44705773,0.61385277,0.47458128,0.42287040,0.45165457,0.60360831,0.31036396,0.53174194,0.56417859,0.49948496,0.46079007,0.47040316,0.47626547,0.56256552,0.50852908,0.49453066,0.55448679,0.46779748,0.47419323,0.51302670,0.48052989,0.46100974,0.35520669,0.48017408,0.40652524,0.57656517,0.43863043,0.59397527,0.50056020,0.65023974,0.58106543,0.39202309,0.49461031,0.75403724,0.66687345,0.40007926,0.39353031,0.48183543,0.41781138,0.38844303,0.33072072,0.48405412,0.47885538,0.44278988,0.51991156,0.49090713,0.72019719,0.46920916,0.44369480,0.43166629,0.53019067,0.36637327,0.47522782,0.51251134,0.35227172,0.34153086,0.33255264,0.46631436,0.47819632,0.48011571,0.60722191,0.46846813,0.46030981,0.54362862,0.30790283,0.42164029,0.34666109,0.53915703,0.74164255,0.46313784,0.42638978,0.49662566,0.45595059,0.37135653,0.48960322,0.25215691,0.40839144,0.38883599,0.39303155,0.60286352,0.57552955,0.50203615,0.52350254,0.46664301,0.50230349,0.36323815,0.71222159,0.61594067,0.45148684,0.46732258,0.46753947,0.48856929,0.49453066,0.43754793,0.31191517,0.50603094,0.64353566,0.48513788,0.45389042,0.51297903,0.47820345,0.60165985,0.53649042,0.59068920,0.51861520,0.37843052,0.43722164,0.38344379,0.57555486,0.39248917,0.41594537,0.48907281,0.50736622,0.47880693,0.55885917,0.25771231,0.51614806,0.65764353,0.65009376,0.64493728,0.33284349,0.25215691,0.33133937,0.44338933,0.35193510,0.45039872,0.63023150,0.57675305,0.50691319,0.47589948,0.57006437,0.42439849,0.47530182,0.50386632,0.44855673,0.47000990,0.68866574,0.50269399,0.47398011
85301,0.50834476,0.61178367,0.48841172,0.58831098,0.48264184,0.60009876,0.52656814,0.48071004,0.46141124,0.40342318,0.39038634,0.48797620,0.47284416,0.48959359,0.66791482,0.65414409,0.33933788,0.44848575,0.53286486,0.71101443,0.73723840,0.68742451,0.62555733,0.41633287,0.64943295,0.49836112,0.69074041,0.52502091,0.49874469,0.47932260,0.42689217,0.53375750,0.46229322,0.48600272,0.51041833,0.52755696,0.38283304,0.43247768,0.42703671,0.40213969,0.49170475,0.36487730,0.55339899,0.50328376,0.62324601,0.45240580,0.35108617,0.56175793,0.54264218,0.48297087,0.52957979,0.50516923,0.39600682,0.56091177,0.70883776,0.47655392,0.30885152,0.48076578,0.57884413,0.63046892,0.55091757,0.33888496,0.40198720,0.47770845,0.32497636,0.31946813,0.35384103,0.51451357,0.40469747,0.32780579,0.47645470,0.52631674,0.45987983,0.50585498,0.38669954,0.36828937,0.49627749,0.48302997,0.46171972,0.44180229,0.49385426,0.35028849,0.53639476,0.46743828,0.44747650,0.46964645,0.52058826,0.48068857,0.40636061,0.46538944,0.49714527,0.36345485,0.57004865,0.51768017,0.43022076,0.47079207,0.50508171,0.46618634,0.49863185,0.37463820,0.40687785,0.39259937,0.49217554,0.37021544,0.38140527,0.48952611,0.41302284,0.51587133,0.58814228,0.41140915,0.42553443,0.49094534,0.58450379,0.51370455,0.53095512,0.38301464,0.40699282,0.37183983,0.40687840,0.38000540,0.58932153,0.44529566,0.63614224,0.51357887,0.45953544,0.44645956,0.46105942,0.51482333,0.41052062,0.46665238,0.58792274,0.59720349,1.00000000,0.46169843,0.49347474,0.39767341,0.38965136,0.50979412,0.48883576,0.44744013,0.39114017,0.46352194,0.56234789,0.44723451,0.44721585,0.51370455,0.47825701,0.39215527,0.37413206,0.58506244,0.37004721,0.38894000,0.46726245,0.51784424,0.42319508,0.57001305,0.40415807,0.46534049,0.46097458,0.45794938,0.41501538,0.47118822,0.56789220,0.55630345,0.50801483,0.47972382,0.55654179,0.54543949,0.54372843,0.48299532,0.58213974,0.49120044,0.39649252,0.55699502,0.47723877,0.47717146,0.41529816,0.53427021,0.36436087,0.50838141,0.38929294,0.63894365,0.53983728,0.48706205,0.52763552,0.38316708,0.48504621,0.64882359,0.47498071,0.47688786,0.38749960,0.45188384,0.39582263,0.42887764,0.32776237,0.40923974,0.52302243,0.50001182,0.53246737,0.48274263,0.55872898,0.49218599,0.37924558,0.44933846,0.47128729,0.49509195,0.55479677,0.59673968,0.39869452,0.37517378,0.37410059,0.46494450,0.36814623,0.39707837,0.45772801,0.54695153,0.51277061,0.53242569,0.37580954,0.51814439,0.33753252,0.52656814,0.62750767,0.40070253,0.38814997,0.50359791,0.37170856,0.36848533,0.45785881,0.32859033,0.38960188,0.42567538,0.42840012,0.49593956,0.57533744,0.39101654,0.49599421,0.37776730,0.45779096,0.35577977,0.55568986,0.61965868,0.52269319,0.50534761,0.46930521,0.47635609,0.48299532,0.38695024,0.31166069,0.49479917,0.53583631,0.47841167,0.39584636,0.59549048,0.59443816,0.58499154,0.51004904,0.56214540,0.68576125,0.36553230,0.43928049,0.41794441,0.62308766,0.34552031,0.41940207,0.51483296,0.46659015,0.45787570,0.45484252,0.33556821,0.47591424,0.55542690,0.56038107,0.83546787,0.33649192,0.32859033,0.37098464,0.35742571,0.36381500,0.44540086,0.60959459,0.56945791,0.42724657,0.44444532,0.46694053,0.46430460,0.51331103,0.52983522,0.43557424,0.48678309,0.51442447,0.47501426,0.38963443
85445,0.54464636,0.46837017,0.43864537,0.49715575,0.46062255,0.52108267,0.53752907,0.55033180,0.49485158,0.41416304,0.40165634,0.60009628,0.56955045,0.56530011,0.58409615,0.59048411,0.41643589,0.48098134,0.45600076,0.52957751,0.67641837,0.43795721,0.54679603,0.38495327,0.58338136,0.45489751,0.45959283,0.50217295,0.47800869,0.39595748,0.56942534,0.62246546,0.65685922,0.44980890,0.50893651,0.58594281,0.31785552,0.53301820,0.33978392,0.48664482,0.55081040,0.49353405,0.57908819,0.57732534,0.55834260,0.59117260,0.63528759,0.56091944,0.43902826,0.42932898,0.55821317,0.61420968,0.49509459,0.53978606,0.53034506,0.51110382,0.42816746,0.60140852,0.59879426,0.52922834,0.49019101,0.65882905,0.73567755,0.62541511,0.55369301,0.56843376,0.50403184,0.59219841,0.45858540,0.49983004,0.55291834,0.47553241,0.47079479,0.43324004,0.48776119,0.43355216,0.41074658,0.52743509,0.40014313,0.39060508,0.43829175,0.60067897,0.64140340,0.50604734,0.44393811,0.58841620,0.45334819,0.57707880,0.45493567,0.64424423,0.46083311,0.50878592,0.55552546,0.59358491,0.40793101,0.56768605,0.51642623,0.66235568,0.45077854,0.45823974,0.56692050,0.72363765,0.71441839,0.50730780,0.44289195,0.60934727,0.53211398,0.60413267,0.47018933,0.51812676,0.50304723,0.55201230,0.43825846,0.39755038,0.48080851,0.40570701,0.44864631,0.49104464,0.57959496,0.55193730,0.64976784,0.64057516,0.52671641,0.47458145,0.61497407,0.59975670,0.44563206,0.59870269,0.55572184,0.54766997,0.52440578,0.46028588,0.46169843,1.00000000,0.58451840,0.66883341,0.44015502,0.45949050,0.50769989,0.57341352,0.55037934,0.46707790,0.53036171,0.40683325,0.55445055,0.39755038,0.57233913,0.45530281,0.85969372,0.55019001,0.52887486,0.46887727,0.49271744,0.59033962,0.62190939,0.51907808,0.67515614,0.57543184,0.50057219,0.60177201,0.51319677,0.55822548,0.55769298,0.53521511,0.40649505,0.49107347,0.52844354,0.54886636,0.41815434,0.48701771,0.52454759,0.56961418,0.66435763,0.59653062,0.61046085,0.46888421,0.53939962,0.43560124,0.38393826,0.59953830,0.48135249,0.56531292,0.48059005,0.56128607,0.49184344,0.49966733,0.45693554,0.42451365,0.59560413,0.51553326,0.41363366,0.46135177,0.45512846,0.41695959,0.46562961,0.51550369,0.49226158,0.58031411,0.47297875,0.66368740,0.54788099,0.52618612,0.70359701,0.47969025,0.52995879,0.54196252,0.53806866,0.56384979,0.45443791,0.37434744,0.57070481,0.54253674,0.71477140,0.54791218,0.48018117,0.55349892,0.50788485,0.51565303,0.50410761,0.56795046,0.51666939,0.53752907,0.58474324,0.58067477,0.45935727,0.59423106,0.44199998,0.52752993,0.49847972,0.42647951,0.60285287,0.59755284,0.42628281,0.46802295,0.55480531,0.47209713,0.56672728,0.44633542,0.52260262,0.48198625,0.61828081,0.56629261,0.44638553,0.62624233,0.70880307,0.47370159,0.48701771,0.51794433,0.39849398,0.45728702,0.62361867,0.61913651,0.56878149,0.55807680,0.58150134,0.60631913,0.37440521,0.65592874,0.38962723,0.58569022,0.60977964,0.48355874,0.48486519,0.55349676,0.64403719,0.59571191,0.65737757,0.53951208,0.50818127,0.51840154,0.50067321,0.45410514,0.50691212,0.57978374,0.45413717,0.42647951,0.48727738,0.59606975,0.54867579,0.61260544,0.70330053,0.55669271,0.70375410,0.48731246,0.51324164,0.38804229,0.43699017,0.41901517,0.52901342,0.50364800,0.51437336,0.65996667,0.62834919
85446,0.51907412,0.48977226,0.44138151,0.47197344,0.43922251,0.53782705,0.50552888,0.56732616,0.42970812,0.41035126,0.39658639,0.49879376,0.55861605,0.44584893,0.59383819,0.62768548,0.35174622,0.46888226,0.42279591,0.53690103,0.61311078,0.45058791,0.58347481,0.32419980,0.62127964,0.42377368,0.50241261,0.53203473,0.46894657,0.43229936,0.40620936,0.60243185,0.59053703,0.45410361,0.50350632,0.55717438,0.36545910,0.44416790,0.28742571,0.41419256,0.46844739,0.41928041,0.55992968,0.52634979,0.60143623,0.59362609,0.45899325,0.55694179,0.49462562,0.47333056,0.52766369,0.53007082,0.40880215,0.56596509,0.53625654,0.48826985,0.36506106,0.56520982,0.62427406,0.56991598,0.51041681,0.44854735,0.48926725,0.72053027,0.35708178,0.54390277,0.47637179,0.54960545,0.40631318,0.38464097,0.45317485,0.52757293,0.54754791,0.49557406,0.48113846,0.38327971,0.41363222,0.52990076,0.34561470,0.51574691,0.41929626,0.39714192,0.57500468,0.47679388,0.51414743,0.47492823,0.44731359,0.46942830,0.37956260,0.57543259,0.58125035,0.44563971,0.59467192,0.50444815,0.39991129,0.53121980,0.58414139,0.53002227,0.50050541,0.44533382,0.40609406,0.48093257,0.63371919,0.54574501,0.45581945,0.55416458,0.54554972,0.51323198,0.55642741,0.42757765,0.39610728,0.56243357,0.50757368,0.58848293,0.50453944,0.44195079,0.44028727,0.43366704,0.52672593,0.49170804,0.56080865,0.55425233,0.61787787,0.40461603,0.56110538,0.52654782,0.46535008,0.58080770,0.47665439,0.46380169,0.59038600,0.46267545,0.49347474,0.58451840,1.00000000,0.49672631,0.39343604,0.51173737,0.43451450,0.58253675,0.52675969,0.46142665,0.49599719,0.44097258,0.46560869,0.58848293,0.49761155,0.40155064,0.52695494,0.50847083,0.54139785,0.45884267,0.48521104,0.68230658,0.51400035,0.60544208,0.49416702,0.60416435,0.40690882,0.57572996,0.44133039,0.54508634,0.62220532,0.66928391,0.58465112,0.69277046,0.53342806,0.60437470,0.57944799,0.54946982,0.51989184,0.57561646,0.49469756,0.71834607,0.55804244,0.51353545,0.54630576,0.53719310,0.31237195,0.51623640,0.43501672,0.53843159,0.59287214,0.50298730,0.48339486,0.39401825,0.60924078,0.50498677,0.56097730,0.55526377,0.33711766,0.40418479,0.43003669,0.56837787,0.41030202,0.38107899,0.57524960,0.56378341,0.54807429,0.51737675,0.49472625,0.42280212,0.47386578,0.46252477,0.51249509,0.46540639,0.60715886,0.63294747,0.41609767,0.44882708,0.55123887,0.42830304,0.49996934,0.46848343,0.47198801,0.53636435,0.61024306,0.48177767,0.52163573,0.60139548,0.39060348,0.50552888,0.59635690,0.46602347,0.41517631,0.58863643,0.43902616,0.54037352,0.40998167,0.32140507,0.54522471,0.61347468,0.46347141,0.52703714,0.59629276,0.43819128,0.50735796,0.40727838,0.43255778,0.46089815,0.54181137,0.60122329,0.64895712,0.70406900,0.61747012,0.59082009,0.54946982,0.41994035,0.31853970,0.59930630,0.53338697,0.66675624,0.53512929,0.62964726,0.61838106,0.60370204,0.34397676,0.61868587,0.49602685,0.49986977,0.54189451,0.61858728,0.58066820,0.50222592,0.59036510,0.68483539,0.59836010,0.47620248,0.41306189,0.41423900,0.50418995,0.51148456,0.46718831,0.60639840,0.37841737,0.32140507,0.49810020,0.53446901,0.50461446,0.52842853,0.58859023,0.54301676,0.57207879,0.49581906,0.48821921,0.35053876,0.37599796,0.38000008,0.59148156,0.60841403,0.50432656,0.60344728,0.50464358
85573,0.58530017,0.52194313,0.48849261,0.51155838,0.50705010,0.55883490,0.48256689,0.49654557,0.49492419,0.50814402,0.49463290,0.62189892,0.66625793,0.50961231,0.53062063,0.56617708,0.32013882,0.39361376,0.46546356,0.49349026,0.58589906,0.40453582,0.55684590,0.32808475,0.56376654,0.44404276,0.44105262,0.51377671,0.47733183,0.39509205,0.47421762,0.58294714,0.60095590,0.45294701,0.53774044,0.56334288,0.37628667,0.52083871,0.43434328,0.61038037,0.53963943,0.33994319,0.56402779,0.48318893,0.62046344,0.59310052,0.53924061,0.44899955,0.45316277,0.47938648,0.56605434,0.53256096,0.35989316,0.58414116,0.49492436,0.55932014,0.44691141,0.46980705,0.46701347,0.52710290,0.45570091,0.46344670,0.57155080,0.45559184,0.41330888,0.51635590,0.43291246,0.56118851,0.49049402,0.35113563,0.50511203,0.51304497,0.49432368,0.44117336,0.58873921,0.44606320,0.41803962,0.47019536,0.45349549,0.46077683,0.49138339,0.47616292,0.53936548,0.51751280,0.49115143,0.51406253,0.47859444,0.54385155,0.46748160,0.54334641,0.52064594,0.55387160,0.58303944,0.51627348,0.49826366,0.52006799,0.51559676,0.62447864,0.51171598,0.54781267,0.42019774,0.54445908,0.69254457,0.47943720,0.49262527,0.47608820,0.42189570,0.56170103,0.50473193,0.49038543,0.55560989,0.40953215,0.48799326,0.33797356,0.58341990,0.41201413,0.40948329,0.50758706,0.46315009,0.57775636,0.52316849,0.71491849,0.54297759,0.44994089,0.48302804,0.52531253,0.39372896,0.59598166,0.38180252,0.47501672,0.45945937,0.46484405,0.39767341,0.66883341,0.49672631,1.00000000,0.49661271,0.50324543,0.43600164,0.57152008,0.56579801,0.41593008,0.55846894,0.46690375,0.61545171,0.33797356,0.59023920,0.42482391,0.68701736,0.53911128,0.56071676,0.60351197,0.45795130,0.59013344,0.55400783,0.45095385,0.99551888,0.49305828,0.36383300,0.64773943,0.45980187,0.50459131,0.55286461,0.47776292,0.36522003,0.43281478,0.51614671,0.54681326,0.43722503,0.47614599,0.45154904,0.55188197,0.97841592,0.46564476,0.54776531,0.48045773,0.42397427,0.46841767,0.46201958,0.59581390,0.52093905,0.60262492,0.53941936,0.58456526,0.50495769,0.43008900,0.50510397,0.44771350,0.57877310,0.48745620,0.36036095,0.38336260,0.41274112,0.42804156,0.37177758,0.44391968,0.48171384,0.44999835,0.51109139,0.56053194,0.53739176,0.48924637,0.57008585,0.39931942,0.54503761,0.39880432,0.45751757,0.41750502,0.44801313,0.38143930,0.52413972,0.44035197,0.57530283,0.48513925,0.54186640,0.47778487,0.45994486,0.58190345,0.42354598,0.50634827,0.45122556,0.48256689,0.56049929,0.56291419,0.48809248,0.47459585,0.47057186,0.55970765,0.43427924,0.41918153,0.59039515,0.51371792,0.32877914,0.40419558,0.55138261,0.45807225,0.61693433,0.56616430,0.57817558,0.57615797,0.58801206,0.55331936,0.48899719,0.47628551,0.58808666,0.52694940,0.47614599,0.54950536,0.35764242,0.51259041,0.61325313,0.58997782,0.61969993,0.41873434,0.46147364,0.59373687,0.38323732,0.58450796,0.32741632,0.55684130,0.50475213,0.46253482,0.51671378,0.58994427,0.52216481,0.47784721,0.60862786,0.56453612,0.55687372,0.46183336,0.51254435,0.49553291,0.46748828,0.49000325,0.37749301,0.41918153,0.44114314,0.57201950,0.50329325,0.55145677,0.62694601,0.47444052,0.67019647,0.50536120,0.52681331,0.43330697,0.42543569,0.42112494,0.52317988,0.54702714,0.55407589,0.60961343,0.59653143
85728,0.51281038,0.46035021,0.39038049,0.56364288,0.41890408,0.47229181,0.49916413,0.46358958,0.49876974,0.72893665,0.69568711,0.66198284,0.62708413,0.45264981,0.50648313,0.53019310,0.37233309,0.36868685,0.51462208,0.50416257,0.52315869,0.37423652,0.48647608,0.27298898,0.52988621,0.37668787,0.49152274,0.44111510,0.59068117,0.35035669,0.50273540,0.43642276,0.39453274,0.56045517,0.51042925,0.56305011,0.56423089,0.62243324,0.65859815,0.50175503,0.63634756,0.38684677,0.44964745,0.43603862,0.51845341,0.58616724,0.47423513,0.34414692,0.48456652,0.53574225,0.51922942,0.43434812,0.54085036,0.48534229,0.50498268,0.52406083,0.55301686,0.44615194,0.40747600,0.47155633,0.31919212,0.33576227,0.49342794,0.46394588,0.40605181,0.40854516,0.36634171,0.56941449,0.52018264,0.49292047,0.56204532,0.54947962,0.46344060,0.39486052,0.49969502,0.45823471,0.46885431,0.45196130,0.60655113,0.51103737,0.53989657,0.41269555,0.44010163,0.46827709,0.47490502,0.52478035,0.41031269,0.58468965,0.49164514,0.41703352,0.47499703,0.49834203,0.52357034,0.51509865,0.69089783,0.58936479,0.44527584,0.44317046,0.48146403,0.37592691,0.37525649,0.47822042,0.51092442,0.46003353,0.60208145,0.45599908,0.47589891,0.49282450,0.49170255,0.60313737,0.63884051,0.35561682,0.46572664,0.28871013,0.50228533,0.40915772,0.38860649,0.51872937,0.54157951,0.54249400,0.53556614,0.55003917,0.44423190,0.47007843,0.46544221,0.45631718,0.44530578,0.58191084,0.43125779,0.51450809,0.45993247,0.39432081,0.38965136,0.44015502,0.39343604,0.49661271,1.00000000,0.49453124,0.45642741,0.42008918,0.37371347,0.33190270,0.50416073,0.53721685,0.58235814,0.28871013,0.62489046,0.43646679,0.46834785,0.48099237,0.47753778,0.50590043,0.35445031,0.48736300,0.39782239,0.46272146,0.49605619,0.42764462,0.35833807,0.56854983,0.34977129,0.57698984,0.46864553,0.40615350,0.35276412,0.39528950,0.43734667,0.43205483,0.35284098,0.37055208,0.56606685,0.45341981,0.48544377,0.39488113,0.49700648,0.44909050,0.46431240,0.40754260,0.57082161,0.53819612,0.40950538,0.55707357,0.48557885,0.46423576,0.48258837,0.51519798,0.46056105,0.39007135,0.48333782,0.40098460,0.39797261,0.38325934,0.50134857,0.32152590,0.38921494,0.42918605,0.48303844,0.45396864,0.40777837,0.49352871,0.53971055,0.58773513,0.53173990,0.38178665,0.55840634,0.38847980,0.38920841,0.41655647,0.31229255,0.39383411,0.49504858,0.49460273,0.41820602,0.51091882,0.46082525,0.43518511,0.36609839,0.61291629,0.45706284,0.48409718,0.36424324,0.49916413,0.45527482,0.56239880,0.35258262,0.38705704,0.62108535,0.47638340,0.49634745,0.42005422,0.45415864,0.40871437,0.32073211,0.43393509,0.47448876,0.64182334,0.59591307,0.55049336,0.51422417,0.43420841,0.48113563,0.45338768,0.46752635,0.44946951,0.43861998,0.43991279,0.37055208,0.58792431,0.38612742,0.42872143,0.49968876,0.48717519,0.53445180,0.43040567,0.41990756,0.46839584,0.43503562,0.50197915,0.43743853,0.36882504,0.38620927,0.38274855,0.42986465,0.41553386,0.37556665,0.40569316,0.45288077,0.55177255,0.60020200,0.36776013,0.46852807,0.49688862,0.44871404,0.49825154,0.36997032,0.42005422,0.45323177,0.42532993,0.38806519,0.59202757,0.57442456,0.48256141,0.46182369,0.41696998,0.54501932,0.58902043,0.60851660,0.50569048,0.42448832,0.37902445,0.46022140,0.45527568,0.42475169
87469,0.62927647,0.61699701,0.50803553,0.45615556,0.40487012,0.55427924,0.44998744,0.45603038,0.43883571,0.42537693,0.43503915,0.51316198,0.56390009,0.43668633,0.53045390,0.58789446,0.25717119,0.29746403,0.42910899,0.62831014,0.63145310,0.50632314,0.62110525,0.30269876,0.58056409,0.40979216,0.54878749,0.45982346,0.51308151,0.34735084,0.34978986,0.48820435,0.43006509,0.48899265,0.49425968,0.55342564,0.37934523,0.49999348,0.36883825,0.44973553,0.53585449,0.30220311,0.53714978,0.46092282,0.59416055,0.51791524,0.40015420,0.41051509,0.48863495,0.48090407,0.56590053,0.53107901,0.41027865,0.59225259,0.62425135,0.53023542,0.29848951,0.38731291,0.47126433,0.64132095,0.46298961,0.27856798,0.37709251,0.39673722,0.26349167,0.39585714,0.31022413,0.45057094,0.44975871,0.31909583,0.55416922,0.57827814,0.52976333,0.47462752,0.43382870,0.26639473,0.42626115,0.41580988,0.44845739,0.43186861,0.47008064,0.30351116,0.45387078,0.45879900,0.38842857,0.43635173,0.41507912,0.55884071,0.31467864,0.57567232,0.62202081,0.41432908,0.53936255,0.48564797,0.47088144,0.46782160,0.52204523,0.47281991,0.44502658,0.40721769,0.33329942,0.36399632,0.52239982,0.38301341,0.41263380,0.43079830,0.42955706,0.50711806,0.60578297,0.42509442,0.47461138,0.35154760,0.51875791,0.46289190,0.52094116,0.45355878,0.33573912,0.44785840,0.35996766,0.46340040,0.51388648,0.52291414,0.59412348,0.44798245,0.39590195,0.45996761,0.40442013,0.46368261,0.42002874,0.44545270,0.55657375,0.53710281,0.50979412,0.45949050,0.51173737,0.50324543,0.49453124,1.00000000,0.41889536,0.44840774,0.40292536,0.44116249,0.60894290,0.44041099,0.54834024,0.46289190,0.52030802,0.42159633,0.44184178,0.54769217,0.52494335,0.44010373,0.35891724,0.61583176,0.42320037,0.54825313,0.50545343,0.40798836,0.37118412,0.61290366,0.32333897,0.50784020,0.57615486,0.51262850,0.47504420,0.50109815,0.46366805,0.57026287,0.45084148,0.50165169,0.52268778,0.56853748,0.50220357,0.47199193,0.55382492,0.47163655,0.42900641,0.46279906,0.37043467,0.53096976,0.29184697,0.76196926,0.51754913,0.57984812,0.64074035,0.40599128,0.53041971,0.50043447,0.51285667,0.37076657,0.34562081,0.37967131,0.36048558,0.45861163,0.34683536,0.41889081,0.49595492,0.43595974,0.56497696,0.43170662,0.53790313,0.38003207,0.39230535,0.30152601,0.49080091,0.36093721,0.49058365,0.49465773,0.36299953,0.48435905,0.45427525,0.39476285,0.40058824,0.35752488,0.41740285,0.44077057,0.50954032,0.50151713,0.51570809,0.54292201,0.30675284,0.44998744,0.59475122,0.47022225,0.34219557,0.40267697,0.37592059,0.52413701,0.37795015,0.39632251,0.45265946,0.41925101,0.39088434,0.54078057,0.58375316,0.46987264,0.60173969,0.41694304,0.46503493,0.41684372,0.58182570,0.53655462,0.56198215,0.49366474,0.43631117,0.47226783,0.50165169,0.49746707,0.41578260,0.48903674,0.57383976,0.56312280,0.47989073,0.49537908,0.48079875,0.56765059,0.42191637,0.50519637,0.54503956,0.39948303,0.46105599,0.45378728,0.54998986,0.37458722,0.37176592,0.44851536,0.50440987,0.39833972,0.49814390,0.34130609,0.44118218,0.53032922,0.50624199,0.57949226,0.37315076,0.39632251,0.45788287,0.36501372,0.37257395,0.45619824,0.60508413,0.47209721,0.48753217,0.41734579,0.43798396,0.44917120,0.43827264,0.48698326,0.48377923,0.48425716,0.58160747,0.50699811,0.53184799
87474,0.42008800,0.45907037,0.38905119,0.57122138,0.37569190,0.46715656,0.47960029,0.48390484,0.47996801,0.50454968,0.52594364,0.52750565,0.49691639,0.52898554,0.54095456,0.52922827,0.38868525,0.46261616,0.51470659,0.51980931,0.52969006,0.46277156,0.50952135,0.41956884,0.52511972,0.42607866,0.46904399,0.44152611,0.62427894,0.31059937,0.51577751,0.43020126,0.43786346,0.43880365,0.48826739,0.52279825,0.40937133,0.41746800,0.48297922,0.46336941,0.67557751,0.45256324,0.47968892,0.54735369,0.50183558,0.55931725,0.42892541,0.45424308,0.48865727,0.46930367,0.47176309,0.45714762,0.68544074,0.45441480,0.51954256,0.56269798,0.51948452,0.51290834,0.50744751,0.51991159,0.43179841,0.39336988,0.52805861,0.47349303,0.41553553,0.41242376,0.39374553,0.58579712,0.47307405,0.44479657,0.46699411,0.49203627,0.35979169,0.42099391,0.46681133,0.38412771,0.61504036,0.49517793,0.45133809,0.38391287,0.49932516,0.45451192,0.53139280,0.42811043,0.41685217,0.56622203,0.36878007,0.52237251,0.39581518,0.42494899,0.38491485,0.46936423,0.45381649,0.56321093,0.52858971,0.66642743,0.42138070,0.51139043,0.40505861,0.46944450,0.50431225,0.50490118,0.51530070,0.39371181,0.48861092,0.49811901,0.45859648,0.48418394,0.53868693,0.55027792,0.45768898,0.49333916,0.49253335,0.40087331,0.49674079,0.35315022,0.45929387,0.47526175,0.58106953,0.50674989,0.56674036,0.47724204,0.47845157,0.60353238,0.52559070,0.50513530,0.47449368,0.56187194,0.43300297,0.70932774,0.51098351,0.46667874,0.48883576,0.50769989,0.43451450,0.43600164,0.45642741,0.41889536,1.00000000,0.39077169,0.32207820,0.44778626,0.45967789,0.47801296,0.47196891,0.40087331,0.63174843,0.52849235,0.47549954,0.50972933,0.49614335,0.47883474,0.47451488,0.45550991,0.47968242,0.49659957,0.43671291,0.58020414,0.54371479,0.52212564,0.46848691,0.58927659,0.54132492,0.41032524,0.33591524,0.35154800,0.46411655,0.40038923,0.41588526,0.30859899,0.52922725,0.49679304,0.43708893,0.50997994,0.44149695,0.55292923,0.46216730,0.52148208,0.42570486,0.50949744,0.43050983,0.50467926,0.54140566,0.47212562,0.41807159,0.51226702,0.42870851,0.43548529,0.44886923,0.49577942,0.44333360,0.40680876,0.89939358,0.47295741,0.48570142,0.48536707,0.46796873,0.53018350,0.60381972,0.51986479,0.50931439,0.61842240,0.48692446,0.47735342,0.60522199,0.54905114,0.50013177,0.49227235,0.45745177,0.32566102,0.44767702,0.57687372,0.39813666,0.54689661,0.42204466,0.58511020,0.52844478,0.51271689,0.38960386,0.41226678,0.42388812,0.47960029,0.49493240,0.53723686,0.38193192,0.51304895,0.49701539,0.49519457,0.57672722,0.52888718,0.43438628,0.43221801,0.39678468,0.44123734,0.54559613,0.50431127,0.58265738,0.41061125,0.54110201,0.36927306,0.45269686,0.51991033,0.40337698,0.43296296,0.41657890,0.48788633,0.30859899,0.55240873,0.48585130,0.47544558,0.46268570,0.42243657,0.51477629,0.49084409,0.44811989,0.43672661,0.43356602,0.52194834,0.47833943,0.41744444,0.47890249,0.33074320,0.44974106,0.44197292,0.45844495,0.43416005,0.40090247,0.54049504,0.45236536,0.42757351,0.51780556,0.45919737,0.40483464,0.52396410,0.50009718,0.52888718,0.51325370,0.35217283,0.47633928,0.55172640,0.56368382,0.53064139,0.42989706,0.37197488,0.47437913,0.42988635,0.57234200,0.49331504,0.38628921,0.40576914,0.41770644,0.39939564,0.37692521
87898,0.54197524,0.52502456,0.49973725,0.47620031,0.49884887,0.56347189,0.48002008,0.50958412,0.48394134,0.38638661,0.40648912,0.53689511,0.56494946,0.61971912,0.57872914,0.58027199,0.32810918,0.40290463,0.44578706,0.53730267,0.60987256,0.44468047,0.54432262,0.38402986,0.57698708,0.45023200,0.49289329,0.53383100,0.45637254,0.42206579,0.48298711,0.64007309,0.61530741,0.47439713,0.49498616,0.54038069,0.29589999,0.50510789,0.38546620,0.47070919,0.52687652,0.35792017,0.56528551,0.53450397,0.57426459,0.52902568,0.44573752,0.50750498,0.46008280,0.45218548,0.57057437,0.56596046,0.41259017,0.59057192,0.53545698,0.47343408,0.32408853,0.53179923,0.58347663,0.50488289,0.52047563,0.39481575,0.53889633,0.54863258,0.39377879,0.49959318,0.50330050,0.55528120,0.41827285,0.36934638,0.47684850,0.48647568,0.50037306,0.50892035,0.44230927,0.36868294,0.40932950,0.55213147,0.34939478,0.42537561,0.51861479,0.37707568,0.60151558,0.49907211,0.44533243,0.49760351,0.50748502,0.45880452,0.42398772,0.50763480,0.50978805,0.47620517,0.64223909,0.52864339,0.34929650,0.44846227,0.57691199,0.56866402,0.49217291,0.47907452,0.40102996,0.54004632,0.58298858,0.55195305,0.44143952,0.50067214,0.42694959,0.55506039,0.49709729,0.45078611,0.51557852,0.46255196,0.55059282,0.40616165,0.52095899,0.43148670,0.41330217,0.47025361,0.45025949,0.48851346,0.54814123,0.58103039,0.55861565,0.40388810,0.54074754,0.55013385,0.39570865,0.62424284,0.38064050,0.43609912,0.53890469,0.45185611,0.44744013,0.57341352,0.58253675,0.57152008,0.42008918,0.44840774,0.39077169,1.00000000,0.89678101,0.43127082,0.55365737,0.36481100,0.56339139,0.40616165,0.54395013,0.45113081,0.55382218,0.59331188,0.49689498,0.44916145,0.49769431,0.55986654,0.49023124,0.53071868,0.57419545,0.53138503,0.38586389,0.54202796,0.39414720,0.52633558,0.58889098,0.54622833,0.37510431,0.50852322,0.51631912,0.63043282,0.56979195,0.62650595,0.49839710,0.53559986,0.58407229,0.59628610,0.54120033,0.48858179,0.42785590,0.46393201,0.38150154,0.59390734,0.42584669,0.52431756,0.48058027,0.56006521,0.47501154,0.43825900,0.50006673,0.46130810,0.57175933,0.45940405,0.31788846,0.43639905,0.34946728,0.41211329,0.35559621,0.40791762,0.49842031,0.52538336,0.46030355,0.48106376,0.50488409,0.47479959,0.53736829,0.40465401,0.52649597,0.41797607,0.55651511,0.49323599,0.41222461,0.37866547,0.47971631,0.44697695,0.51107127,0.45967121,0.47231257,0.51915148,0.47545105,0.53441915,0.44152697,0.51016805,0.44769657,0.48002008,0.57496336,0.50630436,0.57707875,0.51630465,0.43712403,0.49484392,0.42143149,0.30711296,0.51175193,0.55912173,0.36957766,0.43861853,0.58147992,0.43987331,0.52794878,0.42273034,0.50593573,0.46270858,0.57519160,0.55143923,0.48868205,0.60880858,0.64912316,0.47412493,0.62650595,0.49690558,0.37535535,0.47562098,0.59580554,0.58414152,0.49817817,0.49306736,0.58274472,0.70909929,0.40443091,0.61039768,0.39971921,0.48748042,0.49135746,0.52226756,0.54367290,0.53526270,0.52392822,0.60638646,0.67901951,0.50576122,0.54809505,0.46897803,0.51958702,0.56734411,0.52735034,0.53026276,0.33774508,0.30711296,0.42166518,0.73200091,0.42529550,0.49225521,0.58651434,0.53607442,0.62352900,0.65504188,0.47401990,0.35378335,0.44641216,0.39685619,0.61874680,0.59603895,0.50331802,0.68258140,0.59378396
87901,0.49491883,0.46090308,0.45756167,0.45509685,0.49146769,0.50861365,0.45601504,0.45062440,0.43551223,0.31894644,0.36175397,0.47676501,0.49965953,0.54349132,0.51937950,0.50709963,0.23214338,0.32478566,0.37845123,0.46530959,0.54249549,0.37172028,0.48869117,0.33301896,0.50397643,0.40930916,0.42000523,0.48176846,0.43955457,0.42060796,0.40500729,0.62986966,0.58442712,0.41254355,0.44473499,0.49672634,0.27015474,0.45883301,0.34941480,0.39889859,0.45800331,0.26586663,0.50882256,0.46651762,0.53388878,0.44875713,0.40016219,0.43167329,0.42071007,0.38706082,0.51358565,0.50357194,0.34392454,0.57487514,0.46303921,0.39785670,0.26568254,0.48173108,0.51024347,0.44945082,0.46014592,0.35717973,0.47220794,0.46823962,0.32627026,0.44658196,0.47166092,0.49071768,0.37768975,0.32367945,0.43870350,0.43969597,0.47012774,0.46517153,0.36838038,0.31850346,0.35285403,0.48262642,0.31384847,0.38195262,0.49343313,0.31530420,0.50730159,0.46233744,0.39028293,0.42374081,0.45008138,0.42548722,0.39085340,0.50702823,0.49177809,0.43513325,0.61481003,0.46567468,0.30736866,0.39712629,0.52567758,0.50509049,0.44522903,0.40591077,0.32016545,0.47352442,0.56226076,0.50750677,0.40101705,0.44188292,0.36946950,0.49695137,0.46149066,0.40659898,0.47721695,0.38436960,0.50908525,0.37140531,0.48795800,0.39122526,0.36214948,0.44771551,0.40945127,0.43522264,0.47777362,0.54243892,0.53249062,0.35638743,0.48824011,0.49471415,0.31221748,0.55713809,0.29580800,0.36270384,0.49068679,0.41475462,0.39114017,0.55037934,0.52675969,0.56579801,0.37371347,0.40292536,0.32207820,0.89678101,1.00000000,0.35311080,0.49409033,0.30634621,0.52023342,0.37140531,0.45898320,0.38450729,0.52666926,0.52557082,0.46728344,0.37590204,0.41171148,0.51461333,0.47923887,0.48439422,0.56883248,0.44697603,0.35623633,0.49840231,0.33455345,0.44387622,0.53387574,0.52411216,0.36255404,0.47908469,0.47752808,0.60407591,0.54930594,0.60272427,0.43015476,0.48019401,0.57847658,0.54861209,0.51483443,0.44406637,0.36971591,0.44449892,0.33053185,0.53168928,0.42501804,0.47562494,0.46476371,0.53476982,0.44730641,0.39015085,0.44814786,0.42463891,0.52346622,0.41738061,0.29432898,0.38251018,0.28356661,0.37113908,0.30341537,0.35494392,0.45306597,0.46241394,0.44517354,0.42510405,0.44532558,0.42816007,0.45011735,0.32457593,0.45164070,0.34487352,0.49112845,0.41111093,0.38745753,0.33048620,0.44561127,0.38138618,0.45036468,0.40720894,0.41885680,0.43811967,0.40804746,0.46552424,0.37776919,0.45397033,0.41078891,0.45601504,0.50460744,0.44504335,0.54425117,0.43550955,0.39347804,0.46501127,0.37866756,0.24618298,0.47464194,0.52495443,0.31332049,0.36823646,0.52770474,0.40670124,0.46332918,0.37328286,0.45726266,0.47189710,0.52206570,0.48526355,0.44986418,0.52990643,0.61020121,0.41456625,0.60272427,0.41375842,0.30954446,0.41975010,0.57377748,0.54906221,0.43814568,0.41141224,0.54560776,0.69298320,0.36195263,0.55970620,0.33401758,0.47275839,0.42361002,0.49710752,0.51567189,0.53321539,0.47132625,0.52393429,0.61334478,0.43702328,0.50813166,0.45141838,0.47658922,0.50777747,0.46636028,0.46087487,0.29090375,0.24618298,0.35368704,0.82271384,0.40658169,0.46123923,0.55089237,0.48193314,0.62157016,0.64606507,0.45820931,0.31702343,0.40897292,0.38105672,0.60850314,0.56561206,0.48821804,0.61679405,0.57315159
88016,0.42983421,0.43467533,0.38602825,0.38461321,0.40276040,0.45396789,0.50721664,0.51823662,0.39380021,0.36967795,0.29743872,0.42693876,0.46414045,0.49444542,0.49440188,0.51722502,0.35573285,0.43649002,0.35784698,0.52058544,0.54580759,0.47256648,0.50457956,0.36492617,0.51268942,0.47383790,0.41543581,0.43681004,0.32886563,0.32959818,0.48324072,0.45348401,0.46411869,0.39234970,0.43264534,0.45292427,0.27876888,0.47771149,0.25708226,0.41335659,0.43460869,0.40158551,0.46435160,0.44346999,0.49843085,0.49056470,0.33666733,0.46957299,0.43100579,0.47984779,0.48550906,0.49605982,0.41124487,0.46018477,0.51781495,0.57784034,0.30352935,0.46826367,0.56095059,0.48775598,0.57258025,0.35259646,0.36243758,0.39307515,0.32842216,0.36051670,0.35774248,0.47138693,0.40186799,0.32153462,0.38595513,0.51124499,0.45046813,0.45035864,0.36735717,0.36298927,0.40712852,0.47970739,0.29427988,0.38984681,0.33157187,0.32688169,0.53849649,0.44965257,0.36969643,0.45792806,0.33270184,0.36604176,0.35822197,0.46067999,0.40082507,0.35283981,0.46274440,0.47298888,0.34974986,0.41816489,0.45712777,0.45925098,0.42247216,0.43369588,0.51795417,0.34793827,0.49418632,0.41197946,0.37121980,0.46495872,0.41792723,0.53076538,0.44730694,0.37990005,0.37056578,0.46536384,0.40580876,0.40463307,0.40124120,0.28937118,0.38908894,0.42009720,0.40288420,0.45757537,0.48852593,0.50062949,0.46459511,0.34793525,0.47032343,0.60019433,0.44325712,0.40532661,0.41979302,0.40031374,0.50265454,0.52017038,0.46352194,0.46707790,0.46142665,0.41593008,0.33190270,0.44116249,0.44778626,0.43127082,0.35311080,1.00000000,0.49833813,0.34517608,0.44806255,0.40463307,0.48279997,0.39574450,0.42709998,0.52709384,0.38347413,0.35400803,0.50072582,0.51924356,0.47016892,0.48576324,0.41533147,0.50172365,0.36508684,0.44130844,0.34128951,0.44307413,0.48356818,0.42007866,0.37337357,0.40084989,0.43206853,0.43810632,0.41027302,0.45315217,0.41876846,0.51491850,0.40961528,0.45351097,0.44247177,0.43237419,0.41827665,0.37276787,0.32241152,0.44973706,0.38245046,0.52155856,0.40852293,0.43674718,0.39316080,0.39491869,0.44965272,0.43314466,0.43599950,0.35601452,0.35344985,0.40299364,0.37971760,0.54083968,0.32354577,0.39472622,0.42251137,0.46211017,0.42991086,0.39768656,0.46811350,0.38202857,0.38786385,0.42385537,0.45112956,0.36090556,0.51851733,0.50926638,0.32547523,0.45973195,0.36894717,0.39299021,0.39042915,0.35756725,0.38707928,0.53652203,0.46256170,0.44464022,0.44083401,0.54030821,0.35040562,0.50721664,0.55764247,0.39150046,0.32667858,0.46859498,0.37680407,0.38244145,0.30576630,0.29149915,0.42823341,0.37633402,0.47111051,0.47915749,0.49009555,0.33365049,0.46411290,0.36543829,0.38439761,0.30703077,0.54221660,0.49623015,0.41551312,0.46265549,0.49881029,0.40050234,0.45315217,0.41157543,0.35602075,0.40729583,0.47297594,0.47829167,0.40185952,0.51015349,0.47855266,0.46657399,0.37457278,0.47619813,0.42072057,0.41394822,0.52522787,0.42506118,0.42157593,0.37294167,0.40499657,0.47740135,0.42585821,0.41044797,0.40261809,0.32797651,0.54009834,0.43225230,0.50466967,0.51585533,0.30250077,0.29149915,0.38865445,0.33207190,0.50932696,0.45476418,0.53992761,0.46646536,0.44693086,0.34624903,0.38413692,0.32137028,0.33644752,0.35868733,0.38582066,0.42574915,0.43498886,0.43127369,0.44616045
88145,0.70945206,0.74581820,0.61916966,0.59905366,0.54096228,0.66868745,0.58101041,0.53808708,0.60367619,0.57340358,0.51028209,0.66974181,0.62413693,0.54299945,0.68558822,0.76179218,0.30738606,0.43245349,0.61504304,0.65521050,0.71180466,0.55096710,0.64410416,0.40100962,0.76284831,0.54777394,0.67793088,0.62612991,0.55625675,0.44723322,0.45962125,0.59382522,0.53918995,0.60663251,0.55106969,0.62377499,0.46367156,0.62115340,0.46857611,0.54128835,0.57941735,0.34752670,0.59350500,0.60757485,0.74028366,0.53595650,0.43204586,0.52426814,0.63940271,0.63635527,0.88279437,0.52878585,0.43433331,0.72405811,0.65203573,0.59152654,0.48017076,0.51200785,0.53425395,0.64679587,0.52655137,0.45745672,0.49551748,0.45320897,0.40288917,0.44678609,0.44921382,0.62824749,0.56357171,0.44832266,0.54704910,0.59049125,0.57918324,0.53662882,0.50589264,0.45738795,0.49006801,0.55193394,0.49800814,0.50432146,0.60604262,0.46100162,0.54925868,0.55660874,0.58230870,0.53075689,0.52767196,0.59019765,0.48878894,0.51523812,0.58650404,0.43777876,0.68408130,0.53464723,0.43790608,0.49675689,0.57430121,0.64183500,0.53282864,0.47657590,0.38605051,0.48077327,0.65254065,0.44050675,0.54002474,0.48245253,0.41998251,0.68433318,0.55189331,0.46683352,0.51263009,0.49178061,0.57779583,0.43143613,0.62241796,0.50451866,0.41825509,0.55370657,0.47132688,0.51741476,0.53917261,0.66001694,0.59104927,0.46059256,0.51399394,0.54494774,0.45884594,0.54879691,0.38286260,0.52253380,0.55189260,0.62378906,0.56234789,0.53036171,0.49599719,0.55846894,0.50416073,0.60894290,0.45967789,0.55365737,0.49409033,0.49833813,1.00000000,0.56662363,0.57223956,0.43143613,0.60870141,0.47326324,0.53119932,0.67856180,0.47393571,0.52261078,0.43748090,0.61785742,0.53143834,0.53068335,0.56185677,0.47334447,0.43687377,0.70829644,0.40889026,0.59555286,0.57392836,0.51713377,0.42557352,0.48310119,0.53167044,0.60866234,0.52630043,0.57100784,0.55769996,0.53060861,0.56117805,0.51980082,0.56647174,0.48808418,0.41542179,0.45784571,0.50607151,0.67689667,0.49246371,0.63450263,0.50459895,0.73076148,0.67134769,0.54551031,0.54289983,0.64043885,0.63053027,0.42970441,0.42758785,0.47655025,0.42216482,0.40744817,0.39708665,0.50355142,0.51910722,0.47015889,0.50391449,0.53449883,0.72037126,0.53418159,0.54777403,0.44181611,0.58734256,0.41931187,0.51373619,0.47485483,0.40473636,0.32449424,0.41279408,0.49171022,0.55420295,0.49025376,0.60365806,0.50303965,0.46197351,0.68457751,0.41988766,0.47501302,0.38076840,0.58101041,0.67874550,0.47124914,0.47777992,0.49074359,0.50339769,0.47243469,0.53633419,0.28511456,0.53716713,0.48722697,0.35326885,0.56044676,0.58448488,0.57240083,0.62939132,0.54867740,0.51587993,0.43707455,0.75018750,0.63596079,0.50698540,0.52255866,0.51811279,0.50555486,0.57100784,0.49087699,0.36343857,0.52526929,0.64967814,0.59748448,0.53882386,0.48063811,0.48384423,0.68590858,0.53332784,0.66522995,0.57319176,0.47514356,0.49996031,0.43555232,0.56439694,0.49848609,0.45948669,0.49008565,0.61626683,0.50368506,0.55438214,0.39236643,0.53455342,0.59693424,0.55898388,0.64109748,0.37132980,0.28511456,0.43495885,0.46711367,0.38472376,0.58922652,0.67386849,0.56571915,0.54580683,0.51318545,0.56587941,0.48399751,0.53198896,0.56309560,0.50632901,0.52835937,0.66788624,0.61358484,0.55491380
88146,0.59208838,0.56826083,0.51035524,0.64795724,0.41280713,0.55134902,0.58611046,0.53366217,0.57088411,0.59793704,0.58695151,0.53712814,0.61164944,0.42691040,0.63261528,0.61380780,0.39069389,0.42771705,0.64958005,0.53627812,0.49157831,0.37787945,0.52172532,0.26349422,0.61304719,0.36861582,0.51306069,0.49782466,0.54332471,0.36100008,0.44911395,0.45494798,0.43339090,0.66758866,0.59809177,0.58815511,0.58359560,0.60856639,0.59195410,0.56830524,0.56229129,0.40822012,0.51143010,0.45009582,0.58226171,0.55102727,0.40184400,0.39056713,0.55450327,0.57299179,0.54467092,0.44504622,0.48929949,0.56789458,0.53305206,0.46258136,0.44114522,0.44022655,0.39739074,0.53205823,0.39982106,0.40666984,0.44436088,0.38792032,0.39624053,0.40982854,0.37316878,0.58781090,0.40635796,0.46515182,0.50865740,0.55387778,0.45612754,0.48501439,0.52067753,0.41284312,0.45040906,0.49313964,0.61925559,0.49261315,0.65656713,0.37571113,0.41585362,0.59056932,0.53106632,0.52199526,0.45591259,0.56116195,0.42638681,0.37884727,0.49732949,0.48334989,0.54784970,0.45888707,0.45888859,0.50167704,0.52242620,0.45898137,0.48787092,0.38881878,0.33925354,0.42287699,0.53940783,0.38810528,0.58921720,0.39813199,0.40012917,0.53061567,0.45172949,0.41940805,0.42261559,0.41107418,0.52839663,0.31601635,0.60849882,0.48811148,0.37471998,0.51974539,0.49677916,0.51313667,0.46960184,0.52612156,0.49246962,0.39646845,0.44253437,0.46189399,0.43065738,0.49643163,0.45874818,0.46066672,0.45882998,0.51324753,0.44723451,0.40683325,0.44097258,0.46690375,0.53721685,0.44041099,0.47801296,0.36481100,0.30634621,0.34517608,0.56662363,1.00000000,0.53208079,0.31601635,0.60699655,0.42341904,0.39781307,0.50687369,0.42170744,0.53023431,0.38508215,0.47070635,0.33890171,0.43695263,0.46844598,0.39605908,0.35203340,0.57843453,0.35270319,0.53585523,0.46480855,0.40052960,0.33004460,0.36108737,0.44368091,0.39539093,0.39500685,0.34602751,0.52335080,0.43390234,0.45233418,0.44263527,0.42064790,0.44203514,0.39648821,0.43512177,0.60753887,0.58473173,0.44516710,0.48725813,0.46817018,0.54059460,0.53695490,0.51365569,0.41734311,0.53550274,0.57253009,0.41611436,0.30566610,0.36015985,0.50057359,0.34034557,0.40615701,0.41154451,0.46555909,0.43595841,0.51031857,0.48767378,0.62307204,0.52472415,0.44854116,0.43025681,0.57650821,0.34977204,0.32519065,0.37410532,0.39269338,0.31250376,0.43992520,0.48148948,0.42720271,0.46470156,0.55288922,0.39991235,0.37230985,0.63661920,0.43541877,0.45358348,0.31740183,0.58611046,0.50513066,0.51889872,0.35627156,0.39253748,0.58241768,0.42049124,0.48065422,0.35939950,0.46731808,0.37188872,0.30668411,0.47429709,0.47543009,0.59209609,0.59236887,0.59405082,0.52387887,0.37943246,0.49410071,0.55432327,0.42249842,0.41725618,0.43320584,0.46103049,0.34602751,0.54557503,0.34730917,0.47834003,0.49610018,0.39671636,0.52938228,0.37908808,0.34255823,0.49377464,0.47377899,0.52137869,0.46555666,0.37679311,0.43039844,0.39027819,0.46023879,0.40577216,0.36647139,0.37407238,0.46132028,0.55077326,0.42568841,0.33352592,0.47855442,0.51608995,0.41385390,0.53282821,0.34844970,0.35939950,0.39942618,0.32253679,0.34143438,0.53681275,0.50944209,0.48800725,0.41355206,0.37113874,0.52711551,0.60535001,0.54044809,0.50268266,0.37614371,0.44323548,0.52906108,0.46016062,0.42221181
88155,0.63328882,0.51601164,0.52859888,0.54920263,0.50773411,0.58992199,0.51373463,0.50880868,0.54092644,0.53113604,0.56354480,0.62743238,0.66581450,0.52812376,0.60582442,0.59566296,0.35814130,0.36853832,0.53012671,0.57033269,0.63702879,0.43677739,0.59097520,0.31229102,0.59208075,0.41617253,0.50529619,0.55152118,0.54723006,0.38190413,0.45447319,0.57151717,0.52046159,0.55324879,0.56007968,0.63536110,0.41599088,0.60703591,0.49585469,0.57827755,0.62630935,0.40973926,0.64185663,0.46948324,0.64340577,0.61588363,0.51567558,0.43638684,0.53746093,0.54818730,0.58386387,0.55498496,0.51062288,0.60936357,0.56882742,0.53418491,0.43997727,0.46681295,0.51261707,0.55707196,0.47006684,0.39005118,0.52149898,0.48097764,0.39218569,0.48962925,0.39566755,0.52827604,0.53224762,0.38490294,0.56746092,0.56621471,0.52680248,0.49362068,0.51828079,0.38168378,0.43689711,0.56884254,0.53528419,0.45239864,0.58086023,0.39214009,0.51906464,0.55521014,0.48788524,0.54031324,0.46066999,0.60000209,0.44302900,0.58411998,0.55586204,0.56756589,0.59327678,0.59303738,0.52200043,0.56107079,0.58053807,0.52355309,0.50676655,0.52209547,0.38373619,0.49723532,0.57838777,0.48123882,0.55553536,0.44669202,0.42254765,0.57440879,0.59111434,0.51342784,0.67435857,0.40101936,0.54244004,0.34733926,0.55907880,0.44893314,0.40120792,0.62300383,0.46305360,0.61353819,0.57232903,0.63938080,0.53553548,0.48071669,0.47744321,0.52516519,0.43141465,0.59369696,0.45993675,0.52388740,0.59820556,0.51694089,0.44721585,0.55445055,0.46560869,0.61545171,0.58235814,0.54834024,0.47196891,0.56339139,0.52023342,0.44806255,0.57223956,0.53208079,1.00000000,0.34733926,0.63588104,0.44138808,0.54490344,0.66532026,0.54137575,0.51384454,0.40568361,0.60031435,0.51093203,0.58119861,0.61761951,0.44180192,0.38415083,0.61109796,0.38106889,0.55765216,0.61881762,0.49642984,0.36102305,0.43924441,0.46304577,0.52262256,0.39482551,0.49794088,0.57830697,0.59712059,0.61086652,0.50511996,0.50598871,0.50978989,0.42014703,0.51178155,0.50160820,0.61110242,0.45114330,0.62933862,0.53988327,0.60188645,0.58512085,0.45322291,0.54772042,0.49305129,0.57304855,0.43624023,0.33170040,0.43521635,0.43137890,0.40130043,0.34243673,0.42701082,0.46890305,0.51497305,0.51872745,0.47346845,0.57105241,0.52117053,0.55099952,0.37499960,0.58926375,0.38069948,0.45898710,0.46889777,0.40754864,0.42048201,0.51519234,0.50251905,0.50030148,0.50033168,0.53415416,0.44769810,0.46908065,0.64581700,0.51609470,0.54481683,0.40123021,0.51373463,0.61587872,0.61343589,0.43927386,0.45693151,0.53832996,0.53950321,0.46419304,0.38633686,0.53684759,0.44904472,0.39213706,0.47092295,0.62696905,0.50916973,0.66983771,0.55178628,0.62471507,0.51959148,0.56672137,0.53448251,0.50080124,0.50584564,0.54248826,0.43426058,0.49794088,0.64875524,0.47660149,0.44291521,0.65620600,0.59019125,0.58349103,0.47156443,0.46740903,0.60448825,0.47339162,0.52512495,0.41896176,0.51815945,0.50950593,0.47313794,0.56526595,0.49969403,0.46383042,0.49194825,0.56330832,0.58870840,0.67034228,0.46370735,0.53110924,0.63277406,0.61485365,0.54804724,0.36456393,0.38633686,0.42444678,0.54237360,0.47046698,0.54491808,0.66197108,0.50535952,0.61436563,0.48766884,0.56368197,0.52768114,0.53912414,0.46937747,0.57268866,0.54520825,0.58201696,0.56393426,0.61338358
88202,0.39444873,0.41716098,0.34032509,0.44350784,0.37449318,0.46021752,0.39612265,0.44374821,0.35604612,0.30815421,0.26923049,0.35136823,0.36242178,0.38425936,0.49296872,0.47618689,0.30405379,0.44192424,0.35792060,0.54239300,0.51803470,0.50833457,0.47296832,0.31199249,0.46973375,0.37946230,0.45985335,0.39085528,0.35227358,0.48261782,0.34091237,0.38147110,0.36889292,0.37299801,0.40033732,0.41851656,0.28022243,0.30762816,0.26248059,0.31517225,0.41110025,0.40516601,0.47091479,0.46238088,0.48137462,0.41303953,0.34246398,0.48060564,0.39952419,0.35227664,0.42330633,0.41041628,0.36919036,0.44641643,0.53979327,0.44883514,0.29254008,0.43188419,0.61890399,0.50413568,0.42004948,0.28306603,0.30361272,0.49137341,0.27637514,0.35176987,0.32950716,0.42269934,0.33661525,0.29989870,0.33222241,0.42694974,0.42059656,0.37359883,0.35297853,0.27904570,0.39801210,0.40797437,0.31335485,0.42330573,0.36112543,0.29372064,0.48296365,0.37586346,0.34342599,0.40656074,0.38171684,0.35834557,0.29347660,0.47909012,0.54236416,0.30048641,0.47238052,0.44056086,0.38214935,0.39892458,0.40263767,0.40354587,0.44854197,0.33390080,0.38939103,0.29548960,0.44137504,0.36086493,0.33607460,0.50115819,0.48147345,0.38047769,0.57872996,0.40042544,0.31278851,0.47512091,0.41542379,1.00000000,0.35733353,0.33124650,0.37297352,0.27965589,0.40603606,0.31095966,0.47542951,0.36459120,0.65991268,0.34696139,0.43313792,0.41282775,0.41594103,0.48045837,0.39431096,0.46308925,0.61778753,0.41426623,0.51370455,0.39755038,0.58848293,0.33797356,0.28871013,0.46289190,0.40087331,0.40616165,0.37140531,0.40463307,0.43143613,0.31601635,0.34733926,1.00000000,0.39927467,0.37410154,0.32934815,0.42560233,0.39597590,0.33014902,0.40863377,0.60220031,0.33620167,0.66129288,0.33754096,0.48828108,0.35392174,0.40021018,0.36225115,0.40115457,0.56604711,0.74055299,0.80033206,0.69540961,0.55337623,0.53400848,0.54713897,0.53084702,0.57740592,0.50122541,0.33997538,0.54530448,0.58896462,0.46516573,0.47932507,0.52381915,0.21904684,0.37722278,0.35242975,0.50304173,0.55202562,0.38789375,0.40767212,0.35432652,0.64987533,0.47034435,0.41788584,0.48456490,0.32366946,0.28948863,0.32529061,0.58118168,0.35596803,0.35391267,0.61098981,0.47391188,0.56484050,0.34140738,0.36948386,0.36705098,0.28873114,0.43975054,0.39671131,0.41857356,0.67341543,0.64887475,0.29951458,0.40438601,0.35700197,0.38099451,0.29281174,0.37236948,0.33366745,0.51439586,0.70298795,0.35917523,0.39486905,0.49219390,0.28223423,0.39612265,0.47185234,0.36045083,0.38737855,0.45986836,0.31866669,0.39389964,0.41522286,0.30609732,0.34820501,0.38319728,0.37701524,0.41089879,0.56793672,0.35307385,0.42019632,0.26472307,0.35379635,0.32968329,0.42191011,0.46890613,0.67796810,0.54031017,0.41340129,0.51732996,0.53084702,0.31282111,0.30444952,0.53582353,0.42035483,0.63189063,0.31424389,0.64499950,0.62433353,0.49430359,0.33877041,0.44231415,0.51743999,0.34234498,0.39550658,0.45317007,0.52580176,0.29174020,0.37671582,0.50073380,0.44438006,0.34999956,0.33124106,0.31102718,0.40279203,0.46456797,0.37727344,0.55199488,0.34475572,0.30609732,0.39586062,0.35777107,0.43158999,0.40050963,0.49378205,0.47115930,0.40463332,0.51052587,0.36664191,0.30475199,0.35594139,0.33549008,0.53549689,0.44978256,0.33981079,0.44989812,0.39133492
88324,0.57928200,0.57255170,0.52198885,0.61348139,0.50295386,0.61929708,0.58627615,0.61671222,0.64615556,0.62947992,0.67845364,0.69534525,0.67536236,0.62521708,0.63129997,0.64100301,0.43344101,0.52207258,0.61559128,0.58136789,0.61509757,0.46694433,0.62523364,0.42517115,0.64156153,0.53756139,0.53485879,0.54414131,0.55444839,0.37026391,0.64386290,0.55673604,0.51831997,0.59457349,0.60045617,0.67804790,0.48457785,0.62881230,0.61756723,0.58355902,0.74406775,0.52220927,0.61891486,0.62260877,0.61999146,0.72755563,0.54334994,0.46985303,0.62118804,0.65248565,0.65391478,0.61930053,0.67227218,0.60978381,0.58362709,0.61937166,0.56044350,0.62315126,0.55831354,0.62416661,0.48808888,0.45200460,0.58385012,0.50745554,0.45835758,0.50508027,0.44722750,0.70435046,0.56356019,0.51931708,0.59025983,0.62410954,0.52565347,0.48776551,0.55101870,0.39141602,0.55676119,0.55964350,0.54058312,0.49398162,0.61239624,0.47023974,0.59453687,0.56220255,0.48154891,0.63748663,0.44705831,0.62322069,0.45754347,0.52992475,0.54691670,0.58343195,0.59908922,0.68927218,0.56967845,0.67981747,0.53830231,0.59105029,0.49877576,0.53279620,0.53275615,0.57067085,0.65753044,0.52230784,0.58437511,0.55210659,0.51629505,0.66010735,0.60443127,0.59921144,0.57714569,0.54484402,0.55612164,0.39927467,0.59262424,0.43481602,0.49538185,0.57612488,0.58660678,0.59969222,0.61476549,0.65968038,0.56678976,0.50128235,0.64107593,0.62251879,0.55794315,0.64268578,0.52234164,0.61740153,0.57030642,0.52577844,0.47825701,0.57233913,0.49761155,0.59023920,0.62489046,0.52030802,0.63174843,0.54395013,0.45898320,0.48279997,0.60870141,0.60699655,0.63588104,0.39927467,1.00000000,0.68647006,0.58725427,0.61224671,0.58996925,0.55034817,0.50455522,0.56005544,0.51564511,0.55517230,0.59288438,0.59242143,0.50197399,0.68727653,0.46082177,0.70865625,0.58623742,0.53267570,0.39090512,0.50283876,0.52150135,0.57082507,0.49156752,0.48213996,0.61214466,0.61752081,0.58272753,0.53841808,0.57481983,0.59997780,0.51182344,0.50014508,0.51615718,0.66744705,0.47472154,0.61197361,0.59903507,0.62502811,0.58222957,0.59768727,0.55056463,0.50586581,0.59183636,0.50848528,0.50986251,0.53441038,0.63051114,0.45487621,0.59066214,0.61220130,0.54788023,0.58925828,0.58061004,0.59815886,0.63649190,0.71290144,0.57600579,0.54266338,0.65470832,0.48262909,0.53186043,0.54378616,0.45298900,0.41687599,0.57020974,0.62513918,0.53086882,0.63517941,0.49470308,0.63630795,0.54036722,0.67482301,0.49115128,0.59078845,0.49323217,0.58627615,0.61256163,0.71831929,0.48033019,0.57600672,0.58442207,0.58832105,0.62364416,0.48324626,0.53725965,0.53405127,0.41670892,0.50514819,0.59194242,0.60922802,0.65269274,0.52970768,0.62383609,0.49985244,0.60254517,0.56462106,0.51352503,0.53130932,0.56666744,0.54271743,0.48213996,0.86630266,0.60266181,0.53841270,0.59844391,0.57601888,0.62483804,0.54939804,0.47415226,0.57152447,0.48299108,0.64089404,0.51019849,0.46226160,0.53974634,0.41063448,0.55209455,0.49020522,0.50668622,0.54530306,0.57377998,0.62026214,0.57452647,0.47333106,0.60759621,0.56294792,0.51025195,0.58704904,0.55994146,0.48324626,0.65468183,0.46079506,0.48293700,0.63436900,0.66626752,0.58831174,0.59133679,0.50152980,0.56629584,0.51969576,0.57380344,0.56591616,0.51525452,0.49196875,0.55114867,0.57376135,0.56055073
88325,0.41439862,0.46612909,0.39439734,0.50284544,0.42263309,0.44468047,0.45611039,0.50627318,0.53560895,0.45442490,0.50722995,0.50914288,0.52470218,0.54664337,0.49480864,0.52423998,0.31954510,0.44805282,0.43543063,0.42979489,0.45965209,0.38499155,0.50267981,0.60287116,0.52598319,0.41504921,0.43184407,0.41826953,0.41511133,0.31105261,0.47108577,0.43458655,0.40188646,0.43550644,0.47213122,0.46664953,0.34521262,0.44693292,0.44043188,0.42217661,0.61514240,0.37654116,0.42417024,0.53567591,0.46593187,0.57826294,0.40923036,0.39564375,0.46961177,0.45845996,0.50300707,0.53450343,0.49465813,0.45753526,0.42828061,0.45984178,0.40872369,0.49269433,0.50861713,0.51437343,0.38420880,0.40157335,0.47939019,0.39317364,0.34542403,0.41678292,0.41503045,0.58681249,0.43654840,0.49441721,0.41372224,0.48896566,0.37311052,0.44374542,0.40576282,0.34047177,0.41437755,0.41578614,0.46380761,0.35819168,0.51524405,0.34861692,0.49941877,0.39048336,0.34411549,0.54103081,0.38902681,0.47380152,0.37143904,0.40800703,0.44401296,0.39888146,0.45665149,0.76440989,0.41863430,0.55136600,0.45033618,0.50761357,0.36727599,0.38594671,0.46301517,0.47159470,0.47732856,0.42277521,0.46114637,0.46461053,0.42358132,0.55359266,0.52480381,0.49714092,0.35885751,0.48908334,0.46194714,0.37410154,0.49531571,0.31734224,0.52681459,0.41880006,0.52861817,0.43585227,0.52706371,0.49020468,0.48898570,0.39455389,0.50281762,0.50338277,0.44845462,0.49338650,0.38497932,0.53911602,0.43994714,0.39340261,0.39215527,0.45530281,0.40155064,0.42482391,0.43646679,0.42159633,0.52849235,0.45113081,0.38450729,0.39574450,0.47326324,0.42341904,0.44138808,0.37410154,0.68647006,1.00000000,0.45603032,0.44100651,0.49669338,0.41805098,0.44365070,0.44265822,0.39643002,0.43513234,0.42201983,0.52631454,0.47242698,0.50905100,0.45431322,0.67028981,0.49792065,0.45068936,0.36911333,0.42456949,0.39438918,0.43578202,0.42725008,0.34658437,0.46650368,0.45034773,0.42549914,0.45539045,0.46349943,0.48793844,0.42108418,0.39414910,0.34103855,0.48697189,0.34993271,0.46378368,0.50027543,0.41997102,0.45281709,0.57817517,0.43484327,0.36790279,0.41579211,0.48386171,0.69902238,0.62347414,0.50599619,0.39890723,0.74741995,0.72253865,0.46076939,0.49031105,0.48672988,0.47255612,0.44240197,0.61392781,0.43030010,0.45494331,0.55030977,0.47711524,0.50915967,0.48447841,0.41725049,0.31568401,0.45815884,0.57515882,0.40307717,0.51446479,0.34831847,0.56644146,0.48055420,0.48752618,0.44249266,0.46883009,0.48363514,0.45611039,0.44284357,0.54951223,0.37509068,0.49043706,0.46412558,0.49584558,0.53016649,0.45248327,0.34670937,0.46404344,0.39997362,0.42180191,0.50913830,0.48285435,0.47146199,0.37824049,0.50076090,0.38559873,0.46776473,0.44780397,0.48097058,0.42997303,0.42908829,0.43404405,0.34658437,0.58050160,0.81022107,0.43752386,0.44019316,0.44235690,0.45852881,0.48690841,0.44034817,0.43523623,0.41988959,0.52081303,0.43050439,0.37144719,0.40856629,0.32875830,0.44317781,0.40493229,0.40394428,0.42523640,0.48787671,0.46390511,0.38452954,0.39325144,0.51033690,0.45165484,0.35593154,0.46290842,0.74299228,0.45248327,0.71588569,0.36672910,0.42162692,0.52354087,0.49440286,0.52319463,0.45175669,0.37648113,0.40327837,0.43596764,0.43373058,0.43920773,0.39808545,0.38008865,0.39407255,0.48572807,0.44504490
88566,0.54029893,0.44971484,0.44496221,0.48388395,0.46444019,0.51173101,0.48908249,0.55089338,0.49407723,0.45164395,0.43783322,0.62415503,0.58644803,0.49834096,0.53264855,0.53831911,0.34695205,0.39554369,0.44875052,0.46617402,0.62162193,0.37970640,0.53556590,0.38921522,0.53755816,0.43448552,0.40074662,0.48326803,0.47595833,0.40744510,0.53185306,0.58642683,0.62717230,0.41682739,0.49565260,0.58482674,0.31125860,0.53379531,0.35112241,0.47625214,0.56158198,0.37183232,0.54382501,0.54475796,0.54668396,0.56554749,0.66969821,0.45792396,0.41483982,0.42811693,0.54126843,0.50856907,0.49465047,0.52763051,0.46753511,0.49381424,0.44929565,0.58730996,0.51410356,0.51415140,0.40799626,0.69508024,0.84160215,0.62923886,0.59545625,0.57980174,0.50869670,0.57188574,0.46220327,0.55767475,0.54657236,0.46449724,0.46229848,0.36949361,0.50823394,0.45275140,0.38608477,0.50439158,0.40304793,0.41283730,0.42812814,0.63645813,0.55227407,0.48829736,0.44827622,0.63094714,0.44274986,0.57086680,0.46208053,0.59013720,0.42717400,0.50529822,0.54900337,0.56246144,0.39076705,0.55608357,0.43952250,0.66534999,0.46094031,0.44828630,0.47918477,0.83747460,0.71959746,0.51180170,0.48905881,0.53860823,0.47448072,0.60372790,0.44783300,0.49057341,0.51710592,0.43937508,0.42240931,0.32934815,0.47869860,0.42321211,0.43345444,0.52426228,0.59167087,0.58458483,0.56636316,0.67414562,0.46446203,0.47414531,0.61733274,0.56955224,0.39304940,0.60939168,0.42474502,0.52801507,0.45542108,0.44565394,0.37413206,0.85969372,0.52695494,0.68701736,0.46834785,0.44184178,0.47549954,0.55382218,0.52666926,0.42709998,0.53119932,0.39781307,0.54490344,0.32934815,0.58725427,0.45603032,1.00000000,0.52946069,0.53320523,0.48377680,0.41856088,0.55798137,0.61191721,0.44657039,0.68711943,0.60510824,0.48581673,0.61861020,0.51502583,0.57978069,0.50279859,0.49373475,0.35894307,0.45883804,0.51644890,0.55199072,0.40684805,0.46176276,0.48492243,0.53759213,0.68266180,0.54683800,0.59461957,0.43283842,0.48251519,0.42000768,0.39121979,0.56198922,0.48340913,0.52822706,0.48178121,0.56848558,0.48515097,0.54236649,0.44286714,0.39647383,0.61871405,0.50118116,0.43228632,0.49902123,0.45322128,0.34555141,0.45719805,0.53221287,0.50255956,0.52108572,0.43567410,0.67072700,0.52151245,0.55894350,0.80394996,0.39440877,0.52830898,0.47091066,0.45304658,0.44998212,0.42990187,0.32220427,0.61699485,0.59486334,0.77753104,0.55473428,0.48246408,0.54986475,0.42818721,0.51844005,0.41027225,0.47783655,0.50110020,0.48908249,0.52462715,0.58704886,0.47753493,0.48872114,0.48895624,0.53160468,0.50311269,0.40210710,0.59180528,0.56755125,0.33621578,0.43265641,0.50745480,0.48392620,0.54580582,0.46139283,0.51102150,0.51681275,0.61702181,0.50441642,0.43272159,0.60590544,0.65741154,0.46216238,0.46176276,0.53178108,0.42111774,0.43062247,0.59783125,0.59500913,0.55628053,0.44522235,0.51922722,0.55841630,0.39227235,0.63649936,0.32454479,0.59453212,0.54946835,0.46679703,0.47429849,0.57694018,0.59950799,0.60575026,0.64276508,0.51049891,0.50467414,0.49575048,0.51265036,0.44673801,0.46616507,0.50234367,0.47300944,0.40210710,0.50253831,0.58596594,0.54318260,0.63914401,0.64283953,0.47722651,0.69386817,0.47878867,0.52709138,0.37830129,0.40021166,0.39386950,0.50471966,0.50914522,0.48144350,0.63923677,0.59044990
89988,0.63610068,0.66408642,0.63319714,0.55425501,0.59551098,0.72518405,0.62466141,0.50512503,0.56888111,0.48507575,0.55874627,0.59953390,0.63534987,0.57501188,0.72518313,0.73327296,0.35873569,0.45186819,0.59214879,0.67633871,0.71231033,0.59207223,0.69781362,0.37551148,0.72667780,0.53591740,0.66637787,0.62686065,0.57006099,0.44595165,0.53981569,0.62948463,0.55305632,0.61328036,0.58285892,0.60878764,0.40814823,0.61330369,0.46208715,0.53601799,0.60707439,0.41883660,0.68894934,0.61638363,0.70901674,0.52809085,0.41706756,0.55280796,0.67902542,0.65936579,0.70442481,0.57207300,0.48112710,0.74842666,0.67541870,0.57683020,0.42852279,0.55073800,0.62014842,0.67790374,0.66275811,0.44546121,0.51443410,0.50885918,0.44176569,0.42562535,0.44078075,0.61909060,0.50033200,0.37998058,0.57478705,0.62260053,0.64210825,0.58752983,0.50686924,0.39580025,0.50246281,0.66586282,0.45163483,0.50503900,0.58802139,0.47060312,0.60689914,0.54194733,0.55138970,0.53805548,0.52916759,0.59588862,0.49488433,0.56888357,0.56827714,0.49280503,0.68806055,0.53153973,0.41843384,0.54738065,0.61578226,0.58172486,0.54577887,0.49600703,0.46207148,0.50829784,0.64100030,0.49978685,0.58903151,0.50551854,0.43355220,0.67948851,0.66593017,0.49430928,0.61210890,0.51671545,0.61577089,0.42560233,0.65846652,0.50073982,0.39374968,0.65623588,0.47756605,0.55322724,0.64210520,0.61865443,0.60763437,0.50159468,0.55578186,0.57603596,0.48945609,0.57995256,0.43841631,0.48981206,0.71246061,0.68661110,0.58506244,0.55019001,0.50847083,0.53911128,0.48099237,0.54769217,0.50972933,0.59331188,0.52557082,0.52709384,0.67856180,0.50687369,0.66532026,0.42560233,0.61224671,0.44100651,0.52946069,1.00000000,0.48759165,0.50955548,0.49854794,0.57646342,0.48780490,0.69271581,0.54420236,0.50013294,0.45428731,0.69151918,0.39681307,0.65473687,0.73445493,0.55471925,0.43117146,0.51289408,0.56720586,0.66308181,0.55996979,0.57191892,0.65431076,0.60160180,0.53325566,0.57837806,0.58291127,0.54144657,0.43865558,0.51054523,0.45312639,0.63005239,0.51411596,0.67517081,0.53134429,0.73342420,0.63063873,0.45262590,0.53756971,0.68021202,0.66848354,0.49423842,0.37878171,0.44276142,0.46843127,0.43095658,0.34675624,0.46661523,0.56628956,0.55586273,0.52564823,0.53816131,0.69820126,0.55025231,0.55309901,0.45329584,0.58159925,0.43956167,0.57737079,0.55903096,0.38951104,0.39676058,0.44814534,0.49490160,0.53659834,0.53299276,0.56778397,0.54397166,0.52671622,0.62342993,0.45582707,0.53359771,0.39236973,0.62466141,0.74936621,0.52177099,0.50379485,0.57307718,0.55988983,0.48568194,0.50767750,0.29514707,0.55929697,0.48102261,0.45311151,0.58650656,0.73814011,0.53463747,0.61804876,0.48001405,0.62252558,0.43153427,0.71075402,0.61666604,0.51112039,0.54575649,0.54835659,0.49679622,0.57191892,0.51088172,0.33300388,0.50594944,0.70241395,0.59852961,0.54449767,0.55567672,0.58898087,0.70074697,0.64057414,0.66074411,0.59297725,0.49040215,0.53111806,0.47351220,0.59704507,0.50946300,0.46602182,0.61664064,0.57741570,0.52333581,0.65071635,0.36334774,0.61716747,0.76543377,0.72205353,0.67676743,0.33315635,0.29514707,0.40021399,0.51613228,0.39886873,0.54204617,0.75291251,0.65081037,0.61913591,0.54549495,0.57550658,0.44485366,0.54006365,0.58307374,0.51859505,0.55077790,0.70138584,0.57647617,0.55362101
90074,0.48219286,0.46054074,0.40141817,0.42215669,0.37190677,0.50082277,0.46840734,0.50434598,0.41014487,0.44331379,0.48727236,0.49571521,0.59518223,0.47233017,0.46391850,0.48725584,0.27537207,0.36096421,0.40412861,0.47070235,0.51884319,0.33123062,0.55687662,0.27545740,0.48337130,0.38283513,0.39616504,0.42675440,0.47202232,0.34091357,0.39994183,0.49523563,0.49274402,0.42170774,0.49096884,0.54537488,0.37152124,0.48826466,0.35839129,0.45332317,0.53434865,0.32780477,0.51627493,0.51320998,0.51159231,0.57166221,0.42235696,0.39148617,0.47983002,0.43052609,0.49033135,0.52889500,0.46544215,0.51346907,0.46877370,0.53666324,0.47415337,0.46019972,0.48131013,0.58295074,0.40693363,0.37199835,0.48044911,0.44891074,0.32473051,0.51525635,0.40451197,0.50985862,0.40208965,0.36463383,0.53954765,0.48437417,0.49108611,0.40359503,0.48431497,0.40363141,0.41335024,0.49489256,0.39950802,0.42848422,0.49299064,0.34496630,0.46289076,0.47686908,0.38712911,0.52188278,0.36113189,0.57293163,0.43506069,0.50391076,0.50414194,0.51083448,0.48657990,0.51419167,0.43385640,0.57678026,0.50132506,0.51667463,0.42693775,0.42997329,0.38055915,0.46323672,0.56020713,0.49452571,0.49342953,0.47820084,0.46352673,0.47747349,0.57201959,0.57363410,0.47069929,0.43084498,0.41936634,0.39597590,0.48508742,0.36622814,0.36945496,0.50503174,0.53726977,0.57011364,0.53186352,0.58252005,0.50882294,0.43388005,0.48094156,0.49040366,0.41629369,0.57862523,0.42248730,0.52456404,0.50626814,0.37345881,0.37004721,0.52887486,0.54139785,0.56071676,0.47753778,0.52494335,0.49614335,0.49689498,0.46728344,0.38347413,0.47393571,0.42170744,0.54137575,0.39597590,0.58996925,0.49669338,0.53320523,0.48759165,1.00000000,0.48667870,0.39024535,0.56887271,0.50778226,0.50364412,0.56216431,0.48434303,0.39780295,0.57769758,0.43301727,0.54212717,0.52449013,0.55492479,0.41287548,0.53883461,0.45750843,0.49749575,0.38358689,0.43880934,0.49993211,0.59030166,0.55697439,0.48105927,0.57880325,0.50351322,0.46299191,0.57244908,0.38243546,0.52083491,0.47540739,0.55377217,0.61962088,0.52659387,0.48150417,0.46128184,0.55462668,0.37493051,0.52582388,0.47282268,0.32169364,0.36533161,0.47070386,0.46351311,0.45343588,0.41383870,0.53224352,0.52295676,0.54767637,0.44365542,0.47378706,0.46477359,0.51320856,0.37069816,0.54916760,0.40042832,0.48505752,0.46954311,0.43866086,0.37231143,0.59277467,0.43877056,0.43062754,0.49263134,0.39263688,0.48518273,0.49594208,0.50446787,0.48536715,0.55716285,0.39438225,0.46840734,0.52989711,0.53927943,0.38144065,0.44483270,0.50270509,0.99945197,0.46583437,0.40831790,0.56473641,0.52269996,0.37021650,0.43456426,0.52975488,0.48099597,0.55364678,0.42152884,0.45563682,0.45725939,0.48024558,0.49680206,0.51627557,0.50330504,0.51790637,0.50774875,0.43880934,0.50815105,0.42450307,0.49962242,0.48994684,0.59476602,0.53282208,0.47115438,0.44551432,0.50381750,0.34075537,0.48728538,0.39736790,0.55003268,0.51251508,0.46544806,0.47150455,0.49622067,0.45614868,0.45701868,0.51451289,0.49588826,0.46893108,0.44194077,0.53983563,0.42665532,0.43805780,0.46901345,0.42938717,0.40831790,0.50638853,0.48263294,0.52572548,0.57803506,0.55027228,0.41502848,0.56718953,0.44633610,0.45445027,0.38909043,0.44748145,0.43460252,0.53909342,0.49317201,0.52634458,0.51922647,0.50398447
90106,0.51217568,0.49556588,0.51139899,0.50016653,0.45027113,0.54642552,0.48770470,0.49581393,0.47608055,0.58365633,0.56723634,0.55080923,0.78927158,0.49506518,0.51217790,0.56567269,0.40340596,0.49667267,0.46886090,0.47358531,0.48220086,0.34234161,0.49879854,0.29219708,0.56283987,0.45909915,0.51115357,0.52828626,0.56955405,0.34464386,0.39929417,0.42238495,0.49203681,0.50687034,0.49394658,0.49850415,0.44811425,0.44988718,0.45164527,0.79353533,0.53381948,0.40884379,0.51412527,0.54989472,0.56954978,0.57569755,0.50056236,0.48938813,0.51341000,0.54480991,0.54539748,0.47964607,0.42373931,0.54438373,0.46961107,0.56324849,0.51181638,0.44292206,0.46828488,0.46082178,0.39298143,0.47718395,0.53393569,0.40971237,0.48551900,0.45564008,0.39232931,0.59611641,0.43889793,0.35100032,0.38080945,0.53689072,0.49551315,0.39335743,0.95381996,0.50172907,0.46405867,0.44253660,0.42190698,0.49800394,0.50532959,0.51972198,0.54121540,0.46192071,0.59787736,0.46881738,0.51532548,0.44940899,0.51488131,0.43598515,0.49064751,0.62788300,0.50783142,0.47695394,0.49994183,0.61295857,0.43296457,0.55202911,0.44057001,0.55433990,0.38229848,0.51513497,0.57354924,0.45342585,0.62221105,0.43126243,0.43374641,0.50245106,0.49756085,0.50955509,0.43781218,0.48211356,0.47398779,0.33014902,0.73960962,0.44824756,0.36782710,0.49750483,0.49971453,0.52315877,0.48152214,0.54342837,0.48837741,0.48736994,0.46592905,0.47840439,0.51328125,0.48626601,0.41240368,0.50875027,0.48779085,0.48773052,0.38894000,0.46887727,0.45884267,0.60351197,0.50590043,0.44010373,0.47883474,0.44916145,0.37590204,0.35400803,0.52261078,0.53023431,0.51384454,0.33014902,0.55034817,0.41805098,0.48377680,0.50955548,0.48667870,1.00000000,0.51059091,0.51362285,0.39599263,0.46608125,0.60972092,0.43554964,0.37743214,0.59736122,0.44700234,0.55517901,0.48293132,0.38999669,0.38731880,0.36595942,0.46297488,0.43993571,0.36705603,0.33619666,0.46047133,0.50159267,0.61061670,0.45003113,0.41199581,0.51544518,0.43585282,0.47924331,0.45174131,0.48841748,0.43947889,0.50609528,0.52219928,0.54158314,0.47351328,0.41799420,0.45208078,0.45181636,0.58103403,0.49498995,0.39461299,0.34850435,0.55274836,0.37750690,0.42798276,0.42663520,0.45091200,0.46128281,0.50547767,0.61145009,0.52625604,0.44482449,0.50156080,0.51007437,0.73723057,0.41408799,0.43208569,0.40712217,0.43990873,0.40341305,0.48177321,0.39265551,0.52106102,0.47806252,0.65876150,0.40774458,0.46186904,0.52982693,0.39282510,0.43721817,0.38122253,0.48770470,0.48903773,0.53655894,0.42398107,0.50015365,0.56974621,0.48422944,0.50833327,0.45090279,0.51588863,0.44560592,0.40815565,0.45769193,0.49346453,0.57781045,0.68402759,0.69928011,0.67863052,0.48048516,0.53694629,0.55149116,0.48973820,0.45452807,0.48046799,0.66145953,0.33619666,0.49707078,0.30185729,0.67470391,0.49388205,0.45601375,0.72939017,0.40658320,0.43215554,0.48605294,0.37427765,0.54845662,0.36914274,0.44888424,0.44555355,0.35420896,0.39022677,0.43325946,0.41504827,0.43784263,0.52467376,0.66776342,0.44650124,0.35672507,0.47493575,0.48866794,0.41358236,0.48186800,0.37114233,0.45090279,0.46192181,0.40126829,0.38269527,0.53510299,0.51080737,0.47854108,0.51134249,0.40089927,0.56150376,0.39739365,0.42355638,0.42358508,0.42413435,0.40967208,0.51430992,0.52032684,0.44198470
90107,0.45596402,0.48354976,0.45666884,0.52797261,0.46136405,0.47077031,0.44080651,0.48601992,0.44020358,0.37117928,0.37842296,0.43485426,0.50294245,0.62017040,0.55966673,0.53553584,0.64846433,0.75404061,0.43693011,0.52359789,0.49183795,0.50002744,0.50827909,0.40814925,0.53952024,0.48878167,0.49339060,0.53308606,0.43756461,0.36631320,0.49752331,0.50247907,0.54171136,0.40090394,0.44852879,0.47526600,0.33799123,0.40944558,0.39789257,0.48112633,0.48854507,0.66414789,0.50048600,0.56062163,0.52287362,0.62248828,0.41906542,0.70743201,0.43796580,0.42224602,0.46980068,0.63010677,0.40220054,0.46119350,0.52068667,0.51068593,0.35530984,0.54909825,0.60558106,0.46749862,0.55144662,0.42977923,0.45609783,0.49942984,0.39824704,0.43917618,0.44335475,0.57595337,0.39350147,0.33509882,0.38332721,0.50689197,0.40455783,0.46390688,0.52682040,0.34351833,0.48864414,0.45762410,0.35781326,0.33465449,0.45091790,0.45225608,0.82285311,0.41645833,0.47366417,0.47727885,0.47783592,0.39832456,0.39123255,0.46775431,0.38476431,0.37225456,0.49860736,0.50187083,0.44720936,0.53922052,0.43910281,0.48829222,0.38765446,0.48902706,0.53161727,0.45093960,0.48521795,0.43423247,0.40666236,0.54244930,0.47376735,0.49624108,0.46895678,0.45646854,0.39105785,0.70505362,0.49832531,0.40863377,0.54487592,0.35793705,0.40317488,0.41459277,0.47708835,0.40305499,0.62109474,0.48390357,0.49952584,0.42968191,0.56876949,0.56473935,0.67775704,0.49269910,0.58796306,0.50092813,0.46440175,0.47369207,0.46726245,0.49271744,0.48521104,0.45795130,0.35445031,0.35891724,0.47451488,0.49769431,0.41171148,0.50072582,0.43748090,0.38508215,0.40568361,0.40863377,0.50455522,0.44365070,0.41856088,0.49854794,0.39024535,0.51059091,1.00000000,0.44254590,0.38796125,0.45276458,0.46287944,0.50939111,0.40727773,0.42271647,0.45647644,0.52787015,0.49365594,0.43036677,0.40737774,0.41846007,0.44655153,0.46224590,0.42818505,0.38893574,0.48625206,0.48558939,0.46759988,0.56291453,0.42205065,0.48413809,0.47224088,0.40356647,0.32877614,0.43124642,0.43204098,0.47919777,0.45013413,0.42227980,0.38639779,0.40456076,0.40942112,0.46049275,0.44557148,0.49823625,0.38619009,0.34767470,0.41649043,0.46735428,0.38211880,0.41776544,0.43948351,0.49697608,0.43412511,0.58598430,0.44592567,0.45872598,0.40763764,0.74393257,0.51580308,0.55472362,0.56012544,0.57773696,0.46950129,0.34797379,0.42059902,0.43314656,0.43961459,0.44170145,0.49995901,0.52105062,0.56312615,0.46117194,0.48483674,0.47470771,0.41005946,0.44080651,0.49951638,0.44259586,0.39759905,0.70653257,0.39564939,0.38967946,0.46072227,0.41293808,0.39744994,0.41307233,0.53046533,0.41062096,0.49705241,0.39605084,0.49140884,0.41199915,0.52079773,0.31206389,0.49933877,0.50543298,0.40910750,0.49403894,0.52235404,0.50113158,0.38893574,0.43383109,0.35485352,0.49434680,0.47878698,0.45555283,0.47261110,0.57832767,0.54478440,0.48202963,0.35879789,0.53686354,0.48085876,0.42075234,0.49790660,0.37788026,0.41110634,0.38270754,0.48959147,0.53889995,0.48615790,0.53822009,0.41923215,0.36110548,0.46986821,0.45932376,0.39093861,0.52943688,0.35731240,0.41293808,0.39325555,0.38089386,0.40119329,0.43038042,0.48391315,0.68459617,0.47820125,0.38431047,0.49772320,0.38319399,0.45131692,0.44674169,0.43960513,0.43640183,0.40116926,0.48847348,0.44608306
90147,0.62576519,0.54701028,0.47880259,0.50393689,0.48279696,0.63885965,0.54519603,0.57576389,0.49264171,0.47815029,0.41045960,0.61726998,0.61969106,0.45714577,0.60363231,0.64463303,0.33320762,0.43408568,0.50323708,0.60906189,0.71305945,0.48403848,0.63433272,0.35012110,0.63927201,0.45004947,0.50939448,0.55009933,0.46825871,0.47109120,0.43941586,0.62036883,0.63186844,0.51192029,0.59538736,0.62888051,0.40858137,0.60289218,0.34183909,0.53428119,0.49938540,0.39780518,0.64513322,0.52379780,0.62828684,0.57312304,0.48628953,0.48640345,0.51233706,0.50476160,0.64039159,0.58242998,0.41175921,0.62342841,0.60456676,0.59701226,0.42433267,0.48067098,0.53340009,0.62204195,0.49175688,0.41645045,0.48905072,0.55285920,0.33899422,0.54731886,0.48042066,0.54942876,0.49131479,0.39953980,0.53383565,0.55893543,0.56612652,0.52668495,0.52644189,0.40413788,0.41590513,0.56895030,0.41254917,0.53934888,0.48794056,0.38950717,0.54535395,0.52917405,0.51699171,0.51211120,0.44719740,0.54899496,0.41000196,0.65605024,0.76161758,0.50463167,0.61745412,0.55835278,0.44900924,0.48310271,0.61325953,0.61200927,0.57049394,0.45889452,0.38887124,0.47447199,0.68263404,0.51850320,0.51708955,0.46452994,0.42877818,0.59908868,0.70864716,0.45917031,0.53244290,0.45802659,0.51151116,0.60220031,0.52711797,0.44718591,0.44508484,0.51828286,0.51938364,0.52168215,0.57514768,0.66048604,0.77664205,0.40222894,0.49529020,0.53615392,0.42911891,0.58401845,0.44746471,0.48431421,0.62673173,0.52685110,0.51784424,0.59033962,0.68230658,0.59013344,0.48736300,0.61583176,0.45550991,0.55986654,0.51461333,0.51924356,0.61785742,0.47070635,0.60031435,0.60220031,0.56005544,0.44265822,0.55798137,0.57646342,0.56887271,0.51362285,0.44254590,1.00000000,0.56135313,0.64176894,0.58997918,0.55183259,0.42195041,0.65468676,0.45806356,0.55198154,0.75195194,0.69922987,0.59603754,0.64143753,0.56947933,0.64222262,0.54291301,0.60367467,0.59537044,0.65853376,0.58128376,0.60389039,0.66969235,0.57925408,0.42854774,0.65435027,0.43055038,0.64782061,0.48773576,0.67292575,0.65496942,0.61333610,0.57039728,0.43833409,0.69443172,0.57514268,0.62431965,0.50572514,0.36508863,0.46298703,0.41420427,0.54685575,0.41905882,0.45046754,0.59986143,0.56956656,0.67539358,0.44961591,0.58884194,0.45617910,0.50583760,0.43743833,0.55670842,0.41578415,0.56096993,0.57668931,0.41815974,0.45838763,0.53643127,0.45321102,0.50798448,0.48347562,0.50396082,0.52150821,0.65728687,0.60468827,0.52302585,0.60453477,0.43043932,0.54519603,0.65794226,0.49179287,0.42517910,0.47839999,0.50968158,0.56614479,0.42416431,0.31394831,0.56382828,0.54848781,0.38889687,0.46370499,0.76351251,0.48078810,0.62802126,0.48791170,0.46968632,0.52058888,0.63666578,0.63161616,0.78219126,0.64368836,0.56001500,0.60355197,0.60367467,0.48439269,0.35315852,0.64309940,0.62742283,0.73896724,0.58937478,0.57324549,0.55337434,0.65980107,0.46036606,0.60419378,0.49161479,0.54549669,0.54821756,0.64467491,0.67418273,0.55716272,0.56867002,0.59427061,0.65060149,0.53152833,0.54754277,0.46011029,0.56243816,0.65628420,0.56853501,0.62438841,0.38842516,0.31394831,0.49657776,0.54633760,0.53011639,0.63348705,0.68537558,0.51335038,0.60961780,0.54022470,0.49362240,0.40631894,0.40881112,0.43317842,0.65392287,0.61376081,0.55233945,0.65884400,0.63034087
90157,0.47423672,0.40280079,0.38885029,0.37726130,0.43878663,0.52902853,0.43961989,0.43599784,0.38178510,0.36835567,0.36647186,0.55304616,0.51628702,0.42945180,0.45778462,0.47044645,0.25730164,0.35169404,0.36867253,0.44118716,0.57153668,0.34292949,0.50680618,0.35373050,0.47359497,0.44327079,0.37809761,0.47853314,0.43267716,0.27787362,0.38408410,0.53331922,0.51647665,0.35726183,0.46018425,0.52434066,0.29445777,0.49221860,0.30378381,0.40413565,0.46991633,0.31066866,0.51874763,0.52028318,0.52003612,0.49451442,0.43529963,0.41073514,0.43358988,0.46753168,0.54060294,0.44411788,0.40553670,0.47379636,0.44004995,0.45421837,0.37485509,0.52242753,0.48933988,0.49606283,0.43599281,0.36093384,0.51210581,0.51854497,0.31871716,0.49124032,0.36533600,0.45319536,0.48363917,0.35708371,0.49498179,0.42919195,0.42781177,0.44791825,0.38961688,0.32056926,0.39106768,0.46123214,0.30719645,0.34210745,0.39270767,0.34620231,0.47382578,0.38911481,0.39052578,0.46042890,0.32710178,0.50161282,0.34022715,0.59312579,0.45406564,0.46415741,0.49014732,0.48988630,0.38478048,0.49127481,0.50355064,0.50929623,0.36826804,0.44933760,0.37449924,0.49717337,0.66682449,0.45702426,0.41336412,0.41900900,0.37104499,0.49134244,0.45270120,0.39269449,0.49179302,0.39870461,0.41041804,0.33620167,0.43902887,0.33900380,0.34636848,0.48055461,0.43244037,0.49652129,0.55462701,0.55276763,0.42429344,0.42009048,0.51462012,0.46354699,0.37357148,0.46884514,0.37842644,0.48892757,0.50775570,0.44705773,0.42319508,0.62190939,0.51400035,0.55400783,0.39782239,0.42320037,0.47968242,0.49023124,0.47923887,0.47016892,0.53143834,0.33890171,0.51093203,0.33620167,0.51564511,0.39643002,0.61191721,0.48780490,0.50778226,0.39599263,0.38796125,0.56135313,1.00000000,0.49349579,0.55513882,0.50645858,0.41735164,0.58832637,0.32437541,0.49790467,0.48821694,0.47793241,0.34951300,0.45497487,0.38017909,0.48058287,0.39143221,0.44132626,0.42663917,0.49485365,0.55431330,0.50251582,0.50289976,0.42386305,0.36983571,0.41212399,0.30828080,0.55981802,0.41062923,0.49597483,0.48749340,0.53283985,0.45152228,0.39144158,0.44568907,0.40777334,0.53296727,0.38621408,0.34621847,0.41904452,0.43349478,0.40053740,0.36614042,0.36938551,0.39976348,0.48853126,0.44079918,0.43139084,0.47468783,0.41565604,0.47464790,0.34646251,0.50843794,0.42121352,0.46166417,0.44713963,0.36070970,0.30400767,0.46488717,0.41902814,0.47785760,0.41808309,0.40729270,0.51961807,0.38938856,0.47960282,0.44170471,0.49474710,0.40520090,0.43961989,0.56517554,0.43704190,0.32539856,0.42598497,0.40806511,0.50714069,0.37989971,0.30678894,0.53677874,0.45683800,0.30633892,0.43601944,0.49103268,0.36917398,0.48012248,0.37857632,0.43684409,0.42213680,0.56060240,0.49628120,0.41545657,0.52510704,0.55607627,0.42121146,0.44132626,0.45266697,0.37916664,0.42354555,0.58730146,0.58180343,0.52738326,0.44839458,0.47018352,0.52380227,0.40827742,0.54728691,0.35370876,0.48546642,0.52531492,0.45773093,0.49099586,0.49066052,0.60510898,0.49649745,0.51907164,0.43725496,0.50717359,0.40040911,0.48705687,0.41490189,0.51413709,0.49164649,0.37129028,0.30678894,0.42360320,0.52200991,0.46848315,0.53381784,0.64471278,0.42122790,0.57602027,0.37496816,0.47189502,0.31013067,0.38126984,0.37264590,0.45774796,0.50874518,0.47867574,0.52485033,0.48601294
90477,0.55210823,0.54159289,0.54583857,0.47947303,0.53498380,0.65016933,0.55470358,0.50536359,0.47278794,0.42603753,0.49647431,0.52391113,0.57741707,0.49957688,0.61229191,0.63519359,0.38379140,0.47999141,0.48095778,0.65872130,0.67249725,0.52906287,0.62668003,0.31570046,0.63042032,0.44492357,0.60282559,0.57608120,0.55386100,0.44469665,0.44996433,0.58736785,0.54365280,0.54830588,0.52254645,0.56383531,0.37296590,0.51504907,0.42385976,0.48739430,0.56877442,0.45703123,0.63221567,0.58725518,0.62121492,0.56515624,0.43849482,0.52625225,0.53939428,0.52357235,0.55041590,0.52297268,0.51871649,0.64712861,0.65862807,0.53766400,0.36991438,0.50883492,0.65244143,0.61630990,0.71143343,0.34274350,0.46077301,0.53302080,0.37954123,0.44094722,0.42037239,0.54170323,0.46553863,0.34533704,0.51200393,0.57590946,0.66601729,0.53497663,0.49036492,0.36653554,0.53163195,0.56476319,0.41512883,0.49850509,0.49046237,0.36988995,0.60843952,0.48203664,0.50060904,0.48643023,0.51928058,0.54176600,0.42100063,0.62030968,0.62838862,0.49690610,0.64226668,0.55049430,0.44588662,0.56040513,0.57505656,0.46961951,0.52419261,0.46962870,0.44361832,0.45456249,0.55335667,0.51583983,0.51155123,0.55924551,0.52819501,0.53943547,0.67748948,0.51320551,0.56265750,0.57074079,0.60688135,0.66129288,0.58477431,0.47897030,0.38057243,0.52465785,0.49041982,0.52003747,0.67554980,0.51620726,0.68555717,0.50462213,0.49819092,0.52230497,0.51242439,0.57404871,0.52554473,0.51562481,0.97157714,0.61385277,0.57001305,0.51907808,0.60544208,0.45095385,0.46272146,0.54825313,0.49659957,0.53071868,0.48439422,0.48576324,0.53068335,0.43695263,0.58119861,0.66129288,0.55517230,0.43513234,0.44657039,0.69271581,0.50364412,0.46608125,0.45276458,0.64176894,0.49349579,1.00000000,0.45330855,0.52646706,0.42302080,0.58194721,0.34717372,0.58825987,0.71115738,0.71768523,0.68926235,0.68499524,0.56887212,0.62694687,0.58539156,0.58787529,0.70155875,0.59330072,0.45387782,0.60972424,0.64845526,0.54285184,0.52739225,0.59202387,0.33330283,0.53278256,0.43893698,0.62198764,0.63661680,0.60240868,0.55882087,0.42254708,0.64249295,0.60399037,0.58918946,0.49701787,0.34185982,0.39592729,0.44029148,0.53278664,0.36151364,0.39858155,0.61146527,0.59315973,0.57690638,0.48152365,0.63359932,0.47324195,0.46274690,0.48391753,0.56231177,0.47483101,0.68133862,0.71060706,0.33520275,0.45374950,0.43718526,0.45444594,0.44680380,0.50940881,0.50199482,0.55989907,0.65447848,0.53735997,0.53849484,0.63759365,0.39362919,0.55470358,0.71841359,0.51118808,0.44826409,0.59182505,0.50378999,0.50165960,0.49989433,0.34359845,0.49952512,0.46426630,0.50353142,0.63253087,0.71423736,0.47949498,0.58123120,0.36729847,0.58485980,0.41509419,0.65584974,0.66494619,0.64017285,0.61669832,0.54088277,0.53125241,0.58787529,0.50360980,0.38911611,0.54614199,0.61694244,0.69388079,0.50844052,0.70711562,0.68848568,0.59951275,0.49959101,0.61466278,0.58780306,0.44897404,0.51026020,0.48601085,0.59161689,0.45315516,0.50124081,0.61750366,0.51017668,0.49672808,0.62035353,0.37453224,0.54684657,0.71475671,0.68159826,0.67906437,0.34848917,0.34359845,0.42500133,0.50309132,0.44603570,0.50471305,0.67399813,0.60368188,0.52950191,0.57027074,0.53496604,0.40932922,0.51299018,0.48172614,0.60108714,0.51835868,0.59238575,0.52187595,0.50729601
90720,0.59285757,0.52917108,0.50015388,0.52677262,0.51646615,0.56544752,0.48566564,0.50050357,0.49897430,0.51257464,0.49978369,0.62994854,0.67313559,0.51310436,0.53430594,0.57248833,0.31922176,0.39407271,0.47730759,0.49725854,0.59248095,0.41030094,0.55838385,0.32763394,0.57094721,0.44679829,0.44776543,0.52295053,0.48380047,0.39808732,0.47785463,0.58399371,0.60200247,0.45714968,0.54948180,0.57435169,0.38350761,0.52809463,0.44090516,0.61303190,0.54213262,0.33973388,0.56995044,0.48886130,0.62503305,0.59505293,0.54301937,0.45243574,0.45717557,0.48201817,0.57177477,0.53904913,0.36229226,0.59127771,0.49870261,0.56154973,0.45730343,0.47018165,0.46634090,0.52963983,0.45473015,0.46481628,0.57196952,0.45935607,0.42124809,0.51434052,0.43511166,0.56444650,0.49168231,0.35403519,0.51155397,0.51479348,0.50325618,0.44301952,0.59644167,0.45028885,0.41885578,0.47223238,0.45853459,0.46283242,0.50128687,0.48255898,0.54438182,0.52411843,0.50006620,0.51853680,0.48539941,0.55017893,0.47602414,0.54730268,0.52235538,0.55845440,0.58851706,0.51741152,0.49505778,0.52420195,0.51737964,0.63706624,0.51361225,0.55515771,0.42149872,0.54670264,0.69501435,0.48350311,0.50088448,0.47680604,0.42030919,0.56503024,0.50762179,0.50005712,0.55971273,0.40886201,0.49443601,0.33754096,0.59599759,0.42066483,0.40544372,0.51519099,0.46428229,0.57473514,0.52595948,0.71195545,0.54516042,0.45541979,0.48355523,0.52812408,0.39559254,0.60097790,0.38285809,0.47843625,0.46402453,0.47458128,0.40415807,0.67515614,0.49416702,0.99551888,0.49605619,0.50545343,0.43671291,0.57419545,0.56883248,0.41533147,0.56185677,0.46844598,0.61761951,0.33754096,0.59288438,0.42201983,0.68711943,0.54420236,0.56216431,0.60972092,0.46287944,0.58997918,0.55513882,0.45330855,1.00000000,0.48934328,0.36852368,0.64904817,0.46849414,0.50474317,0.55253424,0.47465106,0.36628776,0.43102275,0.52143990,0.54934923,0.43483984,0.47590855,0.46177891,0.55423315,0.98133432,0.46759370,0.55101202,0.48385170,0.42294998,0.47349428,0.46805981,0.59896576,0.52495797,0.60793749,0.54009344,0.58987809,0.51033041,0.42914395,0.50073419,0.45704080,0.58360585,0.48919208,0.35981242,0.38263339,0.41553230,0.42226813,0.36753442,0.44329037,0.48569538,0.45457701,0.51556726,0.57349168,0.54739216,0.49118538,0.57300956,0.40101657,0.54753292,0.39949418,0.45724076,0.41955833,0.45213576,0.37932657,0.52633058,0.44367453,0.58120418,0.49073245,0.55641195,0.47655723,0.46240845,0.58985744,0.41641649,0.50512854,0.45111515,0.48566564,0.56320050,0.56673856,0.48640860,0.47705585,0.47574459,0.56121765,0.43928656,0.41200994,0.59502987,0.51613801,0.33214858,0.40708742,0.55195769,0.46530862,0.62613846,0.57230498,0.58844714,0.57894054,0.59427619,0.55502622,0.48881871,0.47867262,0.58930114,0.53056356,0.47590855,0.55000901,0.35150405,0.51585690,0.62445716,0.58949289,0.62624439,0.42051443,0.45866932,0.59697130,0.38724522,0.58706233,0.33003080,0.56312358,0.50707510,0.46181396,0.51839339,0.59343088,0.52324776,0.47423157,0.61253554,0.57638206,0.56202254,0.45923046,0.51808331,0.49799900,0.47164321,0.49867419,0.37309419,0.41200994,0.43895262,0.57471190,0.49753964,0.55514671,0.63286616,0.47412873,0.66983361,0.50685868,0.53308926,0.43684583,0.42958085,0.42892416,0.52586085,0.54727526,0.56488162,0.61327554,0.59619450
90730,0.42428473,0.44205401,0.37716209,0.53230406,0.40170247,0.48019334,0.48770275,0.54508054,0.46847595,0.40161621,0.42129561,0.49800532,0.51871620,0.54541899,0.56973186,0.55541455,0.40357874,0.50494554,0.42201139,0.51382796,0.57198460,0.51557190,0.52719690,0.39076989,0.55456694,0.44549412,0.46794580,0.45096878,0.48088481,0.37908368,0.50837211,0.52934999,0.51924086,0.40279077,0.46998295,0.55544498,0.33070578,0.44148957,0.38046564,0.38290501,0.60086323,0.44288006,0.52411721,0.58663229,0.52085865,0.56321054,0.52620565,0.53549646,0.50955753,0.47320131,0.50000999,0.53053743,0.56297538,0.46958812,0.51359868,0.54215378,0.46460014,0.65966519,0.62185444,0.52555495,0.46450448,0.49269403,0.62695633,0.65147791,0.46013122,0.53915908,0.50898836,0.62424869,0.40259627,0.60640374,0.42542684,0.49171336,0.42083695,0.43004993,0.44420592,0.41635221,0.51814326,0.51107206,0.35216001,0.44612716,0.44574370,0.49932160,0.57843424,0.45717823,0.41202709,0.63042386,0.40616234,0.44901523,0.42243343,0.49869327,0.42236073,0.38726613,0.49643748,0.55283059,0.43570977,0.57899773,0.42803741,0.59509218,0.44605090,0.44307642,0.50781717,0.62116122,0.57331956,0.56113220,0.48791489,0.55370265,0.51790502,0.52709437,0.56017368,0.52798404,0.40473788,0.56026023,0.42836434,0.48828108,0.47259827,0.34641714,0.46343023,0.46079606,0.60542553,0.54819586,0.57274784,0.55834445,0.54136694,0.47747948,0.67331986,0.57776635,0.49007593,0.58944431,0.43649413,0.56187004,0.52501272,0.42287040,0.46534049,0.57543184,0.60416435,0.49305828,0.42764462,0.40798836,0.58020414,0.53138503,0.44697603,0.50172365,0.47334447,0.39605908,0.44180192,0.48828108,0.59242143,0.52631454,0.60510824,0.50013294,0.48434303,0.43554964,0.50939111,0.55183259,0.50645858,0.52646706,0.48934328,1.00000000,0.45996331,0.54018282,0.49506359,0.64979837,0.54088807,0.54392584,0.45225688,0.52364105,0.53354941,0.53758866,0.52831857,0.48556656,0.52767534,0.54884626,0.49464547,0.63787731,0.50753660,0.49009348,0.51837570,0.46906393,0.34309028,0.49522999,0.43679763,0.49031314,0.51894279,0.45981638,0.39361081,0.59451453,0.52808340,0.44345674,0.49862029,0.55950343,0.43397483,0.41080335,0.53811290,0.50718686,0.50701979,0.45593939,0.56828405,0.56970618,0.48207573,0.58130932,0.46650943,0.63409877,0.58070063,0.50542146,0.54899477,0.50676522,0.60113850,0.54201049,0.42711536,0.39071137,0.55953293,0.63009163,0.51310474,0.51309082,0.38528927,0.84387977,0.52104899,0.48336958,0.45947741,0.51597067,0.48725683,0.48770275,0.52064157,0.48892255,0.44261404,0.58137589,0.49515054,0.48363840,0.60716213,0.41286053,0.48029407,0.53126344,0.47927259,0.49070767,0.54427335,0.44260377,0.49183235,0.36919332,0.45363895,0.42910315,0.49237872,0.51974290,0.50613789,0.60362562,0.55459490,0.50251140,0.48556656,0.50683249,0.44730106,0.48891494,0.50221653,0.56134324,0.49125246,0.54034495,0.59081443,0.50940894,0.40002209,0.64893792,0.53189822,0.47714882,0.52213076,0.45889132,0.50707135,0.57820033,0.55908085,0.64114260,0.51202299,0.48867129,0.40688313,0.50602330,0.57130958,0.48630145,0.40110172,0.54575663,0.48856733,0.41286053,0.54948386,0.49181128,0.51616881,0.57517458,0.55772912,0.56470044,0.51750411,0.44540624,0.43600076,0.35085918,0.45478574,0.42983450,0.48440196,0.51401615,0.39758782,0.51368024,0.42810851
90748,0.42478089,0.47081057,0.43087714,0.47547542,0.42126643,0.46130389,0.48957247,0.43499491,0.48317127,0.38906962,0.41801135,0.47663588,0.41857346,0.42980912,0.52020399,0.54990997,0.26717052,0.37390087,0.45309965,0.47534211,0.53258663,0.41027605,0.45885246,0.58221686,0.54678980,0.40367678,0.43957494,0.41086843,0.50328123,0.30453222,0.40111760,0.50762846,0.47285933,0.38685289,0.46377237,0.48569059,0.32431310,0.38046921,0.35567727,0.37789342,0.49590795,0.30138582,0.47957625,0.47969471,0.49205454,0.43454765,0.38787801,0.42304931,0.42948440,0.40492725,0.46347511,0.46123258,0.46223913,0.48184244,0.47427353,0.43872249,0.40845332,0.45638217,0.49569217,0.46634260,0.38077466,0.45825597,0.54160468,0.43397607,0.43090674,0.37102478,0.35983174,0.53219941,0.41508814,0.39081766,0.44715700,0.44969940,0.35936742,0.35822666,0.37751056,0.36842507,0.40842407,0.41124741,0.36793824,0.34508981,0.43517259,0.45646102,0.48258343,0.38776975,0.39958995,0.49923315,0.40378442,0.47362446,0.38674199,0.47505866,0.36472490,0.38054072,0.47544217,0.64834290,0.37490888,0.52046304,0.42187618,0.49030345,0.35665203,0.42188149,0.41992186,0.53685719,0.48738231,0.33063586,0.43539413,0.42742427,0.36235888,0.51285513,0.45255927,0.46650794,0.38937901,0.42829957,0.46265097,0.35392174,0.46266895,0.33890866,0.42750679,0.45586707,0.54838293,0.40714550,0.52594997,0.43660129,0.48286605,0.51945346,0.46723628,0.45733288,0.35958324,0.49524673,0.36203683,0.49062866,0.43303185,0.45165457,0.46097458,0.50057219,0.40690882,0.36383300,0.35833807,0.37118412,0.54371479,0.38586389,0.35623633,0.36508684,0.43687377,0.35203340,0.38415083,0.35392174,0.50197399,0.47242698,0.48581673,0.45428731,0.39780295,0.37743214,0.40727773,0.42195041,0.41735164,0.42302080,0.36852368,0.45996331,1.00000000,0.45464593,0.47928695,0.55406830,0.46700896,0.41200277,0.33431413,0.35834859,0.43027633,0.44921296,0.38373067,0.34851552,0.47615083,0.43701211,0.36294779,0.44588893,0.40176852,0.43029303,0.36733557,0.44582985,0.27194955,0.49775618,0.40177537,0.44169892,0.48575381,0.43742319,0.42527182,0.46585954,0.37808751,0.43881881,0.43619657,0.50868435,0.51604248,0.58351686,0.50924290,0.32780741,0.53222221,0.53875399,0.38929972,0.52731653,0.42366006,0.48393059,0.45682756,0.53185063,0.48411653,0.37356963,0.52275824,0.54028661,0.47113107,0.46610679,0.43452652,0.27002341,0.44685710,0.52343704,0.47560371,0.54116773,0.39334561,0.46262319,0.45188552,0.45970136,0.35278280,0.39877299,0.46217863,0.48957247,0.45324698,0.44740723,0.36751278,0.44205868,0.45313658,0.39806235,0.54685455,0.39080821,0.38932186,0.42065568,0.40450108,0.45606365,0.46863672,0.51274383,0.44757997,0.35744652,0.45257643,0.35807628,0.42984680,0.50491905,0.39594226,0.43428932,0.47236413,0.55907979,0.34851552,0.41460860,0.41729542,0.54950211,0.49219909,0.41365855,0.44995206,0.46088267,0.47641858,0.43042752,0.43822181,0.56644220,0.44615378,0.43175760,0.44277650,0.33612254,0.47507369,0.39053760,0.45924106,0.46869836,0.43207629,0.45183279,0.39392884,0.42997694,0.45718055,0.43136585,0.40978913,0.51954494,0.52076834,0.39080821,0.50813671,0.39389268,0.45341506,0.51453300,0.54461410,0.47252117,0.43172833,0.38467264,0.43323761,0.38077552,0.48267394,0.43378962,0.35682638,0.35547370,0.43641944,0.42539049,0.37694617
90749,0.66742768,0.65366012,0.60048896,0.57372069,0.52849752,0.70478372,0.61046599,0.60856059,0.63426936,0.58833657,0.61353843,0.67348771,0.71178905,0.50922062,0.63520472,0.71207187,0.30666524,0.40760566,0.60663095,0.56058469,0.65490321,0.42143400,0.67434230,0.36119642,0.71168985,0.53725960,0.58567144,0.59668239,0.59151720,0.39899968,0.49112424,0.60367867,0.55494509,0.58656878,0.61444676,0.64587861,0.50541893,0.64743009,0.46343986,0.56746297,0.61303587,0.36316026,0.66191911,0.65557646,0.71483125,0.62112450,0.48900655,0.45870555,0.63490432,0.68463823,0.71221087,0.54066654,0.48558353,0.73031123,0.55874975,0.59778811,0.55868960,0.52839967,0.51400046,0.64683223,0.49223710,0.46702856,0.58833476,0.48349840,0.42880812,0.54672819,0.47230363,0.68111580,0.58475753,0.43125278,0.59880372,0.62993572,0.63605813,0.53860195,0.58523921,0.39542699,0.50740670,0.60380684,0.48207644,0.53097970,0.62305970,0.49008689,0.53881301,0.58419284,0.54323695,0.57417918,0.45810258,0.67473019,0.43098922,0.60299713,0.58268865,0.55540085,0.65740592,0.55531044,0.45627326,0.56799731,0.60709642,0.66715325,0.50894319,0.49075028,0.42910787,0.57174668,0.73323378,0.53389964,0.60598267,0.48274937,0.45842708,0.73309977,0.58182793,0.48218365,0.53887283,0.46020925,0.55901471,0.40021018,0.64943082,0.49135307,0.44824686,0.62624101,0.51732759,0.57413300,0.57267446,0.70042456,0.58473970,0.45892420,0.55384556,0.60429314,0.47610704,0.56251694,0.41171336,0.54966888,0.58518791,0.60360831,0.45794938,0.60177201,0.57572996,0.64773943,0.56854983,0.61290366,0.52212564,0.54202796,0.49840231,0.44130844,0.70829644,0.57843453,0.61109796,0.40021018,0.68727653,0.50905100,0.61861020,0.69151918,0.57769758,0.59736122,0.42271647,0.65468676,0.58832637,0.58194721,0.64904817,0.54018282,0.45464593,1.00000000,0.43769648,0.72930844,0.62026239,0.52215680,0.41686146,0.52965693,0.51046374,0.58008811,0.47640552,0.49949480,0.57210901,0.57219358,0.64178049,0.56243124,0.58912738,0.50204026,0.46387620,0.49578576,0.51874408,0.76379585,0.50997629,0.61359213,0.56040362,0.71830011,0.61125323,0.53262177,0.54095169,0.57817105,0.68188053,0.51100096,0.44676141,0.47479066,0.53529873,0.44123652,0.49960922,0.53026330,0.52785693,0.51486202,0.54592177,0.53956124,0.70789364,0.57046377,0.59138203,0.41317146,0.59808033,0.41021701,0.51679303,0.49705422,0.44613657,0.33136204,0.53499528,0.52376773,0.58023970,0.57327960,0.55183277,0.54633652,0.49847033,0.67621604,0.43373983,0.51894669,0.45302119,0.61046599,0.70193342,0.58333660,0.43727355,0.50529124,0.56056086,0.57560358,0.53869126,0.31898184,0.61014347,0.57134097,0.36390562,0.54339648,0.62280495,0.63947991,0.66390898,0.54324433,0.54987471,0.55874813,0.71308217,0.64145695,0.55399769,0.53509001,0.55779793,0.58807973,0.49949480,0.57155546,0.39853840,0.58519478,0.66047151,0.62766986,0.66005241,0.49358926,0.47497449,0.67324971,0.58245736,0.70849620,0.43795666,0.53460706,0.56086689,0.49978771,0.56616866,0.56982989,0.53954454,0.53288967,0.65578931,0.55013750,0.55917040,0.42130297,0.56182071,0.58370115,0.59046319,0.57721161,0.46706551,0.31898184,0.56973346,0.51246715,0.45405923,0.61606176,0.70212801,0.57367972,0.66743743,0.52885180,0.52149652,0.45823787,0.49474048,0.53623491,0.54454798,0.56665240,0.66811540,0.65386691,0.63202843
90864,0.35596189,0.39127629,0.33165753,0.49135672,0.38257047,0.38085187,0.43321886,0.51306003,0.47086983,0.41867886,0.38408841,0.46939708,0.48503688,0.46977577,0.46346536,0.47416833,0.27754102,0.39641849,0.41646343,0.40613256,0.46606983,0.39837692,0.40798071,0.41052127,0.47364775,0.42829412,0.38951676,0.37503614,0.35647041,0.37398177,0.42237222,0.40138450,0.48476861,0.33832057,0.41366015,0.40057838,0.30359055,0.38418348,0.32195485,0.39899329,0.48570212,0.32624613,0.40270208,0.52931656,0.40601101,0.48320042,0.48683731,0.47370771,0.36237894,0.30303446,0.42748603,0.51351303,0.37910143,0.42143363,0.40653217,0.46425579,0.42963755,0.47702733,0.48129792,0.39616195,0.33522001,0.54301068,0.58639042,0.48024718,0.47092894,0.41818450,0.49838451,0.57559911,0.36955902,0.46419557,0.29385050,0.39248562,0.31155644,0.29884448,0.45298025,0.48930078,0.31304753,0.46039427,0.34210235,0.34306140,0.42262206,0.48183726,0.48869120,0.43933024,0.40250492,0.52045057,0.36163232,0.33673225,0.50012533,0.40319824,0.33407307,0.33605100,0.40813998,0.52150293,0.39980967,0.50897582,0.34514822,0.67015058,0.37155983,0.35927989,0.42280247,0.56605278,0.48541078,0.41024399,0.45733769,0.47653835,0.42202673,0.51078696,0.41863845,0.51189179,0.32001144,0.44100874,0.35209466,0.36225115,0.42439958,0.25111641,0.46024718,0.39045775,0.60318881,0.44869290,0.46882730,0.52162590,0.45953231,0.40405003,0.50167866,0.47134396,0.38506864,0.54288152,0.35370226,0.48399403,0.35422527,0.31036396,0.41501538,0.51319677,0.44133039,0.45980187,0.34977129,0.32333897,0.46848691,0.39414720,0.33455345,0.34128951,0.40889026,0.35270319,0.38106889,0.36225115,0.46082177,0.45431322,0.51502583,0.39681307,0.43301727,0.44700234,0.45647644,0.45806356,0.32437541,0.34717372,0.46849414,0.49506359,0.47928695,0.43769648,1.00000000,0.45215207,0.41491642,0.37467622,0.34146742,0.34010143,0.44602082,0.39995484,0.36175387,0.29741372,0.39173737,0.46897631,0.44917397,0.46970540,0.41207724,0.44163253,0.42694026,0.46191456,0.32917721,0.44051107,0.48456819,0.41880596,0.51645048,0.37232660,0.34387502,0.43345516,0.38474326,0.36266601,0.39676951,0.59416502,0.43701471,0.37502471,0.44070741,0.37534377,0.48050306,0.45457700,0.44013463,0.49888357,0.46859884,0.57711697,0.40994985,0.52686885,0.54921728,0.39782731,0.47112808,0.51498547,0.44955768,0.45520656,0.47705017,0.30759909,0.49860164,0.53243615,0.49047175,0.45185341,0.40857634,0.45146716,0.52772409,0.45021585,0.34821772,0.39254247,0.50044579,0.43321886,0.38299032,0.42334772,0.35415147,0.46491516,0.45204673,0.43156213,0.45507416,0.41875236,0.41957657,0.44357119,0.40494647,0.35073905,0.41855720,0.44272085,0.45549757,0.38756457,0.41357940,0.37650340,0.43163788,0.44262483,0.42920174,0.45427200,0.41776110,0.50909738,0.29741372,0.37064212,0.35780488,0.48668459,0.40486878,0.39324704,0.42389601,0.45259550,0.43679024,0.38544832,0.27014869,0.54919124,0.34475357,0.68082838,0.56346402,0.35804073,0.36438980,0.48500617,0.42713987,0.44155929,0.48840066,0.50968522,0.32845043,0.51446507,0.49073951,0.34786468,0.29556442,0.46195127,0.48514137,0.41875236,0.47552680,0.35243374,0.42010759,0.56027515,0.43051750,0.43600265,0.43789649,0.36322916,0.39327693,0.32841467,0.33143677,0.37253127,0.35904424,0.34411087,0.33095721,0.48857623,0.36125704
91161,0.54231936,0.58715436,0.48922279,0.60449662,0.44624154,0.59779649,0.58165655,0.59288656,0.58137269,0.58027240,0.66039732,0.62684942,0.65373628,0.59206082,0.66918253,0.70033678,0.45842578,0.55144257,0.57991581,0.56626263,0.62133793,0.46461192,0.62306107,0.49261706,0.70369393,0.47199708,0.58524614,0.52600801,0.60940793,0.37782406,0.53425951,0.53436554,0.48234295,0.59870466,0.60024043,0.62455800,0.46755153,0.58313512,0.52241200,0.49720593,0.69681557,0.47644496,0.59986912,0.71667654,0.63368651,0.66821634,0.50670654,0.52566569,0.68833100,0.69374392,0.65495702,0.60695700,0.66750008,0.60377200,0.56732014,0.57552776,0.57244106,0.60633230,0.56407611,0.61030376,0.49773874,0.50915416,0.62402476,0.53348785,0.47155773,0.52387141,0.47567753,0.68700861,0.48746805,0.58062214,0.54928757,0.61889496,0.54660962,0.50858402,0.55471954,0.36307194,0.54503771,0.55386167,0.49238433,0.49719566,0.62982560,0.51359811,0.64821684,0.48784439,0.50474703,0.65824334,0.45752750,0.63326097,0.42665171,0.55249901,0.50860344,0.47708918,0.58923766,0.71798897,0.48773998,0.67099917,0.54061580,0.63313148,0.46229020,0.42266511,0.53056854,0.61200056,0.65681672,0.51863998,0.62659419,0.53582246,0.53367905,0.67008329,0.57601324,0.56455204,0.50610583,0.61005827,0.52606327,0.40115457,0.60279393,0.45481157,0.45396844,0.60628764,0.62606259,0.57577519,0.65807059,0.58705645,0.54852882,0.50400574,0.61763993,0.64091870,0.61839365,0.57715876,0.51166964,0.64975686,0.59980992,0.53174194,0.47118822,0.55822548,0.54508634,0.50459131,0.57698984,0.50784020,0.58927659,0.52633558,0.44387622,0.44307413,0.59555286,0.53585523,0.55765216,0.40115457,0.70865625,0.67028981,0.57978069,0.65473687,0.54212717,0.55517901,0.52787015,0.55198154,0.49790467,0.58825987,0.50474317,0.64979837,0.55406830,0.72930844,0.45215207,1.00000000,0.60038400,0.52017571,0.45491135,0.51102884,0.49844766,0.52909446,0.47277303,0.42507326,0.61838812,0.52864790,0.48952867,0.55667321,0.54650785,0.50211997,0.53941603,0.46123745,0.49740415,0.64858163,0.42767096,0.55124572,0.54322658,0.60778843,0.52672808,0.62196903,0.54945885,0.48714000,0.61416324,0.54613353,0.64383482,0.59331675,0.62012251,0.44069325,0.63379434,0.66433927,0.55426958,0.59589074,0.47176644,0.58187465,0.62483228,0.67531084,0.59180679,0.55563180,0.60302889,0.52522649,0.53764765,0.53645059,0.38900360,0.35837461,0.55081281,0.65492958,0.54780732,0.61159414,0.48080538,0.64357828,0.51301539,0.62478288,0.51757695,0.53090827,0.47810587,0.58165655,0.61241663,0.59651912,0.42833339,0.63908443,0.61589632,0.54236942,0.67217892,0.42875802,0.51234621,0.51887285,0.48051603,0.58654186,0.60939708,0.61619996,0.60641628,0.49168936,0.58537866,0.46991051,0.60448967,0.57515632,0.54950087,0.53024013,0.52513543,0.53825759,0.42507326,0.60838242,0.55470152,0.52936954,0.60561094,0.53867358,0.59709657,0.53191454,0.53551838,0.56435834,0.59964129,0.68944004,0.53718244,0.47554619,0.52776861,0.40691518,0.51878999,0.50167081,0.51524376,0.55947245,0.56852393,0.56299868,0.50109721,0.44463016,0.58012253,0.59594025,0.53777010,0.61006610,0.57733401,0.42875802,0.65079108,0.44432500,0.46244401,0.62847140,0.64398961,0.65447869,0.56876912,0.47320055,0.52677521,0.47230053,0.55947931,0.55925557,0.46441226,0.47489340,0.54707137,0.56230549,0.54310457
91248,0.54744834,0.59139128,0.54148204,0.51703894,0.56776452,0.61350643,0.58553427,0.49588107,0.49745434,0.41937595,0.49706573,0.56255306,0.59776280,0.55460458,0.67451064,0.66212962,0.32964735,0.43559093,0.52753785,0.63445177,0.70084821,0.56850537,0.67762877,0.37953137,0.65614145,0.45330038,0.55682792,0.56467674,0.49746768,0.47201952,0.49569704,0.60497042,0.58195329,0.53184345,0.58111343,0.57182759,0.37494506,0.54733100,0.39692560,0.50957110,0.56440611,0.41757135,0.59526814,0.54892890,0.61950814,0.54642727,0.40321119,0.48806972,0.59977993,0.55986037,0.60707547,0.60477173,0.47983521,0.59369529,0.63169935,0.57020935,0.37172447,0.50004350,0.59440348,0.68601028,0.54232545,0.34936173,0.46863876,0.53982971,0.34692806,0.39277485,0.43436157,0.54158643,0.52785718,0.33002266,0.57402286,0.55577355,0.50717395,0.64604823,0.48693536,0.36201748,0.49428263,0.59071779,0.43704374,0.50090832,0.52962768,0.38502754,0.59212701,0.44933573,0.49480814,0.49460027,0.46131461,0.57167335,0.44411613,0.58675672,0.73442238,0.46989935,0.64115261,0.55921370,0.43251463,0.53561505,0.66470603,0.57355053,0.56455411,0.47899632,0.46046982,0.46008695,0.56905835,0.50164593,0.51041587,0.52205943,0.44460401,0.59036514,0.79525359,0.49009632,0.58473710,0.49497228,0.63520177,0.56604711,0.58568700,0.42594762,0.40005096,0.58378821,0.49978734,0.51629251,0.62660738,0.61832474,0.78126824,0.47553737,0.50121814,0.50606167,0.43842746,0.61267691,0.41847337,0.49566591,0.69173746,0.56417859,0.56789220,0.55769298,0.62220532,0.55286461,0.46864553,0.57615486,0.54132492,0.58889098,0.53387574,0.48356818,0.57392836,0.46480855,0.61881762,0.56604711,0.58623742,0.49792065,0.50279859,0.73445493,0.52449013,0.48293132,0.49365594,0.75195194,0.48821694,0.71115738,0.55253424,0.54088807,0.46700896,0.62026239,0.41491642,0.60038400,1.00000000,0.68954662,0.54645522,0.62800551,0.60318916,0.66233554,0.61127197,0.57254673,0.69374408,0.65937900,0.54975439,0.66321331,0.66250745,0.61256912,0.44471718,0.63295487,0.40302926,0.58964420,0.48398750,0.71817985,0.65510278,0.59595290,0.60072925,0.43663977,0.62467553,0.56772510,0.54618135,0.51162052,0.35637113,0.44387566,0.47738435,0.51803117,0.39447036,0.45922353,0.63256317,0.58012249,0.69750043,0.48398205,0.54904908,0.55670956,0.48780868,0.43698236,0.55139104,0.45594824,0.65324842,0.64428369,0.45517442,0.38986342,0.46965684,0.45967456,0.46903164,0.48867304,0.47672721,0.55970133,0.72610203,0.58667197,0.49989399,0.56783680,0.43430125,0.58553427,0.63114509,0.50615914,0.45121221,0.53367839,0.50666059,0.52241838,0.44675882,0.35422051,0.50466261,0.46746748,0.46487458,0.48834009,0.98897924,0.44745287,0.59548149,0.41187726,0.61026549,0.43421882,0.60285141,0.59852226,0.70749695,0.61826804,0.52884480,0.54148585,0.57254673,0.49671953,0.39040336,0.57459689,0.65724691,0.65961363,0.52258106,0.64031829,0.61114077,0.66044921,0.57998169,0.58431108,0.57087820,0.47427187,0.49914693,0.52002516,0.66270410,0.51286942,0.46163379,0.65905772,0.56663875,0.51772064,0.61220208,0.36676961,0.60172073,0.81554877,0.58640043,0.65550716,0.40147701,0.35422051,0.46636729,0.51212243,0.46267104,0.56565375,0.72224284,0.59507034,0.58930750,0.55140658,0.51474715,0.43495864,0.50102044,0.51225702,0.62827927,0.58262790,0.56877723,0.57532343,0.55983566
91250-A,0.53154969,0.51687013,0.46524485,0.47166653,0.45847358,0.59861776,0.52339584,0.52698697,0.46356028,0.35673229,0.36480524,0.48661319,0.49167668,0.47614755,0.57557318,0.57534071,0.31158155,0.44936481,0.46045731,0.62844319,0.65694814,0.52937231,0.62113972,0.35108524,0.57501845,0.43328109,0.51483057,0.50799005,0.43519392,0.53788548,0.42868066,0.57148247,0.54857335,0.46220223,0.48209824,0.57407470,0.32334426,0.46374186,0.31774580,0.37892929,0.47068615,0.36740095,0.57625064,0.50284130,0.60014404,0.48909220,0.38378432,0.49773156,0.47423834,0.43760784,0.52013033,0.53427503,0.39015034,0.59404137,0.62678117,0.50796187,0.34214489,0.53104033,0.62228631,0.63559732,0.52405287,0.37036359,0.42940836,0.55810821,0.30058872,0.44408227,0.41666374,0.49230294,0.45964183,0.31251436,0.52113906,0.48498074,0.54218910,0.47800989,0.40660850,0.28342953,0.43457112,0.49741113,0.39183180,0.48170038,0.43319397,0.33927087,0.56516494,0.47005942,0.44316789,0.47205285,0.45622063,0.53472118,0.34741955,0.59641168,0.63548528,0.39284647,0.58771342,0.52707927,0.39883183,0.46697469,0.56285781,0.47436580,0.54005481,0.40244316,0.39881919,0.41903157,0.57121764,0.48643100,0.39500750,0.52629892,0.45950073,0.48437581,0.65089404,0.41890179,0.49574539,0.52417199,0.53215476,0.74055299,0.46870419,0.43634973,0.40592296,0.42137760,0.46471592,0.40226433,0.59567428,0.54702355,0.71299366,0.41996158,0.52396606,0.46673292,0.43824637,0.57809300,0.44890754,0.46944507,0.68632870,0.49948496,0.55630345,0.53521511,0.66928391,0.47776292,0.40615350,0.51262850,0.41032524,0.54622833,0.52411216,0.42007866,0.51713377,0.40052960,0.49642984,0.74055299,0.53267570,0.45068936,0.49373475,0.55471925,0.55492479,0.38999669,0.43036677,0.69922987,0.47793241,0.71768523,0.47465106,0.54392584,0.41200277,0.52215680,0.37467622,0.52017571,0.68954662,1.00000000,0.76236462,0.88840689,0.62315348,0.65041374,0.58262299,0.62277370,0.62489498,0.61200558,0.48202395,0.58177121,0.72217058,0.53133114,0.45938923,0.59858927,0.32926666,0.52907880,0.46995261,0.59957014,0.66346827,0.54585003,0.48449362,0.41957646,0.73316357,0.52128684,0.55342705,0.49781098,0.33500868,0.42935131,0.33335523,0.52417061,0.38119545,0.43812137,0.69036753,0.55044189,0.57637916,0.42978980,0.49813086,0.46181043,0.42850863,0.44621342,0.45198946,0.46351595,0.67206011,0.68933919,0.39778012,0.43488803,0.47674599,0.43690163,0.42873509,0.48083220,0.43769198,0.58708182,0.68789051,0.51592916,0.46673860,0.59100004,0.33255384,0.52339584,0.61799143,0.48516445,0.41758490,0.53082363,0.39544070,0.55346331,0.42242541,0.28946548,0.46612857,0.48526519,0.41176162,0.47951441,0.69037688,0.40570756,0.50540702,0.31757616,0.41400412,0.41411670,0.58080982,0.54457872,0.68972571,0.61125345,0.52795557,0.54365267,0.62277370,0.41240513,0.35185575,0.56492046,0.53665095,0.71312444,0.43232210,0.68505544,0.65610301,0.62240244,0.44668310,0.56333665,0.55283496,0.45120176,0.46942995,0.55972851,0.64648009,0.45479768,0.49392627,0.62755040,0.53787577,0.43804182,0.51291573,0.39426570,0.51835801,0.59156161,0.51006560,0.65373998,0.39061179,0.28946548,0.44201880,0.49602154,0.49394086,0.52164288,0.60909786,0.50201155,0.56863260,0.52497412,0.46432691,0.38892295,0.43000436,0.42411612,0.59542081,0.58804270,0.51436249,0.54063761,0.52466116
91250-B,0.43114564,0.43407568,0.42090975,0.42887284,0.39554558,0.49850914,0.37836274,0.43420695,0.32016504,0.33510070,0.32161591,0.37142220,0.42733680,0.35063821,0.49654633,0.49885682,0.30515328,0.40415836,0.34296003,0.53614377,0.52617601,0.48237692,0.49210872,0.33073595,0.49853456,0.34569862,0.49878432,0.42776723,0.39127535,0.45290700,0.32772563,0.38816987,0.36177604,0.41989163,0.40766623,0.44063304,0.30801405,0.33555408,0.26320280,0.34921476,0.38087795,0.34513150,0.50420121,0.42716377,0.52612212,0.42767112,0.37687288,0.46834060,0.41609685,0.39164543,0.42041909,0.42765861,0.36714689,0.47365886,0.53448176,0.44360576,0.30390365,0.40565138,0.58663197,0.50608967,0.46392905,0.28904219,0.34512901,0.46658620,0.30378020,0.34585193,0.34069141,0.38801218,0.34404480,0.29387705,0.38741996,0.46290851,0.50506504,0.40214216,0.42028111,0.27458546,0.41566174,0.34849324,0.33157828,0.42254993,0.33785741,0.32570944,0.48621667,0.37480321,0.41562641,0.40867408,0.46852538,0.40720599,0.28922498,0.53771251,0.50124338,0.33089481,0.48709258,0.45951312,0.43185012,0.43734730,0.41159828,0.39612855,0.43283070,0.34184987,0.34998628,0.33620295,0.45307390,0.38287606,0.37152885,0.45789846,0.45838867,0.40226043,0.57520904,0.41387468,0.37459658,0.43519691,0.46377606,0.80033206,0.43283201,0.40440845,0.32964478,0.32040551,0.39674358,0.33227852,0.50875702,0.35911110,0.64711531,0.36292962,0.39857711,0.39676152,0.44271482,0.46775079,0.38879155,0.41373626,0.65790581,0.46079007,0.50801483,0.40649505,0.58465112,0.36522003,0.35276412,0.47504420,0.33591524,0.37510431,0.36255404,0.37337357,0.42557352,0.33004460,0.36102305,0.80033206,0.39090512,0.36911333,0.35894307,0.43117146,0.41287548,0.38731880,0.40737774,0.59603754,0.34951300,0.68926235,0.36628776,0.45225688,0.33431413,0.41686146,0.34146742,0.45491135,0.54645522,0.76236462,1.00000000,0.77251121,0.53431257,0.54672485,0.55146589,0.50891523,0.62182183,0.53521958,0.36211001,0.53049327,0.62555064,0.45168705,0.45827717,0.51089932,0.23154205,0.39554718,0.38127988,0.52216212,0.58058070,0.40191011,0.43017815,0.34965993,0.65472488,0.49407073,0.43512660,0.46380522,0.35982441,0.33371176,0.29140759,0.52084825,0.32407862,0.34325568,0.61000355,0.46481089,0.53796561,0.37607712,0.38458736,0.33895315,0.31188835,0.40111849,0.39734763,0.40571470,0.63700753,0.60142344,0.31899494,0.41827304,0.37589612,0.36825748,0.34405697,0.38577176,0.41194335,0.48212549,0.64025646,0.37688517,0.40017207,0.48248311,0.27237197,0.37836274,0.50295992,0.39012445,0.35550130,0.45857177,0.35572578,0.41141400,0.38719882,0.27690985,0.37439177,0.37304637,0.37038657,0.44255613,0.54728548,0.35704338,0.44886926,0.30196727,0.42121844,0.36561615,0.43043553,0.49833466,0.65273860,0.51439770,0.42542090,0.49882643,0.50891523,0.33319012,0.29489401,0.52009422,0.46608631,0.59971750,0.34240577,0.59713969,0.62825013,0.45625598,0.36469994,0.46044751,0.48699478,0.36361619,0.38189554,0.45510889,0.52085094,0.29837231,0.37034682,0.49392889,0.43439430,0.35896234,0.39255399,0.29543192,0.39059734,0.49549974,0.42636967,0.55586407,0.33588602,0.27690985,0.36930598,0.40384477,0.41036054,0.41813215,0.47209694,0.48111256,0.41763893,0.46504680,0.43179698,0.32866943,0.35822211,0.35973045,0.50646274,0.44985519,0.36570956,0.43715614,0.42910104
91250,0.49758633,0.46562699,0.42925766,0.40457799,0.41390616,0.56079989,0.48212138,0.49885536,0.41357122,0.36321396,0.37849946,0.45089906,0.49508896,0.41428949,0.53050729,0.53418969,0.29045462,0.40919405,0.39369468,0.55536488,0.58501838,0.45263906,0.57335759,0.30270424,0.53790249,0.38161454,0.47341001,0.49240037,0.38845831,0.47688197,0.37202618,0.53732813,0.50744688,0.45204189,0.45107165,0.51907587,0.32451879,0.43326156,0.27500289,0.33462668,0.43149310,0.35565791,0.53813047,0.47664697,0.56104928,0.48673073,0.36618963,0.45902873,0.46137152,0.43680581,0.49270154,0.50567033,0.36532634,0.55037268,0.55425654,0.45538993,0.34377239,0.48129467,0.58498763,0.59402478,0.51110473,0.34304129,0.38837138,0.54743078,0.28009212,0.45624343,0.40616837,0.45347988,0.40928274,0.29854945,0.51143944,0.46359079,0.53902876,0.43686602,0.41642148,0.26793843,0.39410509,0.45841728,0.34225569,0.48089691,0.37938214,0.30787103,0.50738760,0.43239446,0.41241630,0.41518993,0.40670538,0.48986700,0.32152348,0.57824670,0.58303807,0.37386532,0.53974273,0.48901566,0.36347920,0.45139020,0.50852441,0.44395082,0.47452642,0.38079480,0.36467830,0.38473685,0.52774461,0.51443124,0.38537120,0.51972381,0.49456059,0.46282959,0.61557417,0.40742609,0.42167582,0.49030246,0.47511692,0.69540961,0.44455834,0.44378217,0.36528062,0.41141671,0.46064969,0.40188527,0.55107154,0.50922588,0.64334525,0.35336212,0.48320830,0.45216828,0.40637926,0.54354932,0.42700206,0.41178254,0.66922086,0.47040316,0.47972382,0.49107347,0.69277046,0.43281478,0.39528950,0.50109815,0.35154800,0.50852322,0.47908469,0.40084989,0.48310119,0.36108737,0.43924441,0.69540961,0.50283876,0.42456949,0.45883804,0.51289408,0.53883461,0.36595942,0.41846007,0.64143753,0.45497487,0.68499524,0.43102275,0.52364105,0.35834859,0.52965693,0.34010143,0.51102884,0.62800551,0.88840689,0.77251121,1.00000000,0.57230928,0.62904650,0.56242688,0.59414263,0.62711993,0.58780875,0.43561113,0.59475015,0.70915678,0.49415871,0.49565852,0.53753472,0.29040396,0.47911855,0.43846619,0.56092146,0.62022007,0.49591486,0.47066114,0.36244959,0.71273591,0.48314025,0.49445858,0.48347592,0.32580398,0.39183021,0.31341078,0.55917495,0.37027585,0.39821183,0.66430880,0.50804544,0.51653501,0.41200412,0.45847651,0.40720057,0.39645138,0.40148179,0.41063550,0.40558683,0.62908041,0.64461866,0.35326095,0.42399621,0.47855794,0.38358779,0.42125409,0.44822993,0.39357691,0.53836866,0.62723398,0.48142204,0.46082189,0.56593519,0.31873307,0.48212138,0.59093032,0.45139283,0.38379584,0.50039856,0.39053960,0.53771943,0.39211067,0.25203992,0.46668074,0.50494688,0.40032091,0.49727177,0.61922932,0.37254471,0.46050713,0.29131132,0.38395420,0.39700393,0.53506276,0.50463121,0.67962295,0.62168947,0.53700780,0.51901149,0.59414263,0.40079595,0.32730842,0.52416282,0.52615446,0.71074810,0.43212978,0.64153109,0.61074347,0.56410570,0.40534524,0.53371515,0.53574114,0.43909853,0.43629577,0.50700295,0.59700091,0.45180195,0.48617593,0.62035117,0.50896280,0.40009813,0.44165515,0.35923966,0.48725359,0.53159113,0.46253962,0.58785453,0.36195337,0.25203992,0.45083102,0.46622807,0.45750434,0.49461280,0.54992867,0.49624599,0.52889739,0.49869793,0.42707462,0.35138152,0.38104698,0.39522216,0.57189386,0.54628671,0.48274121,0.51226959,0.49292700
91254,0.47223685,0.51943890,0.44443389,0.52696213,0.44665315,0.56380204,0.59087279,0.52489013,0.47524337,0.41485692,0.45457958,0.50327110,0.54705161,0.49299990,0.61598509,0.59006031,0.31338296,0.39345456,0.50999745,0.57593364,0.61387001,0.53876438,0.54442557,0.32149672,0.58694973,0.49715291,0.55678395,0.47606645,0.46319386,0.77445561,0.47346122,0.53248530,0.53894969,0.41813003,0.52935121,0.56844201,0.40607545,0.46934446,0.40061278,0.42033079,0.52373243,0.37219147,0.53861253,0.55074631,0.54450916,0.50477597,0.37795572,0.46274783,0.52598648,0.47130007,0.51487599,0.51336336,0.41011640,0.54237731,0.57472171,0.52960136,0.42127975,0.50001821,0.61165244,0.54376944,0.48120757,0.42176540,0.49308846,0.52420745,0.36388876,0.45555773,0.56254050,0.56192888,0.37078272,0.34233435,0.47258817,0.48871844,0.50597251,0.43866110,0.46360452,0.39801247,0.47182227,0.57894803,0.39645618,0.75386862,0.45826207,0.41814771,0.53347807,0.65687249,0.46118325,0.48886750,0.45311395,0.51302696,0.48757889,0.51011469,0.46970220,0.38958057,0.51595207,0.48728548,0.42468287,0.51403025,0.45037269,0.55046637,0.78155684,0.44343442,0.48726741,0.48357728,0.57714996,0.55081000,0.44170559,0.60818164,0.54734338,0.51976575,0.59703791,0.50759848,0.47262739,0.48132941,0.48378040,0.55337623,0.50955125,0.37445836,0.43245490,0.52699240,0.53015528,0.44545844,0.54648126,0.54791911,0.60313112,0.46261867,0.52131558,0.52271951,0.40271542,0.61163826,0.39268876,0.48120257,0.56645164,0.47626547,0.55654179,0.52844354,0.53342806,0.51614671,0.43734667,0.46366805,0.46411655,0.51631912,0.47752808,0.43206853,0.53167044,0.44368091,0.46304577,0.55337623,0.52150135,0.39438918,0.51644890,0.56720586,0.45750843,0.46297488,0.44655153,0.56947933,0.38017909,0.56887212,0.52143990,0.53354941,0.43027633,0.51046374,0.44602082,0.49844766,0.60318916,0.62315348,0.53431257,0.57230928,1.00000000,0.57768552,0.52177055,0.50291622,0.56870051,0.55304979,0.52374353,0.54278830,0.73745580,0.44921344,0.55136811,0.55802505,0.39610681,0.51291700,0.56513499,0.57733727,0.56212369,0.52127713,0.45757861,0.42880118,0.62333351,0.51303379,0.56234794,0.54016145,0.35258396,0.37246025,0.42828069,0.42657996,0.35737541,0.40775123,0.88308825,0.56641945,0.49543135,0.51967616,0.53001411,0.49750201,0.48304713,0.39439352,0.47902699,0.43469736,0.61065108,0.54819141,0.38197849,0.40796217,0.47669973,0.46260038,0.44604963,0.48044041,0.47818948,0.55436818,0.58191517,0.50465516,0.37157794,0.49171674,0.41938685,0.59087279,0.54288372,0.46588216,0.49418133,0.51658623,0.42582227,0.45498632,0.49941181,0.36015675,0.62845852,0.59811347,0.44138147,0.47534204,0.60116790,0.46055281,0.51405155,0.38628645,0.52549892,0.46746432,0.53468101,0.52851214,0.52798067,0.55803784,0.57450059,0.53102940,0.50291622,0.41978871,0.29183015,0.53391537,0.56965904,0.55126177,0.47083096,0.54664517,0.55631190,0.55140183,0.47747401,0.56721907,0.55083040,0.51227328,0.50042914,0.44131236,0.54340326,0.56534115,0.46846426,0.59158444,0.52361009,0.48673305,0.47964993,0.44968404,0.62648506,0.52638035,0.47815220,0.64637354,0.37143323,0.36015675,0.40671200,0.47267538,0.43286707,0.53588783,0.59457808,0.52569748,0.57050499,0.53020751,0.49568730,0.37675490,0.47759984,0.51329947,0.46877444,0.48196235,0.48925856,0.52761910,0.49365686
91258-A,0.59796758,0.57364934,0.56648173,0.46413425,0.59910015,0.63443684,0.50093539,0.47715146,0.47041177,0.38686570,0.43309859,0.54498916,0.58180496,0.47995079,0.58253718,0.62552506,0.30188349,0.42358209,0.48508158,0.58122300,0.64688747,0.52251188,0.65484945,0.37084758,0.62450484,0.42452204,0.53870743,0.58305886,0.47027243,0.41789069,0.48144857,0.61526470,0.55538341,0.46705202,0.51158211,0.59057291,0.30416102,0.48751491,0.35051624,0.44376802,0.51052774,0.35423662,0.60108013,0.56261063,0.64017560,0.52376693,0.42445552,0.50386532,0.50887510,0.47768794,0.61626912,0.57021313,0.38091265,0.63466173,0.57988240,0.51465515,0.35730952,0.51408225,0.59212449,0.65840464,0.52620390,0.40328841,0.48463102,0.57096487,0.36739126,0.45560774,0.46226878,0.52491325,0.45603468,0.36542996,0.56502043,0.53170903,0.59963446,0.53857311,0.45459341,0.34867422,0.46782869,0.51140715,0.34805555,0.45015525,0.45472119,0.41590885,0.56589022,0.45138033,0.47792672,0.50209297,0.56027451,0.55407781,0.43109752,0.57868199,0.62686013,0.47561970,0.73144690,0.51343136,0.41136754,0.48217665,0.55804870,0.53467751,0.48085377,0.44893943,0.41935278,0.49395477,0.60455467,0.51289057,0.44561690,0.48845039,0.43251407,0.58450989,0.63314052,0.47313965,0.52475552,0.47801303,0.62089603,0.53400848,0.56572200,0.50087425,0.39159007,0.49971135,0.43148115,0.46365351,0.54893136,0.57219815,0.68286642,0.40758899,0.51581956,0.51459644,0.40528718,0.56511005,0.37446718,0.41132054,0.61966049,0.56256552,0.54543949,0.54886636,0.60437470,0.54681326,0.43205483,0.57026287,0.40038923,0.63043282,0.60407591,0.43810632,0.60866234,0.39539093,0.52262256,0.53400848,0.57082507,0.43578202,0.55199072,0.66308181,0.49749575,0.43993571,0.46224590,0.64222262,0.48058287,0.62694687,0.54934923,0.53758866,0.44921296,0.58008811,0.39995484,0.52909446,0.66233554,0.65041374,0.54672485,0.62904650,0.57768552,1.00000000,0.82506226,0.75873719,0.56559940,0.57071297,0.54712547,0.59925491,0.65957736,0.51881734,0.43136412,0.52105131,0.32215999,0.52054535,0.45681037,0.64899470,0.55300588,0.58439156,0.62017931,0.44004010,0.55454292,0.58394348,0.58679889,0.46314103,0.34519041,0.45974514,0.35747366,0.43388689,0.35042645,0.42889945,0.57050005,0.47435800,0.53733024,0.49158303,0.54342322,0.49022825,0.48646924,0.42267201,0.46870541,0.36721161,0.60641625,0.57378157,0.37427309,0.37865897,0.45589927,0.47009827,0.53473495,0.49171827,0.49456167,0.57097085,0.53890093,0.52088440,0.41606384,0.54582342,0.39866061,0.50093539,0.62437609,0.48686753,0.50581111,0.53597395,0.40505256,0.49615793,0.46266842,0.28457296,0.52478660,0.56005544,0.38039026,0.49132852,0.66157726,0.43309310,0.54762875,0.39988974,0.52729594,0.44417158,0.62553974,0.57206352,0.57230004,0.57894269,0.61161488,0.50785524,0.75873719,0.48173448,0.33858027,0.52641278,0.63679904,0.66918598,0.47979317,0.57236177,0.62310600,0.67426906,0.44291595,0.63664790,0.53264420,0.43989321,0.45439565,0.51831448,0.62357626,0.46918737,0.47724957,0.58563268,0.62392473,0.44867649,0.55364377,0.37835926,0.51344345,0.67880918,0.59915902,0.61587904,0.34629440,0.28457296,0.40398091,0.60415473,0.41223012,0.49470567,0.64708391,0.58506445,0.62852001,0.62535438,0.52468482,0.34915270,0.42439103,0.42936554,0.65534796,0.59959362,0.61009696,0.62665289,0.54753795
91258-B,0.47848638,0.55211060,0.51534917,0.46789463,0.56733415,0.52502167,0.48674856,0.41205585,0.42098082,0.32559733,0.37275522,0.44458836,0.48322032,0.42429001,0.57094434,0.60167584,0.27094805,0.41760997,0.45992644,0.55962790,0.54589858,0.50806537,0.57613772,0.35699448,0.60065561,0.39441458,0.52584205,0.53257054,0.43653604,0.41363786,0.39023870,0.52810955,0.48238446,0.46400120,0.47922926,0.51620211,0.29006043,0.40254108,0.31859202,0.37907774,0.46015852,0.32222120,0.48645911,0.53407582,0.57518129,0.45818147,0.34601174,0.46640875,0.52394854,0.47400690,0.53179092,0.46131640,0.33844592,0.54556221,0.55828730,0.42087152,0.29914275,0.45864105,0.56682117,0.58639884,0.48235802,0.33937155,0.40456148,0.54326893,0.32395655,0.38818784,0.46067817,0.48017074,0.40876621,0.32367434,0.41771551,0.51267907,0.50621497,0.59368069,0.37486587,0.33666076,0.49660403,0.45555307,0.33544359,0.41476176,0.45222984,0.35884467,0.49570620,0.36608479,0.46441685,0.43040349,0.57976958,0.41325705,0.39837711,0.45255137,0.55085688,0.40956118,0.69802379,0.44171500,0.38583238,0.44649241,0.55659582,0.43782833,0.44991025,0.36615978,0.38645537,0.41031609,0.48267225,0.47697746,0.36351391,0.43928211,0.40010008,0.50723496,0.57192655,0.40911854,0.37526174,0.46562394,0.62477863,0.54713897,0.52783742,0.50656175,0.36786054,0.38896839,0.40621622,0.38705187,0.47078872,0.44039771,0.66763170,0.38337428,0.46037837,0.44642237,0.38966302,0.50456033,0.28572257,0.35985085,0.57810518,0.50852908,0.54372843,0.41815434,0.57944799,0.43722503,0.35284098,0.45084148,0.41588526,0.56979195,0.54930594,0.41027302,0.52630043,0.39500685,0.39482551,0.54713897,0.49156752,0.42725008,0.40684805,0.55996979,0.38358689,0.36705603,0.42818505,0.54291301,0.39143221,0.58539156,0.43483984,0.52831857,0.38373067,0.47640552,0.36175387,0.47277303,0.61127197,0.58262299,0.55146589,0.56242688,0.52177055,0.82506226,1.00000000,0.73554198,0.50744629,0.46738304,0.44039024,0.61835145,0.50287805,0.48561996,0.39895014,0.47449288,0.27414540,0.44298758,0.40087202,0.54133008,0.51022192,0.48816812,0.53451404,0.42548653,0.51132728,0.54916623,0.43324530,0.42607065,0.32229389,0.39688667,0.36081592,0.43822158,0.33693697,0.35324496,0.54963936,0.43369267,0.55465343,0.43192329,0.45456635,0.47019263,0.37278111,0.41589220,0.45261825,0.34204307,0.58755475,0.51329741,0.33293559,0.32520259,0.37259952,0.42053187,0.39931407,0.42204305,0.46355605,0.58177981,0.51429411,0.46960156,0.37577556,0.46912302,0.38089203,0.48674856,0.53107671,0.36991423,0.47363915,0.49950290,0.34165431,0.38224908,0.43864803,0.27028263,0.40793149,0.46964119,0.35560101,0.44623424,0.61051369,0.36881971,0.45866020,0.35136435,0.49265341,0.36331640,0.49384350,0.56808713,0.53973489,0.52935433,0.53459835,0.44914609,0.73554198,0.39976518,0.34115388,0.46770362,0.53238417,0.54481539,0.39182939,0.51187761,0.61689639,0.61394372,0.42530551,0.57796305,0.56344680,0.35590758,0.37705604,0.47557508,0.58017709,0.42527374,0.40670168,0.51533107,0.50690916,0.38475449,0.41148501,0.29416322,0.47191657,0.64544690,0.49646759,0.58270817,0.32284216,0.27028263,0.35620280,0.52062806,0.35727173,0.42540114,0.54937647,0.58653795,0.48213791,0.56757143,0.48628531,0.33654073,0.40954428,0.41229572,0.57337606,0.59576278,0.47590354,0.50963732,0.41371175
91258,0.57695767,0.53750876,0.49611297,0.42193475,0.50944920,0.55585444,0.48346611,0.41586663,0.44825641,0.32990097,0.31840493,0.50575991,0.47389579,0.44523920,0.53760452,0.56358247,0.26571299,0.38019521,0.43938489,0.60360611,0.59708461,0.50221772,0.55084706,0.31100259,0.56256225,0.41817601,0.48525783,0.53983979,0.43614746,0.39709685,0.40849990,0.60241393,0.54647191,0.46034186,0.45603541,0.56037464,0.29084774,0.50599784,0.31573821,0.40427036,0.45209088,0.32651679,0.52579496,0.47225018,0.57010871,0.43885234,0.39019700,0.47723168,0.44811392,0.45000067,0.57171605,0.47797579,0.36321073,0.60927484,0.60226551,0.47655695,0.30930022,0.43901433,0.54348520,0.54343289,0.50609165,0.32517047,0.39513099,0.51333895,0.32293177,0.41878384,0.39904373,0.45242624,0.40965496,0.33868516,0.46118004,0.51833674,0.55976638,0.52200173,0.36883958,0.34373825,0.41897697,0.47403316,0.31598475,0.40058587,0.41749739,0.31483591,0.50071965,0.45090740,0.42299922,0.46976966,0.49766010,0.43016717,0.36941585,0.49902889,0.54403155,0.41971815,0.66970032,0.45527632,0.35400889,0.38036850,0.56242630,0.46598068,0.45738122,0.37612790,0.29890375,0.40240550,0.50719387,0.44193622,0.33392216,0.43741152,0.38476328,0.50194859,0.52345592,0.37773153,0.46891732,0.41074573,0.54007871,0.53084702,0.43750080,0.47195988,0.31664233,0.39392858,0.33444568,0.41223478,0.47092095,0.52258974,0.61082232,0.36658602,0.44075165,0.44986155,0.36679115,0.51222309,0.34575015,0.36890204,0.58058891,0.49453066,0.48299532,0.48701771,0.54946982,0.47614599,0.37055208,0.50165169,0.30859899,0.62650595,0.60272427,0.45315217,0.57100784,0.34602751,0.49794088,0.53084702,0.48213996,0.34658437,0.46176276,0.57191892,0.43880934,0.33619666,0.38893574,0.60367467,0.44132626,0.58787529,0.47590855,0.48556656,0.34851552,0.49949480,0.29741372,0.42507326,0.57254673,0.62277370,0.50891523,0.59414263,0.50291622,0.75873719,0.73554198,1.00000000,0.49300183,0.54365236,0.47547371,0.54396179,0.52200429,0.44320018,0.38361333,0.45258866,0.33125838,0.50639501,0.40992312,0.55275278,0.46730408,0.54946949,0.53889700,0.41862165,0.57132881,0.53730096,0.50836080,0.34890336,0.27835665,0.41596725,0.25267754,0.41166950,0.26443732,0.37006067,0.49680962,0.38680737,0.43034489,0.38015865,0.52684811,0.41375342,0.41730097,0.38223185,0.43310464,0.29180999,0.53962812,0.49528239,0.31983489,0.34997516,0.40376254,0.41452080,0.45183272,0.43533124,0.43754207,0.54975284,0.47569586,0.51292584,0.36957512,0.47093468,0.31051476,0.48346611,0.60052330,0.43685248,0.51680500,0.44555474,0.31000860,0.43747153,0.41506375,0.19181459,0.47514024,0.44273198,0.31579738,0.44705891,0.57178845,0.35577869,0.49606558,0.36899533,0.41513711,0.36514581,0.59093664,0.55900715,0.51405653,0.57870387,0.57365660,0.42259496,1.00000000,0.42240113,0.29244361,0.44115250,0.57350462,0.62350863,0.42072528,0.49386259,0.56782033,0.69256411,0.36223641,0.54821245,0.49491683,0.40070453,0.41735458,0.48391932,0.56779508,0.41590311,0.43875571,0.53245083,0.58839103,0.41206377,0.51953706,0.35368825,0.43048668,0.58822637,0.55322627,0.55237364,0.24226534,0.19181459,0.34033814,0.53391272,0.36735499,0.43581441,0.57545010,0.51812273,0.54249487,0.58346057,0.46043428,0.31708189,0.40963323,0.37298771,0.63570029,0.58826605,0.55198370,0.59111919,0.55421421
91259,0.58890278,0.60108391,0.54255842,0.66668552,0.50238795,0.61057712,0.56932441,0.53875281,0.55379650,0.55747830,0.60680731,0.57769731,0.57734878,0.55321656,0.68715956,0.63961725,0.39619853,0.45587245,0.58241228,0.65161723,0.66571144,0.56444369,0.60805279,0.33451714,0.63926068,0.47160884,0.63890605,0.54546086,0.58479863,0.46319203,0.53108492,0.56219583,0.51840246,0.60053964,0.54994890,0.58598334,0.49097639,0.58056132,0.54179833,0.46729028,0.60480940,0.45972217,0.60705408,0.55644971,0.64536729,0.56211295,0.43578240,0.51046382,0.58494972,0.55371408,0.54948274,0.58913076,0.57564358,0.58724483,0.64723422,0.52367529,0.47734230,0.55823067,0.59768626,0.63294049,0.50053789,0.40562277,0.52058997,0.56359130,0.45394689,0.42849002,0.38738136,0.59559656,0.48873433,0.44709585,0.65962473,0.55606906,0.53476986,0.48699675,0.49085161,0.37210476,0.50533655,0.54432133,0.60589546,0.48460119,0.60102965,0.47094657,0.59164983,0.50893425,0.52502907,0.54350176,0.48765366,0.68409941,0.45322317,0.55583437,0.54562079,0.46900495,0.57930111,0.57523976,0.48989445,0.61972484,0.51893156,0.49013683,0.52649953,0.41607734,0.49406450,0.51104909,0.53110582,0.47582661,0.56985666,0.59416210,0.55404727,0.57523049,0.66891802,0.57740221,0.59133963,0.50475223,0.60412674,0.57740592,0.60194645,0.46766707,0.37919424,0.54419828,0.57951759,0.51682878,0.70336222,0.51438576,0.64517009,0.57432376,0.57263457,0.54628886,0.52320360,0.65043428,0.53268121,0.58457338,0.69837665,0.55448679,0.58213974,0.52454759,0.51989184,0.45154904,0.56606685,0.52268778,0.52922725,0.49839710,0.43015476,0.41876846,0.55769996,0.52335080,0.57830697,0.57740592,0.61214466,0.46650368,0.48492243,0.65431076,0.49993211,0.46047133,0.48625206,0.59537044,0.42663917,0.70155875,0.46177891,0.52767534,0.47615083,0.57210901,0.39173737,0.61838812,0.69374408,0.62489498,0.62182183,0.62711993,0.56870051,0.56559940,0.50744629,0.49300183,1.00000000,0.62873278,0.45580176,0.57695695,0.69175445,0.53546416,0.55647699,0.56362537,0.50706894,0.57268324,0.45987961,0.63782919,0.60728419,0.52137640,0.53900565,0.48327538,0.58629014,0.54777796,0.57410621,0.50899160,0.37746252,0.40334250,0.49409604,0.46717333,0.39218355,0.47109210,0.62105183,0.61955614,0.54678009,0.56436229,0.62858050,0.58703108,0.51747809,0.46342507,0.58895155,0.55179022,0.61046192,0.65724991,0.37942155,0.39957484,0.50156481,0.52976393,0.45717741,0.55555600,0.51502761,0.54843998,0.64395589,0.63589945,0.51048277,0.54057738,0.40437639,0.56932441,0.56722122,0.55904867,0.46719150,0.52749327,0.58580661,0.49830693,0.58850833,0.41023626,0.45771394,0.42324120,0.47576349,0.53878994,0.70428228,0.56563404,0.59674673,0.46466779,0.59003258,0.39232575,0.54443236,0.56018590,0.60612047,0.58280132,0.49370256,0.50572286,0.49300183,0.55589169,0.40047032,0.53190288,0.64004503,0.65193628,0.48673152,0.65285708,0.62661759,0.57628908,0.56540171,0.59139460,0.60609692,0.41662549,0.46758238,0.44454150,0.61771429,0.44359569,0.46002806,0.59811152,0.48288949,0.58114315,0.59831939,0.33622556,0.55150866,0.70405894,0.55642266,0.67018420,0.39024660,0.41023626,0.44565174,0.44492210,0.43918688,0.56329825,0.64789425,0.60952974,0.50459244,0.56869762,0.59122167,0.57798725,0.65605155,0.63965652,0.58264361,0.44049473,0.50313489,0.48392492,0.51082897
91261,0.53270829,0.51197919,0.49036621,0.46352023,0.43352682,0.59548693,0.52540842,0.52640109,0.46895573,0.40665894,0.43067828,0.51977625,0.60762784,0.57810011,0.57220413,0.53903476,0.30362809,0.42033661,0.42497326,0.57197611,0.64869320,0.48035669,0.56993303,0.30258069,0.53235815,0.51135092,0.48098796,0.51636427,0.42329964,0.40891730,0.51299227,0.54893262,0.57616839,0.43422620,0.50299677,0.55216921,0.32518307,0.47680870,0.33500464,0.48672609,0.54650847,0.39208198,0.60224949,0.53093067,0.58777145,0.57167957,0.43008598,0.47552006,0.47903559,0.44816379,0.54092165,0.65210219,0.46772070,0.60445376,0.56874906,0.56387516,0.37593305,0.52300967,0.62040010,0.55629269,0.49476907,0.38521492,0.49324848,0.49866896,0.39055733,0.47533925,0.40041110,0.55294456,0.46843752,0.33725416,0.49655897,0.52002242,0.50954799,0.46867164,0.52822646,0.39050837,0.41751360,0.51749281,0.35268025,0.45839432,0.42203633,0.39914587,0.57562733,0.52011976,0.44715026,0.55958966,0.39899273,0.49963034,0.44867873,0.61980497,0.54122795,0.51688786,0.55002457,0.55023369,0.49756785,0.55395729,0.54104511,0.56865327,0.48072705,0.53150290,0.46043465,0.47546516,0.59303790,0.49288657,0.46467708,0.57279254,0.51380701,0.55546517,0.64034918,0.51037010,0.54143332,0.48597498,0.48809036,0.50122541,0.51978612,0.41781461,0.40910456,0.50491593,0.49017438,0.50850169,0.59011197,0.63989189,0.63277311,0.46189996,0.53629331,0.52397088,0.47288682,0.59912175,0.45588654,0.49801374,0.58035833,0.46779748,0.49120044,0.56961418,0.57561646,0.55188197,0.45341981,0.56853748,0.49679304,0.53559986,0.48019401,0.51491850,0.53060861,0.43390234,0.59712059,0.50122541,0.61752081,0.45034773,0.53759213,0.60160180,0.59030166,0.50159267,0.48558939,0.65853376,0.49485365,0.59330072,0.55423315,0.54884626,0.43701211,0.57219358,0.46897631,0.52864790,0.65937900,0.61200558,0.53521958,0.58780875,0.55304979,0.57071297,0.46738304,0.54365236,0.62873278,1.00000000,0.54631956,0.55701977,0.62618034,0.53530181,0.51381473,0.55578657,0.33425238,0.55800858,0.44682191,0.67392987,0.64028061,0.59403979,0.47607938,0.39999009,0.60278377,0.49012088,0.55809234,0.49565208,0.34331529,0.39504785,0.44117976,0.55116110,0.41494528,0.40900865,0.53757520,0.58089608,0.55773976,0.52809639,0.51144707,0.46505840,0.50459058,0.42535135,0.52208092,0.44386499,0.63848653,0.62122267,0.54056658,0.52308913,0.59428502,0.48257733,0.48877540,0.47785671,0.45247722,0.57518980,0.69140116,0.53698826,0.51151410,0.57872061,0.39037541,0.52540842,0.60776138,0.56048085,0.48996926,0.52176580,0.45907499,0.58786009,0.42482119,0.37303318,0.53560296,0.49814820,0.48326557,0.47036411,0.66993940,0.43965481,0.57680216,0.38931953,0.52649725,0.44571507,0.57219301,0.55513592,0.59446349,0.58231156,0.57933418,0.55728955,0.54365236,0.51257390,0.36827934,0.58546894,0.57538106,0.69974562,0.54643727,0.61728524,0.55137900,0.60713967,0.37585125,0.54230963,0.40927744,0.59248074,0.59331699,0.48538668,0.54988922,0.48240707,0.49113010,0.58851640,0.56085221,0.53442276,0.55524385,0.50572166,0.57945453,0.57568563,0.52067858,0.57851288,0.42237592,0.37303318,0.53290222,0.48328748,0.51294093,0.56963160,0.61890736,0.46844979,0.60156920,0.51162917,0.49512595,0.34848666,0.42668628,0.43836558,0.63103641,0.51539573,0.49260493,0.57023573,0.58256999
91264,0.58425138,0.52694301,0.49607360,0.51480273,0.50661430,0.56132997,0.47137057,0.49699082,0.48996546,0.48896003,0.47920395,0.61723535,0.66553903,0.51617123,0.52314200,0.56166675,0.32229416,0.40353605,0.46488773,0.49148845,0.58968368,0.40936008,0.56191363,0.32602879,0.56021073,0.44259825,0.43690495,0.52246148,0.48183592,0.39735029,0.46858899,0.58617192,0.60418068,0.42855639,0.53994423,0.56958990,0.35958751,0.50069270,0.41811568,0.61310763,0.52763019,0.34456792,0.55893928,0.48287536,0.61751552,0.58538238,0.52504841,0.45655036,0.43865640,0.46417295,0.56327335,0.52868120,0.34977256,0.59060333,0.49298286,0.56815400,0.45176071,0.46449675,0.47502026,0.52268428,0.45629972,0.45309826,0.56451207,0.46080329,0.40640974,0.51587425,0.44177456,0.54967256,0.49469527,0.34319211,0.49868099,0.49952875,0.49570524,0.44422664,0.58759394,0.43651697,0.42979645,0.46601532,0.44630135,0.45940578,0.48584219,0.46954966,0.55164651,0.51513538,0.49492715,0.50255132,0.48300595,0.53739565,0.45735984,0.54618919,0.51082097,0.55271947,0.57690588,0.50595373,0.49198454,0.51129460,0.51749820,0.62919937,0.50910038,0.55822670,0.41848549,0.54090790,0.68593369,0.47922479,0.48630313,0.48267227,0.42166450,0.55221014,0.50609038,0.48068318,0.55558266,0.42219767,0.49542441,0.33997538,0.58894781,0.40235476,0.40388025,0.50479642,0.45421133,0.56123915,0.52494676,0.70781366,0.54436081,0.44583567,0.48215996,0.51699125,0.39047582,0.59278777,0.37478204,0.46772072,0.46380136,0.47419323,0.39649252,0.66435763,0.49469756,0.97841592,0.48544377,0.50220357,0.43708893,0.58407229,0.57847658,0.40961528,0.56117805,0.45233418,0.61086652,0.33997538,0.58272753,0.42549914,0.68266180,0.53325566,0.55697439,0.61061670,0.46759988,0.58128376,0.55431330,0.45387782,0.98133432,0.49464547,0.36294779,0.64178049,0.44917397,0.48952867,0.54975439,0.48202395,0.36211001,0.43561113,0.52374353,0.54712547,0.44039024,0.47547371,0.45580176,0.54631956,1.00000000,0.47648328,0.55238237,0.48792080,0.42480627,0.47293808,0.44015671,0.58484662,0.52299353,0.59138229,0.53758380,0.58528950,0.49931527,0.42393640,0.50468893,0.45349183,0.57366079,0.48582480,0.35137454,0.38919279,0.40203514,0.43346572,0.36275623,0.44340703,0.48363889,0.44553122,0.51457067,0.56742125,0.53592485,0.48941797,0.56194414,0.41175286,0.54548259,0.40072795,0.46564020,0.41595927,0.45712110,0.38216011,0.51583753,0.43019991,0.57628794,0.48216168,0.54631457,0.48129506,0.46366893,0.57837221,0.40895220,0.50350820,0.45541038,0.47137057,0.55358378,0.55874706,0.48665575,0.47926267,0.46265767,0.55572191,0.43908113,0.41265134,0.58258817,0.51420340,0.32334255,0.40450700,0.54957718,0.46172418,0.61971224,0.56023829,0.58481459,0.57896973,0.58993690,0.55385624,0.48947102,0.48207305,0.58837390,0.52611892,0.47547371,0.54394070,0.36072989,0.51102280,0.62022725,0.59025261,0.62680272,0.41643407,0.46349102,0.59380156,0.38489078,0.57918400,0.31894168,0.55460348,0.50206661,0.46377188,0.51105277,0.60175563,0.52312605,0.47924737,0.61536797,0.56942651,0.56027689,0.46050591,0.51493742,0.49477829,0.46581196,0.48584215,0.38067274,0.41265134,0.44493107,0.57805819,0.49774307,0.54890804,0.63018128,0.47052218,0.66750377,0.50743082,0.52253273,0.42289601,0.42700461,0.41798371,0.52662351,0.54628371,0.55253831,0.61784614,0.58821932
91265,0.47853200,0.50760954,0.47585496,0.54090483,0.49432198,0.52264192,0.54834090,0.54264426,0.47252834,0.37031884,0.43236216,0.48270402,0.57734090,0.55849121,0.66547239,0.62305542,0.40612773,0.50405971,0.48454946,0.58265297,0.61419556,0.50871624,0.59182104,0.40424253,0.61767773,0.45237134,0.53173489,0.54526498,0.52137478,0.43276928,0.47834463,0.61732367,0.59557308,0.48732080,0.50550544,0.56293329,0.32830331,0.45019190,0.36681883,0.43421075,0.53512059,0.46824806,0.56132894,0.55261334,0.56105732,0.57017485,0.47394968,0.59520363,0.52918295,0.48447459,0.55740808,0.58626289,0.47050417,0.53060971,0.57940991,0.47224454,0.35762352,0.57203888,0.66192361,0.57345803,0.50953461,0.45515925,0.56917558,0.69307014,0.45200244,0.51468018,0.56053954,0.58365937,0.43636241,0.41590744,0.47220208,0.52255212,0.45390351,0.56161868,0.47680609,0.42327588,0.51440003,0.52600445,0.38032168,0.44429974,0.52125538,0.46077167,0.60294120,0.44180749,0.50784206,0.50918490,0.51966330,0.48521771,0.44248043,0.55922233,0.52927328,0.43241715,0.59223557,0.53286633,0.40213758,0.56372362,0.55017100,0.54911522,0.47949667,0.48343678,0.48098146,0.56009073,0.56364120,0.52997858,0.45391601,0.57098948,0.51901268,0.58880578,0.64839112,0.46903184,0.43873462,0.56535068,0.59020079,0.54530448,0.55264607,0.44163523,0.45673936,0.49841832,0.51956123,0.53172025,0.58144434,0.53110983,0.65842545,0.48085347,0.58016956,0.57640907,0.49963440,0.61397345,0.44080774,0.52490257,0.60617939,0.51302670,0.55699502,0.59653062,0.71834607,0.46564476,0.39488113,0.47199193,0.50997994,0.59628610,0.54861209,0.45351097,0.51980082,0.44263527,0.50511996,0.54530448,0.53841808,0.45539045,0.54683800,0.57837806,0.48105927,0.45003113,0.56291453,0.60389039,0.50251582,0.60972424,0.46759370,0.63787731,0.44588893,0.56243124,0.46970540,0.55667321,0.66321331,0.58177121,0.53049327,0.59475015,0.54278830,0.59925491,0.61835145,0.54396179,0.57695695,0.55701977,0.47648328,1.00000000,0.53478500,0.51975420,0.52031873,0.57131557,0.32628793,0.54959543,0.44105961,0.57319326,0.56616049,0.48386260,0.51642048,0.44308839,0.52666032,0.57184359,0.53460693,0.57257870,0.37674023,0.44571516,0.44527414,0.51518501,0.40761677,0.39800354,0.56030921,0.58237033,0.59235502,0.60611102,0.49825894,0.51084474,0.51222864,0.50435854,0.58362361,0.51041114,0.65077426,0.60362022,0.49373370,0.34787726,0.52956039,0.48433150,0.50687635,0.43815989,0.50061605,0.58859396,0.59223112,0.50068019,0.47518591,0.53688411,0.47221189,0.54834090,0.56711677,0.45023741,0.45972860,0.61253806,0.44624989,0.47925193,0.50562766,0.34411785,0.49752108,0.58290378,0.47597462,0.49514177,0.65074788,0.43101567,0.50438724,0.40598793,0.53628512,0.41345231,0.54208755,0.59596953,0.58644543,0.70245725,0.61867476,0.49746184,0.54396179,0.46956430,0.40518489,0.50471020,0.57200626,0.61232316,0.50305613,0.60039594,0.65971327,0.60545389,0.41550232,0.65714376,0.55930070,0.48956366,0.50124986,0.58813926,0.54064588,0.57891811,0.58728557,0.71676402,0.58679335,0.49822595,0.44809638,0.44425357,0.54330685,0.56314633,0.46192316,0.59616734,0.40911051,0.34411785,0.43585405,0.56794675,0.46778864,0.51266361,0.59043494,0.63320697,0.55220810,0.52211478,0.52163138,0.37818094,0.49922158,0.46666231,0.57346989,0.61766232,0.47343548,0.58877947,0.49642113
91266,0.54111373,0.49736361,0.44037156,0.49127630,0.47336328,0.57306156,0.51622188,0.51247355,0.48920380,0.42939113,0.46113245,0.55848899,0.57579708,0.48895092,0.56298778,0.55614817,0.31647284,0.39710688,0.46781713,0.56894755,0.63761567,0.49352606,0.60364591,0.34068117,0.55035349,0.44418332,0.48710772,0.50622203,0.45320385,0.61731689,0.48296114,0.56431113,0.55649748,0.48167620,0.54126317,0.56146001,0.36516238,0.55218687,0.36633014,0.42784120,0.50748069,0.37495464,0.54812805,0.55062349,0.55013077,0.53875824,0.43979791,0.45855901,0.47303098,0.44526703,0.56264125,0.59480035,0.43872001,0.55166950,0.56664165,0.52670151,0.44389832,0.49226004,0.58383733,0.62688814,0.46977879,0.44210664,0.51845583,0.50134248,0.36498925,0.48423412,0.50418560,0.52806346,0.43231108,0.37301391,0.63079646,0.47095063,0.52764665,0.45227129,0.43554261,0.34785750,0.42325644,0.51882777,0.43158537,0.60076872,0.45524285,0.41434789,0.53954961,0.55775910,0.44885668,0.50289192,0.43776597,0.63153407,0.41567003,0.62253606,0.58389258,0.42513248,0.57824049,0.53555028,0.42964867,0.52687113,0.50247941,0.58070196,0.66572878,0.43776013,0.45398022,0.50949552,0.62820544,0.55714845,0.44842266,0.58691901,0.53946856,0.58348670,0.62778027,0.49052802,0.55788526,0.46150968,0.48856222,0.58896462,0.49075981,0.41656721,0.41335143,0.52084808,0.51410956,0.47948586,0.61511102,0.58766384,0.62319506,0.39180666,0.50051632,0.51936119,0.41854309,0.60510989,0.46378167,0.48748678,0.61372855,0.48052989,0.47723877,0.61046085,0.55804244,0.54776531,0.49700648,0.55382492,0.44149695,0.54120033,0.51483443,0.44247177,0.56647174,0.42064790,0.50598871,0.58896462,0.57481983,0.46349943,0.59461957,0.58291127,0.57880325,0.41199581,0.42205065,0.66969235,0.50289976,0.64845526,0.55101202,0.50753660,0.40176852,0.58912738,0.41207724,0.54650785,0.66250745,0.72217058,0.62555064,0.70915678,0.73745580,0.65957736,0.50287805,0.52200429,0.69175445,0.62618034,0.55238237,0.53478500,1.00000000,0.49119662,0.53891606,0.53243598,0.39617065,0.55371761,0.51843256,0.62712403,0.57836586,0.55527577,0.53948277,0.44048995,0.64671920,0.47325423,0.57277898,0.45442818,0.37160209,0.41240018,0.38897690,0.50100379,0.40369293,0.49252836,0.77071534,0.55039592,0.53000935,0.48458661,0.52683364,0.46420452,0.51651179,0.39896079,0.46660628,0.43198084,0.63310580,0.62584390,0.37603098,0.39547504,0.50321946,0.46219873,0.49996885,0.48233428,0.43915126,0.53200459,0.63576796,0.54565128,0.48761551,0.56715842,0.41732578,0.51622188,0.54670093,0.50362410,0.44225975,0.50197849,0.44037952,0.57657211,0.45817662,0.33770687,0.58433793,0.56400761,0.38169720,0.47556366,0.66185453,0.47142139,0.54395085,0.41559778,0.48174325,0.47462127,0.58273897,0.52721177,0.61468374,0.59403794,0.54525363,0.47423543,0.52200429,0.48082043,0.37446481,0.49038119,0.61179704,0.72320060,0.48538063,0.62266340,0.56223169,0.56936766,0.45786882,0.56555654,0.48178600,0.51290609,0.50385175,0.49104239,0.57357125,0.53213964,0.48385455,0.58346521,0.56451818,0.44611962,0.56860187,0.42510698,0.57110517,0.56978987,0.53325172,0.59198424,0.41263004,0.33770687,0.46113077,0.51996168,0.47555175,0.57553177,0.65741750,0.50879740,0.62056410,0.56204454,0.49635538,0.41784033,0.45907869,0.47287377,0.59099954,0.49776301,0.51708490,0.57251063,0.58696939
91267,0.50335612,0.46784989,0.43171160,0.50958398,0.42342341,0.56502722,0.49240089,0.46969997,0.42501778,0.44744467,0.47566324,0.50003458,0.53950866,0.51567018,0.54432923,0.55655518,0.35717007,0.45238456,0.48059773,0.54419025,0.53637710,0.44920982,0.51684626,0.36016265,0.54975462,0.43954152,0.46199654,0.45677927,0.52197078,0.31797823,0.46081005,0.52201755,0.50978659,0.44354514,0.47549093,0.46014396,0.37226312,0.44903472,0.42611804,0.49791708,0.49735517,0.45442160,0.57122090,0.48299654,0.54145792,0.54016102,0.38156416,0.47954452,0.44477496,0.41377293,0.49432079,0.53933097,0.45088894,0.51369232,0.54252468,0.58561073,0.38041299,0.46528009,0.51667645,0.52942302,0.46089558,0.35761999,0.43435922,0.48946147,0.36767475,0.37724255,0.37960741,0.50227985,0.47431946,0.36853174,0.42620806,0.49900540,0.45431391,0.44985026,0.50981146,0.39101631,0.46656237,0.44892837,0.44733751,0.37262859,0.46113905,0.42138128,0.55138087,0.38497735,0.41516475,0.45933931,0.44709324,0.41260021,0.42820243,0.50144657,0.55386645,0.49501814,0.56466481,0.54216787,0.49533453,0.53604189,0.50479344,0.49393435,0.38971173,0.42796922,0.38282220,0.43159499,0.50638233,0.38078244,0.49202699,0.50069403,0.46675322,0.45960304,0.62525631,0.49581834,0.48853108,0.48779280,0.51330197,0.46516573,0.52864818,0.39547263,0.41481111,0.45410710,0.49611185,0.51635939,0.51591631,0.53547783,0.63564135,0.42321830,0.48244291,0.45223490,0.48044579,0.55834438,0.43713726,0.47987168,0.55376009,0.46100974,0.47717146,0.46888421,0.51353545,0.48045773,0.44909050,0.47163655,0.55292923,0.48858179,0.44406637,0.43237419,0.48808418,0.44203514,0.50978989,0.46516573,0.59997780,0.48793844,0.43283842,0.54144657,0.50351322,0.51544518,0.48413809,0.57925408,0.42386305,0.54285184,0.48385170,0.49009348,0.43029303,0.50204026,0.44163253,0.50211997,0.61256912,0.53133114,0.45168705,0.49415871,0.44921344,0.51881734,0.48561996,0.44320018,0.53546416,0.53530181,0.48792080,0.51975420,0.49119662,1.00000000,0.46450073,0.59829142,0.40048571,0.46946083,0.45273328,0.56577738,0.69367103,0.48532702,0.47693478,0.38471202,0.50379026,0.48644695,0.46774489,0.50295254,0.39825905,0.39292444,0.52913301,0.52422523,0.44028252,0.45290788,0.47362062,0.52801044,0.74909508,0.49525415,0.47671404,0.50392537,0.43330524,0.46635689,0.56909200,0.44462827,0.49604107,0.49284983,0.40054512,0.44504938,0.49662220,0.42574530,0.42177226,0.44102457,0.46492998,0.49850581,0.59100698,0.49098016,0.45799188,0.50930647,0.39519921,0.49240089,0.50808700,0.55445597,0.41662119,0.51533507,0.49861650,0.50202992,0.43164282,0.40526103,0.41485327,0.42293788,0.38737549,0.43439025,0.62015029,0.50589809,0.60646401,0.47907015,0.53710341,0.36189538,0.48039582,0.50291841,0.60289589,0.49258462,0.45371927,0.56064473,0.44320018,0.54314639,0.40603639,0.56193261,0.50833493,0.51786505,0.51133402,0.49623620,0.53229994,0.52224314,0.39935612,0.51616303,0.42838720,0.41186837,0.46392114,0.50174356,0.51661696,0.45001823,0.41969884,0.47112932,0.49049518,0.56591536,0.49401195,0.38687040,0.51964505,0.55771595,0.42355467,0.52614785,0.44991817,0.40526103,0.51499743,0.43124373,0.44292319,0.54298669,0.56227321,0.49852461,0.48879886,0.47498356,0.52119440,0.43491861,0.49516138,0.46016305,0.51900495,0.52073906,0.44506937,0.49200810,0.48880884
91269,0.44985331,0.42717440,0.32923431,0.45727162,0.35500279,0.40022566,0.54088329,0.51964625,0.39704335,0.44198325,0.53323183,0.42593315,0.53468024,0.50290119,0.50459328,0.50228164,0.43695466,0.48870622,0.36986431,0.47713789,0.49147967,0.38749142,0.40241054,0.23128488,0.49610240,0.43496287,0.47333302,0.37464103,0.47227246,0.39206802,0.45056180,0.47518884,0.47297861,0.42320121,0.41225665,0.42941637,0.37144624,0.41191741,0.41241673,0.39356662,0.54585398,0.53079220,0.44501052,0.53459226,0.43584166,0.64726585,0.48763907,0.55112871,0.44057101,0.38830527,0.39839504,0.50065989,0.50905817,0.43359388,0.48253036,0.43298669,0.45535415,0.56108622,0.63790104,0.40782569,0.41645633,0.43955219,0.51543651,0.57579112,0.41604019,0.52498162,0.46744488,0.56897443,0.31051951,0.41690466,0.41040628,0.49812073,0.41250555,0.29481817,0.47939631,0.37383648,0.37319757,0.43904251,0.40658363,0.46042851,0.43074103,0.43636188,0.60817228,0.48668361,0.38059835,0.46710778,0.37104509,0.45481373,0.44315641,0.54368185,0.39444075,0.44204144,0.44250262,0.47763104,0.45395134,0.62000670,0.33812645,0.46718257,0.41075490,0.37408199,0.55952759,0.50319486,0.49494107,0.58052681,0.43025096,0.94888171,0.99361780,0.48980344,0.47706163,0.57417012,0.37551382,0.60774249,0.35108036,0.47932507,0.42478142,0.35952598,0.42665293,0.41547424,0.58848050,0.56636843,0.60141919,0.45505255,0.43748530,0.41870697,0.58428909,0.60125873,0.58020420,0.56100716,0.57786120,0.54364824,0.52945542,0.35520669,0.41529816,0.53939962,0.54630576,0.42397427,0.46431240,0.42900641,0.46216730,0.42785590,0.36971591,0.41827665,0.41542179,0.39648821,0.42014703,0.47932507,0.51182344,0.42108418,0.48251519,0.43865558,0.46299191,0.43585282,0.47224088,0.42854774,0.36983571,0.52739225,0.42294998,0.51837570,0.36733557,0.46387620,0.42694026,0.53941603,0.44471718,0.45938923,0.45827717,0.49565852,0.55136811,0.43136412,0.39895014,0.38361333,0.55647699,0.51381473,0.42480627,0.52031873,0.53891606,0.46450073,1.00000000,0.40612881,0.33960708,0.40141254,0.39890090,0.47963721,0.46534048,0.37876343,0.42819581,0.40619594,0.49059023,0.34393681,0.47418007,0.54834033,0.32022805,0.28499916,0.48022906,0.57611197,0.40684945,0.34933026,0.54846206,0.57777043,0.42368737,0.56779341,0.39778713,0.45018304,0.48216879,0.48863409,0.49326700,0.51050648,0.57980550,0.57584759,0.36210288,0.45661835,0.52315388,0.44182685,0.42372658,0.46838302,0.38885250,0.52374076,0.54921540,0.41569946,0.55077851,0.59349104,0.43247156,0.54088329,0.44094036,0.47548647,0.41456912,0.62119952,0.43154357,0.46122056,0.49567228,0.43617894,0.52972601,0.55346795,0.50344472,0.48565989,0.44401587,0.42503667,0.49942477,0.35932275,0.48989577,0.38800935,0.40132470,0.42548279,0.47396794,0.56415627,0.54344004,0.48047948,0.38361333,0.47857142,0.38512890,0.45012750,0.44571793,0.55852419,0.48622463,0.57790358,0.57965388,0.40616203,0.29550496,0.52424001,0.44794808,0.47634900,0.51431589,0.37490002,0.37195743,0.52739288,0.52944250,0.50035378,0.48750988,0.45874064,0.36298148,0.48694606,0.45905727,0.40193889,0.35219187,0.51303214,0.39233556,0.43617894,0.48871710,0.39277778,0.51336846,0.50725250,0.50874106,0.54162910,0.47210882,0.48031340,0.49790386,0.38307125,0.49409858,0.42808640,0.45563034,0.38719109,0.40584968,0.48511548,0.45492548
91411,0.48450173,0.49611901,0.46777076,0.50934475,0.44390282,0.60015450,0.54142180,0.51021922,0.44044924,0.40312786,0.45847750,0.47287689,0.51162963,0.43755079,0.56394682,0.54597487,0.24215812,0.35551038,0.51861105,0.56355286,0.53976384,0.47496408,0.55949013,0.30659753,0.53920194,0.42165429,0.51096626,0.50852348,0.49113600,0.45966143,0.40993270,0.50639314,0.50227083,0.45604654,0.49781841,0.49813804,0.39876341,0.42833487,0.42438104,0.45609486,0.48987118,0.32500920,0.60426428,0.46995987,0.54726380,0.45947071,0.35426996,0.43553920,0.48663582,0.40948651,0.46798589,0.48020207,0.41894488,0.52802760,0.55885282,0.52357750,0.39097170,0.44163385,0.50855792,0.54996298,0.43558829,0.31575432,0.41620030,0.45010588,0.32267676,0.37812654,0.39889749,0.49829731,0.38315064,0.27930739,0.44488291,0.49409456,0.49003931,0.43998225,0.48110934,0.39685188,0.44912819,0.47592449,0.38518255,0.43214561,0.50419852,0.34848054,0.46281340,0.45763398,0.47689826,0.39459925,0.43041668,0.48016455,0.42635466,0.45490291,0.52867086,0.42488255,0.50227287,0.48642362,0.43684080,0.51775867,0.48422080,0.47247054,0.45887743,0.42070923,0.35264828,0.40571798,0.51261616,0.44107328,0.48698395,0.45120629,0.40624328,0.47296881,0.70365940,0.47065227,0.49298224,0.39647011,0.52378707,0.52381915,0.51587931,0.36149319,0.37927810,0.51584005,0.48025557,0.47095439,0.48428066,0.50856271,0.65911926,0.47744399,0.45513155,0.44002848,0.37795110,0.58844588,0.33913924,0.44972154,0.58678301,0.48017408,0.53427021,0.43560124,0.53719310,0.46841767,0.40754260,0.46279906,0.52148208,0.46393201,0.44449892,0.37276787,0.45784571,0.43512177,0.51178155,0.52381915,0.50014508,0.39414910,0.42000768,0.51054523,0.57244908,0.47924331,0.40356647,0.65435027,0.41212399,0.59202387,0.47349428,0.46906393,0.44582985,0.49578576,0.46191456,0.46123745,0.63295487,0.59858927,0.51089932,0.53753472,0.55802505,0.52105131,0.47449288,0.45258866,0.56362537,0.55578657,0.47293808,0.57131557,0.53243598,0.59829142,0.40612881,1.00000000,0.36722496,0.51353894,0.52048376,0.56522017,0.76357127,0.48136954,0.44370431,0.35401197,0.58795150,0.53908717,0.48460504,0.51707679,0.33671141,0.35017908,0.46546866,0.46485702,0.37357096,0.37309187,0.57790164,0.51682326,0.67100233,0.43487011,0.49153573,0.43314795,0.41957982,0.36674939,0.52240127,0.40182592,0.53531169,0.53913181,0.41227089,0.36505458,0.46765933,0.38343070,0.36944897,0.47194485,0.46877456,0.44444143,0.62719155,0.50834836,0.33246224,0.45069163,0.37475422,0.54142180,0.55097971,0.44575290,0.37816196,0.42123459,0.48487319,0.56871635,0.44070648,0.36134562,0.43165679,0.43510929,0.36669857,0.45572219,0.64133866,0.48105515,0.53479007,0.38042507,0.50592790,0.38260248,0.48123066,0.52969831,0.62712304,0.53228223,0.44067410,0.55807398,0.45258866,0.43536665,0.32929533,0.57105846,0.53570767,0.52230176,0.45305688,0.53734315,0.49472917,0.49644370,0.34901796,0.52507761,0.51077724,0.44745299,0.43180161,0.45265277,0.52555913,0.48359722,0.39312167,0.53502949,0.43314759,0.50620207,0.50145928,0.34341112,0.57000791,0.56221971,0.43108001,0.57570809,0.39648798,0.36134562,0.40784140,0.45600932,0.43812886,0.53176016,0.52765641,0.43892895,0.44624161,0.48587001,0.45615106,0.37317301,0.46739806,0.44428828,0.52091117,0.44500826,0.48992632,0.44101677,0.43813268
91602,0.51843914,0.47633551,0.40872870,0.65411866,0.34182301,0.45935837,0.55666570,0.45837897,0.53481295,0.63930562,0.55965959,0.54347184,0.53524103,0.44370387,0.55474325,0.53574423,0.41567240,0.34910298,0.62882930,0.47939255,0.44827431,0.35081754,0.46588338,0.26548295,0.54036250,0.35028593,0.47821461,0.39095730,0.47923956,0.31470024,0.45000627,0.38347224,0.35584049,0.60315739,0.52119003,0.51661341,0.58353970,0.69547393,0.58446105,0.49359853,0.51512517,0.38769545,0.40843007,0.41268759,0.49382279,0.49640098,0.37041852,0.31786357,0.50168593,0.55718302,0.52357044,0.40809033,0.48363669,0.46067864,0.47742928,0.46656534,0.48016319,0.37766249,0.32492514,0.46486579,0.31173619,0.36421108,0.40534373,0.33687212,0.38710856,0.34528622,0.29491521,0.51396462,0.41139120,0.47713334,0.48392703,0.50992011,0.36681510,0.37779324,0.47968847,0.37017984,0.41927026,0.44361294,0.68224753,0.46355070,0.64623811,0.36487326,0.39187982,0.49755188,0.45648463,0.48307871,0.36798719,0.54273577,0.34999090,0.31408789,0.44646884,0.38193404,0.45628537,0.39314740,0.44931978,0.43785131,0.40600566,0.42427751,0.46678007,0.33404697,0.31738558,0.38945010,0.44899376,0.34869897,0.52747380,0.33336441,0.33733712,0.47702028,0.36934331,0.39058604,0.47536398,0.31505360,0.47977516,0.21904684,0.46407799,0.43690809,0.30486168,0.49165330,0.46424766,0.48025087,0.44308912,0.47733619,0.38018207,0.36968507,0.40074720,0.41384199,0.38868253,0.46796700,0.44671735,0.44661799,0.35169219,0.40652524,0.36436087,0.38393826,0.31237195,0.46201958,0.57082161,0.37043467,0.42570486,0.38150154,0.33053185,0.32241152,0.50607151,0.60753887,0.50160820,0.21904684,0.51615718,0.34103855,0.39121979,0.45312639,0.38243546,0.45174131,0.32877614,0.43055038,0.30828080,0.33330283,0.46805981,0.34309028,0.27194955,0.51874408,0.32917721,0.49740415,0.40302926,0.32926666,0.23154205,0.29040396,0.39610681,0.32215999,0.27414540,0.33125838,0.50706894,0.33425238,0.44015671,0.32628793,0.39617065,0.40048571,0.33960708,0.36722496,1.00000000,0.59272474,0.34866641,0.44557621,0.38329847,0.44724751,0.45539499,0.52008726,0.35002674,0.37359915,0.44398167,0.31723916,0.31073602,0.28244836,0.48001602,0.26602060,0.30688891,0.41407116,0.40056627,0.39628087,0.39137612,0.40640464,0.58841405,0.50432389,0.42062347,0.36351549,0.53070893,0.35396761,0.28067836,0.33403784,0.27010764,0.30656249,0.42747278,0.45594541,0.37071473,0.46418436,0.48942878,0.34407577,0.28345604,0.65666552,0.41261154,0.36756464,0.30208834,0.55666570,0.39307002,0.49426387,0.30092646,0.34646713,0.54110197,0.38023675,0.40581084,0.30614784,0.40036058,0.28293483,0.29213498,0.38382552,0.41304186,0.56781277,0.54220113,0.59298615,0.44344434,0.31072331,0.43762116,0.39362847,0.33969971,0.35360221,0.31723782,0.33012127,0.33125838,0.50852150,0.32175629,0.33676196,0.45577226,0.34815613,0.48268645,0.33366854,0.27947490,0.44258588,0.44782108,0.42978201,0.38808509,0.29190984,0.33974382,0.30778859,0.40784001,0.34554151,0.27984265,0.29739100,0.40631394,0.49440580,0.44462393,0.24020996,0.46149987,0.47813921,0.35079276,0.45909376,0.24290502,0.30614784,0.27642700,0.29026843,0.28513328,0.51177711,0.47775093,0.46102570,0.35124202,0.35534584,0.48378725,0.62867464,0.53571336,0.50324359,0.32360307,0.30249914,0.43426092,0.39948790,0.40044160
91685,0.64672411,0.63721571,0.58642053,0.64029417,0.50055618,0.68252683,0.63750644,0.63107163,0.64765929,0.57328459,0.54024175,0.66858803,0.62876954,0.52870783,0.69970632,0.73403560,0.31635017,0.39416111,0.64645908,0.58763690,0.66203475,0.46973913,0.66310834,0.43871869,0.73365265,0.52198343,0.60637083,0.57098788,0.53965610,0.43371733,0.57632396,0.62935592,0.57308672,0.60843486,0.59168038,0.64897813,0.49493889,0.62889858,0.50984414,0.53220147,0.57211326,0.37893372,0.67406557,0.58386538,0.70267047,0.56429840,0.44535018,0.48334088,0.59874498,0.64768285,0.71613948,0.55402309,0.50129547,0.70461460,0.58709487,0.55223207,0.47652491,0.54588174,0.52437104,0.62350185,0.49396738,0.43703021,0.55515313,0.46451652,0.41040199,0.54995322,0.47914301,0.65994336,0.56193984,0.45316518,0.57672026,0.61695492,0.54098963,0.54154932,0.48072865,0.37147001,0.45650476,0.57202247,0.54498118,0.47626538,0.65412537,0.43498232,0.55001335,0.57008205,0.53014762,0.57009570,0.50513780,0.64974151,0.40891731,0.55458535,0.54526444,0.51696334,0.60837866,0.57280583,0.47029800,0.50213984,0.62882257,0.64661938,0.52391594,0.48639828,0.43969043,0.53860523,0.71096981,0.49631386,0.57500662,0.46416413,0.39678026,0.70825525,0.54649947,0.45320255,0.56686741,0.43487310,0.60594256,0.37722278,0.58060008,0.49953962,0.48370006,0.58973920,0.51979358,0.49981699,0.58799839,0.64768965,0.60582480,0.47414301,0.56108294,0.60013578,0.43773118,0.59399173,0.45070733,0.52905505,0.54921443,0.57656517,0.50838141,0.59953830,0.51623640,0.59581390,0.53819612,0.53096976,0.50949744,0.59390734,0.53168928,0.44973706,0.67689667,0.58473173,0.61110242,0.37722278,0.66744705,0.48697189,0.56198922,0.63005239,0.52083491,0.48841748,0.43124642,0.64782061,0.55981802,0.53278256,0.59896576,0.49522999,0.49775618,0.76379585,0.44051107,0.64858163,0.58964420,0.52907880,0.39554718,0.47911855,0.51291700,0.52054535,0.44298758,0.50639501,0.57268324,0.55800858,0.58484662,0.54959543,0.55371761,0.46946083,0.40141254,0.51353894,0.59272474,1.00000000,0.47551020,0.57467407,0.55909086,0.64624601,0.57566608,0.56628078,0.52247282,0.57262266,0.65578513,0.52046888,0.43581715,0.49268304,0.49303325,0.41166116,0.46617607,0.51291862,0.50500896,0.56146199,0.53288492,0.48963614,0.70648652,0.56650937,0.55802033,0.40808919,0.56221885,0.47721273,0.50006813,0.52008171,0.44846543,0.33876258,0.52844546,0.53664005,0.51996208,0.54667266,0.55076321,0.50427561,0.49129335,0.71747527,0.45736760,0.52819403,0.47078918,0.63750644,0.67280975,0.56940754,0.46641666,0.50038242,0.57462368,0.51868524,0.49453516,0.29710281,0.52241012,0.52492984,0.35490248,0.51658774,0.59592391,0.59521563,0.60399853,0.53579931,0.50243485,0.48023300,0.63598961,0.64934899,0.51310667,0.52384907,0.57244092,0.57513252,0.50639501,0.59269664,0.42409265,0.57693459,0.63839595,0.59396422,0.57501086,0.51621466,0.49077286,0.68607894,0.54689996,0.70566451,0.44002176,0.51693849,0.56146763,0.49299189,0.60287703,0.54318026,0.56963936,0.55102489,0.62723282,0.54540056,0.57831679,0.48554956,0.58674558,0.56928429,0.56719492,0.60076726,0.43574773,0.29710281,0.48359360,0.54136421,0.47013134,0.60337027,0.66835900,0.56948319,0.59930390,0.53420303,0.52982767,0.52203435,0.53360057,0.54590558,0.54250997,0.52547839,0.59978754,0.62035256,0.64089783
91721,0.46496757,0.45149342,0.45292751,0.48964430,0.42703105,0.51347066,0.51476596,0.47699623,0.44106860,0.43382963,0.39856542,0.48569905,0.50192524,0.39189727,0.52116381,0.53219530,0.26347824,0.37138341,0.45323270,0.44174588,0.48317012,0.37971360,0.46841007,0.30436763,0.53357191,0.39214977,0.42836352,0.50238440,0.42933626,0.50578622,0.41238039,0.47781423,0.49639080,0.39746259,0.45597947,0.51761746,0.33412840,0.45461296,0.32643936,0.44266421,0.45987569,0.30547883,0.50190127,0.44096962,0.52671242,0.44390847,0.40947487,0.40808614,0.43064965,0.43575112,0.49526712,0.38989556,0.35123355,0.51451274,0.44034950,0.53180185,0.59908821,0.42668308,0.44011106,0.46506301,0.40769596,0.44885953,0.48112805,0.41929054,0.40413316,0.43835930,0.52959117,0.51432500,0.39223214,0.32476816,0.40846031,0.41218197,0.45651042,0.37036018,0.44135356,0.49831526,0.41602743,0.52037135,0.36882724,0.54738969,0.43957755,0.42895013,0.44105522,0.61184923,0.51210968,0.48506057,0.45569825,0.43795391,0.53194794,0.41116755,0.39286878,0.35182094,0.51383095,0.43063107,0.43415236,0.45698606,0.40845550,0.52791678,0.56569536,0.40024486,0.34327970,0.46419514,0.53230560,0.52312663,0.51487733,0.45983241,0.39916175,0.49551525,0.46214087,0.45590716,0.43058414,0.38189397,0.41915014,0.35242975,0.48492988,0.31989587,0.41284545,0.55128523,0.51044759,0.45898837,0.46205358,0.60637026,0.48545453,0.38412386,0.43261093,0.45120442,0.37435432,0.56880272,0.32454900,0.42227141,0.44000187,0.43863043,0.38929294,0.48135249,0.43501672,0.52093905,0.40950538,0.29184697,0.43050983,0.42584669,0.42501804,0.38245046,0.49246371,0.44516710,0.45114330,0.35242975,0.47472154,0.34993271,0.48340913,0.51411596,0.47540739,0.43947889,0.43204098,0.48773576,0.41062923,0.43893698,0.52495797,0.43679763,0.40177537,0.50997629,0.48456819,0.42767096,0.48398750,0.46995261,0.38127988,0.43846619,0.56513499,0.45681037,0.40087202,0.40992312,0.45987961,0.44682191,0.52299353,0.44105961,0.51843256,0.45273328,0.39890090,0.52048376,0.34866641,0.47551020,1.00000000,0.40866070,0.50581383,0.47400932,0.40679288,0.37368429,0.46580484,0.48101242,0.49725592,0.50835811,0.30773935,0.33702083,0.40100061,0.36197794,0.27720979,0.36088829,0.53179314,0.42367317,0.44539010,0.48053358,0.50444346,0.47150205,0.50350804,0.37442724,0.44279234,0.37584426,0.43149564,0.40099433,0.41994536,0.21972519,0.43368419,0.43263453,0.46539108,0.56612517,0.51561285,0.43967357,0.41590821,0.48833152,0.26172047,0.36953091,0.33667240,0.51476596,0.50021968,0.46192281,0.45377292,0.39753659,0.51310466,0.47447296,0.49800816,0.23685819,0.56271704,0.47621159,0.30718995,0.36910772,0.47774362,0.46662791,0.48772897,0.43588641,0.40917762,0.40411467,0.51652636,0.48765823,0.41485405,0.43832582,0.45004029,0.49897319,0.40992312,0.34963713,0.23106199,0.47057550,0.47834305,0.46181401,0.46419521,0.40285867,0.39558882,0.48113483,0.43471183,0.50920532,0.32935006,0.61929245,0.47618240,0.40581366,0.47092672,0.60280303,0.45836015,0.45178516,0.45621429,0.47004427,0.45029877,0.44416230,0.52807155,0.45205858,0.41207136,0.45826305,0.31304785,0.23685819,0.32812909,0.46427186,0.42937981,0.55121558,0.50078602,0.39942155,0.48856899,0.42574655,0.46060367,0.36338610,0.42316482,0.48070006,0.43881178,0.47936116,0.47945969,0.46399342,0.41028815
91762,0.63326906,0.63942106,0.55691185,0.55374599,0.52707485,0.65427244,0.57446569,0.52287432,0.50398244,0.47522634,0.50929842,0.60701041,0.63877575,0.53822472,0.64222418,0.66442858,0.35234063,0.40195703,0.52942724,0.68301076,0.73974636,0.56667531,0.69230743,0.35523898,0.65492993,0.47135300,0.61629952,0.57268874,0.56962981,0.43468096,0.48710859,0.58909403,0.54086145,0.55497442,0.55995550,0.61623961,0.42523275,0.56811273,0.47547316,0.54732329,0.58231482,0.40497773,0.61870832,0.51702554,0.66879310,0.59400238,0.47949222,0.49017205,0.54837423,0.53704144,0.62635346,0.62835987,0.47585839,0.64867214,0.67824118,0.57413482,0.35548087,0.46819855,0.60079648,0.68132248,0.52366947,0.35035950,0.47370444,0.50369037,0.37068979,0.40957551,0.37488364,0.53016521,0.48921903,0.36574581,0.62727276,0.60612769,0.57370009,0.54338125,0.52963089,0.39352250,0.49921935,0.52957194,0.49540239,0.47155910,0.52855822,0.41551138,0.55410003,0.48713534,0.49013541,0.54126132,0.49886791,0.62436344,0.45584990,0.60654941,0.66281326,0.51782191,0.63342210,0.56812271,0.50779955,0.55708919,0.59110704,0.54541351,0.52532810,0.49159861,0.43105430,0.46151088,0.58097586,0.46460501,0.49717102,0.52982387,0.47939590,0.57555451,0.70637321,0.51919250,0.57674364,0.44403778,0.61588195,0.50304173,0.61527527,0.49633878,0.38396820,0.51779319,0.47046929,0.54222445,0.61442000,0.60171648,0.69769587,0.50837756,0.47594625,0.51105922,0.47187736,0.57848022,0.46105032,0.50971605,0.63362716,0.59397527,0.63894365,0.56531292,0.53843159,0.60262492,0.55707357,0.76196926,0.50467926,0.52431756,0.47562494,0.52155856,0.63450263,0.48725813,0.62933862,0.50304173,0.61197361,0.46378368,0.52822706,0.67517081,0.55377217,0.50609528,0.47919777,0.67292575,0.49597483,0.62198764,0.60793749,0.49031314,0.44169892,0.61359213,0.41880596,0.55124572,0.71817985,0.59957014,0.52216212,0.56092146,0.57733727,0.64899470,0.54133008,0.55275278,0.63782919,0.67392987,0.59138229,0.57319326,0.62712403,0.56577738,0.47963721,0.56522017,0.44557621,0.57467407,0.40866070,1.00000000,0.61891482,0.61563236,0.65673608,0.43034604,0.58032274,0.60175678,0.59276318,0.47563031,0.38575756,0.45477627,0.43325355,0.49010840,0.38918957,0.44104409,0.58470840,0.54286496,0.63498962,0.54920583,0.59532771,0.50579209,0.49262574,0.40782497,0.57681704,0.44139345,0.58558627,0.59431386,0.43740052,0.54125718,0.51352879,0.47427533,0.49116148,0.45991404,0.52445989,0.53797644,0.60981250,0.57595498,0.54116616,0.60985948,0.38598768,0.57446569,0.65364353,0.54843157,0.46466087,0.50135189,0.47386172,0.55302633,0.45687455,0.40292151,0.50763520,0.47366299,0.46771344,0.54066263,0.72910036,0.48858080,0.66000118,0.48860413,0.59803206,0.44297390,0.63476803,0.60696594,0.63371954,0.59368398,0.53221474,0.52409159,0.55275278,0.56801354,0.40643794,0.53116619,0.64859020,0.61866373,0.53773477,0.59397170,0.59770056,0.65333224,0.51893702,0.55085288,0.61002355,0.46680975,0.50684481,0.48794333,0.64445779,0.45394361,0.45201831,0.56662606,0.57898647,0.53921624,0.59067472,0.39969580,0.54564748,0.65398762,0.57184768,0.69479815,0.39058518,0.40292151,0.46924666,0.47809401,0.43650587,0.54921934,0.70976236,0.59880708,0.55723650,0.51664721,0.54164365,0.49490596,0.54611247,0.56959472,0.55590021,0.56153607,0.63342446,0.58297913,0.56501860
92858,0.50686580,0.52866869,0.50701339,0.53068367,0.48869192,0.61590457,0.54396960,0.53672150,0.46792891,0.46402264,0.51492381,0.51538369,0.58832255,0.49904570,0.59980563,0.58739393,0.25004850,0.39568661,0.50598923,0.57523514,0.59436894,0.48660066,0.59676844,0.38190209,0.58350481,0.46682777,0.52025846,0.52109728,0.51679012,0.45051083,0.46934154,0.54989696,0.53091811,0.46517193,0.50425603,0.51793392,0.40077958,0.45020495,0.43457580,0.46399058,0.54354496,0.33152877,0.59838886,0.53433241,0.58530825,0.54568605,0.36209945,0.46830513,0.51793242,0.45971136,0.51849580,0.53320284,0.47729974,0.57962395,0.57174610,0.57839050,0.41524657,0.49430331,0.56464744,0.59702709,0.46605427,0.34162279,0.47428178,0.49252222,0.32908749,0.43834614,0.39422682,0.55110966,0.48730018,0.32979911,0.48294521,0.53748199,0.52959862,0.51005308,0.53028714,0.38456367,0.50062583,0.46862916,0.47086490,0.45075639,0.51965766,0.36431341,0.51969479,0.45607320,0.49151295,0.49043992,0.45323681,0.49482279,0.45022266,0.56245941,0.57761814,0.50275957,0.57484203,0.58452510,0.55585133,0.61646007,0.57224505,0.51869901,0.48095011,0.46961608,0.41830919,0.45311450,0.56161862,0.45357049,0.52299311,0.53169207,0.47976913,0.50761350,0.73474780,0.53524722,0.53281635,0.46485793,0.59648679,0.55202562,0.55459888,0.39394600,0.41825128,0.51440648,0.53625971,0.49992670,0.53791316,0.59007220,0.70429241,0.51594891,0.50206992,0.47547387,0.44815854,0.62106588,0.37578804,0.50406306,0.63869771,0.50056020,0.53983728,0.48059005,0.59287214,0.53941936,0.48557885,0.51754913,0.54140566,0.48058027,0.46476371,0.40852293,0.50459895,0.46817018,0.53988327,0.55202562,0.59903507,0.50027543,0.48178121,0.53134429,0.61962088,0.52219928,0.45013413,0.65496942,0.48749340,0.63661680,0.54009344,0.51894279,0.48575381,0.56040362,0.51645048,0.54322658,0.65510278,0.66346827,0.58058070,0.62022007,0.56212369,0.55300588,0.51022192,0.46730408,0.60728419,0.64028061,0.53758380,0.56616049,0.57836586,0.69367103,0.46534048,0.76357127,0.38329847,0.55909086,0.50581383,0.61891482,1.00000000,0.51317933,0.46011928,0.41270744,0.66442844,0.52737865,0.52631418,0.59325768,0.42330872,0.42847434,0.49733973,0.54018203,0.47489510,0.43079215,0.58855132,0.58594769,0.74944757,0.50623455,0.50693318,0.52269301,0.46759396,0.41231648,0.55792124,0.48400905,0.61088907,0.60315903,0.46467055,0.42766346,0.55730243,0.45625543,0.43560289,0.49956242,0.47306443,0.52938327,0.70026474,0.55224317,0.44400686,0.54093193,0.44731074,0.54396960,0.57434308,0.52604247,0.42164426,0.50650580,0.52596792,0.61819803,0.46791081,0.41819723,0.47952908,0.47514526,0.46060146,0.47082520,0.66420826,0.52111803,0.58726444,0.40288381,0.53775987,0.41618260,0.54574970,0.54343023,0.70413237,0.55865265,0.48905030,0.64121920,0.46730408,0.51039814,0.41579398,0.64699377,0.56020805,0.61929248,0.50627735,0.61757643,0.55982552,0.53869577,0.43213877,0.55600099,0.47354513,0.49911383,0.50813913,0.52429747,0.61836097,0.51541842,0.45481695,0.55036783,0.47786482,0.55517442,0.54695204,0.42615902,0.58479078,0.58333235,0.45179389,0.60694786,0.51470448,0.41819723,0.54801014,0.46720957,0.51128979,0.59646192,0.56994038,0.46984386,0.50681929,0.52921884,0.52405441,0.45458598,0.50851062,0.50514625,0.58642619,0.54693401,0.49485872,0.47879461,0.47195517
93034-A,0.68734865,0.67507877,0.58289340,0.53628140,0.48728694,0.75254412,0.59826696,0.50817638,0.54312449,0.47324089,0.50052725,0.63435693,0.61064355,0.50299987,0.63000113,0.67567094,0.25672376,0.39954829,0.57464639,0.61959556,0.68787749,0.46941014,0.65666799,0.31054037,0.68407947,0.52880508,0.62490339,0.61825480,0.55251644,0.41944361,0.43727650,0.60951265,0.57519756,0.60266047,0.58297373,0.64782986,0.42445644,0.62213391,0.46713484,0.56952237,0.58773886,0.32841516,0.67457268,0.60060101,0.71921963,0.52599693,0.44950140,0.44313310,0.67040869,0.62881925,0.74806948,0.50434526,0.42616358,0.75972807,0.61767783,0.54858598,0.42376186,0.48902971,0.47577165,0.66599992,0.63259276,0.42751094,0.50461758,0.40421377,0.39444455,0.47794488,0.40568100,0.57266340,0.50892692,0.37932416,0.55979508,0.60076338,0.66152968,0.52530462,0.52320969,0.40508558,0.44891509,0.57179533,0.44198391,0.46946852,0.56406018,0.43105634,0.51739646,0.58013676,0.53035495,0.52954013,0.50418918,0.59828305,0.44754568,0.58532890,0.60223316,0.53211338,0.68535447,0.52964916,0.39498862,0.49081817,0.60212085,0.58362779,0.51005453,0.47956652,0.34870686,0.49446353,0.67848953,0.45603648,0.52027995,0.44322640,0.38266655,0.58838567,0.54919184,0.45605792,0.58231275,0.46180348,0.54757403,0.38789375,0.62546430,0.52087917,0.37254007,0.57709626,0.46119613,0.48802920,0.53556583,0.64031973,0.56121560,0.45717251,0.49774461,0.50420936,0.39411254,0.51611839,0.38080457,0.43645057,0.61622215,0.65023974,0.48706205,0.56128607,0.50298730,0.58456526,0.46423576,0.57984812,0.47212562,0.56006521,0.53476982,0.43674718,0.73076148,0.54059460,0.60188645,0.38789375,0.62502811,0.41997102,0.56848558,0.73342420,0.52659387,0.54158314,0.42227980,0.61333610,0.53283985,0.60240868,0.58987809,0.45981638,0.43742319,0.71830011,0.37232660,0.60778843,0.59595290,0.54585003,0.40191011,0.49591486,0.52127713,0.58439156,0.48816812,0.54946949,0.52137640,0.59403979,0.58528950,0.48386260,0.55527577,0.48532702,0.37876343,0.48136954,0.44724751,0.64624601,0.47400932,0.61563236,0.51317933,1.00000000,0.67066093,0.44819922,0.54254619,0.66562802,0.70003123,0.39629895,0.37224310,0.44513436,0.44211473,0.38652097,0.39806794,0.47712055,0.53646343,0.47286346,0.51882645,0.52807144,0.70965565,0.48763818,0.55398374,0.40367628,0.57759445,0.35612548,0.45720116,0.43441260,0.41730020,0.39362916,0.44240643,0.46330807,0.55107993,0.52262858,0.58713500,0.47282025,0.47385862,0.63935393,0.40711551,0.47640547,0.35271288,0.59826696,0.71980350,0.53960765,0.46944849,0.46981513,0.48797342,0.52456381,0.47884716,0.29260630,0.54106856,0.46861267,0.33616802,0.53012429,0.60521304,0.57390481,0.61663044,0.47154751,0.52886154,0.46552278,0.73558515,0.63620993,0.47227282,0.52719381,0.56530030,0.52440952,0.54946949,0.51758696,0.31122467,0.53131551,0.64006793,0.60660320,0.57843245,0.43802696,0.46144979,0.69315265,0.52632963,0.61985452,0.49857337,0.52008829,0.51714197,0.41830737,0.57970373,0.46907191,0.47853292,0.51704324,0.61814364,0.50288020,0.61379913,0.39799886,0.54303170,0.60319089,0.63762360,0.62684106,0.36510869,0.29260630,0.44469812,0.51033725,0.41404094,0.57186780,0.68220694,0.51312903,0.64188045,0.51122521,0.57428448,0.42542970,0.49510814,0.53810341,0.53803407,0.53119325,0.70081965,0.61753775,0.58612393
93034,0.67909814,0.63376858,0.56087502,0.54207598,0.50853829,0.64245753,0.55743753,0.49803774,0.54090762,0.47169369,0.48802607,0.61182191,0.61989462,0.44185745,0.65067341,0.71231682,0.35142837,0.35326583,0.53509741,0.63678781,0.64711324,0.46468674,0.65087069,0.33411844,0.72072535,0.42917146,0.59254900,0.56438607,0.52635374,0.35493061,0.36880066,0.58601165,0.48698664,0.66532276,0.55310162,0.59085642,0.42610245,0.60356068,0.47497087,0.57864249,0.61017935,0.40958294,0.57917204,0.52653005,0.69728355,0.59987427,0.56005194,0.43512911,0.59000725,0.55329190,0.72255611,0.51299177,0.44719225,0.66431043,0.63487009,0.45527331,0.37299539,0.41883028,0.48190842,0.69320682,0.45254801,0.38975219,0.47433959,0.43318462,0.36318949,0.41407839,0.38741687,0.52988908,0.43918371,0.41344727,0.60026009,0.59039011,0.53732954,0.53579296,0.46741182,0.35921707,0.44957845,0.49015214,0.51852844,0.43938659,0.56072395,0.40617607,0.48462901,0.49516401,0.49020873,0.47017348,0.55647645,0.60122397,0.37820976,0.53429760,0.70634835,0.53043811,0.67633344,0.52450122,0.41066756,0.49635353,0.56336666,0.52069083,0.46882282,0.40131068,0.32129676,0.47504870,0.55257267,0.43705085,0.52452606,0.44346295,0.43209893,0.63316023,0.57156830,0.45663649,0.45879140,0.39372543,0.55773000,0.40767212,0.61049966,0.54411860,0.33474620,0.51075022,0.44817576,0.52889654,0.54483519,0.52270868,0.58301375,0.42638188,0.42754518,0.49080570,0.39937326,0.47288344,0.49134471,0.44983072,0.57263435,0.58106543,0.52763552,0.49184344,0.48339486,0.50495769,0.48258837,0.64074035,0.41807159,0.47501154,0.44730641,0.39316080,0.67134769,0.53695490,0.58512085,0.40767212,0.58222957,0.45281709,0.48515097,0.63063873,0.48150417,0.47351328,0.38639779,0.57039728,0.45152228,0.55882087,0.51033041,0.39361081,0.42527182,0.61125323,0.34387502,0.52672808,0.60072925,0.48449362,0.43017815,0.47066114,0.45757861,0.62017931,0.53451404,0.53889700,0.53900565,0.47607938,0.49931527,0.51642048,0.53948277,0.47693478,0.42819581,0.44370431,0.45539499,0.57566608,0.40679288,0.65673608,0.46011928,0.67066093,1.00000000,0.42510812,0.46880284,0.59014274,0.56184078,0.38540276,0.36113417,0.46012541,0.39046304,0.36833841,0.33485237,0.43007078,0.48814998,0.44827044,0.57933469,0.51067123,0.60849387,0.47190598,0.49098559,0.36091068,0.55674678,0.33586044,0.42887961,0.44784668,0.36370656,0.33004222,0.41349954,0.44248362,0.52384044,0.43655698,0.55785315,0.41329063,0.42959725,0.58122636,0.50773632,0.52872475,0.35032930,0.55743753,0.62961611,0.51057697,0.41016456,0.43885324,0.48140617,0.47947411,0.43028945,0.30267445,0.48448084,0.43061613,0.32165269,0.47873213,0.60998939,0.50061863,0.61807760,0.53578986,0.54674473,0.41530335,0.58114062,0.62745999,0.49577575,0.49861671,0.50859087,0.46144181,0.53889700,0.56369677,0.43009405,0.46834781,0.59858975,0.54721287,0.50453492,0.45146104,0.47042249,0.61509091,0.50654759,0.56766964,0.57847828,0.42870502,0.44551004,0.40765264,0.56372805,0.38158055,0.40853690,0.44692925,0.58104685,0.45444179,0.48173977,0.30661579,0.46865565,0.58472796,0.52653435,0.62067956,0.32968692,0.30267445,0.37472209,0.47222438,0.33487208,0.47133771,0.64749505,0.57130562,0.50193759,0.51498951,0.55194116,0.50197422,0.48911812,0.49303871,0.49391936,0.51685998,0.68680502,0.58044096,0.52944030
93315,0.46074591,0.50918392,0.45160789,0.61809847,0.40642420,0.42027732,0.47957641,0.54858939,0.57843185,0.54074102,0.49448957,0.57180193,0.47005367,0.52421980,0.54676496,0.57458171,0.35330648,0.44736784,0.57132369,0.49576843,0.49014702,0.43160960,0.45503917,0.47985046,0.57641187,0.39609312,0.46161870,0.41701998,0.49449829,0.34906653,0.49679933,0.42224633,0.45613919,0.48688674,0.49522186,0.54751821,0.44278168,0.52090904,0.47677106,0.41645969,0.62911908,0.37647289,0.41647258,0.53340368,0.50090049,0.50827653,0.46264322,0.42992555,0.46423949,0.49151721,0.54495743,0.44392338,0.57215975,0.48307055,0.49546137,0.49311942,0.50964002,0.52898671,0.46141875,0.47285674,0.38211840,0.55766632,0.58668868,0.46470028,0.48133586,0.44286781,0.41443288,0.61799846,0.52518188,0.66414608,0.43520365,0.53535704,0.37884723,0.43409980,0.41542545,0.41263429,0.45070440,0.43887253,0.53272182,0.41007676,0.57179414,0.49184653,0.49996459,0.44680719,0.40388838,0.68956889,0.41769694,0.49750447,0.39557556,0.38465328,0.37955589,0.32302431,0.48570186,0.54738691,0.44159703,0.54606062,0.44910941,0.56305920,0.43006750,0.42790886,0.41516623,0.58485455,0.51283729,0.39676551,0.53807672,0.44376698,0.40260405,0.56283445,0.41089536,0.55066650,0.45178100,0.45485311,0.44952918,0.35432652,0.45274861,0.38587448,0.41421723,0.50593147,0.61892734,0.49937493,0.51769400,0.54107453,0.46711801,0.48151481,0.55373356,0.49681111,0.42926998,0.51232804,0.40505527,0.55321742,0.42848377,0.39202309,0.38316708,0.49966733,0.39401825,0.43008900,0.51519798,0.40599128,0.51226702,0.43825900,0.39015085,0.39491869,0.54551031,0.51365569,0.45322291,0.35432652,0.59768727,0.57817517,0.54236649,0.45262590,0.46128184,0.41799420,0.40456076,0.43833409,0.39144158,0.42254708,0.42914395,0.59451453,0.46585954,0.53262177,0.43345516,0.62196903,0.43663977,0.41957646,0.34965993,0.36244959,0.42880118,0.44004010,0.42548653,0.41862165,0.48327538,0.39999009,0.42393640,0.44308839,0.44048995,0.38471202,0.40619594,0.35401197,0.52008726,0.56628078,0.37368429,0.43034604,0.41270744,0.44819922,0.42510812,1.00000000,0.42967141,0.38253370,0.45605549,0.43458366,0.47606367,0.42879088,0.50762598,0.31879886,0.53025686,0.56906796,0.46229667,0.47360191,0.39681375,0.52572564,0.53946310,0.72679210,0.56789781,0.45399012,0.57179649,0.54378244,0.46674537,0.42129120,0.42766180,0.24412067,0.46619212,0.71188617,0.51894314,0.55553571,0.41189145,0.61867700,0.38711833,0.59124415,0.39678638,0.39356366,0.38385014,0.47957641,0.43234500,0.53659701,0.35147076,0.46707236,0.56092717,0.46066976,0.64286929,0.38242849,0.38515324,0.37388170,0.36598957,0.42680811,0.44500219,0.52810043,0.47088598,0.45901426,0.45090853,0.33146916,0.49128046,0.49793459,0.37912743,0.42810771,0.45427986,0.41364143,0.41862165,0.50350770,0.48246286,0.39778687,0.44357777,0.42000092,0.42406128,0.41920979,0.42935240,0.44921572,0.41720291,0.58199969,0.43446146,0.39213987,0.41760415,0.33516364,0.40992216,0.43198638,0.41457265,0.42122595,0.50900270,0.48046297,0.46217536,0.46117096,0.46987167,0.44588884,0.38629789,0.48594605,0.44706290,0.38242849,0.47061838,0.39419210,0.42455538,0.58657762,0.50588815,0.51395249,0.43736280,0.37277598,0.48070613,0.49840806,0.50684380,0.48504677,0.36127036,0.40707206,0.40831731,0.50569719,0.42434103
93319,0.50026716,0.50239202,0.41270623,0.47411126,0.41314849,0.56852991,0.49789868,0.50500496,0.43097198,0.40082679,0.42983193,0.51917262,0.54692290,0.44934031,0.55505770,0.57661581,0.27883479,0.42124970,0.44058650,0.57917784,0.59920180,0.50590390,0.59547093,0.29707241,0.57323990,0.42799552,0.49981882,0.51617474,0.46183440,0.52614811,0.37021121,0.49196317,0.49562215,0.42874013,0.53251149,0.53672725,0.38212672,0.49842995,0.32291679,0.43590983,0.47706236,0.35276857,0.55378399,0.52482794,0.56336126,0.51733591,0.39674423,0.47759424,0.50014050,0.48167838,0.53063747,0.48427886,0.39565761,0.58792099,0.57486682,0.56453063,0.42042028,0.46961132,0.56677171,0.61045585,0.47274259,0.34929792,0.42133774,0.49639088,0.26026140,0.45666846,0.42852100,0.50870692,0.44521320,0.32994545,0.47096120,0.49132890,0.55638662,0.47611194,0.46002315,0.33613220,0.47619100,0.51950951,0.38691409,0.57983039,0.43689303,0.34294862,0.50262329,0.52162744,0.43776502,0.48180873,0.41944099,0.50184273,0.37094183,0.56521261,0.57486771,0.38610678,0.51607071,0.51529534,0.45162415,0.46812357,0.55968247,0.51496054,0.57635028,0.43855057,0.35604935,0.40024385,0.56131240,0.50947369,0.45433706,0.50901878,0.49088173,0.49742746,0.64355252,0.44574092,0.48994159,0.46581324,0.47752107,0.64987533,0.43095439,0.37063430,0.39338149,0.49308636,0.47804143,0.44748106,0.50441005,0.56200199,0.67921557,0.41602547,0.48406754,0.48324387,0.43132283,0.53450832,0.38873633,0.48205071,0.64127137,0.49461031,0.48504621,0.45693554,0.60924078,0.50510397,0.46056105,0.53041971,0.42870851,0.50006673,0.44814786,0.44965272,0.54289983,0.41734311,0.54772042,0.64987533,0.55056463,0.43484327,0.44286714,0.53756971,0.55462668,0.45208078,0.40942112,0.69443172,0.44568907,0.64249295,0.50073419,0.52808340,0.37808751,0.54095169,0.38474326,0.54945885,0.62467553,0.73316357,0.65472488,0.71273591,0.62333351,0.55454292,0.51132728,0.57132881,0.58629014,0.60278377,0.50468893,0.52666032,0.64671920,0.50379026,0.49059023,0.58795150,0.35002674,0.52247282,0.46580484,0.58032274,0.66442844,0.54254619,0.46880284,0.42967141,1.00000000,0.49446768,0.56828334,0.46744565,0.35282872,0.40704443,0.39374156,0.56264921,0.36518276,0.41847349,0.67269743,0.47791546,0.53813336,0.41496253,0.48583667,0.42716561,0.42233738,0.42465328,0.47259927,0.38009593,0.61313992,0.58355792,0.36487156,0.42744708,0.43451719,0.42508519,0.40033006,0.45632580,0.41323884,0.54224958,0.64359518,0.53448858,0.42521301,0.52723998,0.35370160,0.49789868,0.58655381,0.45128065,0.40238464,0.47528743,0.43826894,0.55222085,0.46119722,0.28417232,0.51175651,0.50482706,0.42176420,0.45462295,0.63346316,0.42521724,0.54338539,0.37369524,0.45008002,0.44037941,0.54864765,0.53770325,0.72405574,0.56688550,0.52089720,0.57892595,0.57132881,0.44131987,0.34666281,0.58155736,0.55428079,0.67218356,0.49265903,0.58265728,0.53481963,0.57466997,0.41819502,0.51738488,0.54062368,0.50115522,0.46376343,0.49849031,0.61649737,0.49684211,0.42701708,0.52683943,0.52091383,0.46208142,0.50220373,0.44364860,0.53620564,0.54741076,0.49465510,0.58732644,0.38219685,0.28417232,0.46688581,0.48089796,0.46675887,0.50725245,0.57248461,0.45910965,0.52750925,0.54624892,0.43835326,0.37812259,0.43946750,0.43126842,0.59393519,0.55915854,0.50413046,0.52125716,0.52323121
93333,0.66193184,0.72407932,0.67260627,0.57205101,0.56185655,0.74590269,0.57480833,0.51326327,0.53546085,0.45860945,0.46829244,0.55093703,0.53899316,0.43218044,0.66888341,0.71289028,0.28737450,0.39634364,0.63701881,0.67152294,0.66077754,0.58498461,0.64289913,0.34538012,0.71301090,0.50874768,0.72117014,0.71799619,0.56818562,0.47929461,0.44428294,0.59222148,0.47368276,0.56453919,0.53279305,0.55785120,0.42375465,0.48467467,0.46763673,0.49645758,0.50795466,0.33710349,0.69614394,0.49299220,0.71893138,0.44978972,0.35681573,0.51340400,0.58189344,0.53678705,0.59947768,0.46854289,0.38099107,0.75748086,0.66651306,0.51235545,0.35353580,0.47258784,0.52735401,0.61860438,0.65267291,0.33995118,0.40048529,0.41979481,0.36896121,0.36076891,0.35943866,0.56648244,0.48316886,0.36260196,0.47457025,0.61722554,0.63264662,0.54244584,0.46320527,0.42287602,0.47403963,0.55042891,0.45375683,0.45729190,0.53869894,0.38112468,0.51626944,0.54234083,0.60332474,0.50459377,0.56670627,0.50850799,0.43601741,0.49929187,0.51099016,0.43697276,0.64593728,0.46412645,0.40787285,0.45743043,0.56165306,0.50065923,0.50644644,0.47652565,0.32339534,0.39906761,0.56659251,0.37224700,0.48220508,0.41023216,0.34608210,0.57343322,0.59917640,0.41768350,0.50378996,0.45346465,0.63725693,0.47034435,0.64490912,0.52323994,0.39267675,0.48177241,0.41009436,0.42573694,0.49929932,0.49470110,0.63101988,0.48122878,0.46667930,0.50204205,0.42505143,0.51550185,0.35512648,0.40121139,0.61661961,0.75403724,0.64882359,0.42451365,0.50498677,0.44771350,0.39007135,0.50043447,0.43548529,0.46130810,0.42463891,0.43314466,0.64043885,0.53550274,0.49305129,0.47034435,0.50586581,0.36790279,0.39647383,0.68021202,0.37493051,0.45181636,0.46049275,0.57514268,0.40777334,0.60399037,0.45704080,0.44345674,0.43881881,0.57817105,0.36266601,0.48714000,0.56772510,0.52128684,0.49407073,0.48314025,0.51303379,0.58394348,0.54916623,0.53730096,0.54777796,0.49012088,0.45349183,0.57184359,0.47325423,0.48644695,0.34393681,0.53908717,0.37359915,0.57262266,0.48101242,0.60175678,0.52737865,0.66562802,0.59014274,0.38253370,0.49446768,1.00000000,0.64393625,0.42912085,0.33571106,0.42136566,0.39146501,0.40928588,0.29472689,0.38614972,0.51456566,0.44382398,0.55041189,0.47151131,0.72193612,0.48329270,0.41735836,0.39991855,0.53266288,0.39477064,0.50687956,0.49934560,0.42966884,0.33567305,0.36334850,0.46386712,0.43360747,0.45118564,0.62691788,0.47776296,0.48800280,0.57050193,0.32529560,0.42869521,0.33549864,0.57480833,0.72679939,0.42361574,0.44660665,0.49838177,0.43151217,0.37308548,0.49632911,0.20791224,0.43880746,0.41009525,0.37129847,0.54390038,0.57979504,0.48103180,0.53083588,0.46839623,0.47652520,0.37317905,0.70253269,0.67757071,0.50752546,0.50339271,0.47826328,0.50900020,0.53730096,0.41438204,0.28472937,0.52968258,0.65780733,0.49590404,0.45252274,0.50128371,0.50858271,0.63135461,0.49731450,0.60943570,0.58607233,0.41186115,0.44881715,0.44394932,0.58789600,0.39251170,0.41045630,0.52084183,0.50881642,0.49371787,0.54976748,0.30170895,0.47844091,0.63043522,0.60567119,0.71091096,0.28510644,0.20791224,0.34069313,0.44284926,0.33620168,0.47745752,0.62214657,0.58256981,0.47557853,0.47595725,0.56689420,0.43889252,0.47856680,0.51732567,0.46366116,0.54115465,0.67293240,0.50944908,0.45642980
93363,0.66189969,0.59052105,0.56089516,0.57181264,0.49415945,0.71632890,0.58429844,0.63330207,0.55465624,0.53132159,0.54640063,0.62025978,0.64815934,0.47855849,0.63610402,0.66600085,0.32903407,0.42360790,0.55677912,0.56583548,0.67524318,0.42505100,0.58062154,0.31290220,0.66381104,0.46087117,0.56675069,0.62894780,0.57412670,0.45817482,0.50117110,0.64570172,0.59933832,0.53501311,0.56491165,0.62315736,0.44019981,0.58504588,0.44977960,0.56115898,0.57142642,0.36489364,0.68567739,0.56298509,0.66701171,0.56380673,0.50907219,0.49554446,0.51281949,0.54816888,0.60232052,0.51428214,0.49536003,0.75248229,0.56076163,0.52508156,0.44523808,0.56519334,0.51952816,0.55857962,0.57436741,0.49120222,0.59971259,0.49269322,0.44026694,0.55278732,0.47799247,0.60658136,0.45913662,0.45874647,0.55743709,0.58116650,0.69280153,0.42732575,0.58819141,0.42539508,0.43634963,0.61290042,0.45894980,0.54520071,0.53654556,0.49041167,0.54809432,0.64108652,0.58458116,0.60014002,0.49994751,0.61469064,0.46747352,0.60810697,0.51997668,0.55932396,0.60055229,0.53116730,0.39310353,0.51377344,0.52353259,0.58719216,0.56488995,0.47627324,0.40443456,0.59123615,0.70999612,0.54185701,0.62051639,0.51931257,0.47527147,0.62846314,0.53154733,0.47411031,0.54108919,0.47035042,0.50773736,0.41788584,0.62977827,0.50652298,0.43339682,0.60249015,0.51487382,0.49924498,0.55812317,0.61159030,0.55606048,0.44261736,0.57153649,0.59859795,0.43513711,0.54458512,0.45528604,0.48989149,0.59954201,0.66687345,0.47498071,0.59560413,0.56097730,0.57877310,0.48333782,0.51285667,0.44886923,0.57175933,0.52346622,0.43599950,0.63053027,0.57253009,0.57304855,0.41788584,0.59183636,0.41579211,0.61871405,0.66848354,0.52582388,0.58103403,0.44557148,0.62431965,0.53296727,0.58918946,0.58360585,0.49862029,0.43619657,0.68188053,0.39676951,0.61416324,0.54618135,0.55342705,0.43512660,0.49445858,0.56234794,0.58679889,0.43324530,0.50836080,0.57410621,0.55809234,0.57366079,0.53460693,0.57277898,0.46774489,0.47418007,0.48460504,0.44398167,0.65578513,0.49725592,0.59276318,0.52631418,0.70003123,0.56184078,0.45605549,0.56828334,0.64393625,1.00000000,0.47442101,0.36548768,0.45446550,0.45147201,0.38253896,0.38056792,0.42556152,0.54029611,0.52814591,0.47846490,0.55574597,0.74503987,0.49766162,0.59271443,0.42859858,0.57231168,0.38112458,0.45870092,0.49394983,0.36772574,0.39981778,0.50654227,0.53009835,0.56870442,0.53146233,0.58680320,0.46926426,0.46114054,0.58778003,0.41470075,0.52193362,0.41631186,0.58429844,0.67397913,0.55421251,0.53303262,0.48995976,0.58312857,0.52303454,0.53195885,0.29600515,0.59099889,0.56207510,0.33982767,0.55366614,0.55916435,0.59992439,0.60724652,0.50903384,0.52616933,0.50554246,0.70889552,0.60569648,0.48712429,0.57183544,0.62461826,0.54145223,0.50836080,0.52120028,0.32417734,0.56494993,0.66457608,0.58811453,0.58130622,0.49577027,0.51697313,0.64603937,0.47185327,0.64863980,0.44036447,0.53123688,0.55125143,0.49216856,0.57661875,0.52243741,0.55626191,0.58517082,0.62200878,0.56509320,0.56381944,0.44995460,0.55341168,0.58970729,0.59654271,0.62057563,0.36310297,0.29600515,0.42672364,0.55367941,0.43964749,0.58481755,0.65861735,0.53487668,0.64122343,0.56286972,0.57083288,0.44054779,0.48896117,0.50430448,0.54835808,0.54600187,0.65762097,0.61774193,0.60623545
93379,0.38130047,0.41880497,0.37008281,0.53997767,0.44055614,0.45457005,0.48742663,0.58206198,0.45614281,0.44076776,0.45297008,0.45263012,0.51010728,0.53495461,0.58468379,0.53831690,0.32030023,0.43421316,0.40453885,0.44991691,0.51247553,0.39674834,0.46980958,0.44040595,0.53675756,0.42846409,0.46974198,0.38857894,0.45450847,0.40746735,0.45383895,0.55436343,0.52201496,0.37119745,0.47888443,0.50796299,0.34151947,0.35668272,0.37761340,0.41292038,0.51002867,0.37246000,0.49227130,0.54040006,0.50097039,0.53761944,0.45633612,0.50691072,0.43397770,0.41455776,0.46215378,0.56467944,0.45102835,0.44519895,0.45154495,0.47961847,0.44879024,0.53977726,0.63833468,0.47231440,0.43098214,0.44736838,0.54299829,0.55481187,0.36483188,0.54479990,0.54316531,0.61711698,0.35010393,0.38478558,0.34922327,0.44292558,0.38692707,0.37221914,0.49657787,0.42698447,0.36061653,0.53251892,0.36498587,0.44804461,0.47304698,0.39956133,0.55359370,0.44901339,0.37842442,0.48522815,0.42432469,0.40095179,0.48106237,0.48843278,0.43228790,0.39111856,0.43635704,0.53330641,0.42250692,0.55904531,0.40245469,0.61202179,0.42023440,0.42457074,0.45581291,0.52921191,0.57669113,0.51104104,0.49733922,0.59861213,0.54228778,0.55462689,0.55833281,0.51991683,0.39713736,0.52620596,0.44352437,0.48456490,0.52731159,0.28982649,0.55941653,0.45740552,0.62725528,0.49308430,0.57035446,0.52431255,0.56422345,0.46237974,0.56772052,0.56681972,0.44601223,0.59783533,0.42522097,0.55106188,0.50050375,0.40007926,0.47688786,0.51553326,0.55526377,0.48745620,0.40098460,0.37076657,0.49577942,0.45940405,0.41738061,0.35601452,0.42970441,0.41611436,0.43624023,0.48456490,0.50848528,0.48386171,0.50118116,0.49423842,0.47282268,0.49498995,0.49823625,0.50572514,0.38621408,0.49701787,0.48919208,0.55950343,0.50868435,0.51100096,0.59416502,0.54613353,0.51162052,0.49781098,0.46380522,0.48347592,0.54016145,0.46314103,0.42607065,0.34890336,0.50899160,0.49565208,0.48582480,0.57257870,0.45442818,0.50295254,0.54834033,0.51707679,0.31723916,0.52046888,0.50835811,0.47563031,0.59325768,0.39629895,0.38540276,0.43458366,0.46744565,0.42912085,0.47442101,1.00000000,0.44562488,0.40421000,0.48707209,0.47019648,0.53496447,0.43005688,0.49685342,0.62360721,0.53236070,0.54781710,0.42578043,0.53713668,0.51267850,0.43631616,0.54204496,0.58887156,0.61351902,0.58543793,0.55471536,0.36931242,0.59981272,0.47626379,0.43239044,0.48628038,0.40393503,0.50061911,0.57510269,0.44425610,0.45007710,0.54169456,0.50594109,0.48742663,0.47779411,0.45763769,0.45259960,0.52938658,0.50208022,0.47189203,0.54606607,0.45207730,0.49527311,0.60098184,0.50807058,0.48451260,0.50979040,0.44620036,0.47038549,0.37794422,0.52027728,0.48481994,0.46377434,0.50952376,0.60484790,0.51546431,0.49498972,0.63353991,0.34890336,0.41479750,0.39182060,0.58826257,0.46852729,0.54829831,0.54542369,0.58141837,0.59358141,0.47127740,0.41588569,0.60126920,0.41529125,0.52684547,0.49897809,0.46402925,0.47446145,0.57104155,0.59098582,0.55463678,0.54394683,0.50526070,0.38860167,0.62387197,0.53878948,0.44857255,0.34985862,0.51680319,0.52532557,0.45207730,0.53827754,0.45123675,0.56435419,0.57285754,0.49709070,0.47642478,0.52297615,0.48599466,0.39682536,0.35765951,0.42763492,0.47130684,0.47291411,0.44123074,0.37734560,0.53535227,0.44657874
93466,0.35088693,0.39027342,0.31839536,0.50046861,0.32942213,0.41363637,0.36370644,0.43211438,0.44821842,0.42285783,0.39502680,0.46533624,0.41290998,0.38176058,0.45255020,0.48996391,0.23569874,0.33973446,0.34881688,0.38629972,0.43224543,0.38581119,0.43773921,0.74874047,0.48856401,0.35749116,0.42757875,0.32905861,0.38253294,0.32369124,0.42586634,0.36750222,0.35293189,0.36457478,0.40814170,0.39466480,0.33893304,0.36307298,0.36099217,0.35627726,0.48131994,0.25209768,0.38901749,0.44108205,0.44310171,0.40673843,0.33194586,0.33538777,0.42409357,0.41769033,0.44430081,0.40232633,0.42331670,0.38184208,0.38457359,0.43820345,0.42123084,0.40404033,0.40529097,0.42933388,0.34356099,0.42331372,0.44946674,0.33312903,0.36451192,0.33639136,0.33281705,0.49668687,0.36119215,0.50124730,0.33999094,0.45741004,0.32614498,0.33943187,0.38615738,0.34985888,0.36991040,0.28581428,0.40995545,0.31707442,0.37669610,0.38256720,0.38433932,0.29551952,0.33032587,0.49215627,0.35286570,0.38985206,0.31794794,0.33182499,0.33870740,0.28447893,0.37316599,0.75822417,0.40747429,0.42510260,0.33760230,0.47555871,0.30720816,0.33046143,0.36730441,0.43831447,0.45570988,0.30192383,0.43833347,0.34763758,0.31638566,0.47470189,0.38686164,0.39781954,0.30525998,0.34822789,0.40011314,0.32366946,0.43553361,0.27567942,0.52141601,0.35116480,0.48812033,0.33212720,0.41715648,0.39470188,0.41564299,0.38357205,0.42284427,0.41237039,0.35712438,0.40022112,0.27397316,0.46381293,0.35109588,0.39353031,0.38749960,0.41363366,0.33711766,0.36036095,0.39797261,0.34562081,0.44333360,0.31788846,0.29432898,0.35344985,0.42758785,0.30566610,0.33170040,0.32366946,0.50986251,0.69902238,0.43228632,0.37878171,0.32169364,0.39461299,0.38619009,0.36508863,0.34621847,0.34185982,0.35981242,0.43397483,0.51604248,0.44676141,0.43701471,0.64383482,0.35637113,0.33500868,0.35982441,0.32580398,0.35258396,0.34519041,0.32229389,0.27835665,0.37746252,0.34331529,0.35137454,0.37674023,0.37160209,0.39825905,0.32022805,0.33671141,0.31073602,0.43581715,0.30773935,0.38575756,0.42330872,0.37224310,0.36113417,0.47606367,0.35282872,0.33571106,0.36548768,0.44562488,1.00000000,0.73660511,0.44887497,0.30188425,0.69473006,0.79118410,0.37904644,0.36811294,0.37881778,0.42279033,0.42078388,0.51335883,0.38681015,0.34662971,0.44293164,0.44761837,0.39746656,0.37894151,0.32385971,0.25365685,0.38459081,0.54141807,0.38717581,0.46899616,0.33928832,0.45674182,0.37100526,0.40594560,0.28568198,0.32900715,0.43189759,0.36370644,0.40477677,0.46783303,0.28686162,0.38923391,0.42660081,0.32097871,0.48158388,0.42337557,0.26487754,0.40961227,0.32619545,0.36842864,0.36582214,0.48218566,0.44004665,0.39175999,0.39379926,0.32457745,0.43037920,0.38753378,0.40832924,0.31837450,0.36987762,0.44760604,0.27835665,0.42284806,0.60041749,0.44006285,0.37253771,0.34008769,0.39267243,0.37515421,0.38475409,0.37743555,0.40166204,0.49229655,0.38275955,0.29211342,0.32190807,0.26118913,0.39801033,0.29955137,0.36163764,0.37653520,0.37977540,0.40377581,0.31045029,0.32933786,0.42696743,0.34685900,0.27626914,0.44667052,0.66016313,0.42337557,0.61994054,0.29398424,0.33912877,0.46220519,0.41641498,0.46768831,0.36107194,0.30209533,0.34403203,0.40141829,0.35528181,0.36752201,0.29209763,0.30490838,0.34131819,0.37481913,0.34100001
93467,0.48322405,0.47013521,0.40427514,0.42864197,0.40823028,0.50708319,0.40520326,0.43675324,0.46449803,0.37726208,0.34213074,0.54777197,0.44366495,0.37878402,0.51878693,0.54669877,0.22258685,0.32013705,0.41575908,0.49173945,0.57725066,0.41716246,0.53429481,0.76137552,0.54150444,0.34523495,0.41708024,0.44460370,0.39561450,0.32525583,0.42942733,0.48830265,0.43483995,0.40571171,0.46036306,0.48964576,0.25558538,0.43693704,0.31793672,0.39323394,0.45100777,0.23199538,0.46496496,0.38211554,0.48698667,0.42592666,0.37025330,0.36728065,0.40478259,0.41149597,0.49604229,0.43554358,0.39873693,0.48748081,0.48836461,0.41857600,0.33819757,0.39654781,0.44200463,0.50014766,0.38549662,0.37904922,0.46785721,0.40174028,0.33550511,0.35887595,0.34701715,0.46127771,0.38792766,0.44077282,0.46502407,0.43346612,0.41132043,0.44826759,0.33471353,0.31597286,0.38235295,0.37095077,0.35627305,0.32127991,0.37745897,0.33414473,0.40822097,0.33749014,0.37681467,0.50803261,0.43534821,0.45412808,0.31900937,0.40832080,0.42609193,0.35543428,0.48827660,0.77200406,0.32621410,0.39673188,0.49229450,0.45434233,0.35651052,0.34286979,0.31763184,0.46780874,0.51792636,0.32646403,0.38408446,0.34521291,0.28149764,0.51193712,0.40744767,0.35287160,0.37483703,0.34804397,0.51356495,0.28948863,0.43759710,0.36388947,0.52386628,0.35639585,0.44034661,0.35534169,0.45218070,0.45209773,0.47887594,0.35368543,0.40785158,0.40965178,0.29770900,0.44441861,0.29352267,0.41016427,0.41310743,0.48183543,0.45188384,0.46135177,0.40418479,0.38336260,0.38325934,0.37967131,0.40680876,0.43639905,0.38251018,0.40299364,0.47655025,0.36015985,0.43521635,0.28948863,0.53441038,0.62347414,0.49902123,0.44276142,0.36533161,0.34850435,0.34767470,0.46298703,0.41904452,0.39592729,0.38263339,0.41080335,0.58351686,0.47479066,0.37502471,0.59331675,0.44387566,0.42935131,0.33371176,0.39183021,0.37246025,0.45974514,0.39688667,0.41596725,0.40334250,0.39504785,0.38919279,0.44571516,0.41240018,0.39292444,0.28499916,0.35017908,0.28244836,0.49268304,0.33702083,0.45477627,0.42847434,0.44513436,0.46012541,0.42879088,0.40704443,0.42136566,0.45446550,0.40421000,0.73660511,1.00000000,0.38655621,0.28430734,0.59367175,0.71384387,0.36471908,0.40701223,0.37303580,0.39367235,0.46685523,0.52119513,0.43572656,0.32532056,0.44150674,0.40179381,0.41261360,0.41416949,0.35188357,0.28858716,0.39816052,0.52159223,0.48252482,0.51224175,0.38035280,0.47052736,0.37276043,0.45500549,0.30800828,0.38688660,0.43756778,0.40520326,0.52784582,0.52960098,0.34532000,0.36944929,0.40585722,0.36405556,0.44018739,0.31936073,0.32307984,0.43875223,0.29524351,0.39603972,0.45043477,0.44656889,0.46320110,0.39035994,0.39039357,0.34935055,0.52254709,0.47696750,0.42219664,0.40651634,0.43357321,0.42767954,0.41596725,0.48595009,0.57463876,0.43597469,0.45793147,0.41922293,0.39520804,0.41132896,0.40184818,0.48072978,0.51252540,0.50850209,0.38440482,0.35499916,0.38648227,0.35034201,0.52828563,0.31834902,0.41809818,0.43864095,0.49053683,0.42207886,0.39330510,0.32436621,0.44977489,0.43699945,0.38685402,0.51824530,0.59211038,0.31936073,0.55365740,0.37761198,0.35788449,0.47375349,0.49296051,0.47062142,0.43254691,0.33998855,0.35708775,0.35561497,0.36782405,0.34300207,0.40251490,0.44092795,0.44363995,0.48072069,0.42083091
93468,0.40098405,0.42227805,0.37698949,0.54611258,0.34939149,0.44095304,0.48781699,0.46007844,0.46421084,0.57301550,0.60139736,0.51641797,0.56721326,0.48112089,0.50205475,0.50266574,0.39521874,0.43463138,0.49855947,0.45143562,0.44996350,0.39295882,0.45594518,0.37572187,0.49976526,0.38889552,0.44946754,0.42710136,0.64302552,0.27009582,0.49756859,0.36326721,0.37092940,0.46452904,0.46329353,0.48786365,0.46059541,0.43260519,0.52468298,0.48196844,0.64240659,0.42084100,0.43827319,0.54081981,0.47378536,0.58572627,0.42567573,0.39549054,0.50757592,0.51464570,0.45343859,0.42389899,0.68992005,0.42834541,0.45106521,0.51548036,0.56753129,0.49806412,0.44732994,0.45820536,0.35640104,0.41587332,0.51137960,0.46084523,0.43439184,0.41499709,0.35988878,0.58068192,0.42720462,0.47654093,0.42967007,0.48413622,0.36590828,0.37439401,0.54646686,0.38147880,0.58332795,0.46621336,0.43892115,0.41857738,0.50160505,0.47762260,0.47634771,0.40566718,0.44019061,0.53791815,0.34242199,0.50240858,0.39912001,0.37534863,0.40201257,0.50622417,0.41628014,0.51940925,0.51499229,0.67464109,0.37469680,0.47432436,0.34910404,0.43302778,0.44721903,0.49368933,0.52387579,0.40401809,0.54180166,0.46178163,0.47581624,0.46235528,0.46578342,0.52452579,0.42585486,0.45721605,0.45076282,0.32529061,0.50273487,0.36708758,0.40782014,0.47194239,0.58215514,0.54624483,0.50925866,0.45280700,0.41804489,0.57436948,0.51156052,0.49102582,0.47112731,0.52493911,0.42712632,0.68329243,0.45517981,0.41781138,0.39582263,0.45512846,0.43003669,0.41274112,0.50134857,0.36048558,0.89939358,0.34946728,0.28356661,0.37971760,0.42216482,0.50057359,0.43137890,0.32529061,0.63051114,0.50599619,0.45322128,0.46843127,0.47070386,0.55274836,0.41649043,0.41420427,0.43349478,0.44029148,0.41553230,0.53811290,0.50924290,0.53529873,0.44070741,0.62012251,0.47738435,0.33335523,0.29140759,0.31341078,0.42828069,0.35747366,0.36081592,0.25267754,0.49409604,0.44117976,0.40203514,0.44527414,0.38897690,0.52913301,0.48022906,0.46546866,0.48001602,0.49303325,0.40100061,0.43325355,0.49733973,0.44211473,0.39046304,0.50762598,0.39374156,0.39146501,0.45147201,0.48707209,0.44887497,0.38655621,1.00000000,0.42495682,0.50349699,0.47353320,0.43337846,0.51297549,0.52408753,0.50421447,0.49548059,0.59124786,0.46815854,0.45125493,0.63412378,0.51461328,0.41806749,0.42195572,0.39950027,0.31483258,0.49392867,0.54787146,0.40247147,0.56287036,0.44591756,0.53022840,0.44573428,0.50965668,0.39739040,0.41707570,0.39463361,0.48781699,0.43064167,0.54816227,0.32798554,0.47955010,0.54618528,0.46969342,0.59028083,0.50720662,0.43928490,0.42410701,0.38463385,0.41642897,0.48139877,0.53285360,0.59268626,0.47068929,0.55899782,0.38993851,0.43014257,0.46657231,0.39373285,0.38314940,0.37496772,0.50197378,0.25267754,0.56280054,0.43777561,0.49713784,0.43310059,0.38012734,0.56180903,0.42032621,0.37011924,0.38159103,0.40714685,0.49955329,0.41441572,0.37299202,0.42060199,0.30956150,0.39008431,0.39355431,0.41454019,0.37491116,0.38931269,0.56435115,0.41010820,0.39154862,0.47723510,0.41543793,0.36632616,0.47327814,0.45303571,0.50720662,0.51957436,0.29417919,0.42784898,0.54662448,0.50079355,0.49141984,0.40671954,0.32097491,0.49646438,0.40868042,0.53593194,0.45754728,0.34428412,0.35676492,0.39163375,0.38416976,0.35284983
93469,0.39524231,0.39119496,0.33794494,0.38840493,0.32398894,0.43230340,0.44209179,0.46858736,0.35296317,0.30194380,0.31409302,0.32443371,0.42459295,0.45007108,0.45353164,0.47526951,0.36066997,0.46104079,0.29906730,0.49505949,0.46329253,0.42564062,0.46739856,0.26994622,0.47353899,0.36003805,0.40199907,0.39571369,0.34839395,0.30795671,0.37421702,0.41466320,0.41003441,0.35018885,0.38715666,0.36682423,0.29234443,0.31667871,0.23497990,0.37425430,0.38452380,0.42486390,0.44664757,0.41982216,0.46770950,0.49470250,0.32461585,0.48921765,0.40262927,0.37080582,0.42710957,0.45560712,0.34519430,0.44612352,0.49796663,0.48827594,0.31437046,0.43899944,0.60360089,0.46249009,0.48214759,0.27941849,0.32306086,0.43844917,0.25603756,0.45577102,0.34466712,0.44440496,0.31095153,0.25908186,0.29968614,0.45259009,0.37425672,0.41003304,0.40161027,0.28263172,0.38827152,0.39364400,0.30158612,0.36745058,0.33508255,0.28430652,0.53599480,0.32933448,0.33455495,0.37577818,0.32322314,0.32756458,0.28999211,0.51608112,0.47746579,0.33870443,0.42386823,0.40655033,0.43144782,0.42823806,0.43380071,0.43370048,0.36304987,0.36613193,0.43751322,0.30612321,0.45598288,0.40948422,0.33949294,0.56641064,0.57400229,0.39250543,0.54215925,0.37232468,0.28652967,0.53386294,0.38679434,0.58118168,0.36440999,0.32146486,0.39695431,0.32152549,0.44436735,0.40485760,0.49769570,0.46364831,0.55355340,0.32654781,0.43511582,0.45542385,0.46076023,0.44917443,0.41952810,0.45742291,0.54210846,0.38844303,0.42887764,0.41695959,0.56837787,0.42804156,0.32152590,0.45861163,0.47295741,0.41211329,0.37113908,0.54083968,0.40744817,0.34034557,0.40130043,0.58118168,0.45487621,0.39890723,0.34555141,0.43095658,0.46351311,0.37750690,0.46735428,0.54685575,0.40053740,0.53278664,0.42226813,0.50718686,0.32780741,0.44123652,0.37534377,0.44069325,0.51803117,0.52417061,0.52084825,0.55917495,0.42657996,0.43388689,0.43822158,0.41166950,0.46717333,0.55116110,0.43346572,0.51518501,0.50100379,0.52422523,0.57611197,0.46485702,0.26602060,0.41166116,0.36197794,0.49010840,0.54018203,0.38652097,0.36833841,0.31879886,0.56264921,0.40928588,0.38253896,0.47019648,0.30188425,0.28430734,0.42495682,1.00000000,0.36901359,0.30817602,0.45848587,0.49511220,0.55966442,0.36509904,0.34354705,0.31028731,0.28390142,0.45571345,0.40848107,0.46079152,0.61332352,0.57597917,0.38053225,0.48857010,0.43619064,0.30542490,0.28405575,0.31444289,0.31867344,0.49836912,0.64423006,0.39013379,0.48927163,0.53809186,0.31995417,0.44209179,0.46463607,0.36209959,0.32804424,0.51303926,0.33938109,0.46205949,0.34448578,0.34842442,0.37311580,0.42787460,0.45010378,0.42878946,0.52032850,0.32646166,0.47427154,0.31564411,0.34734499,0.30404671,0.42797081,0.50218337,0.59560722,0.50357948,0.43334105,0.52949827,0.41166950,0.38932825,0.36632261,0.53478118,0.39975899,0.56915587,0.40617737,0.57487654,0.54306285,0.45987407,0.28750156,0.42842110,0.38815873,0.42200106,0.54158028,0.45444626,0.44850567,0.41221804,0.44507455,0.44778578,0.42342364,0.36434480,0.29517454,0.37200894,0.46491553,0.40067527,0.36496878,0.49371452,0.36716882,0.34842442,0.44696744,0.36272050,0.51147605,0.40213354,0.46353825,0.43348948,0.38493779,0.44319591,0.37825162,0.31317587,0.35540009,0.33277528,0.49947052,0.44764103,0.35499936,0.45166436,0.41460101
93470-A,0.33122433,0.36758245,0.30104699,0.43111347,0.35112672,0.39433874,0.43488508,0.47429575,0.43770318,0.38920661,0.42381901,0.43053996,0.46443538,0.46556195,0.42005178,0.45923519,0.30091030,0.42487510,0.38131374,0.34832402,0.39551682,0.28529107,0.42571174,0.54918476,0.45706422,0.37206384,0.35408350,0.28030463,0.37627574,0.25361061,0.45590389,0.36775603,0.36765130,0.34631447,0.39764166,0.40018842,0.30064052,0.37184956,0.38022068,0.38710750,0.47396740,0.35131242,0.40218564,0.52983547,0.38765130,0.49071124,0.37864503,0.36756038,0.43454814,0.39184279,0.43607844,0.48965111,0.48331496,0.36741250,0.34727050,0.41433329,0.39956678,0.47973128,0.47552179,0.42614812,0.30870806,0.40391946,0.50225459,0.38409960,0.34390036,0.45363550,0.36512531,0.55274840,0.30560102,0.50609786,0.37199639,0.40678482,0.31287986,0.34757998,0.42159411,0.30256172,0.32066783,0.35406263,0.37412528,0.29107378,0.43119163,0.37712787,0.42657213,0.31552201,0.27329815,0.47828248,0.32433277,0.42469464,0.32388468,0.39711407,0.37251597,0.41451205,0.38396106,0.70920343,0.38252954,0.51878367,0.38655128,0.49299237,0.28499035,0.31299757,0.45112877,0.49757923,0.48199497,0.36137520,0.39517938,0.42370660,0.40258000,0.50073828,0.43643761,0.41567175,0.26433500,0.48592253,0.37769158,0.35596803,0.41028621,0.29468454,0.51701351,0.33527937,0.53540936,0.44499659,0.45369157,0.42088168,0.45255728,0.35076374,0.49978845,0.47224125,0.37651506,0.45057026,0.36267530,0.47397053,0.36830017,0.33072072,0.32776237,0.46562961,0.41030202,0.37177758,0.38921494,0.34683536,0.48570142,0.35559621,0.30341537,0.32354577,0.39708665,0.40615701,0.34243673,0.35596803,0.59066214,0.74741995,0.45719805,0.34675624,0.45343588,0.42798276,0.38211880,0.41905882,0.36614042,0.36151364,0.36753442,0.50701979,0.53222221,0.49960922,0.48050306,0.63379434,0.39447036,0.38119545,0.32407862,0.37027585,0.35737541,0.35042645,0.33693697,0.26443732,0.39218355,0.41494528,0.36275623,0.40761677,0.40369293,0.44028252,0.40684945,0.37357096,0.30688891,0.46617607,0.27720979,0.38918957,0.47489510,0.39806794,0.33485237,0.53025686,0.36518276,0.29472689,0.38056792,0.53496447,0.69473006,0.59367175,0.50349699,0.36901359,1.00000000,0.72212889,0.41617654,0.50642466,0.44329480,0.43630665,0.38426323,0.53417834,0.43337007,0.42796978,0.52401618,0.48273775,0.44130674,0.44092094,0.38029274,0.29794508,0.49068859,0.51399836,0.40916467,0.48244750,0.27837439,0.47796560,0.44587700,0.39218008,0.42050308,0.42819623,0.50714186,0.43488508,0.36233078,0.51363274,0.30825788,0.45466941,0.41166934,0.45249269,0.50685965,0.51180185,0.32600048,0.43388367,0.34993912,0.41345330,0.40373728,0.53426929,0.45336717,0.36711087,0.41989838,0.34714282,0.38123621,0.43289624,0.46219550,0.41163795,0.40180130,0.49187486,0.26443732,0.51292072,0.65237140,0.48906637,0.36808500,0.40408342,0.44338959,0.43705109,0.40911586,0.37562185,0.35174215,0.49252439,0.37074345,0.34078295,0.40114238,0.29511971,0.37991564,0.37364814,0.42894801,0.39105612,0.47580794,0.42765329,0.26746591,0.42189466,0.43392188,0.34914098,0.26181009,0.39173586,0.85555538,0.51180185,0.80079073,0.32054633,0.46578530,0.50008050,0.42262018,0.46187924,0.42615425,0.32985932,0.31036725,0.35757703,0.36425620,0.36972290,0.35578778,0.30338598,0.30068664,0.46978865,0.39897845
93470,0.45450816,0.48290179,0.37791806,0.52959593,0.33297631,0.46665926,0.41794948,0.51651188,0.60986236,0.50223646,0.43730649,0.56619738,0.46006520,0.47514447,0.53152538,0.54697667,0.30639685,0.42512358,0.48779239,0.45399849,0.51951397,0.44025049,0.52968664,0.68895190,0.54480571,0.44441843,0.43609365,0.38883851,0.39634401,0.35434604,0.51330787,0.44763639,0.46549024,0.44469902,0.49995566,0.48219246,0.35707729,0.47462003,0.38078034,0.46055514,0.53536552,0.37752841,0.44111969,0.50579592,0.50250760,0.49175199,0.36858639,0.40165633,0.45809446,0.47747920,0.50777203,0.47400362,0.50880283,0.47928353,0.45294497,0.49212950,0.46027904,0.47125477,0.42612293,0.52301583,0.41358081,0.51595891,0.50636312,0.37209722,0.42355830,0.36526910,0.37858437,0.55617822,0.45394461,0.51800558,0.45050845,0.47634917,0.38810497,0.39694380,0.41844921,0.38466176,0.38738106,0.40976187,0.43257520,0.40148415,0.42946563,0.42895532,0.48593960,0.39182566,0.35873243,0.55789479,0.37072230,0.47186744,0.36616282,0.36997986,0.40740074,0.30653049,0.45821864,0.75191997,0.39996204,0.45663562,0.43326779,0.56980289,0.43169277,0.38181376,0.40156293,0.49958981,0.52464249,0.32121639,0.41261190,0.41212500,0.34506082,0.55525989,0.39860269,0.42967348,0.40864333,0.42033981,0.42795144,0.35391267,0.42618495,0.31716267,0.50376417,0.40460731,0.51570468,0.39039813,0.49292476,0.49904021,0.48375557,0.38428060,0.49131195,0.47008727,0.39586711,0.47446159,0.39574258,0.50247954,0.40536809,0.48405412,0.40923974,0.51550369,0.38107899,0.44391968,0.42918605,0.41889081,0.48536707,0.40791762,0.35494392,0.39472622,0.50355142,0.41154451,0.42701082,0.35391267,0.61220130,0.72253865,0.53221287,0.46661523,0.41383870,0.42663520,0.41776544,0.45046754,0.36938551,0.39858155,0.44329037,0.45593939,0.53875399,0.53026330,0.45457700,0.66433927,0.45922353,0.43812137,0.34325568,0.39821183,0.40775123,0.42889945,0.35324496,0.37006067,0.47109210,0.40900865,0.44340703,0.39800354,0.49252836,0.45290788,0.34933026,0.37309187,0.41407116,0.51291862,0.36088829,0.44104409,0.43079215,0.47712055,0.43007078,0.56906796,0.41847349,0.38614972,0.42556152,0.43005688,0.79118410,0.71384387,0.47353320,0.30817602,0.72212889,1.00000000,0.42750416,0.44825927,0.39949779,0.44770637,0.50179346,0.61623215,0.51220247,0.42935674,0.49550340,0.49302177,0.42210892,0.45249087,0.40987588,0.27983121,0.43738960,0.57874348,0.47313509,0.57112858,0.38701687,0.50603648,0.44231943,0.52483710,0.34210023,0.37868782,0.41365125,0.41794948,0.47304535,0.58562147,0.34179707,0.44728008,0.41886585,0.41289551,0.50560958,0.44945003,0.33950327,0.40644623,0.31519969,0.40592966,0.46849045,0.54365431,0.46507008,0.45338732,0.42875137,0.33569070,0.51620280,0.46938544,0.41554156,0.38961418,0.41545636,0.44121984,0.37006067,0.50064507,0.60602843,0.43841135,0.46547401,0.41020918,0.44980294,0.44862101,0.39319291,0.48329233,0.45235429,0.55087847,0.37963898,0.35852770,0.38212178,0.27733634,0.44999788,0.34615852,0.39647314,0.42997796,0.48987824,0.44856227,0.42296965,0.35280491,0.46384915,0.43878238,0.39008172,0.50263876,0.69577940,0.44945003,0.67206880,0.30871227,0.41548525,0.54602878,0.52896917,0.49872395,0.47993845,0.34890929,0.40543197,0.41602694,0.38942657,0.39756710,0.34677755,0.32413349,0.39966560,0.48385896,0.47642462
93478,0.49685226,0.54040932,0.44782338,0.53508726,0.48551422,0.57239198,0.59173289,0.51386896,0.45112707,0.43076967,0.49153026,0.51831710,0.56260755,0.45811629,0.58991477,0.59680530,0.30546311,0.39747014,0.53232523,0.57483071,0.58409052,0.52650554,0.59046465,0.31668247,0.59617590,0.47355032,0.57039904,0.49193451,0.47743169,0.77593634,0.45718006,0.50238264,0.49990396,0.46320761,0.52936406,0.57123906,0.45288614,0.50658202,0.41168128,0.38617569,0.54164073,0.38248882,0.55306778,0.57465650,0.54895762,0.52819293,0.39059769,0.46103623,0.58570405,0.49700519,0.51216632,0.50816779,0.42955349,0.53901577,0.57393555,0.52708971,0.43378047,0.50414575,0.59548640,0.61501270,0.46580263,0.42622726,0.48281639,0.55741523,0.36617224,0.46853526,0.53846125,0.57622482,0.38024436,0.40549810,0.52884049,0.51937551,0.51841518,0.46771062,0.45798808,0.37651972,0.47719432,0.57395366,0.45512364,0.68378498,0.51898481,0.41115966,0.51203456,0.59642146,0.47926146,0.51179754,0.45691660,0.57414874,0.45877651,0.51666358,0.50493476,0.39178609,0.53373676,0.50524565,0.43941723,0.54808175,0.47632602,0.52342195,0.74552777,0.41625851,0.46655212,0.47667501,0.56212807,0.57504026,0.47874237,0.57457877,0.54643437,0.51934419,0.66440658,0.51543581,0.46095313,0.48511568,0.49776961,0.61098981,0.52380191,0.41372438,0.40663698,0.52849184,0.57135787,0.47628614,0.55309099,0.54798247,0.62815487,0.46509022,0.53558043,0.52183960,0.42396831,0.60619913,0.39835696,0.49184399,0.61389358,0.47885538,0.52302243,0.49226158,0.57524960,0.48171384,0.48303844,0.49595492,0.46796873,0.49842031,0.45306597,0.42251137,0.51910722,0.46555909,0.46890305,0.61098981,0.54788023,0.46076939,0.50255956,0.56628956,0.53224352,0.45091200,0.43948351,0.59986143,0.39976348,0.61146527,0.48569538,0.56828405,0.38929972,0.52785693,0.44013463,0.55426958,0.63256317,0.69036753,0.61000355,0.66430880,0.88308825,0.57050005,0.54963936,0.49680962,0.62105183,0.53757520,0.48363889,0.56030921,0.77071534,0.47362062,0.54846206,0.57790164,0.40056627,0.50500896,0.53179314,0.58470840,0.58855132,0.53646343,0.48814998,0.46229667,0.67269743,0.51456566,0.54029611,0.49685342,0.37904644,0.36471908,0.43337846,0.45848587,0.41617654,0.42750416,1.00000000,0.55267073,0.54868896,0.49842907,0.51189330,0.51710158,0.47230466,0.40130881,0.50940584,0.42451945,0.59222622,0.56559734,0.33267369,0.37854121,0.50190579,0.49878233,0.44004100,0.48806964,0.46862229,0.58195803,0.60514746,0.52054553,0.42756350,0.51011570,0.43616782,0.59173289,0.53976694,0.47005473,0.43977628,0.51814832,0.46816228,0.52934610,0.50486609,0.34153472,0.57563887,0.55418926,0.43719042,0.49414729,0.63437423,0.47050951,0.51957200,0.38981424,0.51064577,0.44185497,0.52236789,0.51550584,0.59433598,0.59360044,0.53788414,0.52991142,0.49680962,0.44578610,0.35896433,0.52706085,0.55968072,0.57405427,0.44427452,0.56515985,0.57694705,0.53838327,0.46914460,0.55175868,0.59903224,0.47907209,0.45513053,0.45340518,0.57976702,0.54562807,0.43801945,0.59608094,0.50833283,0.48179616,0.46645299,0.40012587,0.61558218,0.57348234,0.46708069,0.62610700,0.39946189,0.34153472,0.44254396,0.47612153,0.43633767,0.55199452,0.57891472,0.54916286,0.53426284,0.51554710,0.51141107,0.42465612,0.50044656,0.51080919,0.50238590,0.49744416,0.50573319,0.51161086,0.46468745
93653,0.46946101,0.46173473,0.38867147,0.53621825,0.39558414,0.52653788,0.58215697,0.60178263,0.52737036,0.44135241,0.47384205,0.49379215,0.55900656,0.60802270,0.61874948,0.58092644,0.41153304,0.43339219,0.47138487,0.57310811,0.60923791,0.44330186,0.50759018,0.35321435,0.57745242,0.51971608,0.50383989,0.41088013,0.47695220,0.42287967,0.50441734,0.54538829,0.53846190,0.50262319,0.48485280,0.52810267,0.38178929,0.49502483,0.41483946,0.47285153,0.56933355,0.48348997,0.56802157,0.63392199,0.52781695,0.60256619,0.45988070,0.54810077,0.48568077,0.46817231,0.50971910,0.64885075,0.56990215,0.52789556,0.57474050,0.48516018,0.43275105,0.59306189,0.68008070,0.50496889,0.53097515,0.41734520,0.56883782,0.55963296,0.38376324,0.52917702,0.46008449,0.61939984,0.40380079,0.44703395,0.46250005,0.50202470,0.45724702,0.40126147,0.46284476,0.42535162,0.42617718,0.57741596,0.43804947,0.46741337,0.51138104,0.41500259,0.63136513,0.50902337,0.42518352,0.53112906,0.42619445,0.48647816,0.52362966,0.59866005,0.49135018,0.47276859,0.47078026,0.56467306,0.44424582,0.63643271,0.46258719,0.55337043,0.46469906,0.41616493,0.55865906,0.55848429,0.55178274,0.49972697,0.52747906,0.61678511,0.57260265,0.56388449,0.58772659,0.57570657,0.46848702,0.56833350,0.46975357,0.47391188,0.50609140,0.36750287,0.43960988,0.53189537,0.72253783,0.56955431,0.73200276,0.50786710,0.55972817,0.50949604,0.59618343,0.63413795,0.51772118,0.63404063,0.60392337,0.59533696,0.60185422,0.44278988,0.50001182,0.58031411,0.56378341,0.44999835,0.45396864,0.43595974,0.53018350,0.52538336,0.46241394,0.46211017,0.47015889,0.43595841,0.51497305,0.47391188,0.58925828,0.49031105,0.52108572,0.55586273,0.52295676,0.46128281,0.49697608,0.56956656,0.48853126,0.59315973,0.45457701,0.56970618,0.52731653,0.51486202,0.49888357,0.59589074,0.58012249,0.55044189,0.46481089,0.50804544,0.56641945,0.47435800,0.43369267,0.38680737,0.61955614,0.58089608,0.44553122,0.58237033,0.55039592,0.52801044,0.57777043,0.51682326,0.39628087,0.56146199,0.42367317,0.54286496,0.58594769,0.47286346,0.44827044,0.47360191,0.47791546,0.44382398,0.52814591,0.62360721,0.36811294,0.40701223,0.51297549,0.49511220,0.50642466,0.44825927,0.55267073,1.00000000,0.57525258,0.58483456,0.52040313,0.54287434,0.54048542,0.44037022,0.59656643,0.67402578,0.61047822,0.62657837,0.47893913,0.45035509,0.65841296,0.50692862,0.43213577,0.50515958,0.44194178,0.57122500,0.62393493,0.51436420,0.61651240,0.62664712,0.50872346,0.58215697,0.54494393,0.57213976,0.39872091,0.59976613,0.56894564,0.52213616,0.53624151,0.47605579,0.55362134,0.49281710,0.56624474,0.57737585,0.58686585,0.53029705,0.56853423,0.42393635,0.53274963,0.42601502,0.47600159,0.56616335,0.53499192,0.55968160,0.53163740,0.54145229,0.38680737,0.55178808,0.44292490,0.54412517,0.55095903,0.53618502,0.50081455,0.62239778,0.62888171,0.53471932,0.43165679,0.59582963,0.49728797,0.53832030,0.63185490,0.45019058,0.52321058,0.51955917,0.57311634,0.59197970,0.55119749,0.56228625,0.47518003,0.48010677,0.63263042,0.52516611,0.48490424,0.60669893,0.47428446,0.47605579,0.49968974,0.45955651,0.55324392,0.66749978,0.60013387,0.55417618,0.53206583,0.48053437,0.52495692,0.42976447,0.47088407,0.52958014,0.48389956,0.43174101,0.42760711,0.55197039,0.55103200
93669,0.50955699,0.51038645,0.46794226,0.55050445,0.46413683,0.57465860,0.51438074,0.53109379,0.44319625,0.43457982,0.44431817,0.48141721,0.57170027,0.47488711,0.58556385,0.58471998,0.30151966,0.36624433,0.50489666,0.57239702,0.55489446,0.46776191,0.57073238,0.35772260,0.57791246,0.43284033,0.48983574,0.46487381,0.49414458,0.39369112,0.45315257,0.49270192,0.46918763,0.49147074,0.49406157,0.49538843,0.38648482,0.42345897,0.42153548,0.52370920,0.54719317,0.39855200,0.58096943,0.51559833,0.57669272,0.54286624,0.41637340,0.44444204,0.49485280,0.44257226,0.51906364,0.54094398,0.43856445,0.53030505,0.56775632,0.55373721,0.36715054,0.44487979,0.54664196,0.59387544,0.46231134,0.31218649,0.44450290,0.46066953,0.34766437,0.39381498,0.37904355,0.51973471,0.47462183,0.37028808,0.43192978,0.55148003,0.45733736,0.52240785,0.50003020,0.36535268,0.47201366,0.44876999,0.48020999,0.38355853,0.53078702,0.36887618,0.48460710,0.41594957,0.45148081,0.47175099,0.45308334,0.44851373,0.38784941,0.52319444,0.66353220,0.50927932,0.55726757,0.51405156,0.49265662,0.53661923,0.56168831,0.53243364,0.43304490,0.44369604,0.41491691,0.43049479,0.51736607,0.40934098,0.50985696,0.45202556,0.42376442,0.50611483,0.71688957,0.45460185,0.44241812,0.43098860,0.56378507,0.56484050,0.55584284,0.42022812,0.44846966,0.44966618,0.51521930,0.52026806,0.49622111,0.51588050,0.73207825,0.44277413,0.46335101,0.49825559,0.42175198,0.55399549,0.39663469,0.46498452,0.58508291,0.51991156,0.53246737,0.47297875,0.54807429,0.51109139,0.40777837,0.56497696,0.60381972,0.46030355,0.44517354,0.42991086,0.50391449,0.51031857,0.51872745,0.56484050,0.58061004,0.48672988,0.43567410,0.52564823,0.54767637,0.50547767,0.43412511,0.67539358,0.44079918,0.57690638,0.51556726,0.48207573,0.42366006,0.54592177,0.46859884,0.47176644,0.69750043,0.57637916,0.53796561,0.51653501,0.49543135,0.53733024,0.55465343,0.43034489,0.54678009,0.55773976,0.51457067,0.59235502,0.53000935,0.74909508,0.42368737,0.67100233,0.39137612,0.53288492,0.44539010,0.63498962,0.74944757,0.51882645,0.57933469,0.39681375,0.53813336,0.55041189,0.47846490,0.53236070,0.37881778,0.37303580,0.52408753,0.55966442,0.44329480,0.39949779,0.54868896,0.57525258,1.00000000,0.48784168,0.48996944,0.49483623,0.40436059,0.38291748,0.59175482,0.43129205,0.55120832,0.51738791,0.46311323,0.40286579,0.50292765,0.44318387,0.38660517,0.39700611,0.48842273,0.50119143,0.67025167,0.49594334,0.49017601,0.51761623,0.40101535,0.51438074,0.56274550,0.49220035,0.39217166,0.48367961,0.50536779,0.54430356,0.40418326,0.41743669,0.44694632,0.42490985,0.41063524,0.43919758,0.71050427,0.44749640,0.62536033,0.47703401,0.55052457,0.39121646,0.47747109,0.55943730,0.68607673,0.52046964,0.44427961,0.58567937,0.43034489,0.55297093,0.45988861,0.61229112,0.51078548,0.53189279,0.47659204,0.51617384,0.51941593,0.55098731,0.40798879,0.52973605,0.49178693,0.44610974,0.47805986,0.51106511,0.56014565,0.46447907,0.38918195,0.49476636,0.51000187,0.51701542,0.45110189,0.35311295,0.53117256,0.57279280,0.42712181,0.55079257,0.46546850,0.41743669,0.48786489,0.45669977,0.46041667,0.53266115,0.55498085,0.52121518,0.47463156,0.50395333,0.51071850,0.46260632,0.46261149,0.45099664,0.54291982,0.51537463,0.48384905,0.51471940,0.48858324
94442,0.52221804,0.53557030,0.50162792,0.58789464,0.47078607,0.51126808,0.54097720,0.56290894,0.51763531,0.50429950,0.52054661,0.57943623,0.66417127,0.59617617,0.59697166,0.61243324,0.47871664,0.53038114,0.50045906,0.55534528,0.57308384,0.44019496,0.51797327,0.34859138,0.61502800,0.51770673,0.54169177,0.55524464,0.59001825,0.41220897,0.50990400,0.54761141,0.61286370,0.49758171,0.49861013,0.56631140,0.42461648,0.47355286,0.49855597,0.57694234,0.65114766,0.50067060,0.51786020,0.62763497,0.58203503,0.64702970,0.69468762,0.62621742,0.48608625,0.48887312,0.54345857,0.61319718,0.50261692,0.54897707,0.55600705,0.51717695,0.51831750,0.61158160,0.58777461,0.49663111,0.45450531,0.68258085,0.78243574,0.63915527,0.66170024,0.50333015,0.50728546,0.67070856,0.49752218,0.53768057,0.46216375,0.51679454,0.47786265,0.36746714,0.63092950,0.56867524,0.47084852,0.49174714,0.49447849,0.41136658,0.52859535,0.71083002,0.65289052,0.51705426,0.57374154,0.62558712,0.56091721,0.50037139,0.63549881,0.54021047,0.43244461,0.47906177,0.54869620,0.55303801,0.51133294,0.68646053,0.39782861,0.60236281,0.44284580,0.48913907,0.54375258,0.77394382,0.56457623,0.47175788,0.60145087,0.62319009,0.56840300,0.57939626,0.51401133,0.63382666,0.47196954,0.58970141,0.49180651,0.34140738,0.65360343,0.42993459,0.40572561,0.50349206,0.63744756,0.58795919,0.64217434,0.57863279,0.49806912,0.61332099,0.62783805,0.60090940,0.58562916,0.65115339,0.54597896,0.60560812,0.49591198,0.49090713,0.48274263,0.66368740,0.51737675,0.56053194,0.49352871,0.43170662,0.51986479,0.48106376,0.42510405,0.39768656,0.53449883,0.48767378,0.47346845,0.34140738,0.59815886,0.47255612,0.67072700,0.53816131,0.44365542,0.61145009,0.58598430,0.44961591,0.43139084,0.48152365,0.57349168,0.58130932,0.48393059,0.53956124,0.57711697,0.58187465,0.48398205,0.42978980,0.37607712,0.41200412,0.51967616,0.49158303,0.43192329,0.38015865,0.56436229,0.52809639,0.56742125,0.60611102,0.48458661,0.49525415,0.56779341,0.43487011,0.40640464,0.48963614,0.48053358,0.54920583,0.50623455,0.52807144,0.51067123,0.52572564,0.41496253,0.47151131,0.55574597,0.54781710,0.42279033,0.39367235,0.50421447,0.36509904,0.43630665,0.44770637,0.49842907,0.58483456,0.48784168,1.00000000,0.56705571,0.59989255,0.70377992,0.53775707,0.65694416,0.59618970,0.51168886,0.53206504,0.51907581,0.36875310,0.54252345,0.60752098,0.70786878,0.54580159,0.61571271,0.54489737,0.51821115,0.51044558,0.48654040,0.49334847,0.45507211,0.54097720,0.50257273,0.54035765,0.47259934,0.63197571,0.55867773,0.44293034,0.62665762,0.49021595,0.54493390,0.49546655,0.51718287,0.53681708,0.49008236,0.54511000,0.60034288,0.54419644,0.63207278,0.39891546,0.55324018,0.54796478,0.41534071,0.55838202,0.59137174,0.51250906,0.38015865,0.53939730,0.39875811,0.50090098,0.54005995,0.47222254,0.57469950,0.53555577,0.56389028,0.51591153,0.38939955,0.66314462,0.48749276,0.53509833,0.54102234,0.40286130,0.42537859,0.54302625,0.53896711,0.57791466,0.57055619,0.66935005,0.47723159,0.48151342,0.52912797,0.48509420,0.41664106,0.59034104,0.43380846,0.49021595,0.45275240,0.48189246,0.44804890,0.60063453,0.57346703,0.60772516,0.54283298,0.46231223,0.64297980,0.47438065,0.54297611,0.55302373,0.42219744,0.45450510,0.50419113,0.56895425,0.47268988
95602,0.69102415,0.68180318,0.63282734,0.69902782,0.50227903,0.73734361,0.64627608,0.64155245,0.65769342,0.64134059,0.60392414,0.70829245,0.62864781,0.50744003,0.70006023,0.75808153,0.36833877,0.44569743,0.72773109,0.66169362,0.70282722,0.50953670,0.65140317,0.36075213,0.75968285,0.52350192,0.66945457,0.66175369,0.63112666,0.45096698,0.52117902,0.63461217,0.56431257,0.64447362,0.59078886,0.65134950,0.54032615,0.64985699,0.57726893,0.55934678,0.62336424,0.40947651,0.68147366,0.60119003,0.72995949,0.56128268,0.44266069,0.50532153,0.59637495,0.64417916,0.68909320,0.54246656,0.53629069,0.79788432,0.65865475,0.60119111,0.51180120,0.52253858,0.50325258,0.63078310,0.66557883,0.46545469,0.54209620,0.44219823,0.46686767,0.47220321,0.44742929,0.65748326,0.56187821,0.52254225,0.60061915,0.63257642,0.70389920,0.52816794,0.52424682,0.48787733,0.50268666,0.60165999,0.61041946,0.50351935,0.66773824,0.49435980,0.54935564,0.62557268,0.61218438,0.59620512,0.52794995,0.66255539,0.50156814,0.51432728,0.52155472,0.50828948,0.63151224,0.55407781,0.44984557,0.54078890,0.59855197,0.58315675,0.52986362,0.46755470,0.41560220,0.53218975,0.63982040,0.46702050,0.63234938,0.45426744,0.39653948,0.66990323,0.52569186,0.52577860,0.56348903,0.48603832,0.59712365,0.36948386,0.66020443,0.53706630,0.42508191,0.58731012,0.54768769,0.52342356,0.60610789,0.61611057,0.55761862,0.52160463,0.53535677,0.58569659,0.47909874,0.57950170,0.49685522,0.52946675,0.65482955,0.72019719,0.55872898,0.54788099,0.49472625,0.53739176,0.53971055,0.53790313,0.50931439,0.50488409,0.44532558,0.46811350,0.72037126,0.62307204,0.57105241,0.36948386,0.63649190,0.44240197,0.52151245,0.69820126,0.47378706,0.52625604,0.44592567,0.58884194,0.47468783,0.63359932,0.54739216,0.46650943,0.45682756,0.70789364,0.40994985,0.62483228,0.54904908,0.49813086,0.38458736,0.45847651,0.53001411,0.54342322,0.45456635,0.52684811,0.62858050,0.51144707,0.53592485,0.49825894,0.52683364,0.47671404,0.39778713,0.49153573,0.58841405,0.70648652,0.50444346,0.59532771,0.50693318,0.70965565,0.60849387,0.53946310,0.48583667,0.72193612,0.74503987,0.42578043,0.42078388,0.46685523,0.49548059,0.34354705,0.38426323,0.50179346,0.51189330,0.52040313,0.48996944,0.56705571,1.00000000,0.60493274,0.57382438,0.46102453,0.60220657,0.45550683,0.44807324,0.50683670,0.37681540,0.33233791,0.43974741,0.57001861,0.53683273,0.56639190,0.62759887,0.49440373,0.42512600,0.76789109,0.40866425,0.48229380,0.39477586,0.64627608,0.76164179,0.58041486,0.46600712,0.51295773,0.59959651,0.47193980,0.58610432,0.33074555,0.50792078,0.47690478,0.39252141,0.63880128,0.55848908,0.63362149,0.62828725,0.57811619,0.50713150,0.42140627,0.75603957,0.70380286,0.45863685,0.48848148,0.52899451,0.49492186,0.52684811,0.54240865,0.34627675,0.51139475,0.67876038,0.51795583,0.56733846,0.50673353,0.48521943,0.64985398,0.53071996,0.70142872,0.55345969,0.46301530,0.49306280,0.41573126,0.57216006,0.47555291,0.48461022,0.51359249,0.56371001,0.60343495,0.63002534,0.36989628,0.55106416,0.61461397,0.68205837,0.67494531,0.32664062,0.33074555,0.39661045,0.45635619,0.39000185,0.61353315,0.67889633,0.61951212,0.53895727,0.49707697,0.58000812,0.56971479,0.59226173,0.63546134,0.45253658,0.48989312,0.72294087,0.55715071,0.54490993
95604,0.49899828,0.56202652,0.47842717,0.68205650,0.49186254,0.51060091,0.54581971,0.60860203,0.64015869,0.65332782,0.64565914,0.67498091,0.55610746,0.56715203,0.64746832,0.63029978,0.37241424,0.46655681,0.65727970,0.52767288,0.58929986,0.48398319,0.52238938,0.46842851,0.63172039,0.46565598,0.49510407,0.49120434,0.55731238,0.41508029,0.59384364,0.51774590,0.49880885,0.51836409,0.55185055,0.61486079,0.44879814,0.52023085,0.59034969,0.44119476,0.74644269,0.43167809,0.48654470,0.55976574,0.56096998,0.61181039,0.46937351,0.43310187,0.53929132,0.55645415,0.55992406,0.49497987,0.65600771,0.55418228,0.52753691,0.52554325,0.57906092,0.62775536,0.48135958,0.52845992,0.42805592,0.50182632,0.62072877,0.51999702,0.51710197,0.40650711,0.48789836,0.71081025,0.59486277,0.68413800,0.49860201,0.55082976,0.40281721,0.43855787,0.44850431,0.46842254,0.51336163,0.55808906,0.56708637,0.46550302,0.60780575,0.48970693,0.54731987,0.48024328,0.45469039,0.75335164,0.43066536,0.53632051,0.52059727,0.40900795,0.42410597,0.40787057,0.52468929,0.64184797,0.49946702,0.61875690,0.46655589,0.58193506,0.49927197,0.43002544,0.48059869,0.61435405,0.55578807,0.42993427,0.61325193,0.51329728,0.44815000,0.60443420,0.53372968,0.65512356,0.49703322,0.49507287,0.51840360,0.36705098,0.53946899,0.32464514,0.46558126,0.53251323,0.67565819,0.51882140,0.56825955,0.58757447,0.53098534,0.53006840,0.64744770,0.58318779,0.47875444,0.63115640,0.39484202,0.61603046,0.49163170,0.46920916,0.49218599,0.52618612,0.42280212,0.48924637,0.58773513,0.38003207,0.61842240,0.47479959,0.42816007,0.38202857,0.53418159,0.52472415,0.52117053,0.36705098,0.71290144,0.61392781,0.55894350,0.55025231,0.46477359,0.44482449,0.45872598,0.45617910,0.41565604,0.47324195,0.49118538,0.63409877,0.53185063,0.57046377,0.52686885,0.67531084,0.55670956,0.46181043,0.33895315,0.40720057,0.49750201,0.49022825,0.47019263,0.41375342,0.58703108,0.46505840,0.48941797,0.51084474,0.46420452,0.50392537,0.45018304,0.43314795,0.50432389,0.56650937,0.47150205,0.50579209,0.52269301,0.48763818,0.47190598,0.72679210,0.42716561,0.48329270,0.49766162,0.53713668,0.51335883,0.52119513,0.59124786,0.31028731,0.53417834,0.61623215,0.51710158,0.54287434,0.49483623,0.59989255,0.60493274,1.00000000,0.63245079,0.48643362,0.57691975,0.51968338,0.47351787,0.48710351,0.46013478,0.28373256,0.52723842,0.79825289,0.54030089,0.63960216,0.43737726,0.70658411,0.47493530,0.68513408,0.35437167,0.42151227,0.49880167,0.54581971,0.51257969,0.62350415,0.43805934,0.52507397,0.62480324,0.46364754,0.70892336,0.44890595,0.41399910,0.44693104,0.40005489,0.44093488,0.56513188,0.57154046,0.51253762,0.46400919,0.52253431,0.40027001,0.53377824,0.52524708,0.43781095,0.48565638,0.46364420,0.44175850,0.41375342,0.60650473,0.51198889,0.43058612,0.51325277,0.44007330,0.48253977,0.48719205,0.45698114,0.51736263,0.50484385,0.64917682,0.48787003,0.42735424,0.42876507,0.34105424,0.50278401,0.48201377,0.44806992,0.52048699,0.50328910,0.60568629,0.50367413,0.45607001,0.54948713,0.55937351,0.42996489,0.56344851,0.51499368,0.44890595,0.55358036,0.43088106,0.43707254,0.64695197,0.58580546,0.61643077,0.50033891,0.42243315,0.51688349,0.52825710,0.59725940,0.54262259,0.42167437,0.43007573,0.47468947,0.49669106,0.42782833
95605,0.52169964,0.47945921,0.46832442,0.51274836,0.44542133,0.46849094,0.50586411,0.57456490,0.54324011,0.51576781,0.49438414,0.64938997,0.58488799,0.53579119,0.57301061,0.56724250,0.33968625,0.36232483,0.50950006,0.47132058,0.59688041,0.37236113,0.47757278,0.36376415,0.56553219,0.43920198,0.44082419,0.50176304,0.51042702,0.37775183,0.50882131,0.56443551,0.61791765,0.46886743,0.48368808,0.57399209,0.36205405,0.52273259,0.40045551,0.49447735,0.59291565,0.36753288,0.49970179,0.53900769,0.54294094,0.54710980,0.64997582,0.47516251,0.44719203,0.45590535,0.54524731,0.47697582,0.54041581,0.52642762,0.47313029,0.50591556,0.51509157,0.55936912,0.48907142,0.46827039,0.42426319,0.70256571,0.84194163,0.57832179,0.68987314,0.50270360,0.51097206,0.60879067,0.45997893,0.58798889,0.50208995,0.45998542,0.45118094,0.32094626,0.52270559,0.64397612,0.37387361,0.56513155,0.42909042,0.42747282,0.48903831,0.68764900,0.53302200,0.51295848,0.50725688,0.66185668,0.48355137,0.52756797,0.64795011,0.52558393,0.39398101,0.47702986,0.56092715,0.53236079,0.40139313,0.57047964,0.41352999,0.65971553,0.46530680,0.45535221,0.44722354,0.83735419,0.62425116,0.47972366,0.57725621,0.54515801,0.47893629,0.63339071,0.46109188,0.61790023,0.54292247,0.41918092,0.41285071,0.28873114,0.52350955,0.42765111,0.39550447,0.55327049,0.65055344,0.61076913,0.56289517,0.63703413,0.43798596,0.50962941,0.58396544,0.55646389,0.37851471,0.66943702,0.42137469,0.55723723,0.47377406,0.44369480,0.37924558,0.70359701,0.47386578,0.57008585,0.53173990,0.39230535,0.48692446,0.53736829,0.45011735,0.38786385,0.54777403,0.44854116,0.55099952,0.28873114,0.57600579,0.43030010,0.80394996,0.55309901,0.51320856,0.50156080,0.40763764,0.50583760,0.47464790,0.46274690,0.57300956,0.58070063,0.48411653,0.59138203,0.54921728,0.59180679,0.48780868,0.42850863,0.31188835,0.39645138,0.48304713,0.48646924,0.37278111,0.41730097,0.51747809,0.50459058,0.56194414,0.51222864,0.51651179,0.43330524,0.48216879,0.41957982,0.42062347,0.55802033,0.50350804,0.49262574,0.46759396,0.55398374,0.49098559,0.56789781,0.42233738,0.41735836,0.59271443,0.51267850,0.38681015,0.43572656,0.46815854,0.28390142,0.43337007,0.51220247,0.47230466,0.54048542,0.40436059,0.70377992,0.57382438,0.63245079,1.00000000,0.37046677,0.55811954,0.48897410,0.42593545,0.43657178,0.44586567,0.28484897,0.55694614,0.62175523,0.78016090,0.54389569,0.52142431,0.51991016,0.39946291,0.59393128,0.38125391,0.42174005,0.44585230,0.50586411,0.50550303,0.56235647,0.48731429,0.46732295,0.57492609,0.51271784,0.55342735,0.38735231,0.57871969,0.48093856,0.33415797,0.46311052,0.49263168,0.56120487,0.54345309,0.50825870,0.51491240,0.44662088,0.58132294,0.51523661,0.39494199,0.56359357,0.57849653,0.46954263,0.41730097,0.50757599,0.36611332,0.43399311,0.54915892,0.51340158,0.54654969,0.43704652,0.48309135,0.50791908,0.42525548,0.63113925,0.35438277,0.58674252,0.50948481,0.39102122,0.45165473,0.57750552,0.52590109,0.55783717,0.61071281,0.56991789,0.53578161,0.52741657,0.51448549,0.48959811,0.48569851,0.50989725,0.44535145,0.38735231,0.47713604,0.51012930,0.50446241,0.65670054,0.60691207,0.47670265,0.60269851,0.46691638,0.52762517,0.40139791,0.46851309,0.43966879,0.46164479,0.45487049,0.48652885,0.61028207,0.50761804
95611,0.41943189,0.42371679,0.38217972,0.49411270,0.40345670,0.42530436,0.43604924,0.47305035,0.42879756,0.43308018,0.41958597,0.43979235,0.49870517,0.58815032,0.50178187,0.51735736,0.77900191,0.98744776,0.43266547,0.49152422,0.47451998,0.44158648,0.46343327,0.31138040,0.52039236,0.41018280,0.47403530,0.49377628,0.41621728,0.31808152,0.46680334,0.43023566,0.45787245,0.43197499,0.41957304,0.42366804,0.33281398,0.42674141,0.41215160,0.48870905,0.48621720,0.72481314,0.43101899,0.54946600,0.46592777,0.62821995,0.41548824,0.71342582,0.43741138,0.44316160,0.48502755,0.54687088,0.43714734,0.45423204,0.49438039,0.49155808,0.37569951,0.55411021,0.54665051,0.44256192,0.47273751,0.42239750,0.41871198,0.50605799,0.40777415,0.44087860,0.40563929,0.57090328,0.37631700,0.39361215,0.34053447,0.51808952,0.39551022,0.43785618,0.52860922,0.34463997,0.46519032,0.42587226,0.34671971,0.35384890,0.40883583,0.42581603,0.79088340,0.36720423,0.45757723,0.43881985,0.44937073,0.39519081,0.36240460,0.43190495,0.39967073,0.39153998,0.47645423,0.48497249,0.45894393,0.52044179,0.42250058,0.43281095,0.37462955,0.42958939,0.50035252,0.41250497,0.47999249,0.39628222,0.39183466,0.52658471,0.48424990,0.46478842,0.42885213,0.42296446,0.32906167,0.84670401,0.41816259,0.43975054,0.48241794,0.30805498,0.37202228,0.30648956,0.42678940,0.39241930,0.60704391,0.43591157,0.47612307,0.38419739,0.56055315,0.50472533,0.78349256,0.44487923,0.65737971,0.50437884,0.50023134,0.43166629,0.44933846,0.47969025,0.46252477,0.39931942,0.38178665,0.30152601,0.47735342,0.40465401,0.32457593,0.42385537,0.44181611,0.43025681,0.37499960,0.43975054,0.54266338,0.45494331,0.39440877,0.45329584,0.37069816,0.51007437,0.74393257,0.43743833,0.34646251,0.48391753,0.40101657,0.50542146,0.37356963,0.41317146,0.39782731,0.55563180,0.43698236,0.44621342,0.40111849,0.40148179,0.39439352,0.42267201,0.41589220,0.38223185,0.46342507,0.42535135,0.41175286,0.50435854,0.39896079,0.46635689,0.48863409,0.36674939,0.36351549,0.40808919,0.37442724,0.40782497,0.41231648,0.40367628,0.36091068,0.45399012,0.42465328,0.39991855,0.42859858,0.43631616,0.34662971,0.32532056,0.45125493,0.45571345,0.42796978,0.42935674,0.40130881,0.44037022,0.38291748,0.53775707,0.46102453,0.48643362,0.37046677,1.00000000,0.55340093,0.50400591,0.49797965,0.56533784,0.34415434,0.38420581,0.36498218,0.41432836,0.40119237,0.46682120,0.47318925,0.51463561,0.50175859,0.46230489,0.48129163,0.48860803,0.35444666,0.43604924,0.44276336,0.43352427,0.38327301,0.76235881,0.37978950,0.36911868,0.52436903,0.39606277,0.33918728,0.39128432,0.46827297,0.41558979,0.44423209,0.42684001,0.45530177,0.42639667,0.49314662,0.29072937,0.47085137,0.51664543,0.42671152,0.48441600,0.43486374,0.46747313,0.38223185,0.44042766,0.33214025,0.46853130,0.40219157,0.45639844,0.49315765,0.56266904,0.51948718,0.43915743,0.32978268,0.51962531,0.45654257,0.32516369,0.45620065,0.33766412,0.34196390,0.33002235,0.49153069,0.47129884,0.44196622,0.50196528,0.35591384,0.35251793,0.40974877,0.43959342,0.38010212,0.51598190,0.33581258,0.39606277,0.41349970,0.31389533,0.38278555,0.41734217,0.49573260,0.64621257,0.40374818,0.35295812,0.45613921,0.32928525,0.41032514,0.36743382,0.40788395,0.37424595,0.35598288,0.43717753,0.36302412
95627,0.57866449,0.57017886,0.53723186,0.59446466,0.48476972,0.54529572,0.59033546,0.54443871,0.55602105,0.59855074,0.59636791,0.58276026,0.76171848,0.59673733,0.59951836,0.62138395,0.48604031,0.53783932,0.53384550,0.58054495,0.56070875,0.41703149,0.56219131,0.43656640,0.61855113,0.50642043,0.55981877,0.54432701,0.63575391,0.36852057,0.47730440,0.56296295,0.58094784,0.62046913,0.52457285,0.58245377,0.48129148,0.55958709,0.54275472,0.71716349,0.67340872,0.50069320,0.53905091,0.59654022,0.58766133,0.66267891,0.54864753,0.53354353,0.57342095,0.58536294,0.60023967,0.56137645,0.59502131,0.59489547,0.57657070,0.57221027,0.51500528,0.54777006,0.55826746,0.56760722,0.48543023,0.54228634,0.62665588,0.55101526,0.55679901,0.55183546,0.47357969,0.68192187,0.51723509,0.51695195,0.51118177,0.63382443,0.49672861,0.47584904,0.71674787,0.51360481,0.53192948,0.54527314,0.54999956,0.50121708,0.63045442,0.52357682,0.58590441,0.53104508,0.59781344,0.58070513,0.54315054,0.54561686,0.53210240,0.49120895,0.54611044,0.60677670,0.56467080,0.60238349,0.56671607,0.67189157,0.50494399,0.56154857,0.49717341,0.60599832,0.43482018,0.60620550,0.56488307,0.49659812,0.62569712,0.49985177,0.49116059,0.57030899,0.56463820,0.58162030,0.52442102,0.55586509,0.57111914,0.39671131,0.72150164,0.50316234,0.43123009,0.56193171,0.59812995,0.70208959,0.61573496,0.57921570,0.53683620,0.62524102,0.57077704,0.58099569,0.58454088,0.59358326,0.54661419,0.62137197,0.58402138,0.53019067,0.47128729,0.52995879,0.51249509,0.54503761,0.55840634,0.49080091,0.60522199,0.52649597,0.45164070,0.45112956,0.58734256,0.57650821,0.58926375,0.39671131,0.65470832,0.55030977,0.52830898,0.58159925,0.54916760,0.73723057,0.51580308,0.55670842,0.50843794,0.56231177,0.54753292,0.54899477,0.52275824,0.59808033,0.47112808,0.60302889,0.55139104,0.45198946,0.39734763,0.41063550,0.47902699,0.46870541,0.45261825,0.43310464,0.58895155,0.52208092,0.54548259,0.58362361,0.46660628,0.56909200,0.49326700,0.52240127,0.53070893,0.56221885,0.44279234,0.57681704,0.55792124,0.57759445,0.55674678,0.57179649,0.47259927,0.53266288,0.57231168,0.54204496,0.44293164,0.44150674,0.63412378,0.40848107,0.52401618,0.49550340,0.50940584,0.59656643,0.59175482,0.65694416,0.60220657,0.57691975,0.55811954,0.55340093,1.00000000,0.55850757,0.50806871,0.49392475,0.49841728,0.40272709,0.58290742,0.54079539,0.53005537,0.53756012,0.65908043,0.50252843,0.49025679,0.57629223,0.56385011,0.54927241,0.48324386,0.59033546,0.53903363,0.58028183,0.49535019,0.56358077,0.62731609,0.54671834,0.60725155,0.55447706,0.54513044,0.48271244,0.48178258,0.55721095,0.56192425,0.60558733,0.70802422,0.68976274,0.74996539,0.43198446,0.55080358,0.60192533,0.50716097,0.57001815,0.53401961,0.58903356,0.43310464,0.63425778,0.50783647,0.60227795,0.53070639,0.53070781,0.71599490,0.49338578,0.54012629,0.56379402,0.44293844,0.59779948,0.52645093,0.46272698,0.47657660,0.42977683,0.47461138,0.52767755,0.53504952,0.53771166,0.53260267,0.72639699,0.52719834,0.46523081,0.54848457,0.56846660,0.47457087,0.56290764,0.44852894,0.55447706,0.50680837,0.46623360,0.47497273,0.61272322,0.58852696,0.59930564,0.49509665,0.45755012,0.64060926,0.52548623,0.58558504,0.54863394,0.46363955,0.45209066,0.56806387,0.52825575,0.47419963
95630,0.41969851,0.48506669,0.42600702,0.53042636,0.37468222,0.42449630,0.46280710,0.49480919,0.49962537,0.40951623,0.40400300,0.45620405,0.42426107,0.60252170,0.54213015,0.52974688,0.44386707,0.50290972,0.44223316,0.58141631,0.57284511,0.55200789,0.45623430,0.53729292,0.53006834,0.50668186,0.51387788,0.37768108,0.45285365,0.36855216,0.46284039,0.46568009,0.50673139,0.40695455,0.37265800,0.39816631,0.34317270,0.35049098,0.40919514,0.37870842,0.52219230,0.45661285,0.44670652,0.51979399,0.49312810,0.52336951,0.41594835,0.65443713,0.40219589,0.37319868,0.42302681,0.54996230,0.48200082,0.42383877,0.58442046,0.44832588,0.42194185,0.56055293,0.61679572,0.45601859,0.47142760,0.46652079,0.55381552,0.55599392,0.44001716,0.48149079,0.39037199,0.61702486,0.41657402,0.42302922,0.38851362,0.46569851,0.32169168,0.32797316,0.42180608,0.37092618,0.34744735,0.43660650,0.47138116,0.32699007,0.46743360,0.46292799,0.67324792,0.38712704,0.38534588,0.47582748,0.39961512,0.44143185,0.42936816,0.46411568,0.34429823,0.35183955,0.39462693,0.52374824,0.47776435,0.59558568,0.37150071,0.49093838,0.36369814,0.46978762,0.52454906,0.54012036,0.47413703,0.38099624,0.40211042,0.57748101,0.50362621,0.47480990,0.43842705,0.50637572,0.46784008,0.60333032,0.48173350,0.41857356,0.43073719,0.30069480,0.45960755,0.36283440,0.61780983,0.45396086,0.78244499,0.44624177,0.46700874,0.66970337,0.57357270,0.51579249,0.54403035,0.58137675,0.57265710,0.69717952,0.48300071,0.36637327,0.49509195,0.54196252,0.46540639,0.39880432,0.38847980,0.36093721,0.54905114,0.41797607,0.34487352,0.36090556,0.41931187,0.34977204,0.38069948,0.41857356,0.48262909,0.47711524,0.47091066,0.43956167,0.40042832,0.41408799,0.55472362,0.41578415,0.42121352,0.47483101,0.39949418,0.50676522,0.54028661,0.41021701,0.51498547,0.52522649,0.45594824,0.46351595,0.40571470,0.40558683,0.43469736,0.36721161,0.34204307,0.29180999,0.55179022,0.44386499,0.40072795,0.51041114,0.43198084,0.44462827,0.51050648,0.40182592,0.35396761,0.47721273,0.37584426,0.44139345,0.48400905,0.35612548,0.33586044,0.54378244,0.38009593,0.39477064,0.38112458,0.58887156,0.44761837,0.40179381,0.51461328,0.46079152,0.48273775,0.49302177,0.42451945,0.67402578,0.43129205,0.59618970,0.45550683,0.51968338,0.48897410,0.50400591,0.55850757,1.00000000,0.61458648,0.64515466,0.58675247,0.36801966,0.54137674,0.50531413,0.42406608,0.49735402,0.40299191,0.52455719,0.59269111,0.46699199,0.55182472,0.49302740,0.45181462,0.46280710,0.44260665,0.45447341,0.35176573,0.67844728,0.43593295,0.40089975,0.55203078,0.55639345,0.39673770,0.41056629,0.58463478,0.45684930,0.45912981,0.44655898,0.47072813,0.39777210,0.45612921,0.31600221,0.43818955,0.49711794,0.39999726,0.45598955,0.42497871,0.51366153,0.29180999,0.41657892,0.41863399,0.49139076,0.43190705,0.46465087,0.43903661,0.64046248,0.63613158,0.43208140,0.34534103,0.55581527,0.45976670,0.42867734,0.53049033,0.40704095,0.46126446,0.42392365,0.55881607,0.51099629,0.44814167,0.54995180,0.47032659,0.45334405,0.40594245,0.40865278,0.34637497,0.58510286,0.45962897,0.55639345,0.46249235,0.31983273,0.46580520,0.53320415,0.51960773,0.53693532,0.39915199,0.33325090,0.49642531,0.45907473,0.47147946,0.49835481,0.37812754,0.37329411,0.32923312,0.44455938,0.39613739
95631-A,0.41773446,0.53605519,0.47453298,0.47417190,0.48913101,0.49931092,0.52257350,0.51256791,0.46798422,0.34808404,0.41320475,0.43315592,0.50761088,0.64929567,0.59159312,0.57542222,0.36700672,0.50104743,0.41012353,0.60489815,0.60907196,0.59484955,0.57388309,0.45983997,0.57052956,0.50798037,0.55602378,0.51261144,0.44243857,0.47622986,0.47915338,0.51834692,0.49185803,0.39748422,0.42662847,0.46917533,0.31174980,0.36793203,0.33403119,0.38634301,0.52830676,0.42599453,0.52127530,0.57346290,0.55250711,0.54310303,0.36600649,0.62583806,0.48867899,0.45097208,0.49976854,0.61763399,0.43050000,0.52353145,0.60441065,0.54753013,0.33719055,0.57762461,0.88683413,0.55132652,0.55623101,0.36972374,0.44963193,0.54809278,0.32856312,0.47389055,0.46209844,0.56818964,0.44677381,0.29327373,0.39619306,0.52814004,0.48634505,0.49862354,0.43713439,0.35090316,0.45691094,0.52537054,0.34088518,0.44913440,0.46363957,0.37896755,0.68387356,0.45122154,0.41108520,0.47912057,0.47415039,0.43618701,0.44722184,0.57940642,0.49970104,0.35580045,0.52119266,0.55444697,0.44836730,0.57628968,0.51548672,0.52732461,0.47138184,0.51548311,0.54916127,0.43408659,0.51890722,0.53721429,0.39455726,0.65395999,0.57921364,0.56161347,0.64021241,0.49427361,0.50451473,0.61450345,0.57151041,0.67341543,0.50347404,0.34509593,0.47138143,0.44609318,0.49399534,0.44246007,0.64125031,0.52123011,0.63647163,0.49799268,0.57527707,0.56743496,0.55387649,0.57985233,0.46109020,0.53761273,0.64592075,0.47522782,0.55479677,0.53806866,0.60715886,0.45751757,0.38920841,0.49058365,0.50013177,0.55651511,0.49112845,0.51851733,0.51373619,0.32519065,0.45898710,0.67341543,0.53186043,0.50915967,0.45304658,0.57737079,0.48505752,0.43208569,0.56012544,0.56096993,0.46166417,0.68133862,0.45724076,0.60113850,0.47113107,0.51679303,0.44955768,0.53764765,0.65324842,0.67206011,0.63700753,0.62908041,0.61065108,0.60641625,0.58755475,0.53962812,0.61046192,0.63848653,0.46564020,0.65077426,0.63310580,0.49604107,0.57980550,0.53531169,0.28067836,0.50006813,0.43149564,0.58558627,0.61088907,0.45720116,0.42887961,0.46674537,0.61313992,0.50687956,0.45870092,0.61351902,0.39746656,0.41261360,0.41806749,0.61332352,0.44130674,0.42210892,0.59222622,0.61047822,0.55120832,0.51168886,0.44807324,0.47351787,0.42593545,0.49797965,0.50806871,0.61458648,1.00000000,0.80375090,0.51957960,0.47548278,0.45578634,0.44382289,0.40185097,0.42638646,0.39728064,0.63868156,0.74414937,0.45989421,0.49642267,0.59203744,0.43699714,0.52257350,0.55920667,0.42487751,0.42553567,0.66805993,0.37319493,0.48342979,0.47522406,0.36802306,0.47075912,0.53605660,0.61592972,0.55016351,0.65421745,0.37921202,0.48074796,0.29593620,0.51526720,0.40238983,0.54325904,0.55722514,0.60230200,0.55736581,0.54486993,0.54220254,0.53962812,0.40901198,0.42383680,0.55459333,0.55403836,0.69119307,0.45245031,0.79789806,0.70781610,0.53208319,0.42430965,0.59774765,0.53214524,0.45671207,0.55930340,0.48479426,0.53176710,0.47688579,0.51798008,0.59468533,0.51046360,0.44137582,0.53275342,0.44485724,0.57744927,0.54111475,0.48194192,0.65425280,0.45126510,0.36802306,0.48722718,0.48912488,0.48156814,0.46765286,0.60656049,0.56071297,0.55060254,0.53114134,0.46507743,0.33496275,0.43234246,0.47407988,0.57311332,0.49563764,0.45095632,0.51633259,0.48701823
95631,0.47514630,0.51582979,0.46907120,0.50104456,0.48760348,0.54297841,0.53940674,0.52797925,0.51502505,0.39431385,0.41192064,0.48176355,0.51917857,0.56531277,0.61129272,0.59240478,0.45124080,0.56883922,0.44718149,0.63213075,0.66452438,0.62287915,0.61654285,0.40383744,0.58751213,0.50434456,0.55497151,0.54906611,0.42180211,0.49668020,0.53078575,0.55208094,0.51947701,0.43644367,0.45396226,0.47477621,0.32523712,0.44100840,0.35966193,0.38833207,0.51911725,0.51128369,0.53787927,0.56840749,0.54644877,0.58614819,0.40057465,0.68022851,0.46535168,0.45490173,0.48431118,0.62904161,0.45735081,0.54643313,0.63164325,0.51512549,0.31284552,0.58003082,0.78214732,0.59714126,0.60463111,0.38332358,0.44431883,0.56543546,0.35721346,0.44434751,0.38867556,0.59626265,0.43221168,0.31955210,0.47719371,0.52741814,0.50488982,0.45239491,0.43015674,0.36963745,0.41669980,0.53464925,0.40775759,0.43945628,0.43136665,0.36139956,0.71147122,0.43466933,0.46095620,0.48684235,0.44018468,0.47866760,0.42159776,0.57652925,0.53304614,0.37432728,0.52288919,0.56136507,0.44471069,0.55610337,0.49402165,0.46601105,0.49787588,0.46809742,0.54826876,0.42894719,0.51628927,0.49267751,0.38059940,0.65239705,0.57525573,0.53890771,0.63170743,0.47872948,0.45936157,0.67254533,0.56531885,0.64887475,0.48401844,0.35351279,0.47631390,0.40019323,0.50863657,0.42009464,0.71726433,0.50423757,0.62473872,0.47804203,0.57768329,0.54689437,0.56399447,0.59652114,0.60090302,0.53820833,0.67518920,0.51251134,0.59673968,0.56384979,0.63294747,0.41750502,0.41655647,0.49465773,0.49227235,0.49323599,0.41111093,0.50926638,0.47485483,0.37410532,0.46889777,0.64887475,0.54378616,0.48447841,0.44998212,0.55903096,0.46954311,0.40712217,0.57773696,0.57668931,0.44713963,0.71060706,0.41955833,0.54201049,0.46610679,0.49705422,0.45520656,0.53645059,0.64428369,0.68933919,0.60142344,0.64461866,0.54819141,0.57378157,0.51329741,0.49528239,0.65724991,0.62122267,0.41595927,0.60362022,0.62584390,0.49284983,0.57584759,0.53913181,0.33403784,0.52008171,0.40099433,0.59431386,0.60315903,0.43441260,0.44784668,0.42129120,0.58355792,0.49934560,0.49394983,0.58543793,0.37894151,0.41416949,0.42195572,0.57597917,0.44092094,0.45249087,0.56559734,0.62657837,0.51738791,0.53206504,0.50683670,0.48710351,0.43657178,0.56533784,0.49392475,0.64515466,0.80375090,1.00000000,0.42245102,0.50077532,0.48125821,0.46752683,0.40778436,0.47686650,0.43246925,0.57768675,0.76141863,0.51243459,0.58757753,0.70265713,0.42004594,0.53940674,0.59225239,0.47657474,0.36826358,0.68658268,0.39463762,0.46791538,0.46735103,0.40284464,0.43380852,0.47026466,0.62609081,0.56894158,0.64525272,0.40789713,0.47259026,0.31842851,0.47716741,0.35946349,0.59777279,0.57187312,0.60575613,0.59884092,0.50681074,0.53596966,0.49528239,0.44913812,0.40272823,0.54836044,0.52911877,0.67154416,0.43085520,0.99414716,0.70638559,0.54696788,0.40423658,0.58930722,0.55525984,0.41668385,0.55873458,0.45417075,0.56908781,0.39567068,0.52479902,0.61190742,0.48987374,0.50135436,0.49259989,0.38395464,0.55482369,0.56772091,0.47478579,0.69880325,0.41868513,0.40284464,0.45405036,0.40019520,0.47513815,0.48378497,0.62534560,0.59126521,0.51108808,0.47865512,0.47529838,0.40183517,0.44501999,0.45414801,0.58626774,0.43589607,0.45819520,0.49574273,0.47198951
95632,0.38644225,0.44875781,0.43076634,0.45215123,0.32070595,0.39587904,0.39201280,0.46608869,0.43506047,0.32152738,0.33492777,0.39499141,0.47282160,0.61351545,0.48201142,0.44513698,0.27364364,0.34303161,0.36581381,0.43973026,0.45052463,0.39368785,0.41024910,0.43686740,0.43916886,0.43930038,0.37544251,0.39431186,0.37756485,0.29149446,0.37355971,0.45182271,0.53376148,0.34241056,0.38593938,0.42489582,0.29970141,0.29008899,0.28621600,0.44423919,0.45347486,0.28017866,0.43005533,0.38502312,0.47812655,0.46994542,0.34305804,0.43364852,0.33044248,0.31766329,0.41624992,0.52093964,0.34202069,0.43475477,0.43831307,0.42134937,0.37241872,0.41935719,0.48719306,0.41299159,0.34853148,0.38311967,0.47157836,0.41666558,0.34248863,0.41255369,0.43116999,0.51566744,0.43700221,0.28811255,0.32754319,0.42628847,0.31494237,0.36621465,0.43327999,0.40196893,0.35270474,0.41518683,0.32342066,0.36125541,0.41981143,0.37159797,0.49408408,0.40182462,0.35249259,0.45232250,0.35494877,0.35640584,0.41808284,0.41663413,0.33927369,0.33266467,0.38732188,0.42199747,0.37220609,0.47693016,0.40508774,0.53506012,0.37022140,0.58611305,0.36348466,0.45854095,0.43171097,0.39737640,0.37787028,0.44184995,0.35871245,0.45270065,0.43341952,0.44453567,0.44991811,0.34779380,0.43266728,0.29951458,0.46746410,0.31256071,0.42948725,0.40604264,0.47845287,0.46664248,0.48846580,0.51754885,0.43021561,0.48722880,0.43000429,0.45036377,0.39255047,0.49088470,0.33828959,0.45947097,0.34063036,0.35227172,0.39869452,0.45443791,0.41609767,0.44801313,0.31229255,0.36299953,0.45745177,0.41222461,0.38745753,0.32547523,0.40473636,0.39269338,0.40754864,0.29951458,0.45298900,0.41725049,0.42990187,0.38951104,0.43866086,0.43990873,0.46950129,0.41815974,0.36070970,0.33520275,0.45213576,0.42711536,0.43452652,0.44613657,0.47705017,0.38900360,0.45517442,0.39778012,0.31899494,0.35326095,0.38197849,0.37427309,0.33293559,0.31983489,0.37942155,0.54056658,0.45712110,0.49373370,0.37603098,0.40054512,0.36210288,0.41227089,0.27010764,0.44846543,0.41994536,0.43740052,0.46467055,0.41730020,0.36370656,0.42766180,0.36487156,0.42966884,0.36772574,0.55471536,0.32385971,0.35188357,0.39950027,0.38053225,0.38029274,0.40987588,0.33267369,0.47893913,0.46311323,0.51907581,0.37681540,0.46013478,0.44586567,0.34415434,0.49841728,0.58675247,0.51957960,0.42245102,1.00000000,0.29865251,0.54626045,0.40958616,0.39071931,0.39804622,0.40982735,0.45237045,0.52654206,0.40462432,0.36852052,0.34970004,0.39938733,0.39201280,0.43138774,0.42763867,0.35083350,0.44599648,0.36558323,0.43719863,0.37778942,0.43332966,0.42125645,0.49422616,0.40467404,0.33626169,0.45794276,0.36520682,0.45067254,0.39718806,0.46036037,0.42472371,0.40999233,0.47993474,0.36434357,0.36836162,0.41542413,0.51532367,0.31983489,0.35586525,0.35597846,0.46539477,0.40465853,0.44515900,0.49285073,0.42055408,0.40623585,0.42774619,0.30038685,0.46494037,0.27904732,0.52777567,0.46904300,0.35856950,0.39917210,0.49031822,0.45794760,0.39705312,0.45639620,0.48244305,0.45723464,0.52219906,0.39844546,0.36137536,0.32304598,0.42513242,0.40209612,0.43332966,0.44713729,0.36995082,0.43902823,0.49849558,0.44143377,0.36046360,0.46659950,0.32689713,0.42282868,0.31627386,0.34820175,0.38931813,0.42310781,0.40837490,0.35592767,0.45666304,0.43912465
95638,0.41793211,0.35530594,0.31674329,0.31675993,0.24383648,0.37988224,0.37819074,0.36718283,0.31709764,0.33919191,0.34867576,0.35324984,0.45666185,0.42491492,0.37506456,0.40250295,0.37789624,0.38583004,0.24719197,0.47668875,0.48168062,0.40890885,0.40334150,0.20316931,0.39667827,0.31593325,0.40997242,0.32793339,0.34393570,0.27077736,0.35677466,0.36917722,0.35816343,0.38969893,0.31930912,0.36188397,0.24635571,0.34645794,0.30497414,0.40569231,0.36605451,0.38943723,0.39181523,0.29545991,0.40905911,0.47715463,0.36300994,0.40624228,0.33578260,0.31410291,0.31904911,0.48069119,0.36946643,0.40810116,0.47524385,0.44697410,0.22650909,0.37286507,0.52057909,0.34822833,0.45447942,0.20816724,0.27025408,0.37922151,0.27004692,0.32076177,0.19512269,0.34092193,0.26715722,0.27366083,0.32409061,0.46180362,0.40483951,0.27761436,0.39346128,0.26958940,0.27184217,0.34362167,0.30641957,0.33644818,0.26297636,0.25553269,0.45889653,0.35283669,0.30327558,0.32148950,0.31912486,0.29985479,0.31441550,0.47957579,0.43824565,0.41875557,0.37323255,0.39771035,0.41025759,0.40209979,0.35945310,0.31731839,0.32816094,0.35036548,0.35436951,0.25561343,0.38620944,0.36960045,0.31193100,0.44217182,0.45527872,0.30829855,0.43413378,0.37541105,0.42038830,0.43509477,0.33621182,0.40438601,0.34192427,0.32030932,0.28952106,0.27056663,0.34926735,0.38126841,0.47121221,0.36577042,0.41734242,0.30322128,0.37960668,0.36066073,0.41728808,0.38942563,0.43394752,0.31951685,0.46694541,0.34153086,0.37517378,0.37434744,0.44882708,0.38143930,0.39383411,0.48435905,0.32566102,0.37866547,0.33048620,0.45973195,0.32449424,0.31250376,0.42048201,0.40438601,0.41687599,0.31568401,0.32220427,0.39676058,0.37231143,0.40341305,0.34797379,0.45838763,0.30400767,0.45374950,0.37932657,0.39071137,0.27002341,0.33136204,0.30759909,0.35837461,0.38986342,0.43488803,0.41827304,0.42399621,0.40796217,0.37865897,0.32520259,0.34997516,0.39957484,0.52308913,0.38216011,0.34787726,0.39547504,0.44504938,0.45661835,0.36505458,0.30656249,0.33876258,0.21972519,0.54125718,0.42766346,0.39362916,0.33004222,0.24412067,0.42744708,0.33567305,0.39981778,0.36931242,0.25365685,0.28858716,0.31483258,0.48857010,0.29794508,0.27983121,0.37854121,0.45035509,0.40286579,0.36875310,0.33233791,0.28373256,0.28484897,0.38420581,0.40272709,0.36801966,0.47548278,0.50077532,0.29865251,1.00000000,0.43520186,0.26124341,0.27238234,0.28805539,0.32882987,0.43637258,0.49902792,0.34844329,0.51589401,0.59471153,0.27212037,0.37819074,0.40761225,0.40436842,0.30043052,0.45943583,0.31596587,0.37028390,0.25980035,0.38232809,0.34127726,0.30645771,0.47737145,0.40203072,0.40006093,0.34446314,0.47722983,0.33460431,0.37133005,0.32285741,0.39404010,0.39751358,0.44056069,0.42357602,0.36900440,0.43587195,0.34997516,0.44450424,0.30213385,0.44165846,0.39909653,0.43009293,0.38799515,0.50065805,0.47319117,0.38267182,0.25715635,0.35543995,0.35642076,0.36571661,0.49002010,0.35772331,0.39660833,0.24724782,0.32963229,0.40374625,0.37961073,0.41697544,0.39990281,0.32558325,0.39467564,0.36326510,0.34095071,0.48302606,0.30851374,0.38232809,0.41191579,0.29878486,0.37055333,0.36844991,0.44583632,0.37762105,0.38755777,0.31670789,0.39816300,0.30637379,0.29037384,0.30575010,0.39148103,0.33790232,0.30663414,0.38155153,0.43087998
95639,0.48372607,0.41391004,0.39293591,0.48070167,0.35794846,0.46145762,0.49568241,0.54902949,0.46009515,0.45156930,0.46499522,0.47866763,0.61481467,0.53005191,0.50570292,0.48910142,0.35780229,0.36600227,0.39167536,0.46123064,0.52342333,0.35648918,0.48209934,0.33338079,0.48708833,0.44189329,0.40490028,0.40000275,0.45290111,0.35721284,0.45669293,0.51727748,0.55932573,0.45111104,0.45114622,0.51363764,0.37080044,0.47694695,0.38640051,0.44881069,0.52179640,0.36834676,0.49639173,0.51124776,0.46836321,0.61282276,0.48629093,0.42585158,0.45174023,0.43280040,0.45102832,0.57359622,0.50395682,0.47619128,0.46145574,0.42158225,0.44521996,0.54262721,0.52509040,0.46875213,0.38017974,0.45756428,0.59499003,0.57915681,0.39504815,0.56904495,0.42922100,0.57604590,0.35441213,0.49673312,0.48175324,0.49488055,0.42096364,0.31136331,0.49354212,0.40423054,0.36942722,0.46809257,0.43007529,0.45006731,0.48454121,0.40581378,0.50510417,0.46566227,0.39879787,0.54850847,0.38443505,0.49187247,0.45086673,0.50954864,0.47416905,0.50183542,0.44438655,0.51888132,0.44796091,0.58409689,0.38030109,0.55618205,0.41831052,0.46922334,0.41744812,0.58557589,0.57556083,0.51011586,0.52298898,0.52307294,0.52156559,0.49551962,0.50739984,0.50713427,0.43695090,0.42717662,0.39440544,0.35700197,0.48496405,0.39165425,0.38600694,0.49216825,0.66188893,0.61880370,0.58883199,0.57371590,0.48071450,0.43608770,0.56289480,0.56838966,0.44001134,0.58790424,0.50559855,0.50630145,0.44610578,0.33255264,0.37410059,0.57070481,0.55123887,0.52413972,0.49504858,0.45427525,0.44767702,0.47971631,0.44561127,0.36894717,0.41279408,0.43992520,0.51519234,0.35700197,0.57020974,0.45815884,0.61699485,0.44814534,0.59277467,0.48177321,0.42059902,0.53643127,0.46488717,0.43718526,0.52633058,0.55953293,0.44685710,0.53499528,0.49860164,0.55081281,0.46965684,0.47674599,0.37589612,0.47855794,0.47669973,0.45589927,0.37259952,0.40376254,0.50156481,0.59428502,0.51583753,0.52956039,0.50321946,0.49662220,0.52315388,0.46765933,0.42747278,0.52844546,0.43368419,0.51352879,0.55730243,0.44240643,0.41349954,0.46619212,0.43451719,0.36334850,0.50654227,0.59981272,0.38459081,0.39816052,0.49392867,0.43619064,0.49068859,0.43738960,0.50190579,0.65841296,0.50292765,0.54252345,0.43974741,0.52723842,0.55694614,0.36498218,0.58290742,0.54137674,0.45578634,0.48125821,0.54626045,0.43520186,1.00000000,0.50294691,0.49005448,0.47961072,0.43007180,0.52976773,0.51766879,0.47641455,0.55920885,0.59140486,0.46884048,0.49568241,0.45676642,0.57811790,0.41941960,0.47498373,0.56159315,0.59197103,0.45307122,0.47604069,0.53727176,0.57014222,0.44937128,0.44967382,0.47780780,0.48017550,0.54423237,0.48084700,0.51555920,0.46755582,0.44376757,0.47454550,0.50291175,0.54042021,0.51119499,0.55383555,0.40376254,0.55099298,0.43752496,0.53161890,0.48745623,0.54405649,0.56682961,0.48031838,0.48642330,0.50049365,0.34573400,0.52740353,0.36195932,0.53912015,0.52038850,0.46236068,0.47669539,0.52849279,0.56392011,0.54221829,0.53509839,0.53338590,0.42086503,0.53124670,0.52731539,0.42207746,0.35515851,0.46194583,0.46749525,0.47604069,0.56142334,0.43469185,0.56354021,0.65169589,0.50634839,0.44783918,0.58401714,0.40920210,0.47707936,0.41798385,0.41466247,0.44425512,0.52050323,0.47047499,0.40585469,0.52948560,0.54769196
95644,0.51297379,0.50478667,0.44488182,0.63836843,0.45419722,0.48134131,0.46616612,0.58234261,0.57401276,0.54436549,0.51073683,0.60271498,0.52251524,0.47494984,0.57347363,0.57038515,0.37249371,0.40199481,0.54560530,0.47760775,0.55569348,0.45318442,0.48856214,0.48225056,0.57043056,0.42431636,0.46382890,0.46032710,0.56106788,0.41598642,0.58418389,0.45765412,0.46816700,0.43162916,0.50654735,0.59188868,0.40178372,0.47511943,0.50542594,0.39750742,0.73323673,0.39934019,0.48433668,0.53454440,0.53555072,0.56006530,0.54158426,0.42746245,0.44150548,0.46085656,0.48333450,0.47016898,0.65187299,0.53447577,0.47625279,0.53015028,0.53289655,0.58048083,0.48647076,0.48956327,0.42359372,0.55542283,0.66623611,0.52551170,0.54111998,0.43909845,0.44232468,0.63470505,0.52051178,0.74749869,0.48542390,0.50211978,0.45022835,0.36975760,0.41231964,0.44834219,0.46926559,0.49637564,0.52216429,0.40942448,0.53252605,0.51473258,0.52233594,0.49491409,0.43312341,0.90517135,0.44867684,0.52192522,0.50047327,0.44267517,0.37384167,0.37677006,0.50494462,0.64743376,0.48681683,0.57746584,0.41307168,0.57445092,0.45657152,0.41013926,0.45706019,0.65859015,0.53405879,0.38243782,0.56674954,0.47554446,0.43936124,0.58016327,0.45631699,0.62954967,0.45940360,0.43917423,0.47994825,0.38099451,0.49761414,0.36400655,0.48044283,0.49084192,0.67025772,0.52387088,0.54567097,0.56339283,0.48021550,0.54750121,0.59548593,0.55534363,0.45626881,0.62775880,0.40013596,0.62930774,0.46438008,0.46631436,0.46494450,0.54253674,0.42830304,0.44035197,0.49460273,0.39476285,0.57687372,0.44697695,0.38138618,0.39299021,0.49171022,0.48148948,0.50251905,0.38099451,0.62513918,0.57515882,0.59486334,0.49490160,0.43877056,0.39265551,0.43314656,0.45321102,0.41902814,0.45444594,0.44367453,0.63009163,0.52343704,0.52376773,0.53243615,0.65492958,0.45967456,0.43690163,0.36825748,0.38358779,0.46260038,0.47009827,0.42053187,0.41452080,0.52976393,0.48257733,0.43019991,0.48433150,0.46219873,0.42574530,0.44182685,0.38343070,0.45594541,0.53664005,0.43263453,0.47427533,0.45625543,0.46330807,0.44248362,0.71188617,0.42508519,0.46386712,0.53009835,0.47626379,0.54141807,0.52159223,0.54787146,0.30542490,0.51399836,0.57874348,0.49878233,0.50692862,0.44318387,0.60752098,0.57001861,0.79825289,0.62175523,0.41432836,0.54079539,0.50531413,0.44382289,0.46752683,0.40958616,0.26124341,0.50294691,1.00000000,0.57083397,0.63776896,0.42253371,0.69272638,0.42957288,0.56289031,0.36719474,0.41539369,0.45273558,0.46616612,0.49941618,0.61698723,0.42261122,0.48814405,0.56252973,0.43832229,0.71787858,0.43620137,0.43458469,0.40440745,0.38400977,0.45547336,0.46757766,0.54918630,0.53046758,0.43355265,0.49118292,0.39323015,0.51719058,0.48285957,0.38994658,0.49322377,0.48344631,0.40706497,0.41452080,0.55799658,0.52489113,0.40257825,0.49606020,0.43423096,0.43848339,0.46576715,0.44117338,0.47973611,0.42617956,0.59635816,0.44858295,0.44406745,0.44342366,0.36315479,0.49525413,0.43013988,0.45579691,0.51407267,0.52041318,0.57365288,0.46280521,0.45049918,0.50694919,0.47416729,0.40132126,0.53806477,0.50867479,0.43620137,0.50691520,0.42130446,0.42399117,0.60352618,0.51929803,0.57951134,0.47359646,0.42548680,0.50384413,0.49267807,0.56160060,0.47425120,0.40530282,0.42654588,0.44791556,0.51649262,0.44014768
95645,0.55482616,0.48966240,0.50370506,0.44734073,0.49556510,0.50573106,0.48343328,0.50824377,0.49178660,0.45462011,0.41412824,0.62238558,0.58317387,0.47685946,0.52538379,0.59716251,0.33074616,0.39257942,0.48456577,0.47056709,0.58679475,0.35720633,0.49109360,0.37275364,0.60661584,0.40923077,0.44123603,0.57503165,0.49873387,0.35226608,0.47014577,0.53279049,0.60611082,0.46308138,0.45672131,0.52559330,0.33116110,0.49360783,0.32014936,0.49402570,0.52757054,0.34952567,0.51013963,0.52894341,0.57978393,0.53020146,0.66872728,0.49697885,0.43043306,0.44294016,0.57572812,0.48502330,0.41383496,0.55773701,0.47122436,0.46722946,0.46258970,0.50455882,0.46441785,0.46554096,0.41863860,0.78750233,0.77682476,0.58163440,0.71624227,0.47273959,0.46154641,0.57043988,0.45659386,0.53072977,0.49938167,0.45153219,0.48130052,0.37798864,0.55045207,0.49112385,0.38182904,0.45497164,0.37562320,0.36435438,0.44684414,0.70169094,0.55143185,0.46150654,0.53951686,0.59799293,0.47721771,0.51154777,0.50416618,0.52197713,0.45017150,0.49248825,0.60938718,0.51891891,0.36906716,0.55263049,0.47442049,0.61470196,0.41691672,0.44890080,0.40060097,0.78673733,0.64318362,0.42930986,0.54165728,0.47138712,0.41922517,0.60834287,0.43507732,0.49849844,0.43673820,0.44208756,0.43730036,0.29281174,0.54712481,0.47186436,0.35464987,0.46409286,0.53181576,0.55754271,0.50671739,0.60661461,0.48611656,0.47187888,0.51866753,0.51556219,0.38481032,0.58646879,0.38458736,0.48722305,0.46661152,0.47819632,0.36814623,0.71477140,0.49996934,0.57530283,0.41820602,0.40058824,0.39813666,0.51107127,0.45036468,0.39042915,0.55420295,0.42720271,0.50030148,0.29281174,0.53086882,0.40307717,0.77753104,0.53659834,0.43062754,0.52106102,0.43961459,0.50798448,0.47785760,0.44680380,0.58120418,0.51310474,0.47560371,0.58023970,0.49047175,0.54780732,0.46903164,0.42873509,0.34405697,0.42125409,0.44604963,0.53473495,0.39931407,0.45183272,0.45717741,0.48877540,0.57628794,0.50687635,0.49996885,0.42177226,0.42372658,0.36944897,0.37071473,0.51996208,0.46539108,0.49116148,0.43560289,0.55107993,0.52384044,0.51894314,0.40033006,0.43360747,0.56870442,0.43239044,0.38717581,0.48252482,0.40247147,0.28405575,0.40916467,0.47313509,0.44004100,0.43213577,0.38660517,0.70786878,0.53683273,0.54030089,0.78016090,0.40119237,0.53005537,0.42406608,0.40185097,0.40778436,0.39071931,0.27238234,0.49005448,0.57083397,1.00000000,0.58933933,0.56501320,0.45342573,0.37474154,0.53158396,0.36460512,0.41198165,0.44449647,0.48343328,0.52319987,0.54514516,0.49093726,0.48589653,0.51204462,0.42920556,0.50218108,0.35377980,0.56097836,0.46343169,0.33872365,0.43338026,0.47568347,0.50762693,0.53378725,0.51305296,0.51434892,0.40529996,0.61199654,0.51854585,0.40547818,0.57315024,0.60304351,0.45951115,0.45183272,0.50901535,0.33646524,0.44585080,0.55843379,0.50303748,0.54371146,0.40499231,0.45802713,0.52522818,0.37791127,0.64775798,0.33595579,0.52856437,0.50601214,0.41927105,0.44903196,0.46978213,0.50853037,0.55088607,0.66810859,0.56458712,0.45080404,0.41250196,0.42740536,0.48044884,0.46190009,0.49302198,0.39040760,0.35377980,0.45037273,0.51909232,0.42705021,0.55112117,0.56903741,0.52708677,0.60299329,0.46774595,0.54048960,0.35303772,0.41909003,0.39541964,0.46344591,0.47850668,0.56379914,0.66286105,0.53168886
95646,0.55026609,0.51783729,0.49189935,0.58100500,0.45134979,0.53638552,0.54333058,0.53229696,0.56321848,0.59066868,0.54788021,0.63186984,0.52789737,0.47110400,0.55319720,0.59775607,0.33961549,0.45217540,0.57887756,0.47906708,0.53119373,0.38073339,0.50461387,0.41761148,0.59572604,0.45479132,0.49717320,0.54151155,0.55063937,0.37927923,0.53769090,0.51380918,0.52179966,0.50191883,0.54686364,0.58422561,0.41134804,0.54283399,0.52147377,0.47029597,0.62467623,0.39519541,0.50545264,0.57482944,0.57262168,0.55304957,0.49666816,0.45500378,0.46544571,0.50562113,0.52403877,0.44896609,0.55692863,0.58057272,0.47939724,0.52102684,0.71039486,0.52113439,0.46276322,0.50452338,0.41961154,0.51656689,0.56870738,0.49649004,0.50208857,0.47230125,0.43450485,0.64333321,0.52693913,0.50983599,0.51846884,0.50159318,0.54360667,0.38378755,0.50700086,0.40632975,0.46467102,0.49099054,0.47185179,0.41599487,0.52258736,0.50662555,0.54266850,0.52528500,0.50098241,0.60808592,0.47646005,0.56565328,0.42576670,0.43151602,0.39891705,0.45548482,0.59361483,0.60305256,0.44971667,0.57074668,0.44843201,0.53190044,0.43622290,0.41866602,0.42702709,0.56702140,0.58896799,0.44251163,0.54655920,0.51701075,0.46618412,0.56590901,0.45266168,0.56690899,0.49209335,0.46740743,0.48767417,0.37236948,0.51195904,0.42508369,0.46292640,0.50261640,0.57336501,0.47944725,0.57198830,0.53568729,0.49186343,0.51816368,0.54230327,0.52917105,0.44367074,0.61386525,0.44469989,0.56898300,0.52161111,0.48011571,0.39707837,0.54791218,0.46848343,0.48513925,0.51091882,0.35752488,0.54689661,0.45967121,0.40720894,0.35756725,0.49025376,0.46470156,0.50033168,0.37236948,0.63517941,0.51446479,0.55473428,0.53299276,0.49263134,0.47806252,0.44170145,0.48347562,0.41808309,0.50940881,0.49073245,0.51309082,0.54116773,0.57327960,0.45185341,0.61159414,0.48867304,0.48083220,0.38577176,0.44822993,0.48044041,0.49171827,0.42204305,0.43533124,0.55555600,0.47785671,0.48216168,0.43815989,0.48233428,0.44102457,0.46838302,0.47194485,0.46418436,0.54667266,0.56612517,0.45991404,0.49956242,0.52262858,0.43655698,0.55553571,0.45632580,0.45118564,0.53146233,0.48628038,0.46899616,0.51224175,0.56287036,0.31444289,0.48244750,0.57112858,0.48806964,0.50515958,0.39700611,0.54580159,0.56639190,0.63960216,0.54389569,0.46682120,0.53756012,0.49735402,0.42638646,0.47686650,0.39804622,0.28805539,0.47961072,0.63776896,0.58933933,1.00000000,0.50063602,0.53320398,0.45561964,0.58400203,0.34593639,0.43551836,0.39921762,0.54333058,0.53479965,0.72132066,0.50437023,0.48705637,0.55194290,0.49161558,0.67269362,0.38526608,0.50347361,0.46395158,0.35868953,0.44046459,0.49098054,0.61352279,0.54730709,0.45928254,0.51664992,0.41827864,0.55022398,0.52476886,0.41421873,0.52286212,0.51585864,0.49913085,0.43533124,0.55554919,0.41482782,0.47189296,0.52898119,0.47748229,0.53199302,0.47749640,0.43684006,0.51682383,0.44580755,0.62147307,0.41523811,0.45163982,0.44445921,0.37066259,0.50346532,0.43498185,0.49907703,0.50176920,0.54580332,0.58833122,0.50556995,0.39116835,0.45636214,0.49693084,0.44785033,0.51049818,0.46865641,0.38526608,0.48476749,0.45676247,0.44409719,0.59311015,0.56599251,0.56821859,0.53365065,0.44744641,0.54518522,0.44313633,0.54083026,0.47074837,0.44632893,0.43983438,0.52699764,0.54271118,0.48013972
95648,0.67345690,0.62450783,0.66070149,0.60482279,0.53244978,0.61203674,0.50241474,0.47027187,0.49386523,0.54704893,0.50181274,0.58374347,0.70027135,0.44135506,0.61500364,0.67229885,0.37051000,0.46013394,0.56691256,0.59288510,0.55134308,0.41669799,0.54745714,0.32196158,0.67239798,0.40152002,0.61403006,0.75084208,0.58879624,0.45403550,0.42119758,0.52071396,0.53186800,0.64315211,0.52156018,0.54327168,0.46534772,0.54127149,0.47049623,0.65437510,0.50368869,0.38192658,0.59035792,0.48624229,0.66097210,0.52360589,0.46447862,0.51130720,0.52890255,0.53975937,0.61508948,0.46757364,0.36710095,0.65888003,0.59032204,0.45123155,0.46141431,0.39861139,0.46763612,0.51393264,0.50098318,0.48743878,0.51890583,0.44003287,0.54866875,0.41309919,0.40335829,0.54462440,0.49380462,0.39414243,0.44738806,0.56314011,0.55987463,0.48453899,0.64606324,0.54600880,0.46432573,0.46341376,0.48601681,0.47132542,0.54823264,0.54426356,0.52891602,0.51992646,0.84851706,0.48179475,0.62815171,0.49509676,0.53057780,0.45142082,0.46884227,0.53750097,0.63787979,0.45297268,0.42102824,0.53241517,0.50308692,0.49630178,0.50298919,0.54009469,0.32553480,0.50897076,0.54016343,0.41051265,0.55939627,0.42868957,0.38611785,0.52478809,0.45900627,0.46986872,0.47417483,0.45192390,0.55486171,0.33366745,0.72484871,0.63325315,0.34357018,0.47759067,0.45615153,0.48862279,0.51607288,0.51333378,0.50370459,0.46985500,0.41193723,0.44056776,0.44268231,0.52468634,0.43023048,0.43380929,0.52233051,0.60722191,0.45772801,0.48018117,0.47198801,0.54186640,0.46082525,0.41740285,0.42204466,0.47231257,0.41885680,0.38707928,0.60365806,0.55288922,0.53415416,0.33366745,0.49470308,0.34831847,0.48246408,0.56778397,0.39263688,0.65876150,0.49995901,0.50396082,0.40729270,0.50199482,0.55641195,0.38528927,0.39334561,0.55183277,0.40857634,0.48080538,0.47672721,0.43769198,0.41194335,0.39357691,0.47818948,0.49456167,0.46355605,0.43754207,0.51502761,0.45247722,0.54631457,0.50061605,0.43915126,0.46492998,0.38885250,0.46877456,0.48942878,0.55076321,0.51561285,0.52445989,0.47306443,0.58713500,0.55785315,0.41189145,0.41323884,0.62691788,0.58680320,0.40393503,0.33928832,0.38035280,0.44591756,0.31867344,0.27837439,0.38701687,0.46862229,0.44194178,0.48842273,0.61571271,0.62759887,0.43737726,0.52142431,0.47318925,0.65908043,0.40299191,0.39728064,0.43246925,0.40982735,0.32882987,0.43007180,0.42253371,0.56501320,0.50063602,1.00000000,0.37289993,0.39675676,0.57976267,0.39411088,0.43943887,0.31412315,0.50241474,0.58676932,0.48958144,0.46960503,0.47904568,0.51916526,0.39087576,0.47086008,0.29067158,0.50944086,0.40184391,0.32917567,0.47439427,0.48501263,0.52271091,0.62288041,0.65803386,0.63828658,0.43189876,0.60713787,0.59934350,0.41413943,0.45491604,0.48090563,0.54152279,0.43754207,0.44856001,0.27239534,0.55120309,0.54535710,0.43850351,0.57324337,0.43193347,0.47424332,0.57632179,0.41476593,0.56106457,0.42303326,0.43253621,0.43590967,0.42092833,0.44258969,0.43027930,0.42795678,0.43769739,0.51662742,0.59657550,0.51045076,0.32830962,0.43111862,0.55508390,0.49020580,0.55305387,0.24181505,0.29067158,0.29528448,0.46036021,0.32966372,0.49438960,0.53026727,0.54491833,0.48320553,0.43272959,0.73492355,0.46371732,0.47595915,0.44533757,0.46085853,0.46778198,0.58823224,0.51354294,0.44118436
95782,0.44963660,0.50448809,0.42455596,0.54608359,0.43399962,0.51206725,0.50944269,0.54751780,0.51414348,0.41191704,0.43230637,0.50549923,0.50236998,0.55956708,0.58759170,0.56507004,0.40451648,0.51253654,0.48497674,0.58342705,0.61521750,0.59441113,0.57187597,0.43116770,0.56531473,0.50778683,0.49264518,0.45623909,0.48111117,0.41555396,0.55606537,0.50628295,0.49617382,0.41346710,0.49702226,0.60024920,0.32584635,0.44290056,0.38270206,0.39402263,0.63823980,0.45143146,0.51646918,0.57507476,0.54184966,0.57608754,0.45920443,0.53450109,0.51974204,0.51243403,0.50369937,0.53988858,0.58237970,0.50440696,0.58304409,0.56388455,0.48126101,0.63939512,0.63614528,0.56559434,0.51519276,0.41152640,0.55742759,0.59109105,0.41477216,0.46381091,0.46105648,0.60575535,0.49111529,0.55975745,0.44015232,0.52791840,0.43595826,0.48118532,0.41388602,0.39598110,0.57258809,0.52541464,0.40087576,0.44810885,0.46779606,0.43059003,0.60675757,0.45901747,0.37272749,0.69904994,0.43103503,0.45499419,0.44111044,0.51521044,0.45218524,0.37356636,0.50948481,0.57450724,0.46567809,0.57607498,0.48050539,0.55393661,0.45234276,0.43025614,0.53344407,0.54781632,0.55982328,0.52279703,0.46226778,0.56944815,0.52161702,0.54691661,0.55173556,0.54183898,0.43825297,0.56148471,0.49177168,0.51439586,0.45798098,0.32851737,0.48758438,0.45030080,0.58304663,0.49763079,0.59614088,0.53832217,0.56153030,0.49505630,0.64977945,0.58544754,0.53614066,0.57431408,0.43988919,0.56807487,0.56453631,0.46846813,0.54695153,0.55349892,0.53636435,0.47778487,0.43518511,0.44077057,0.58511020,0.51915148,0.43811967,0.53652203,0.50303965,0.39991235,0.44769810,0.51439586,0.63630795,0.56644146,0.54986475,0.54397166,0.48518273,0.40774458,0.52105062,0.52150821,0.51961807,0.55989907,0.47655723,0.84387977,0.46262319,0.54633652,0.45146716,0.64357828,0.55970133,0.58708182,0.48212549,0.53836866,0.55436818,0.57097085,0.58177981,0.54975284,0.54843998,0.57518980,0.48129506,0.58859396,0.53200459,0.49850581,0.52374076,0.44444143,0.34407577,0.50427561,0.43967357,0.53797644,0.52938327,0.47282025,0.41329063,0.61867700,0.54224958,0.47776296,0.46926426,0.50061911,0.45674182,0.47052736,0.53022840,0.49836912,0.47796560,0.50603648,0.58195803,0.57122500,0.50119143,0.54489737,0.49440373,0.70658411,0.51991016,0.51463561,0.50252843,0.52455719,0.63868156,0.57768675,0.45237045,0.43637258,0.52976773,0.69272638,0.45342573,0.53320398,0.37289993,1.00000000,0.55364633,0.51910579,0.46135657,0.54365113,0.45212867,0.50944269,0.57973920,0.53004446,0.40910019,0.60014469,0.47209237,0.48467765,0.63420087,0.40785361,0.47274106,0.49376605,0.49075607,0.45686633,0.56807566,0.42107078,0.50913974,0.34440596,0.45929991,0.39581503,0.52914996,0.52535585,0.48595437,0.55210781,0.53628908,0.47175193,0.54975284,0.50153713,0.48064123,0.46652643,0.51731714,0.55007810,0.44232209,0.57619095,0.59764871,0.53337465,0.45121193,0.63194964,0.55894283,0.43484053,0.50124935,0.43897582,0.53765772,0.49337886,0.51154843,0.59305891,0.49831849,0.49077004,0.44658528,0.46080975,0.56543918,0.50920450,0.47234198,0.60381185,0.49175944,0.40785361,0.53673330,0.42836668,0.48931550,0.55520834,0.58399070,0.59889801,0.51017724,0.42040100,0.44593057,0.38707442,0.47252075,0.44690288,0.46544801,0.52720185,0.42831989,0.49829132,0.45723857
95965,0.45222143,0.51273326,0.44692902,0.48942039,0.44720123,0.53880962,0.50616333,0.52045523,0.47314706,0.34980866,0.38923843,0.45610124,0.49905509,0.56149153,0.57627120,0.56824955,0.34456808,0.49907236,0.44592990,0.60585511,0.59904912,0.56097478,0.56231159,0.36709557,0.56151944,0.55007041,0.51418453,0.46723631,0.40836725,0.47750736,0.47215567,0.49667504,0.52775792,0.40365206,0.45940975,0.45386835,0.31301137,0.39046820,0.32904247,0.43082169,0.51317261,0.44448883,0.53880315,0.57485521,0.54353615,0.54511978,0.36267723,0.57929626,0.46937146,0.40312805,0.47454416,0.64687525,0.42856835,0.51878253,0.60383995,0.54413551,0.32570352,0.55092376,0.66897938,0.56723719,0.48796017,0.33315619,0.43441244,0.51200635,0.32032374,0.40957151,0.39284830,0.57367545,0.46202579,0.26057350,0.42011268,0.49065074,0.45763637,0.47290157,0.47682174,0.32155799,0.40038050,0.47334604,0.37500498,0.41394174,0.42790634,0.37318845,0.65790670,0.41416836,0.39623424,0.45756259,0.40531115,0.43710559,0.42535468,0.56498080,0.56997846,0.39682157,0.50635056,0.55822531,0.45161749,0.55318152,0.52370727,0.51924007,0.48208864,0.45505357,0.52763181,0.42109118,0.50386465,0.41765881,0.39574527,0.61990452,0.55042875,0.47592952,0.69362257,0.49734836,0.44581126,0.59612421,0.52393921,0.70298795,0.49399830,0.32761211,0.44665241,0.40000298,0.51999468,0.40954436,0.61397758,0.48738934,0.70868093,0.49345001,0.55382641,0.52656372,0.52069864,0.59431419,0.48110059,0.55847507,0.62078536,0.46030981,0.51277061,0.50788485,0.61024306,0.45994486,0.36609839,0.50954032,0.52844478,0.47545105,0.40804746,0.46256170,0.46197351,0.37230985,0.46908065,0.70298795,0.54036722,0.48055420,0.42818721,0.52671622,0.49594208,0.46186904,0.56312615,0.65728687,0.38938856,0.65447848,0.46240845,0.52104899,0.45188552,0.49847033,0.52772409,0.51301539,0.72610203,0.68789051,0.64025646,0.62723398,0.58191517,0.53890093,0.51429411,0.47569586,0.64395589,0.69140116,0.46366893,0.59223112,0.63576796,0.59100698,0.54921540,0.62719155,0.28345604,0.49129335,0.41590821,0.60981250,0.70026474,0.47385862,0.42959725,0.38711833,0.64359518,0.48800280,0.46114054,0.57510269,0.37100526,0.37276043,0.44573428,0.64423006,0.44587700,0.44231943,0.60514746,0.62393493,0.67025167,0.51821115,0.42512600,0.47493530,0.39946291,0.50175859,0.49025679,0.59269111,0.74414937,0.76141863,0.52654206,0.49902792,0.51766879,0.42957288,0.37474154,0.45561964,0.39675676,0.55364633,1.00000000,0.45952826,0.52964874,0.56798237,0.42918368,0.50616333,0.54065458,0.47398953,0.40055928,0.62933759,0.39133582,0.49410532,0.45158896,0.44674694,0.42704089,0.44314490,0.59333604,0.46658119,0.73082540,0.42163436,0.53491284,0.32089138,0.48993466,0.36036762,0.50727654,0.54479803,0.69522200,0.58635976,0.47804125,0.59693344,0.47569586,0.44291243,0.39204256,0.61983934,0.51099691,0.65978565,0.44929233,0.75691475,0.62303515,0.54422468,0.37307590,0.53913355,0.50171368,0.48758302,0.56891094,0.44161064,0.56617154,0.41545166,0.46277576,0.60216377,0.49878687,0.51846942,0.46809948,0.40871315,0.53184087,0.57262632,0.42888838,0.61179760,0.47167402,0.44674694,0.51298959,0.39140062,0.50814666,0.50611761,0.57938693,0.51659163,0.52505878,0.50589393,0.45233504,0.36778737,0.42212639,0.46005898,0.62239532,0.46365100,0.40219174,0.50587656,0.53437951
96007,0.66158282,0.65873553,0.60416703,0.72794319,0.52906639,0.64706812,0.64909712,0.59765860,0.70023223,0.72447536,0.65419637,0.77110775,0.65825416,0.55996787,0.71436795,0.73621924,0.37206276,0.44384289,0.76548277,0.63411419,0.67612527,0.52707190,0.63932873,0.39553289,0.74512062,0.52079485,0.60460558,0.61773106,0.57732207,0.44637934,0.54018430,0.59412086,0.56789225,0.66581006,0.66879111,0.68832560,0.57274628,0.67854392,0.63147842,0.53363945,0.62800868,0.38581988,0.57901499,0.54914141,0.68674203,0.61614193,0.42973644,0.48262968,0.61947008,0.65535843,0.68410687,0.54698716,0.51034242,0.67033166,0.63291007,0.58711803,0.54881070,0.52100489,0.46436535,0.62174700,0.49739370,0.45144385,0.51640836,0.44363459,0.44765653,0.44175829,0.45405849,0.69112200,0.59721208,0.51331424,0.58028580,0.60007840,0.52286595,0.54192126,0.53538903,0.48198097,0.47966809,0.61559182,0.64385865,0.52762319,0.71762444,0.44945899,0.54949689,0.59805738,0.58888130,0.56991903,0.46723514,0.63736494,0.46116137,0.50404353,0.54534956,0.48711605,0.63535460,0.57095166,0.49269911,0.54729562,0.61400704,0.59074584,0.55963621,0.47124176,0.40370726,0.50472648,0.63130278,0.47235411,0.60104423,0.46756113,0.41390018,0.66651043,0.54355266,0.51132225,0.59425262,0.44836406,0.60399067,0.35917523,0.60508875,0.47447235,0.42482442,0.61235477,0.56818483,0.49011886,0.58815827,0.66713851,0.56851683,0.48846428,0.53324653,0.54140569,0.46568987,0.60677846,0.45344227,0.54798696,0.55988035,0.54362862,0.53242569,0.51565303,0.48177767,0.58190345,0.61291629,0.50151713,0.51271689,0.53441915,0.46552424,0.44464022,0.68457751,0.63661920,0.64581700,0.35917523,0.67482301,0.48752618,0.51844005,0.62342993,0.50446787,0.52982693,0.46117194,0.60468827,0.47960282,0.53735997,0.58985744,0.48336958,0.45970136,0.67621604,0.45021585,0.62478288,0.58667197,0.51592916,0.37688517,0.48142204,0.50465516,0.52088440,0.46960156,0.51292584,0.63589945,0.53698826,0.57837221,0.50068019,0.54565128,0.49098016,0.41569946,0.50834836,0.65666552,0.71747527,0.48833152,0.57595498,0.55224317,0.63935393,0.58122636,0.59124415,0.53448858,0.57050193,0.58778003,0.44425610,0.40594560,0.45500549,0.50965668,0.39013379,0.39218008,0.52483710,0.52054553,0.51436420,0.49594334,0.51044558,0.76789109,0.68513408,0.59393128,0.46230489,0.57629223,0.46699199,0.45989421,0.51243459,0.40462432,0.34844329,0.47641455,0.56289031,0.53158396,0.58400203,0.57976267,0.51910579,0.45952826,1.00000000,0.43946625,0.49363491,0.42004761,0.64909712,0.60934486,0.57604204,0.40720961,0.47507558,0.60226947,0.50231689,0.53618218,0.31690339,0.50150250,0.46407621,0.40737053,0.49036407,0.59582340,0.60728328,0.61424080,0.57323690,0.50667210,0.47006069,0.66138983,0.61418637,0.53278196,0.51104485,0.49599361,0.51011175,0.51292584,0.57769537,0.38743454,0.51526737,0.61936850,0.55184500,0.58973298,0.51191134,0.43586096,0.61441228,0.54263911,0.65910997,0.51987339,0.47390921,0.48149502,0.43799812,0.59726615,0.49106049,0.45255856,0.47487864,0.58184815,0.60858372,0.61631028,0.42597609,0.55923019,0.61148328,0.56902704,0.63016269,0.35811916,0.31690339,0.45559435,0.44689440,0.42284343,0.63690649,0.64972012,0.56308614,0.55255194,0.46881047,0.57501358,0.59824754,0.59533888,0.56176015,0.51771346,0.52678068,0.62703404,0.57530654,0.52841408
96142,0.45570612,0.37633954,0.30692817,0.40140981,0.33443759,0.40170386,0.44499634,0.40335816,0.36351384,0.36725857,0.38703366,0.41196941,0.57750352,0.51007051,0.49088257,0.48224822,0.53280221,0.47891398,0.32999486,0.53474470,0.53987555,0.37946020,0.46986487,0.24943886,0.47952773,0.35491240,0.39782691,0.36471434,0.39815150,0.24301944,0.39869522,0.47638732,0.47430778,0.48095287,0.39821764,0.46247817,0.31280634,0.50352046,0.33773380,0.43605882,0.48241073,0.52331916,0.45238774,0.49050116,0.45752697,0.63912858,0.47047288,0.52508533,0.40376333,0.38279679,0.44388184,0.72995839,0.47081617,0.43034656,0.53637629,0.40163618,0.28966244,0.46283047,0.57734948,0.48979541,0.43054603,0.33302671,0.42797856,0.49992801,0.27187518,0.51086714,0.32740187,0.48090286,0.31348677,0.39205752,0.46244089,0.45646259,0.37422671,0.37704455,0.38843996,0.27474985,0.34807695,0.42430411,0.43455971,0.35515345,0.44945351,0.29912432,0.58212725,0.40163515,0.35806130,0.39996692,0.33716958,0.46475062,0.31684427,0.60831338,0.56692928,0.44509019,0.42754719,0.49323722,0.44205236,0.53942483,0.42988472,0.40767984,0.34722100,0.34501611,0.45134728,0.41183648,0.43710008,0.43556626,0.39720614,0.52428276,0.55739206,0.42478864,0.48390482,0.44449599,0.39598781,0.56798221,0.35739304,0.39486905,0.41655070,0.36591691,0.33229136,0.40017640,0.49550015,0.57740046,0.70171915,0.43968477,0.45203759,0.34732890,0.46599867,0.49977413,0.53968963,0.45927569,0.73501491,0.48827541,0.52997127,0.30790283,0.37580954,0.50410761,0.52163573,0.42354598,0.45706284,0.51570809,0.38960386,0.44152697,0.37776919,0.44083401,0.41988766,0.43541877,0.51609470,0.39486905,0.49115128,0.44249266,0.41027225,0.45582707,0.48536715,0.39282510,0.48483674,0.52302585,0.44170471,0.53849484,0.41641649,0.45947741,0.35278280,0.43373983,0.34821772,0.51757695,0.49989399,0.46673860,0.40017207,0.46082189,0.37157794,0.41606384,0.37577556,0.36957512,0.51048277,0.51151410,0.40895220,0.47518591,0.48761551,0.45799188,0.55077851,0.33246224,0.41261154,0.45736760,0.26172047,0.54116616,0.44400686,0.40711551,0.50773632,0.39678638,0.42521301,0.32529560,0.41470075,0.45007710,0.28568198,0.30800828,0.39739040,0.48927163,0.42050308,0.34210023,0.42756350,0.61651240,0.49017601,0.48654040,0.40866425,0.35437167,0.38125391,0.48129163,0.56385011,0.55182472,0.49642267,0.58757753,0.36852052,0.51589401,0.55920885,0.36719474,0.36460512,0.34593639,0.39411088,0.46135657,0.52964874,0.43946625,1.00000000,0.76624037,0.40047087,0.44499634,0.44500102,0.46378861,0.29981547,0.56736407,0.43112889,0.48414932,0.37927037,0.46090303,0.47546988,0.40562505,0.59651475,0.49644724,0.50380915,0.37724022,0.55043218,0.43774410,0.47289373,0.38268715,0.40905224,0.46642743,0.49180520,0.48262370,0.45369685,0.39297383,0.36957512,0.52126153,0.44677924,0.40399284,0.45069294,0.53952469,0.48843648,0.59202187,0.61347127,0.49989995,0.33468276,0.44499633,0.46328531,0.42302094,0.54909086,0.43442209,0.43086949,0.39082201,0.50502743,0.45138007,0.46034886,0.47694707,0.38242119,0.41588625,0.41956904,0.44165118,0.40709897,0.50344229,0.35384679,0.46090303,0.42947716,0.36718249,0.44321691,0.46893687,0.52921691,0.52536359,0.43903809,0.35229375,0.42995799,0.43589955,0.38557430,0.37593341,0.45649693,0.39509430,0.38104571,0.46606327,0.50679883
96143,0.51263050,0.44408041,0.38095066,0.44153557,0.45937475,0.50648517,0.51378532,0.51740627,0.42979663,0.41320489,0.41363794,0.48891937,0.63066478,0.50368610,0.52334055,0.55025777,0.46312316,0.48861640,0.35170718,0.58059681,0.65336174,0.46765225,0.58930683,0.27888250,0.54914402,0.42228351,0.47335439,0.45980086,0.43787604,0.36552295,0.45102185,0.55183382,0.51663464,0.46695015,0.50197716,0.55328322,0.33901745,0.55605932,0.36336442,0.48000778,0.48876557,0.49958039,0.51044934,0.52246477,0.51864514,0.67234422,0.49907745,0.53631298,0.45578603,0.45115735,0.49902242,0.66740338,0.50132228,0.53428192,0.58055984,0.49729761,0.31401746,0.50834705,0.67704601,0.57621367,0.54622013,0.36938625,0.43193859,0.53469120,0.31301516,0.49637174,0.36987852,0.52548754,0.34983489,0.37248031,0.52838992,0.49656989,0.50261221,0.40752767,0.42900039,0.35109096,0.40367877,0.51654032,0.41626852,0.45690917,0.41468849,0.32506123,0.60325954,0.47042668,0.41938889,0.46896229,0.40885381,0.50807990,0.39273015,0.64242921,0.63704328,0.56034957,0.54019055,0.55308527,0.46264612,0.56127460,0.47747292,0.46838178,0.44668492,0.39380759,0.49364882,0.41538062,0.55061496,0.49934642,0.41697817,0.61190079,0.60593123,0.52202557,0.60127054,0.50942563,0.44107722,0.59082917,0.43421135,0.49219390,0.48995253,0.38758814,0.42528806,0.43389325,0.50102402,0.55838339,0.69922215,0.51947571,0.54775857,0.36348212,0.50309692,0.54882990,0.50582908,0.53710450,0.67338365,0.47387586,0.63597714,0.42164029,0.51814439,0.56795046,0.60139548,0.50634827,0.48409718,0.54292201,0.41226678,0.51016805,0.45397033,0.54030821,0.47501302,0.45358348,0.54481683,0.49219390,0.59078845,0.46883009,0.47783655,0.53359771,0.55716285,0.43721817,0.47470771,0.60453477,0.49474710,0.63759365,0.50512854,0.51597067,0.39877299,0.51894669,0.39254247,0.53090827,0.56783680,0.59100004,0.48248311,0.56593519,0.49171674,0.54582342,0.46912302,0.47093468,0.54057738,0.57872061,0.50350820,0.53688411,0.56715842,0.50930647,0.59349104,0.45069163,0.36756464,0.52819403,0.36953091,0.60985948,0.54093193,0.47640547,0.52872475,0.39356366,0.52723998,0.42869521,0.52193362,0.54169456,0.32900715,0.38688660,0.41707570,0.53809186,0.42819623,0.37868782,0.51011570,0.62664712,0.51761623,0.49334847,0.48229380,0.42151227,0.42174005,0.48860803,0.54927241,0.49302740,0.59203744,0.70265713,0.34970004,0.59471153,0.59140486,0.41539369,0.41198165,0.43551836,0.43943887,0.54365113,0.56798237,0.49363491,0.76624037,1.00000000,0.43317708,0.51378532,0.55458628,0.53450496,0.35564606,0.56003129,0.44851901,0.55634973,0.41502829,0.45859653,0.51765111,0.52139547,0.57424086,0.53283146,0.57373409,0.41962141,0.56787539,0.41434424,0.51306659,0.52251379,0.54068081,0.53853873,0.57308207,0.57296614,0.54877347,0.49222688,0.47093468,0.56932385,0.43337325,0.49588713,0.51966086,0.60780186,0.52335837,0.71567217,0.63981838,0.55956397,0.37350500,0.52395978,0.52629045,0.45339973,0.57594956,0.48979393,0.52625263,0.43402517,0.53375884,0.52348658,0.53818985,0.49842137,0.44370308,0.47772653,0.53400350,0.48551242,0.49200246,0.61601652,0.39707313,0.45859653,0.47420815,0.45795827,0.53718866,0.53851536,0.62543858,0.53098064,0.54745117,0.44406500,0.44977995,0.42715381,0.41616128,0.43960564,0.53887808,0.47077524,0.48386597,0.54787659,0.55222790
96346-A,0.34088687,0.36086054,0.32208071,0.39467167,0.48728774,0.40469163,0.44369992,0.47057269,0.42926945,0.37390894,0.40225933,0.44509040,0.47334928,0.49014396,0.44923330,0.48690125,0.31943651,0.35513884,0.40323452,0.39725716,0.48506824,0.33583264,0.44012784,0.40227789,0.48306402,0.40772350,0.40496799,0.35839685,0.34818559,0.34027825,0.48590154,0.44703674,0.45528178,0.32547535,0.39705838,0.44924884,0.30006317,0.39111031,0.32100498,0.33232116,0.44484028,0.34628603,0.43611149,0.49441776,0.40847896,0.50435518,0.40635918,0.41235634,0.36933245,0.34837765,0.41437641,0.50396970,0.39451690,0.39265169,0.39515856,0.41438685,0.36266396,0.52385410,0.47664571,0.42153815,0.34687420,0.37722951,0.54056096,0.43773473,0.33138213,0.50726885,0.49471225,0.60506968,0.30556168,0.43324350,0.38333987,0.42182392,0.33623318,0.36721970,0.38785622,0.35829799,0.39340705,0.47994357,0.34534757,0.33473989,0.40971936,0.35943510,0.46708992,0.37229631,0.32285031,0.42437150,0.33722204,0.40909142,0.39553925,0.43686589,0.35184782,0.40691089,0.40813801,0.55315604,0.35763418,0.51168674,0.40873961,0.49844922,0.36011464,0.36754220,0.51924935,0.53761074,0.50127631,0.45211881,0.39670056,0.45689347,0.42708325,0.56769766,0.43785759,0.42977821,0.34249330,0.42619128,0.42348812,0.28223423,0.40482909,0.30388724,0.51087408,0.44367154,0.54957887,0.44183384,0.49569146,0.44900918,0.44741264,0.41263351,0.55375308,0.57707983,0.34251270,0.47784325,0.35408764,0.41516083,0.41300282,0.34666109,0.33753252,0.51666939,0.39060348,0.45122556,0.36424324,0.30675284,0.42388812,0.44769657,0.41078891,0.35040562,0.38076840,0.31740183,0.40123021,0.28223423,0.49323217,0.48363514,0.50110020,0.39236973,0.39438225,0.38122253,0.41005946,0.43043932,0.40520090,0.39362919,0.45111515,0.48725683,0.46217863,0.45302119,0.50044579,0.47810587,0.43430125,0.33255384,0.27237197,0.31873307,0.41938685,0.39866061,0.38089203,0.31051476,0.40437639,0.39037541,0.45541038,0.47221189,0.41732578,0.39519921,0.43247156,0.37475422,0.30208834,0.47078918,0.33667240,0.38598768,0.44731074,0.35271288,0.35032930,0.38385014,0.35370160,0.33549864,0.41631186,0.50594109,0.43189759,0.43756778,0.39463361,0.31995417,0.50714186,0.41365125,0.43616782,0.50872346,0.40101535,0.45507211,0.39477586,0.49880167,0.44585230,0.35444666,0.48324386,0.45181462,0.43699714,0.42004594,0.39938733,0.27212037,0.46884048,0.45273558,0.44449647,0.39921762,0.31412315,0.45212867,0.42918368,0.42004761,0.40047087,0.43317708,1.00000000,0.44369992,0.39844911,0.41544877,0.38327244,0.47750592,0.41762807,0.39162520,0.44133192,0.44124316,0.39577695,0.52625022,0.40789840,0.38993547,0.44341858,0.39530452,0.40455191,0.32335713,0.45300174,0.45808094,0.39859312,0.45420059,0.40472120,0.44244349,0.54660474,0.41618571,0.31051476,0.48774352,0.49046751,0.41640635,0.46344994,0.40592466,0.41619070,0.41707052,0.44124132,0.37667821,0.29488807,0.54191922,0.37358734,0.47171057,0.47837513,0.34810665,0.40398395,0.48207716,0.50515773,0.43900378,0.47837422,0.48045755,0.34240165,0.42226961,0.45275940,0.41011709,0.33151662,0.41198292,0.50781958,0.44124316,0.51571872,0.47006040,0.43470524,0.49494885,0.48862134,0.48471803,0.48466234,0.44452899,0.35001810,0.32657818,0.36104434,0.35675612,0.39476146,0.34247410,0.35931588,0.47478231,0.44068493
96346-B,0.59167454,0.62593880,0.52674798,0.58628463,0.48892442,0.65010872,1.00000000,0.64184090,0.64638612,0.50774752,0.57335420,0.57393444,0.60473822,0.52452816,0.68409520,0.69873429,0.34226930,0.43104209,0.63286346,0.58964942,0.59190733,0.47749114,0.61026406,0.34225296,0.69788384,0.59177641,0.60965333,0.53215962,0.52321833,0.50278040,0.56020973,0.60023667,0.54506124,0.59778925,0.55667887,0.56574552,0.49141518,0.59467251,0.51906017,0.48848597,0.56993586,0.41656511,0.56187585,0.60607142,0.62236835,0.57347702,0.38969231,0.48746727,0.63327389,0.60078799,0.59671269,0.52491395,0.45953140,0.65686265,0.58667530,0.50989242,0.44183987,0.61146087,0.55377478,0.60577383,0.50836059,0.43356762,0.50526323,0.49622367,0.43107861,0.48014405,0.48097432,0.70173299,0.42998927,0.39271118,0.53506762,0.60932367,0.53738596,0.52619629,0.51330093,0.42763677,0.44194178,0.61660379,0.53734210,0.51661523,0.65675324,0.39314947,0.53678321,0.60503902,0.49394059,0.48153941,0.46583582,0.58357376,0.48340227,0.48188949,0.52819894,0.49592842,0.61161285,0.51741042,0.41321349,0.55612644,0.55855756,0.50904480,0.53318214,0.39936090,0.53592584,0.49656715,0.59742987,0.51519000,0.56119085,0.58909067,0.53878553,0.63732084,0.58135054,0.47844849,0.45171456,0.51517542,0.56483414,0.39612265,0.60268826,0.44363904,0.43794606,0.59358969,0.55574205,0.52833826,0.59832791,0.58123348,0.57924438,0.48082850,0.62908531,0.65898092,0.46391668,0.55937012,0.45803453,0.47289404,0.57026695,0.53915703,0.52656814,0.53752907,0.50552888,0.48256689,0.49916413,0.44998744,0.47960029,0.48002008,0.45601504,0.50721664,0.58101041,0.58611046,0.51373463,0.39612265,0.58627615,0.45611039,0.48908249,0.62466141,0.46840734,0.48770470,0.44080651,0.54519603,0.43961989,0.55470358,0.48566564,0.48770275,0.48957247,0.61046599,0.43321886,0.58165655,0.58553427,0.52339584,0.37836274,0.48212138,0.59087279,0.50093539,0.48674856,0.48346611,0.56932441,0.52540842,0.47137057,0.54834090,0.51622188,0.49240089,0.54088329,0.54142180,0.55666570,0.63750644,0.51476596,0.57446569,0.54396960,0.59826696,0.55743753,0.47957641,0.49789868,0.57480833,0.58429844,0.48742663,0.36370644,0.40520326,0.48781699,0.44209179,0.43488508,0.41794948,0.59173289,0.58215697,0.51438074,0.54097720,0.64627608,0.54581971,0.50586411,0.43604924,0.59033546,0.46280710,0.52257350,0.53940674,0.39201280,0.37819074,0.49568241,0.46616612,0.48343328,0.54333058,0.50241474,0.50944269,0.50616333,0.64909712,0.44499634,0.51378532,0.44369992,1.00000000,0.59816619,0.51200035,0.41793797,0.53109438,0.56641883,0.46509598,0.50138469,0.28861855,0.51904965,0.47089287,0.49636479,0.53969488,0.59663193,0.61565001,0.55880912,0.45762466,0.51313778,0.37454583,0.59102470,0.60151727,0.50329976,0.56536159,0.54954074,0.52207709,0.48346611,0.49271290,0.37003366,0.53269336,0.58083805,0.52646703,0.54746705,0.53806535,0.49515703,0.60495103,0.53039177,0.66358871,0.58478761,0.47927938,0.51150803,0.46707794,0.53417652,0.49984667,0.48381812,0.54043462,0.53892816,0.55086248,0.47383997,0.36833537,0.60072462,0.58172645,0.48986586,0.64937526,0.36976834,0.28861855,0.41360574,0.43969682,0.51653217,0.58317258,0.63218334,0.58633744,0.52319112,0.48433268,0.55349602,0.51170040,0.56653788,0.61415504,0.44687354,0.45989299,0.63672884,0.54072588,0.50122935
96346,0.69275242,0.66943890,0.62469048,0.53264756,0.53452740,0.80300072,0.59816619,0.56914881,0.54263125,0.49215328,0.48583541,0.63460059,0.60724849,0.50676281,0.70781722,0.75412489,0.33252229,0.45007365,0.58418607,0.69566707,0.74509637,0.55825458,0.68650942,0.39291628,0.74817076,0.52320199,0.67572085,0.66602794,0.53995870,0.46571559,0.51396852,0.68347030,0.57946260,0.60288796,0.57263151,0.63697958,0.40075476,0.58715743,0.43976869,0.52820403,0.60236193,0.40669536,0.79721920,0.57591620,0.76284802,0.56877547,0.44165029,0.55390813,0.61755455,0.62192311,0.70446302,0.55999983,0.44677448,0.76189820,0.69551456,0.56459162,0.39193867,0.54166316,0.58662490,0.67655086,0.76343054,0.37431621,0.48039674,0.48457690,0.37515490,0.48351760,0.42153890,0.62552443,0.51935072,0.36611524,0.54451342,0.64880112,0.75388403,0.57248651,0.49279563,0.38386181,0.50622767,0.57585425,0.42308299,0.47605026,0.54194428,0.36949042,0.60795970,0.55958778,0.54896854,0.55166578,0.50447429,0.56828280,0.44037058,0.58840567,0.59530412,0.49786054,0.66228634,0.60292829,0.43030170,0.51058813,0.66900721,0.57074449,0.51628253,0.51586078,0.43008531,0.47290865,0.69130907,0.51616747,0.52787743,0.50532895,0.43552241,0.65562390,0.59359774,0.47273788,0.53713238,0.53202823,0.60583225,0.47185234,0.62515587,0.48686944,0.46145049,0.50916350,0.47527478,0.53024106,0.62577226,0.62986633,0.63722175,0.49474995,0.55716596,0.60147998,0.47206207,0.56774588,0.45986677,0.50088090,0.73070160,0.74164255,0.62750767,0.58474324,0.59635690,0.56049929,0.45527482,0.59475122,0.49493240,0.57496336,0.50460744,0.55764247,0.67874550,0.50513066,0.61587872,0.47185234,0.61256163,0.44284357,0.52462715,0.74936621,0.52989711,0.48903773,0.49951638,0.65794226,0.56517554,0.71841359,0.56320050,0.52064157,0.45324698,0.70193342,0.38299032,0.61241663,0.63114509,0.61799143,0.50295992,0.59093032,0.54288372,0.62437609,0.53107671,0.60052330,0.56722122,0.60776138,0.55358378,0.56711677,0.54670093,0.50808700,0.44094036,0.55097971,0.39307002,0.67280975,0.50021968,0.65364353,0.57434308,0.71980350,0.62961611,0.43234500,0.58655381,0.72679939,0.67397913,0.47779411,0.40477677,0.52784582,0.43064167,0.46463607,0.36233078,0.47304535,0.53976694,0.54494393,0.56274550,0.50257273,0.76164179,0.51257969,0.50550303,0.44276336,0.53903363,0.44260665,0.55920667,0.59225239,0.43138774,0.40761225,0.45676642,0.49941618,0.52319987,0.53479965,0.58676932,0.57973920,0.54065458,0.60934486,0.44500102,0.55458628,0.39844911,0.59816619,1.00000000,0.54551259,0.47264201,0.57140587,0.51073995,0.52829949,0.47860766,0.30256871,0.55139912,0.52723532,0.44710685,0.61160180,0.63023190,0.47074857,0.60006718,0.44113373,0.49477969,0.44084608,0.77646271,0.70696298,0.53807382,0.54162453,0.57798371,0.55951906,0.60052330,0.51113533,0.35468084,0.55616557,0.64290994,0.63138457,0.55102726,0.58849574,0.55796181,0.70542933,0.52316959,0.71955517,0.56981500,0.51161185,0.54638622,0.48752980,0.63374723,0.47648652,0.55442945,0.60164996,0.60171425,0.53142702,0.60606772,0.40650994,0.57019584,0.63574501,0.70744338,0.70329072,0.34730249,0.30256871,0.43169893,0.50510475,0.44369608,0.54794471,0.69524199,0.64321072,0.59591594,0.51518560,0.55568600,0.42500500,0.49469987,0.51376119,0.55841373,0.58628726,0.73432227,0.59947331,0.58592330
96642,0.58115310,0.47538342,0.44745165,0.59082705,0.40659372,0.55408498,0.51200035,0.57760346,0.59205162,0.58539020,0.55681630,0.64011035,0.62431196,0.54576108,0.54238036,0.54570363,0.39641450,0.41762129,0.54181990,0.51256384,0.57649292,0.38842046,0.53986737,0.37259048,0.54318748,0.43862035,0.45537382,0.47353491,0.52764172,0.35826177,0.58725708,0.52651015,0.54103983,0.52198183,0.50703791,0.59355076,0.42145169,0.56723921,0.52035428,0.57242286,0.63408766,0.45330201,0.56467037,0.51890353,0.55803760,0.66098229,0.53946373,0.41046100,0.41850084,0.46627029,0.50050264,0.56231239,0.62868513,0.58046032,0.51393618,0.51671531,0.54081171,0.51814286,0.49581912,0.51529042,0.45460516,0.45084167,0.56847980,0.47958623,0.47697077,0.49680561,0.37245400,0.58011301,0.49565622,0.53296891,0.56839685,0.51573847,0.50269351,0.37467735,0.54676814,0.39969117,0.49221953,0.50156011,0.49640346,0.41097277,0.49631508,0.44621584,0.53131709,0.51255022,0.45481038,0.63763885,0.43869623,0.57099161,0.41472888,0.48320285,0.48261612,0.58385827,0.56175049,0.65327437,0.50546983,0.60452368,0.47611550,0.51858287,0.42454451,0.44038588,0.45684292,0.55487571,0.57889154,0.45140807,0.58080816,0.49593046,0.47370224,0.54625379,0.45684121,0.56209748,0.55219673,0.44039469,0.47129096,0.36045083,0.53204442,0.42918361,0.45327983,0.49254465,0.57473838,0.56574517,0.57906124,0.58213820,0.46867938,0.45127291,0.53460114,0.53766800,0.44147766,0.62143538,0.54741467,0.54268252,0.52675725,0.46313784,0.40070253,0.58067477,0.46602347,0.56291419,0.56239880,0.47022225,0.53723686,0.50630436,0.44504335,0.39150046,0.47124914,0.51889872,0.61343589,0.36045083,0.71831929,0.54951223,0.58704886,0.52177099,0.53927943,0.53655894,0.44259586,0.49179287,0.43704190,0.51118808,0.56673856,0.48892255,0.44740723,0.58333660,0.42334772,0.59651912,0.50615914,0.48516445,0.39012445,0.45139283,0.46588216,0.48686753,0.36991423,0.43685248,0.55904867,0.56048085,0.55874706,0.45023741,0.50362410,0.55445597,0.47548647,0.44575290,0.49426387,0.56940754,0.46192281,0.54843157,0.52604247,0.53960765,0.51057697,0.53659701,0.45128065,0.42361574,0.55421251,0.45763769,0.46783303,0.52960098,0.54816227,0.36209959,0.51363274,0.58562147,0.47005473,0.57213976,0.49220035,0.54035765,0.58041486,0.62350415,0.56235647,0.43352427,0.58028183,0.45447341,0.42487751,0.47657474,0.42763867,0.40436842,0.57811790,0.61698723,0.54514516,0.72132066,0.48958144,0.53004446,0.47398953,0.57604204,0.46378861,0.53450496,0.41544877,0.51200035,0.54551259,1.00000000,0.46249811,0.47693865,0.59718316,0.53867588,0.53967496,0.48443627,0.49821287,0.45030798,0.35187683,0.42356401,0.50804424,0.62865031,0.61961047,0.52803100,0.55847917,0.46490295,0.51921253,0.51626055,0.43273762,0.51053493,0.51742672,0.49420465,0.43685248,0.71147782,0.52545804,0.46991470,0.56789675,0.48753007,0.58848043,0.47758430,0.41363477,0.55077052,0.41841964,0.55886858,0.37319581,0.43145668,0.47140518,0.36669055,0.49808880,0.40582577,0.51230293,0.49986460,0.59783850,0.59764493,0.55416484,0.39639000,0.50555738,0.47086300,0.44763201,0.51715314,0.48395330,0.48443627,0.54215571,0.44839142,0.46842365,0.59300664,0.58235302,0.51613033,0.56741595,0.44345225,0.54149509,0.46625899,0.49698515,0.44563844,0.49963698,0.45039788,0.48814056,0.59540041,0.59414439
96725,0.46728363,0.43548263,0.44154991,0.44232819,0.41882086,0.47916914,0.41793797,0.46905504,0.42560030,0.35424916,0.38327298,0.45008756,0.46905974,0.48647599,0.49002185,0.48808308,0.27374952,0.37974466,0.41286739,0.44776295,0.48767519,0.31190493,0.39717820,0.28340297,0.48699489,0.42126510,0.44627220,0.48075960,0.41990812,0.38352281,0.43913036,0.53780245,0.52751470,0.42334024,0.37580162,0.43641292,0.27370607,0.37221272,0.36443700,0.47038512,0.48333850,0.31432367,0.47621100,0.43687604,0.50774871,0.44267487,0.41997353,0.43076119,0.37226097,0.37355228,0.49154153,0.42119876,0.39057124,0.53968289,0.44912873,0.38994591,0.35704279,0.45274968,0.47603219,0.39112246,0.41082562,0.38168857,0.51099247,0.44545110,0.44462838,0.45448144,0.46270593,0.52655387,0.33542004,0.36363583,0.36587546,0.45500112,0.44769444,0.32311004,0.44795001,0.42046082,0.34196905,0.48598120,0.33953021,0.40264910,0.41300853,0.40884190,0.48461814,0.46806508,0.44155214,0.44743166,0.48475506,0.37829639,0.47095811,0.37290660,0.37108254,0.46246102,0.57189298,0.44886274,0.35886918,0.39117463,0.37806835,0.47816782,0.45274170,0.43816584,0.33549764,0.51455444,0.49172707,0.44726342,0.41344198,0.47248781,0.41326603,0.47047977,0.43673313,0.43319205,0.39130074,0.38861070,0.43392114,0.38737855,0.50615740,0.41184821,0.36879970,0.37392143,0.41005525,0.39555449,0.46866815,0.46410853,0.50432921,0.42749657,0.47075368,0.46801358,0.34930004,0.57614868,0.31565483,0.44140904,0.44908219,0.42638978,0.38814997,0.45935727,0.41517631,0.48809248,0.35258262,0.34219557,0.38193192,0.57707875,0.54425117,0.32667858,0.47777992,0.35627156,0.43927386,0.38737855,0.48033019,0.37509068,0.47753493,0.50379485,0.38144065,0.42398107,0.39759905,0.42517910,0.32539856,0.44826409,0.48640860,0.44261404,0.36751278,0.43727355,0.35415147,0.42833339,0.45121221,0.41758490,0.35550130,0.38379584,0.49418133,0.50581111,0.47363915,0.51680500,0.46719150,0.48996926,0.48665575,0.45972860,0.44225975,0.41662119,0.41456912,0.37816196,0.30092646,0.46641666,0.45377292,0.46466087,0.42164426,0.46944849,0.41016456,0.35147076,0.40238464,0.44660665,0.53303262,0.45259960,0.28686162,0.34532000,0.32798554,0.32804424,0.30825788,0.34179707,0.43977628,0.39872091,0.39217166,0.47259934,0.46600712,0.43805934,0.48731429,0.38327301,0.49535019,0.35176573,0.42553567,0.36826358,0.35083350,0.30043052,0.41941960,0.42261122,0.49093726,0.50437023,0.46960503,0.40910019,0.40055928,0.40720961,0.29981547,0.35564606,0.38327244,0.41793797,0.47264201,0.46249811,1.00000000,0.41840182,0.40713653,0.38080666,0.46560870,0.29260399,0.47638833,0.47489272,0.27272176,0.35918086,0.45183622,0.43307424,0.46570692,0.43834868,0.49254931,0.36060829,0.45487329,0.47640298,0.42054378,0.48253515,0.56336956,0.48431317,0.51680500,0.44853609,0.30751249,0.47809354,0.46612045,0.47501405,0.47904121,0.36796096,0.51489484,0.56968514,0.34435232,0.49291261,0.32504464,0.41971424,0.39796941,0.39650170,0.42955589,0.46168881,0.45915597,0.50596321,0.52468426,0.49108902,0.41911753,0.44646450,0.40888946,0.48740493,0.40208954,0.42178603,0.31793331,0.29260399,0.38180580,0.53140027,0.37730690,0.44605153,0.46362971,0.49271599,0.49801331,0.65237072,0.47591571,0.32741281,0.42764838,0.39343730,0.54531697,0.47964887,0.42439761,0.52198123,0.46313591
96793,0.48888586,0.53239830,0.49357342,0.49461179,0.47381777,0.51148328,0.53109438,0.53422233,0.49312605,0.41357422,0.48800980,0.49346107,0.56624556,0.65765288,0.59952702,0.63500502,0.64047196,0.75118544,0.49790290,0.57252229,0.58020947,0.55341816,0.55709365,0.38942576,0.63151241,0.53749882,0.57814892,0.53533476,0.49002379,0.42268455,0.53124743,0.53433754,0.53089373,0.45583401,0.41065141,0.46087234,0.33686803,0.40649332,0.41447566,0.44842755,0.56516358,0.66688362,0.54630374,0.64960112,0.56469326,0.69787319,0.45523032,0.77842277,0.52363128,0.49342547,0.51181292,0.65343256,0.48257585,0.55732140,0.57704179,0.52362630,0.40805551,0.65865576,0.68288750,0.51452530,0.60187319,0.45272390,0.52985163,0.60347986,0.43757957,0.51820513,0.46158041,0.65406635,0.44617035,0.39155458,0.40599707,0.60250870,0.49828097,0.47223519,0.52547890,0.33780453,0.47295584,0.50612821,0.39373006,0.39073266,0.48250264,0.48054160,0.84712527,0.41983592,0.47158646,0.49714560,0.47955581,0.45479882,0.44069126,0.54945714,0.43602130,0.44029752,0.53007314,0.53744283,0.46654651,0.64487714,0.50025124,0.51424161,0.41987965,0.50235655,0.64828415,0.52648778,0.54733645,0.50756817,0.43714740,0.66294514,0.61558367,0.56654694,0.53973638,0.50990942,0.46825126,0.88150604,0.54744838,0.45986836,0.52719177,0.38487713,0.40366586,0.39845323,0.52390956,0.49100602,0.70463875,0.50119215,0.54772425,0.53888836,0.66729223,0.64247103,0.78101704,0.56654574,0.63290846,0.57094656,0.60183240,0.49662566,0.50359791,0.59423106,0.58863643,0.47459585,0.38705704,0.40267697,0.51304895,0.51630465,0.43550955,0.46859498,0.49074359,0.39253748,0.45693151,0.45986836,0.57600672,0.49043706,0.48872114,0.57307718,0.44483270,0.50015365,0.70653257,0.47839999,0.42598497,0.59182505,0.47705585,0.58137589,0.44205868,0.50529124,0.46491516,0.63908443,0.53367839,0.53082363,0.45857177,0.50039856,0.51658623,0.53597395,0.49950290,0.44555474,0.52749327,0.52176580,0.47926267,0.61253806,0.50197849,0.51533507,0.62119952,0.42123459,0.34646713,0.50038242,0.39753659,0.50135189,0.50650580,0.46981513,0.43885324,0.46707236,0.47528743,0.49838177,0.48995976,0.52938658,0.38923391,0.36944929,0.47955010,0.51303926,0.45466941,0.44728008,0.51814832,0.59976613,0.48367961,0.63197571,0.51295773,0.52507397,0.46732295,0.76235881,0.56358077,0.67844728,0.66805993,0.68658268,0.44599648,0.45943583,0.47498373,0.48814405,0.48589653,0.48705637,0.47904568,0.60014469,0.62933759,0.47507558,0.56736407,0.56003129,0.47750592,0.53109438,0.57140587,0.47693865,0.41840182,1.00000000,0.40238722,0.44349175,0.54625391,0.45114522,0.45833599,0.48040723,0.63094233,0.54116666,0.53606118,0.42906914,0.51009661,0.40125055,0.54989946,0.35790863,0.54847498,0.55898682,0.47049281,0.56412159,0.54389639,0.50641729,0.44555474,0.50867955,0.40390661,0.50028839,0.53027627,0.54521629,0.50669183,0.68352132,0.62903162,0.50633203,0.37229819,0.64613871,0.53419302,0.44771650,0.57187114,0.44345390,0.46159512,0.45441050,0.57718728,0.59422406,0.56494069,0.54396615,0.49214742,0.40477329,0.46742571,0.51846849,0.47647031,0.63281814,0.41639656,0.45114522,0.47495080,0.41767996,0.44264011,0.46684116,0.59330855,0.75080356,0.51735938,0.43165912,0.56085069,0.37386332,0.46716759,0.45023071,0.45855636,0.47041371,0.46302315,0.56135070,0.47339217
96859,0.49324979,0.45278289,0.44392164,0.62232936,0.43681244,0.55562234,0.56641883,0.55571472,0.53562296,0.64647343,0.61199549,0.58868924,0.64258597,0.44232868,0.58235677,0.58676640,0.33298713,0.36403550,0.55759615,0.46556622,0.50790536,0.34266743,0.47138935,0.34090376,0.58674822,0.38454869,0.47603622,0.47909303,0.58491022,0.34481441,0.49748794,0.48428743,0.46300613,0.56732810,0.53405909,0.56661238,0.54690742,0.58211790,0.54755118,0.53291023,0.61934223,0.35030567,0.56310765,0.51210761,0.55682987,0.56156329,0.49993653,0.39908710,0.52512188,0.54661136,0.56213887,0.46173710,0.53970747,0.52954835,0.46487854,0.48883293,0.58286996,0.50577917,0.42623730,0.44931446,0.39954461,0.48012841,0.57640787,0.46603096,0.48997161,0.43810452,0.39525703,0.58906361,0.45196766,0.57159638,0.48022086,0.53745628,0.46585056,0.37322900,0.56545621,0.52139311,0.46581796,0.48990926,0.56894104,0.47254215,0.60792116,0.46363096,0.44106528,0.48150631,0.54456166,0.57222431,0.39340773,0.54116888,0.52431835,0.44137701,0.49007994,0.51516267,0.49565173,0.53997100,0.52228106,0.60886243,0.43115673,0.50878147,0.42325437,0.39991713,0.39301151,0.55830064,0.56604701,0.47475617,0.94715519,0.42391609,0.42772753,0.54959799,0.49920456,0.58218257,0.51285432,0.38716915,0.45965564,0.31866669,0.59449001,0.37097920,0.40233242,0.64173911,0.71773111,0.59615776,0.53564147,0.57140968,0.46803776,0.46031296,0.52808484,0.53617818,0.42694563,0.60181736,0.41094837,0.53088441,0.51928217,0.45595059,0.37170856,0.44199998,0.43902616,0.47057186,0.62108535,0.37592059,0.49701539,0.43712403,0.39347804,0.37680407,0.50339769,0.58241768,0.53832996,0.31866669,0.58442207,0.46412558,0.48895624,0.55988983,0.50270509,0.56974621,0.39564939,0.50968158,0.40806511,0.50378999,0.47574459,0.49515054,0.45313658,0.56056086,0.45204673,0.61589632,0.50666059,0.39544070,0.35572578,0.39053960,0.42582227,0.40505256,0.34165431,0.31000860,0.58580661,0.45907499,0.46265767,0.44624989,0.44037952,0.49861650,0.43154357,0.48487319,0.54110197,0.57462368,0.51310466,0.47386172,0.52596792,0.48797342,0.48140617,0.56092717,0.43826894,0.43151217,0.58312857,0.50208022,0.42660081,0.40585722,0.54618528,0.33938109,0.41166934,0.41886585,0.46816228,0.56894564,0.50536779,0.55867773,0.59959651,0.62480324,0.57492609,0.37978950,0.62731609,0.43593295,0.37319493,0.39463762,0.36558323,0.31596587,0.56159315,0.56252973,0.51204462,0.55194290,0.51916526,0.47209237,0.39133582,0.60226947,0.43112889,0.44851901,0.41762807,0.56641883,0.51073995,0.59718316,0.40713653,0.40238722,1.00000000,0.50120492,0.56301546,0.35669544,0.43603594,0.39530564,0.36238601,0.44127761,0.51056603,0.65274346,0.58489429,0.56530450,0.52798030,0.43188489,0.47923651,0.49398228,0.48039332,0.45205724,0.42924695,0.51767065,0.31000860,0.54579724,0.36762148,0.50067903,0.52068616,0.43737004,0.54297786,0.39256404,0.43101462,0.47974900,0.51986671,0.56405967,0.40327337,0.46772567,0.42974842,0.39896468,0.45931619,0.48231724,0.41687782,0.47186074,0.47520601,0.59891626,0.50858900,0.38008743,0.63771308,0.53696611,0.43507972,0.49858105,0.36187180,0.35669544,0.42540485,0.43392952,0.44594453,0.68081915,0.53873573,0.50317693,0.44114113,0.41707582,0.55690423,0.53584416,0.55701522,0.52380153,0.42476660,0.41758595,0.51819253,0.47424873,0.43152120
96994,0.48009058,0.45843847,0.39931589,0.42034243,0.37054444,0.49751141,0.46509598,0.50103462,0.40683350,0.44063083,0.48458940,0.49303224,0.59273297,0.47085203,0.46209760,0.48543493,0.27466124,0.36025337,0.40183327,0.46928815,0.51745866,0.32981642,0.55436714,0.27418135,0.48200396,0.38024857,0.39428457,0.42493060,0.47177720,0.33805467,0.39721146,0.49484134,0.49234972,0.42085045,0.48967197,0.54407802,0.36913939,0.48588281,0.35661827,0.45156122,0.53413351,0.32593871,0.51431774,0.51163394,0.51013859,0.56990195,0.42126786,0.39067975,0.47871926,0.42941534,0.48922060,0.52685184,0.46531644,0.51082771,0.46738712,0.53418094,0.47246501,0.45838643,0.47981966,0.58044126,0.40578895,0.37058635,0.47903711,0.44790459,0.32255729,0.51411357,0.40336918,0.50710157,0.40030539,0.36373610,0.53849023,0.48161712,0.48841363,0.40135561,0.48186572,0.40298112,0.41184384,0.49158120,0.39766922,0.42635193,0.49069529,0.34512353,0.46210186,0.47534456,0.38596090,0.52163880,0.36024464,0.57185705,0.43461618,0.50248673,0.50219328,0.50842621,0.48583324,0.51308542,0.43219889,0.57575383,0.49959752,0.51501642,0.42485354,0.42914079,0.37924706,0.46165582,0.55820347,0.49310262,0.49194991,0.47662093,0.46194682,0.47471643,0.56906262,0.57288149,0.46906211,0.43013414,0.41844723,0.39389964,0.48362660,0.36444249,0.36760298,0.50303832,0.53634379,0.56909909,0.53063086,0.58030848,0.50601920,0.43509192,0.47799978,0.48746188,0.41407876,0.57708224,0.42185940,0.52601761,0.50431004,0.37135653,0.36848533,0.52752993,0.54037352,0.55970765,0.47638340,0.52413701,0.49519457,0.49484392,0.46501127,0.38244145,0.47243469,0.42049124,0.53950321,0.39389964,0.58832105,0.49584558,0.53160468,0.48568194,0.99945197,0.48422944,0.38967946,0.56614479,0.50714069,0.50165960,0.56121765,0.48363840,0.39806235,0.57560358,0.43156213,0.54236942,0.52241838,0.55346331,0.41141400,0.53771943,0.45498632,0.49615793,0.38224908,0.43747153,0.49830693,0.58786009,0.55572191,0.47925193,0.57657211,0.50202992,0.46122056,0.56871635,0.38023675,0.51868524,0.47447296,0.55302633,0.61819803,0.52456381,0.47947411,0.46066976,0.55222085,0.37308548,0.52303454,0.47189203,0.32097871,0.36405556,0.46969342,0.46205949,0.45249269,0.41289551,0.52934610,0.52213616,0.54430356,0.44293034,0.47193980,0.46364754,0.51271784,0.36911868,0.54671834,0.40089975,0.48342979,0.46791538,0.43719863,0.37028390,0.59197103,0.43832229,0.42920556,0.49161558,0.39087576,0.48467765,0.49410532,0.50231689,0.48414932,0.55634973,0.39162520,0.46509598,0.52829949,0.53867588,0.38080666,0.44349175,0.50120492,1.00000000,0.46574177,0.40925759,0.56448543,0.52179562,0.36879583,0.43303423,0.52710946,0.47914333,0.55125920,0.42022874,0.45365575,0.45501663,0.47842179,0.49543646,0.51395369,0.50134017,0.51668379,0.50659413,0.43747153,0.50637788,0.42304613,0.49748085,0.48820592,0.59364739,0.53272445,0.46977360,0.44417046,0.50241292,0.33941429,0.48664941,0.39585693,0.54820253,0.51053273,0.46383702,0.47075946,0.49450479,0.45648743,0.45736630,0.51272105,0.49448949,0.46737986,0.44075816,0.53758103,0.42467096,0.43708167,0.46766737,0.42847749,0.40925759,0.50592063,0.48033778,0.52498648,0.57725245,0.54859494,0.41343087,0.56508039,0.44447922,0.45273495,0.38794554,0.44571580,0.43248700,0.53789595,0.49293168,0.52485846,0.51668399,0.50187532
96995,0.47721777,0.53243048,0.48184744,0.62496225,0.43148355,0.49529692,0.50138469,0.52486697,0.53329340,0.53514079,0.56861062,0.55438222,0.53594036,0.50269777,0.59343885,0.59907353,0.40128400,0.51666727,0.53062187,0.50392893,0.51937737,0.43473575,0.47525459,0.38921929,0.59767908,0.46897845,0.53104925,0.49853576,0.63885530,0.38222553,0.46712034,0.45941068,0.44408026,0.48283807,0.48377268,0.59280048,0.42972208,0.45338140,0.52493440,0.45978848,0.69875861,0.42350127,0.49612880,0.64755816,0.56299152,0.54200815,0.52565730,0.50828829,0.52323523,0.52022582,0.53926355,0.49012143,0.63969971,0.55095574,0.50409940,0.51551758,0.63349688,0.57682796,0.50924228,0.48534785,0.40880417,0.50326496,0.62554133,0.50081062,0.49108015,0.45680323,0.45402555,0.66979733,0.45968427,0.60142922,0.46313692,0.50754175,0.46890031,0.36552542,0.51041595,0.44629271,0.50848916,0.48458698,0.50667597,0.45056945,0.57114194,0.52687624,0.55158612,0.51372500,0.49515834,0.67762151,0.49757062,0.54052872,0.51301862,0.43944365,0.37484411,0.39197673,0.48345120,0.59608574,0.49271073,0.63252502,0.37191061,0.53460593,0.43684106,0.38207101,0.44716754,0.61430060,0.53047029,0.42327659,0.58235850,0.52086917,0.49255984,0.53436131,0.50935675,0.62584915,0.41216319,0.57571045,0.45966434,0.41522286,0.58275583,0.37945609,0.40201421,0.51536759,0.65696061,0.52423843,0.58692482,0.50032660,0.50928834,0.58613438,0.59486930,0.57728380,0.53101427,0.58970384,0.43245571,0.65440912,0.50498115,0.48960322,0.45785881,0.49847972,0.40998167,0.43427924,0.49634745,0.37795015,0.57672722,0.42143149,0.37866756,0.30576630,0.53633419,0.48065422,0.46419304,0.41522286,0.62364416,0.53016649,0.50311269,0.50767750,0.46583437,0.50833327,0.46072227,0.42416431,0.37989971,0.49989433,0.43928656,0.60716213,0.54685455,0.53869126,0.45507416,0.67217892,0.44675882,0.42242541,0.38719882,0.39211067,0.49941181,0.46266842,0.43864803,0.41506375,0.58850833,0.42482119,0.43908113,0.50562766,0.45817662,0.43164282,0.49567228,0.44070648,0.40581084,0.49453516,0.49800816,0.45687455,0.46791081,0.47884716,0.43028945,0.64286929,0.46119722,0.49632911,0.53195885,0.54606607,0.48158388,0.44018739,0.59028083,0.34448578,0.50685965,0.50560958,0.50486609,0.53624151,0.40418326,0.62665762,0.58610432,0.70892336,0.55342735,0.52436903,0.60725155,0.55203078,0.47522406,0.46735103,0.37778942,0.25980035,0.45307122,0.71787858,0.50218108,0.67269362,0.47086008,0.63420087,0.45158896,0.53618218,0.37927037,0.41502829,0.44133192,0.50138469,0.47860766,0.53967496,0.46560870,0.54625391,0.56301546,0.46574177,1.00000000,0.45998249,0.45053799,0.43934815,0.42571698,0.49922598,0.45327366,0.59747186,0.53284263,0.47937260,0.53335573,0.41981252,0.50761740,0.52205436,0.42870713,0.48814505,0.45436186,0.48090043,0.41506375,0.51013650,0.41228851,0.46853815,0.50685587,0.43265156,0.50985094,0.46619323,0.47766668,0.47600553,0.42744608,0.60228023,0.52435576,0.42695605,0.46098690,0.32848120,0.46083682,0.45404769,0.46229959,0.49557098,0.48022677,0.60225948,0.41974204,0.44509927,0.49765389,0.48900246,0.42121202,0.54796285,0.45943513,0.45998249,0.47970159,0.41109215,0.41311802,0.59239432,0.51997308,0.60577331,0.45650892,0.44013952,0.52010913,0.48001814,0.60171288,0.57500729,0.39889448,0.40418702,0.47155424,0.47623976,0.42614940
97431,0.30133943,0.29714876,0.22939052,0.39304336,0.22944931,0.27230597,0.28861855,0.41501045,0.34752899,0.36152862,0.37838587,0.35002268,0.43245673,0.47553178,0.34694244,0.32292984,0.40765305,0.39277224,0.26546745,0.39799224,0.39093636,0.34345037,0.36890814,0.33741848,0.32425669,0.36062698,0.34254644,0.20917430,0.41192157,0.19753821,0.38410528,0.29785476,0.37662893,0.31301211,0.33836191,0.36718199,0.31694679,0.29241737,0.36886885,0.44184607,0.50797961,0.39361300,0.31834704,0.39999422,0.35122429,0.51320880,0.40241374,0.38252403,0.29512466,0.28532882,0.29353761,0.46715337,0.49777705,0.23926158,0.39773935,0.43526231,0.35961514,0.42966875,0.40764770,0.37035399,0.29796284,0.36174699,0.47452039,0.39570688,0.39905139,0.36066906,0.28477399,0.44588710,0.29495439,0.38035715,0.35740119,0.37819935,0.25897755,0.25410757,0.43214110,0.33885419,0.38188034,0.29575367,0.43659101,0.28041695,0.31349489,0.42319597,0.44884436,0.30903194,0.25200552,0.42886749,0.31220549,0.38336730,0.38027253,0.32691471,0.30158458,0.41086221,0.30836017,0.49640268,0.51308709,0.58364591,0.28457523,0.38877219,0.28638940,0.36809234,0.45517145,0.45195512,0.35134437,0.32100560,0.34694929,0.44350051,0.44497079,0.33068539,0.40535983,0.55787728,0.35881986,0.42787709,0.32353250,0.30609732,0.41174776,0.28515083,0.38764357,0.31090904,0.49159567,0.50558602,0.51593980,0.32362613,0.32498590,0.52661769,0.43802437,0.41607288,0.45131238,0.47185092,0.44603310,0.54880895,0.34871481,0.25215691,0.32859033,0.42647951,0.32140507,0.41918153,0.42005422,0.39632251,0.52888718,0.30711296,0.24618298,0.29149915,0.28511456,0.35939950,0.38633686,0.30609732,0.48324626,0.45248327,0.40210710,0.29514707,0.40831790,0.45090279,0.41293808,0.31394831,0.30678894,0.34359845,0.41200994,0.41286053,0.39080821,0.31898184,0.41875236,0.42875802,0.35422051,0.28946548,0.27690985,0.25203992,0.36015675,0.28457296,0.27028263,0.19181459,0.41023626,0.37303318,0.41265134,0.34411785,0.33770687,0.40526103,0.43617894,0.36134562,0.30614784,0.29710281,0.23685819,0.40292151,0.41819723,0.29260630,0.30267445,0.38242849,0.28417232,0.20791224,0.29600515,0.45207730,0.42337557,0.31936073,0.50720662,0.34842442,0.51180185,0.44945003,0.34153472,0.47605579,0.41743669,0.49021595,0.33074555,0.44890595,0.38735231,0.39606277,0.55447706,0.55639345,0.36802306,0.40284464,0.43332966,0.38232809,0.47604069,0.43620137,0.35377980,0.38526608,0.29067158,0.40785361,0.44674694,0.31690339,0.46090303,0.45859653,0.44124316,0.28861855,0.30256871,0.48443627,0.29260399,0.45114522,0.35669544,0.40925759,0.45998249,1.00000000,0.32930115,0.38856488,0.39685133,0.34110125,0.36081729,0.41165485,0.50796284,0.41193937,0.51912710,0.33778223,0.27090281,0.35839505,0.31009129,0.35920036,0.36061818,0.41751776,0.19181459,0.55236949,0.49473872,0.41581676,0.32056426,0.31501037,0.46005600,0.41318870,0.39645929,0.28943768,0.21317505,0.35748641,0.38091008,0.31176992,0.40516121,0.24305772,0.31602667,0.30709763,0.36462393,0.35885447,0.32234964,0.52924878,0.33669105,0.38026186,0.34980213,0.29152953,0.22266488,0.37665311,0.54391408,1.00000000,0.50967782,0.25335007,0.44673996,0.47633478,0.37805497,0.40979349,0.36093659,0.28156646,0.37213516,0.43104295,0.42076135,0.39558411,0.30551169,0.22535148,0.23384681,0.32053610,0.34765462
97466,0.52495806,0.45569442,0.43432790,0.41255280,0.42298381,0.49287108,0.51904965,0.46526996,0.42887678,0.44897318,0.46882562,0.53244440,0.63874336,0.46804009,0.50706516,0.52726735,0.34605786,0.33917103,0.43070948,0.47980086,0.56491643,0.33709546,0.48409332,0.23199150,0.52915229,0.45428907,0.41719122,0.45734061,0.47207875,0.46971528,0.40609107,0.55294698,0.58564392,0.45166999,0.48403936,0.56891268,0.33080284,0.51476381,0.34918014,0.52188255,0.54257107,0.38008071,0.51153479,0.58191543,0.53214549,0.56901620,0.51415978,0.43492569,0.46122401,0.46704573,0.53796307,0.48732683,0.44029666,0.53822165,0.47976742,0.52095077,0.46044068,0.46205738,0.53156623,0.47427792,0.44778632,0.47977947,0.55901321,0.52097090,0.42233967,0.60798208,0.60443126,0.56133735,0.37163181,0.38647692,0.47535705,0.46975315,0.50591790,0.34026713,0.52227034,0.43705373,0.38340770,0.58161989,0.35575311,0.59465169,0.48311714,0.43804140,0.50396397,0.71484879,0.47133994,0.51134449,0.41410217,0.49479486,0.50454105,0.54166418,0.47553462,0.52689473,0.53199755,0.43682958,0.39912120,0.52583020,0.41607482,0.59451877,0.59623972,0.52639429,0.40926098,0.54283469,0.60786852,0.62228078,0.45923732,0.53639694,0.52433982,0.56051999,0.49512820,0.48868720,0.44737251,0.40929175,0.39662830,0.34820501,0.52154063,0.39285099,0.38978132,0.53254853,0.47379470,0.63114236,0.52403165,0.61139475,0.47349069,0.43550155,0.48055465,0.54387273,0.41201603,0.57476628,0.46618534,0.50431686,0.50629659,0.40839144,0.38960188,0.60285287,0.54522471,0.59039515,0.45415864,0.45265946,0.43438628,0.51175193,0.47464194,0.42823341,0.53716713,0.46731808,0.53684759,0.34820501,0.53725965,0.34670937,0.59180528,0.55929697,0.56473641,0.51588863,0.39744994,0.56382828,0.53677874,0.49952512,0.59502987,0.48029407,0.38932186,0.61014347,0.41957657,0.51234621,0.50466261,0.46612857,0.37439177,0.46668074,0.62845852,0.52478660,0.40793149,0.47514024,0.45771394,0.53560296,0.58258817,0.49752108,0.58433793,0.41485327,0.52972601,0.43165679,0.40036058,0.52241012,0.56271704,0.50763520,0.47952908,0.54106856,0.48448084,0.38515324,0.51175651,0.43880746,0.59099889,0.49527311,0.26487754,0.32307984,0.43928490,0.37311580,0.32600048,0.33950327,0.57563887,0.55362134,0.44694632,0.54493390,0.50792078,0.41399910,0.57871969,0.33918728,0.54513044,0.39673770,0.47075912,0.43380852,0.42125645,0.34127726,0.53727176,0.43458469,0.56097836,0.50347361,0.50944086,0.47274106,0.42704089,0.50150250,0.47546988,0.51765111,0.39577695,0.51904965,0.55139912,0.49821287,0.47638833,0.45833599,0.43603594,0.56448543,0.45053799,0.32930115,1.00000000,0.64437905,0.37150648,0.49039119,0.49468444,0.45202348,0.60910134,0.53340846,0.50816636,0.48416357,0.54550870,0.52776905,0.45289889,0.55719643,0.62424410,0.49758543,0.47514024,0.48908762,0.29526915,0.46791925,0.53535079,0.57356665,0.64609182,0.43149558,0.46897779,0.55975785,0.34260854,0.57537776,0.40375174,0.57170961,0.53439111,0.44632935,0.44566552,0.63742307,0.58793897,0.54617139,0.58683515,0.54029285,0.44492828,0.50391304,0.50068898,0.44577936,0.48490375,0.49802353,0.30960189,0.32930115,0.42244967,0.51407520,0.43551757,0.53859158,0.58766393,0.45341543,0.61621647,0.50469317,0.47811225,0.34902362,0.39608657,0.39887397,0.47800499,0.51334600,0.55224114,0.58459700,0.56713811
98618,0.44253928,0.41783134,0.39176062,0.42495502,0.42501469,0.46862294,0.47089287,0.54464512,0.40099849,0.42040053,0.44428403,0.48788048,0.57882959,0.49556924,0.50694732,0.52889256,0.28876136,0.39439315,0.36756610,0.43676953,0.56222434,0.34906923,0.48120817,0.38343618,0.52300435,0.42424182,0.43683837,0.46122882,0.40958103,0.44678617,0.43555771,0.60331073,0.60291568,0.36631917,0.46794721,0.54463723,0.35268969,0.44053956,0.30843445,0.37463307,0.48091850,0.32406065,0.48886262,0.51578585,0.50292602,0.57004573,0.40148107,0.43647802,0.42807017,0.42055799,0.50676308,0.51705027,0.36453767,0.49568525,0.43758249,0.43595281,0.42093550,0.53296558,0.56962149,0.47382137,0.41988601,0.43843934,0.51180003,0.57193934,0.30417600,0.66519520,0.66550602,0.61061267,0.32764109,0.37571054,0.47416601,0.44918723,0.49834761,0.34189218,0.44296545,0.39231439,0.35190429,0.54113108,0.28832619,0.57496909,0.40655128,0.36185499,0.48628413,0.55271065,0.40290399,0.44483367,0.39576394,0.51329068,0.43353564,0.50483392,0.41928346,0.42002499,0.49393808,0.52255054,0.33969092,0.49369648,0.40571226,0.58341803,0.53422869,0.47269580,0.44227186,0.50267885,0.62919165,0.68001789,0.42004842,0.57755923,0.54641967,0.58044379,0.48772273,0.43593946,0.38428569,0.44411712,0.37205709,0.38319728,0.46904464,0.34219485,0.57726443,0.49621293,0.50332176,0.47092419,0.50219824,0.56131078,0.45946805,0.37712936,0.54724426,0.58818943,0.38261183,0.52561500,0.39506586,0.46428378,0.47512309,0.38883599,0.42567538,0.59755284,0.61347468,0.51371792,0.40871437,0.41925101,0.43221801,0.55912173,0.52495443,0.37633402,0.48722697,0.37188872,0.44904472,0.38319728,0.53405127,0.46404344,0.56755125,0.48102261,0.52269996,0.44560592,0.41307233,0.54848781,0.45683800,0.46426630,0.51613801,0.53126344,0.42065568,0.57134097,0.44357119,0.51887285,0.46746748,0.48526519,0.37304637,0.50494688,0.59811347,0.56005544,0.46964119,0.44273198,0.42324120,0.49814820,0.51420340,0.58290378,0.56400761,0.42293788,0.55346795,0.43510929,0.28293483,0.52492984,0.47621159,0.47366299,0.47514526,0.46861267,0.43061613,0.37388170,0.50482706,0.41009525,0.56207510,0.60098184,0.40961227,0.43875223,0.42410701,0.42787460,0.43388367,0.40644623,0.55418926,0.49281710,0.42490985,0.49546655,0.47690478,0.44693104,0.48093856,0.39128432,0.48271244,0.41056629,0.53605660,0.47026466,0.49422616,0.30645771,0.57014222,0.40440745,0.46343169,0.46395158,0.40184391,0.49376605,0.44314490,0.46407621,0.40562505,0.52139547,0.52625022,0.47089287,0.52723532,0.45030798,0.47489272,0.48040723,0.39530564,0.52179562,0.43934815,0.38856488,0.64437905,1.00000000,0.39814827,0.44729743,0.46680160,0.41009841,0.46911554,0.38122398,0.43798190,0.56389635,0.51757002,0.51563277,0.49150202,0.54468099,0.68326971,0.54465694,0.44273198,0.43211343,0.36048917,0.51603177,0.46834088,0.60958305,0.57858606,0.46879525,0.52094554,0.51897822,0.30506588,0.61500201,0.39991040,0.53192113,0.50055070,0.44127549,0.46161683,0.67071786,0.67419102,0.55595116,0.57087122,0.45877462,0.39140114,0.59808771,0.50615109,0.40177382,0.44536802,0.48684128,0.43225936,0.38856488,0.52622564,0.57438474,0.49906257,0.53373241,0.54469865,0.44513789,0.63188681,0.51790896,0.40350804,0.28550079,0.36634101,0.37926008,0.54712213,0.51860527,0.47835569,0.56262598,0.50962484
98671,0.33893695,0.40903769,0.34465149,0.41392584,0.33814987,0.38176455,0.49636479,0.42533262,0.38143807,0.33066229,0.40877838,0.33811868,0.45388230,0.54621122,0.49297892,0.48796435,0.42143887,0.46771978,0.36776520,0.50369197,0.49511385,0.46472322,0.42155081,0.30816168,0.48477017,0.46709081,0.48153749,0.36037011,0.40260833,0.37065435,0.39068430,0.41992809,0.41303082,0.35049742,0.37910312,0.39803627,0.32947980,0.35267748,0.33846114,0.33192831,0.47090637,0.42310015,0.42179901,0.50409037,0.43826474,0.53557634,0.32049617,0.57067275,0.42786542,0.38602712,0.35402199,0.66016108,0.37463594,0.41954991,0.50366786,0.45799104,0.26152116,0.51030575,0.62923874,0.42997322,0.49970717,0.33115187,0.40340515,0.42499504,0.31618771,0.36816378,0.31326958,0.56577891,0.33639734,0.26833404,0.33586181,0.48042558,0.40347171,0.35896043,0.41929163,0.32880249,0.36632263,0.40261996,0.34426203,0.35934638,0.41140166,0.32423057,0.61894984,0.37681425,0.33036184,0.37870451,0.34208581,0.35537281,0.39226208,0.47181799,0.38007502,0.29848174,0.36822246,0.45480240,0.38769186,0.57945574,0.38512156,0.37897814,0.35605797,0.40232811,0.50282110,0.38983254,0.37820772,0.38344748,0.35790769,0.53279919,0.50152212,0.43416756,0.50029164,0.45329140,0.34354036,0.60128009,0.41233590,0.37701524,0.46135833,0.22679287,0.37325247,0.37938907,0.47740588,0.41541331,0.59981444,0.40638739,0.45388316,0.47256207,0.51597293,0.52535299,0.55191758,0.45143900,0.52597936,0.48824886,0.50772214,0.39303155,0.42840012,0.42628281,0.46347141,0.32877914,0.32073211,0.39088434,0.39678468,0.36957766,0.31332049,0.47111051,0.35326885,0.30668411,0.39213706,0.37701524,0.41670892,0.39997362,0.33621578,0.45311151,0.37021650,0.40815565,0.53046533,0.38889687,0.30633892,0.50353142,0.33214858,0.47927259,0.40450108,0.36390562,0.40494647,0.48051603,0.46487458,0.41176162,0.37038657,0.40032091,0.44138147,0.38039026,0.35560101,0.31579738,0.47576349,0.48326557,0.32334255,0.47597462,0.38169720,0.38737549,0.50344472,0.36669857,0.29213498,0.35490248,0.30718995,0.46771344,0.46060146,0.33616802,0.32165269,0.36598957,0.42176420,0.37129847,0.33982767,0.50807058,0.32619545,0.29524351,0.38463385,0.45010378,0.34993912,0.31519969,0.43719042,0.56624474,0.41063524,0.51718287,0.39252141,0.40005489,0.33415797,0.46827297,0.48178258,0.58463478,0.61592972,0.62609081,0.40467404,0.47737145,0.44937128,0.38400977,0.33872365,0.35868953,0.32917567,0.49075607,0.59333604,0.40737053,0.59651475,0.57424086,0.40789840,0.49636479,0.44710685,0.35187683,0.27272176,0.63094233,0.36238601,0.36879583,0.42571698,0.39685133,0.37150648,0.39814827,1.00000000,0.49559481,0.47194869,0.35082397,0.41809644,0.28801841,0.42950065,0.27907719,0.42096547,0.42612261,0.43293909,0.44369961,0.43166659,0.45440036,0.31579738,0.35263605,0.32451463,0.45449738,0.40809457,0.41957524,0.42359053,0.62392202,0.57746212,0.38563605,0.29545836,0.50937887,0.48200364,0.39810659,0.51334586,0.31457079,0.38633622,0.36106159,0.42223420,0.48096845,0.36509288,0.48278164,0.34997986,0.38653100,0.48329724,0.41488418,0.36138741,0.54086159,0.33608025,0.39685133,0.38482645,0.31836811,0.38762876,0.38273237,0.45371847,0.52663109,0.39468389,0.35005810,0.38746911,0.35336035,0.39470339,0.43827022,0.40594841,0.32692635,0.40369615,0.36740493,0.40104560
98735,0.53232346,0.57231661,0.51500389,0.45411239,0.46409788,0.56540073,0.53969488,0.53242544,0.44879829,0.45573655,0.48609570,0.47066736,0.55519984,0.48076018,0.57728581,0.62041153,0.35363503,0.41654673,0.47302457,0.57414504,0.58910060,0.46045818,0.56546006,0.33353032,0.61457177,0.41068892,0.57757559,0.53932227,0.52147800,0.36117741,0.41237322,0.50706618,0.43459292,0.50156429,0.46341721,0.51850163,0.39508422,0.44390366,0.43147958,0.43765027,0.51653618,0.41887729,0.53802996,0.58061361,0.59031635,0.52900246,0.39528302,0.50505362,0.53726361,0.57498623,0.52603814,0.52613825,0.47731988,0.61425165,0.57412040,0.51000773,0.36859627,0.51143755,0.62039869,0.53279987,0.63785343,0.39313321,0.45893718,0.46488466,0.37827308,0.45488607,0.39581049,0.54490580,0.42336031,0.39926139,0.45925156,0.58424417,0.60245060,0.44846805,0.45674251,0.37595718,0.43525981,0.49732065,0.41115483,0.45656049,0.50658088,0.39474521,0.55083150,0.51020402,0.46497104,0.48759452,0.48715077,0.50522925,0.44825095,0.52316513,0.45231044,0.37519518,0.52134854,0.49391558,0.40906285,0.53811384,0.49524613,0.47775524,0.44163594,0.40179651,0.41819663,0.45460155,0.49611139,0.44469638,0.47480671,0.49445946,0.47911735,0.54869730,0.52094008,0.45004303,0.41783458,0.52251071,0.50970208,0.41089879,0.56475040,0.48257956,0.36845290,0.48781552,0.47409093,0.49950677,0.58488199,0.45146282,0.50738363,0.45270182,0.50637380,0.53454211,0.51959302,0.46900636,0.48937773,0.45204042,0.65027971,0.60286352,0.49593956,0.46802295,0.52703714,0.40419558,0.43393509,0.54078057,0.44123734,0.43861853,0.36823646,0.47915749,0.56044676,0.47429709,0.47092295,0.41089879,0.50514819,0.42180191,0.43265641,0.58650656,0.43456426,0.45769193,0.41062096,0.46370499,0.43601944,0.63253087,0.40708742,0.49070767,0.45606365,0.54339648,0.35073905,0.58654186,0.48834009,0.47951441,0.44255613,0.49727177,0.47534204,0.49132852,0.44623424,0.44705891,0.53878994,0.47036411,0.40450700,0.49514177,0.47556366,0.43439025,0.48565989,0.45572219,0.38382552,0.51658774,0.36910772,0.54066263,0.47082520,0.53012429,0.47873213,0.42680811,0.45462295,0.54390038,0.55366614,0.48451260,0.36842864,0.39603972,0.41642897,0.42878946,0.41345330,0.40592966,0.49414729,0.57737585,0.43919758,0.53681708,0.63880128,0.44093488,0.46311052,0.41558979,0.55721095,0.45684930,0.55016351,0.56894158,0.33626169,0.40203072,0.44967382,0.45547336,0.43338026,0.44046459,0.47439427,0.45686633,0.46658119,0.49036407,0.49644724,0.53283146,0.38993547,0.53969488,0.61160180,0.42356401,0.35918086,0.54116666,0.44127761,0.43303423,0.49922598,0.34110125,0.49039119,0.44729743,0.49559481,1.00000000,0.49188516,0.47601007,0.52346378,0.38865873,0.48298311,0.35906231,0.59902576,0.58596271,0.47081010,0.52622499,0.48743353,0.47355446,0.44705891,0.45432670,0.39493392,0.48259112,0.55246541,0.49740911,0.47048867,0.56369066,0.54192428,0.49880441,0.43682394,0.59369180,0.54560860,0.41982135,0.54539989,0.38309260,0.47660849,0.44678146,0.45742423,0.53416638,0.46103911,0.45597083,0.46715833,0.37511826,0.53149793,0.55113256,0.55418537,0.60497110,0.36107492,0.34110125,0.41855679,0.39520075,0.40475461,0.47980978,0.55620558,0.55038384,0.46038782,0.43142951,0.48571071,0.41311000,0.45364354,0.52016832,0.39676696,0.39550149,0.55196094,0.46311439,0.45845813
98931,0.55879931,0.60274224,0.55283300,0.52337289,0.57417273,0.62460409,0.59663193,0.50697873,0.50855199,0.42930521,0.50699499,0.57248233,0.60829601,0.56298270,0.67920594,0.66682492,0.33406994,0.44001351,0.53726043,0.64246845,0.70828280,0.57652206,0.68605908,0.38609048,0.66174755,0.46447095,0.56414427,0.57660305,0.50198876,0.47359657,0.49821946,0.60894473,0.58592761,0.53643865,0.58893737,0.57965153,0.38196454,0.55435047,0.40401907,0.51781890,0.57144631,0.42052733,0.59662803,0.55909955,0.62471591,0.55426089,0.40770908,0.49248223,0.60438680,0.56446724,0.61168234,0.61103466,0.48421069,0.60543382,0.63753657,0.57678168,0.37652011,0.50469300,0.59870265,0.69444059,0.54287530,0.35398630,0.47326333,0.53992035,0.35600979,0.39505779,0.43664451,0.55070376,0.53619094,0.33809602,0.58202647,0.56489087,0.51833638,0.65605282,0.49746857,0.36841546,0.50063883,0.60181545,0.44447487,0.50013672,0.53935026,0.39141048,0.59745804,0.45144201,0.49621525,0.50327873,0.46636414,0.58221723,0.44963245,0.59431242,0.74456463,0.47948240,0.64450666,0.56423960,0.43885993,0.54002922,0.67289555,0.57716293,0.56360526,0.47737296,0.46131608,0.46530009,0.57449998,0.49629440,0.51668806,0.52196316,0.44450774,0.59948247,0.80636005,0.49581148,0.59145173,0.49939486,0.64117024,0.56793672,0.59136116,0.43563308,0.40606675,0.58972147,0.50284448,0.51395971,0.62918745,0.62138362,0.79293279,0.48129848,0.50952520,0.51436872,0.44782710,0.60548699,0.42253153,0.50017049,0.70221468,0.57552955,0.57533744,0.55480531,0.59629276,0.55138261,0.47448876,0.58375316,0.54559613,0.58147992,0.52770474,0.49009555,0.58448488,0.47543009,0.62696905,0.56793672,0.59194242,0.50913830,0.50745480,0.73814011,0.52975488,0.49346453,0.49705241,0.76351251,0.49103268,0.71423736,0.55195769,0.54427335,0.46863672,0.62280495,0.41855720,0.60939708,0.98897924,0.69037688,0.54728548,0.61922932,0.60116790,0.66157726,0.61051369,0.57178845,0.70428228,0.66993940,0.54957718,0.65074788,0.66185453,0.62015029,0.44401587,0.64133866,0.41304186,0.59592391,0.47774362,0.72910036,0.66420826,0.60521304,0.60998939,0.44500219,0.63346316,0.57979504,0.55916435,0.50979040,0.36582214,0.45043477,0.48139877,0.52032850,0.40373728,0.46849045,0.63437423,0.58686585,0.71050427,0.49008236,0.55848908,0.56513188,0.49263168,0.44423209,0.56192425,0.45912981,0.65421745,0.64525272,0.45794276,0.40006093,0.47780780,0.46757766,0.47568347,0.49098054,0.48501263,0.56807566,0.73082540,0.59582340,0.50380915,0.57373409,0.44341858,0.59663193,0.63023190,0.50804424,0.45183622,0.53606118,0.51056603,0.52710946,0.45327366,0.36081729,0.49468444,0.46680160,0.47194869,0.49188516,1.00000000,0.45459712,0.60419867,0.41907142,0.62004055,0.43844859,0.61477772,0.60064589,0.71744221,0.62486305,0.53397307,0.54288499,0.57178845,0.50358161,0.40199565,0.58646051,0.66478798,0.66051000,0.52071350,0.64195575,0.61277490,0.65924376,0.58827567,0.58363451,0.58059091,0.47963029,0.50572364,0.52636571,0.66562631,0.50814607,0.45676763,0.64408433,0.57274396,0.52554622,0.61944884,0.36531295,0.60585043,0.82168574,0.59381833,0.66420180,0.41039136,0.36081729,0.47233606,0.51235485,0.46528633,0.57334352,0.72742541,0.59415716,0.59387441,0.55246164,0.52515519,0.44143659,0.51080205,0.52121392,0.63056804,0.58278371,0.57786085,0.58127126,0.56440257
99195,0.59204275,0.56950144,0.47786330,0.62790780,0.38724226,0.56046779,0.61565001,0.59858101,0.62709776,0.62049751,0.60987838,0.58638009,0.59402700,0.47949211,0.55708288,0.61660370,0.34285240,0.41342732,0.61444048,0.49346754,0.50869413,0.35698523,0.51369377,0.35411192,0.61402715,0.49208682,0.56073963,0.46328207,0.58988411,0.36342665,0.49626304,0.49185174,0.47890052,0.55880984,0.55985230,0.56176010,0.58987987,0.59396407,0.57257097,0.57264323,0.61341937,0.37179769,0.52331342,0.56166308,0.60099537,0.54747741,0.44032004,0.41179163,0.54508196,0.57146942,0.58086679,0.47378818,0.55774390,0.61424899,0.49092443,0.55275723,0.55800337,0.51828769,0.42581633,0.50449958,0.39708640,0.44925326,0.56076415,0.41677501,0.50415554,0.44209573,0.41845433,0.63103959,0.47661739,0.51609629,0.56148572,0.56595981,0.52887170,0.36123917,0.56838971,0.47661462,0.45676223,0.53353633,0.57556340,0.49104143,0.58359136,0.50179999,0.48724707,0.55948044,0.51463138,0.53827849,0.47150719,0.61229052,0.48384848,0.42701391,0.44495398,0.54454473,0.57199861,0.57272055,0.53416916,0.58193981,0.45032838,0.49939027,0.47288658,0.37278449,0.42225249,0.55172193,0.56724007,0.43353175,0.66030936,0.45112450,0.43791697,0.56934623,0.47440102,0.55963319,0.48561013,0.42139941,0.49244033,0.35307385,0.61113098,0.45051119,0.42818613,0.56965352,0.63012501,0.48352742,0.52660086,0.50901737,0.47759146,0.48876065,0.53136185,0.52829036,0.43933682,0.59015319,0.43786688,0.55526873,0.48873285,0.50203615,0.39101654,0.47209713,0.43819128,0.45807225,0.64182334,0.46987264,0.50431127,0.43987331,0.40670124,0.33365049,0.57240083,0.59209609,0.50916973,0.35307385,0.60922802,0.48285435,0.48392620,0.53463747,0.48099597,0.57781045,0.39605084,0.48078810,0.36917398,0.47949498,0.46530862,0.44260377,0.51274383,0.63947991,0.44272085,0.61619996,0.44745287,0.40570756,0.35704338,0.37254471,0.46055281,0.43309310,0.36881971,0.35577869,0.56563404,0.43965481,0.46172418,0.43101567,0.47142139,0.50589809,0.42503667,0.48105515,0.56781277,0.59521563,0.46662791,0.48858080,0.52111803,0.57390481,0.50061863,0.52810043,0.42521724,0.48103180,0.59992439,0.44620036,0.48218566,0.44656889,0.53285360,0.32646166,0.53426929,0.54365431,0.47050951,0.53029705,0.44749640,0.54511000,0.63362149,0.57154046,0.56120487,0.42684001,0.60558733,0.44655898,0.37921202,0.40789713,0.36520682,0.34446314,0.48017550,0.54918630,0.50762693,0.61352279,0.52271091,0.42107078,0.42163436,0.60728328,0.37724022,0.41962141,0.39530452,0.61565001,0.47074857,0.62865031,0.43307424,0.42906914,0.65274346,0.47914333,0.59747186,0.41165485,0.45202348,0.41009841,0.35082397,0.47601007,0.45459712,1.00000000,0.65090617,0.58503256,0.52914215,0.41782137,0.49872586,0.55400440,0.41296671,0.45596889,0.46696590,0.57655643,0.35577869,0.56125920,0.39552909,0.57535789,0.54751886,0.42518712,0.57258591,0.42166676,0.41367343,0.52213456,0.49607363,0.60120328,0.43656512,0.41101885,0.46518297,0.36670234,0.46160836,0.42754198,0.42369694,0.44984828,0.51703510,0.60895385,0.48430223,0.34806860,0.53696787,0.49467446,0.44517754,0.53804903,0.51111292,0.41165485,0.52086103,0.42257682,0.42654006,0.62105438,0.56623337,0.53223097,0.47441582,0.47065479,0.53242231,0.55561898,0.59532140,0.58369104,0.40524981,0.39071472,0.52989189,0.51708820,0.47204224
B0009,0.66914115,0.58553062,0.53930686,0.60184377,0.46577227,0.61596648,0.55880912,0.55695334,0.51916896,0.57107935,0.57286868,0.61556449,0.75398897,0.53791951,0.61511650,0.64196393,0.46210259,0.43957803,0.55016414,0.62282653,0.63687478,0.45971556,0.60476447,0.34327057,0.63994628,0.45746193,0.56887654,0.54516428,0.63367793,0.35783202,0.45466739,0.52804282,0.51397767,0.59106477,0.55735325,0.63333426,0.46041435,0.57870594,0.54539083,0.72480877,0.64607609,0.47777237,0.59523966,0.56126954,0.68173219,0.65281046,0.56391777,0.50470428,0.57104155,0.54467387,0.65389983,0.58072916,0.58793315,0.63087583,0.61856811,0.69779786,0.55553004,0.46154212,0.54073186,0.58893114,0.46168837,0.41895026,0.56003389,0.50448780,0.45352068,0.50538987,0.43104291,0.58980041,0.51605838,0.46252909,0.56481213,0.59282258,0.57501617,0.48564604,0.66765506,0.43403976,0.54469880,0.54094863,0.56680447,0.44593036,0.60987711,0.52189662,0.59349197,0.57260350,0.51452340,0.57976062,0.51228058,0.60276362,0.49079764,0.56724352,0.59734008,0.64777949,0.63128923,0.60367680,0.60748877,0.61479793,0.55913606,0.60617535,0.46304779,0.51357147,0.44638020,0.54361451,0.61940821,0.48220680,0.61882503,0.49339018,0.49906033,0.56338097,0.59082230,0.56827887,0.57453813,0.46923604,0.58913186,0.42019632,0.68120114,0.51639152,0.39631667,0.58394724,0.55905457,0.63414475,0.61239494,0.60508233,0.61394422,0.56863258,0.47100877,0.54737616,0.53753990,0.61020416,0.52802721,0.59800452,0.59648220,0.52350254,0.49599421,0.56672728,0.50735796,0.61693433,0.59591307,0.60173969,0.58265738,0.52794878,0.46332918,0.46411290,0.62939132,0.59236887,0.66983771,0.42019632,0.65269274,0.47146199,0.54580582,0.61804876,0.55364678,0.68402759,0.49140884,0.62802126,0.48012248,0.58123120,0.62613846,0.49183235,0.44757997,0.66390898,0.45549757,0.60641628,0.59548149,0.50540702,0.44886926,0.46050713,0.51405155,0.54762875,0.45866020,0.49606558,0.59674673,0.57680216,0.61971224,0.50438724,0.54395085,0.60646401,0.49942477,0.53479007,0.54220113,0.60399853,0.48772897,0.66000118,0.58726444,0.61663044,0.61807760,0.47088598,0.54338539,0.53083588,0.60724652,0.47038549,0.44004665,0.46320110,0.59268626,0.47427154,0.45336717,0.46507008,0.51957200,0.56853423,0.62536033,0.60034288,0.62828725,0.51253762,0.54345309,0.45530177,0.70802422,0.47072813,0.48074796,0.47259026,0.45067254,0.47722983,0.54423237,0.53046758,0.53378725,0.54730709,0.62288041,0.50913974,0.53491284,0.61424080,0.55043218,0.56787539,0.40455191,0.55880912,0.60006718,0.61961047,0.46570692,0.51009661,0.58489429,0.55125920,0.53284263,0.50796284,0.60910134,0.46911554,0.41809644,0.52346378,0.60419867,0.65090617,1.00000000,0.70348341,0.68954205,0.47109616,0.59409771,0.61966073,0.54367857,0.54205240,0.52182822,0.58989619,0.49606558,0.66130076,0.45412397,0.60516253,0.61569803,0.56048692,0.66733359,0.47341569,0.51363697,0.62526131,0.48325499,0.56299311,0.48994672,0.51280047,0.54085727,0.47482934,0.54633173,0.47510464,0.46422918,0.49730962,0.59275573,0.69885209,0.57638630,0.43977845,0.54696505,0.57203103,0.52622214,0.61021619,0.45101150,0.50796284,0.52364611,0.47112109,0.46222006,0.61661153,0.63284007,0.57258936,0.53915474,0.48802808,0.58438330,0.54716039,0.55766949,0.52974949,0.52301272,0.52237397,0.61819184,0.59445131,0.59268471
B0010,0.56671708,0.47357326,0.47552745,0.56224175,0.39620243,0.48449509,0.45762466,0.49938734,0.51614877,0.60044216,0.51440511,0.56867610,0.70373154,0.46533689,0.53835848,0.57823292,0.41575402,0.40754100,0.53124530,0.50308354,0.46548079,0.35319453,0.44880964,0.32957440,0.58109129,0.39726519,0.46415572,0.49735586,0.54628862,0.33790482,0.39057823,0.44669930,0.47077999,0.62055985,0.49142580,0.49850647,0.43712041,0.54028446,0.48300752,0.76627722,0.51849629,0.41400622,0.47583244,0.43257976,0.56211693,0.55245252,0.51093116,0.44576795,0.46535057,0.52083616,0.57993986,0.46836017,0.45879936,0.52459217,0.50081731,0.51707783,0.49739755,0.34592559,0.38178879,0.42109479,0.33487490,0.45877578,0.51320347,0.42055985,0.51341476,0.43086296,0.40392600,0.54273916,0.42924955,0.49094672,0.45386348,0.52703506,0.44828012,0.37205687,0.68826202,0.52098125,0.40868851,0.44327918,0.56573904,0.49998745,0.58026276,0.51023196,0.47046931,0.52628668,0.58645119,0.50160558,0.50295566,0.48985254,0.47817743,0.36863174,0.50791846,0.57118351,0.51616305,0.46522143,0.47916797,0.50192809,0.42076461,0.53360831,0.49579719,0.53657119,0.31084757,0.49981309,0.51842941,0.44597462,0.59218730,0.33943892,0.35657000,0.51170943,0.42497297,0.45182463,0.43916804,0.36562034,0.48095884,0.26472307,0.66717463,0.49061130,0.32632421,0.43584181,0.48816990,0.58403295,0.46040333,0.51864455,0.46172853,0.44397935,0.36524302,0.45601764,0.45820540,0.50854680,0.43986303,0.48475358,0.39094194,0.46664301,0.37776730,0.44633542,0.40727838,0.56616430,0.55049336,0.41694304,0.41061125,0.42273034,0.37328286,0.36543829,0.54867740,0.59405082,0.55178628,0.26472307,0.52970768,0.37824049,0.46139283,0.48001405,0.42152884,0.69928011,0.41199915,0.48791170,0.37857632,0.36729847,0.57230498,0.36919332,0.35744652,0.54324433,0.38756457,0.49168936,0.41187726,0.31757616,0.30196727,0.29131132,0.38628645,0.39988974,0.35136435,0.36899533,0.46466779,0.38931953,0.56023829,0.40598793,0.41559778,0.47907015,0.35932275,0.38042507,0.59298615,0.53579931,0.43588641,0.48860413,0.40288381,0.47154751,0.53578986,0.45901426,0.37369524,0.46839623,0.50903384,0.37794422,0.39175999,0.39035994,0.47068929,0.31564411,0.36711087,0.45338732,0.38981424,0.42393635,0.47703401,0.54419644,0.57811619,0.46400919,0.50825870,0.42639667,0.68976274,0.39777210,0.29593620,0.31842851,0.39718806,0.33460431,0.48084700,0.43355265,0.51305296,0.45928254,0.65803386,0.34440596,0.32089138,0.57323690,0.43774410,0.41434424,0.32335713,0.45762466,0.44113373,0.52803100,0.43834868,0.40125055,0.56530450,0.42022874,0.47937260,0.41193937,0.53340846,0.38122398,0.28801841,0.38865873,0.41907142,0.58503256,0.70348341,1.00000000,0.59034807,0.42691943,0.46081313,0.54284188,0.42930184,0.40567093,0.41206328,0.53707517,0.36899533,0.54445602,0.32599302,0.54249282,0.49476394,0.40364944,0.66714463,0.31837285,0.35250926,0.51560366,0.37706362,0.47663099,0.34238902,0.40599163,0.40437739,0.37640748,0.38064638,0.40860282,0.38265599,0.37984113,0.51323540,0.68213916,0.43433756,0.33968886,0.41078439,0.46777798,0.41987596,0.46284526,0.29956160,0.41193937,0.38009827,0.38462243,0.36299848,0.55822084,0.50651147,0.48802306,0.43015740,0.39977188,0.55134179,0.52943599,0.45839758,0.41225781,0.40562887,0.38325291,0.50887574,0.50354554,0.46865201
B0011,0.53741622,0.54068243,0.54511138,0.53951039,0.53337838,0.53066641,0.51313778,0.47371730,0.49745939,0.50029459,0.59684817,0.54742303,0.72823241,0.57711288,0.58420040,0.56384842,0.45696127,0.47647330,0.48381320,0.50907619,0.51928370,0.42249718,0.53417472,0.35546998,0.55911295,0.44769595,0.53943005,0.53141781,0.60855335,0.34862711,0.45981313,0.48935753,0.50913934,0.53968308,0.54441970,0.53457300,0.42884116,0.48655446,0.52277175,0.68532091,0.60799403,0.48466868,0.53546426,0.54812706,0.57180768,0.63828948,0.53807316,0.49359864,0.52534425,0.52990812,0.53359945,0.56679256,0.55598277,0.53729992,0.50602373,0.53849725,0.44303172,0.46853401,0.56770202,0.52563985,0.45487363,0.45303217,0.57479436,0.50535282,0.49530875,0.41822730,0.43491419,0.56715050,0.47790519,0.39396738,0.50213723,0.55414421,0.50150449,0.48344293,0.67530113,0.44367030,0.53453679,0.51068656,0.50099509,0.43459464,0.56571021,0.52590433,0.58886454,0.47910692,0.53630037,0.50858336,0.58052461,0.53521587,0.51505795,0.50356950,0.47928290,0.62179707,0.57087393,0.55833939,0.52043404,0.66596288,0.46512748,0.54492718,0.45115590,0.58213822,0.46703219,0.56229017,0.52104402,0.46813390,0.56617638,0.50847298,0.48890980,0.54928275,0.57777086,0.59715256,0.55360378,0.49001101,0.59279617,0.35379635,0.73009079,0.49948818,0.34600079,0.58130816,0.50743664,0.60210989,0.59965715,0.51909292,0.52386951,0.55846744,0.48566748,0.52030441,0.53885636,0.57289249,0.47955623,0.54155019,0.60252380,0.50230349,0.45779096,0.52260262,0.43255778,0.57817558,0.51422417,0.46503493,0.54110201,0.50593573,0.45726266,0.38439761,0.51587993,0.52387887,0.62471507,0.35379635,0.62383609,0.50076090,0.51102150,0.62252558,0.45563682,0.67863052,0.52079773,0.46968632,0.43684409,0.58485980,0.58844714,0.45363895,0.45257643,0.54987471,0.41357940,0.58537866,0.61026549,0.41400412,0.42121844,0.38395420,0.52549892,0.52729594,0.49265341,0.41513711,0.59003258,0.52649725,0.58481459,0.53628512,0.48174325,0.53710341,0.48989577,0.50592790,0.44344434,0.50243485,0.40917762,0.59803206,0.53775987,0.52886154,0.54674473,0.45090853,0.45008002,0.47652520,0.52616933,0.52027728,0.39379926,0.39039357,0.55899782,0.34734499,0.41989838,0.42875137,0.51064577,0.53274963,0.55052457,0.63207278,0.50713150,0.52253431,0.51491240,0.49314662,0.74996539,0.45612921,0.51526720,0.47716741,0.46036037,0.37133005,0.51555920,0.49118292,0.51434892,0.51664992,0.63828658,0.45929991,0.48993466,0.50667210,0.47289373,0.51306659,0.45300174,0.51313778,0.49477969,0.55847917,0.49254931,0.54989946,0.52798030,0.45365575,0.53335573,0.51912710,0.50816636,0.43798190,0.42950065,0.48298311,0.62004055,0.52914215,0.68954205,0.59034807,1.00000000,0.49151619,0.49472707,0.52736577,0.45180542,0.51867977,0.50979239,0.50651597,0.41513711,0.62944982,0.46904824,0.51997102,0.62208262,0.49034021,0.64577131,0.47715759,0.51605931,0.50214229,0.47380486,0.53709407,0.46626082,0.42215489,0.44259221,0.38197857,0.44402816,0.44021124,0.43283533,0.51282016,0.50169079,0.62485428,0.56271573,0.39993672,0.51889904,0.61646656,0.50281058,0.53861018,0.41783568,0.51912710,0.45293003,0.47536948,0.38926162,0.52350740,0.60603863,0.59235586,0.53235896,0.48661454,0.61144523,0.47812311,0.54393805,0.54508683,0.47047728,0.39990131,0.51678690,0.49978200,0.49377546
B0061,0.44521647,0.39327660,0.34723599,0.43925554,0.50024278,0.47771907,0.37454583,0.46965772,0.41702671,0.43553595,0.42423946,0.51932584,0.59445313,0.37874190,0.46170057,0.44792095,0.20826158,0.28189720,0.33357461,0.37828294,0.50209276,0.33271138,0.45195448,0.26994183,0.43976059,0.33993303,0.39091283,0.41838739,0.43951859,0.37178481,0.34898057,0.46867178,0.44698925,0.33759495,0.49520770,0.53639717,0.37534683,0.45294052,0.31779409,0.40570177,0.43529486,0.22051028,0.48939151,0.42718743,0.47172572,0.51320232,0.45497605,0.32675096,0.39346744,0.41046262,0.43167345,0.45738025,0.34717812,0.46703642,0.37723280,0.43686485,0.38575513,0.39285269,0.43545577,0.43274538,0.31280767,0.35879529,0.45374213,0.39684489,0.30115173,0.43852373,0.42658309,0.45374231,0.34433690,0.33542198,0.44179939,0.40822005,0.46330439,0.32153034,0.46089948,0.32156082,0.36219816,0.47778045,0.34445718,0.49174511,0.38948830,0.35545099,0.37943395,0.48246592,0.39448973,0.40980260,0.36203336,0.48892995,0.34313742,0.50145444,0.42432150,0.47502484,0.45367188,0.44347462,0.36643310,0.46742813,0.37028821,0.48057229,0.43360271,0.41112556,0.31760299,0.43721228,0.56589452,0.49780459,0.45183521,0.38749206,0.38378365,0.53617314,0.42959807,0.40558519,0.44483678,0.33162154,0.36363175,0.32968329,0.48107956,0.33423747,0.41765960,0.44907871,0.42542467,0.43073300,0.46405521,0.52535206,0.40611908,0.34148488,0.41223216,0.44810119,0.31064308,0.44279717,0.30269790,0.40873475,0.42038856,0.36323815,0.35577977,0.48198625,0.46089815,0.57615797,0.43420841,0.41684372,0.36927306,0.46270858,0.47189710,0.30703077,0.43707455,0.37943246,0.51959148,0.32968329,0.49985244,0.38559873,0.51681275,0.43153427,0.45725939,0.48048516,0.31206389,0.52058888,0.42213680,0.41509419,0.57894054,0.42910315,0.35807628,0.55874813,0.37650340,0.46991051,0.43421882,0.41411670,0.36561615,0.39700393,0.46746432,0.44417158,0.36331640,0.36514581,0.39232575,0.44571507,0.57896973,0.41345231,0.47462127,0.36189538,0.38800935,0.38260248,0.31072331,0.48023300,0.40411467,0.44297390,0.41618260,0.46552278,0.41530335,0.33146916,0.44037941,0.37317905,0.50554246,0.48481994,0.32457745,0.34935055,0.38993851,0.30404671,0.34714282,0.33569070,0.44185497,0.42601502,0.39121646,0.39891546,0.42140627,0.40027001,0.44662088,0.29072937,0.43198446,0.31600221,0.40238983,0.35946349,0.42472371,0.32285741,0.46755582,0.39323015,0.40529996,0.41827864,0.43189876,0.39581503,0.36036762,0.47006069,0.38268715,0.52251379,0.45808094,0.37454583,0.44084608,0.46490295,0.36060829,0.35790863,0.43188489,0.45501663,0.41981252,0.33778223,0.48416357,0.56389635,0.27907719,0.35906231,0.43844859,0.41782137,0.47109616,0.42691943,0.49151619,1.00000000,0.46535690,0.42708643,0.49098932,0.42348793,0.48404436,0.48846482,0.36514581,0.44741874,0.30237011,0.44675752,0.50241273,0.49896624,0.53151686,0.35808664,0.41116238,0.46980052,0.36577301,0.47464555,0.33489054,0.47198696,0.43855562,0.40669169,0.43613115,0.45345481,0.44430702,0.40295743,0.48486369,0.45604979,0.43624394,0.47118880,0.43790500,0.37908770,0.40624483,0.42740493,0.34030846,0.33778223,0.45245637,0.52823353,0.40475874,0.49888204,0.53816528,0.34997873,0.56829222,0.42709928,0.39135460,0.33029638,0.30983586,0.33308136,0.47156287,0.43370044,0.40010007,0.48369591,0.45174990
B0063,0.69523594,0.68478423,0.64351178,0.53581449,0.61248428,0.71593117,0.59102470,0.53735355,0.56260069,0.51727052,0.47467450,0.68146298,0.62550235,0.50121679,0.65825498,0.70971267,0.31913328,0.46614784,0.56764789,0.64211143,0.74362101,0.54824019,0.67258559,0.40166441,0.70879884,0.53838274,0.63353330,0.73564830,0.55788982,0.49031306,0.53485615,0.63894101,0.59746568,0.55063865,0.58252258,0.63230708,0.36680028,0.63288754,0.42905014,0.51882496,0.54427485,0.36616651,0.61601884,0.61264177,0.71211338,0.53050593,0.45790665,0.54703927,0.56794326,0.58008657,0.71125858,0.53290974,0.43200073,0.75533799,0.63704479,0.61402377,0.42719056,0.55317738,0.54934413,0.64465791,0.67839240,0.47264227,0.51090759,0.49317978,0.44771642,0.46257491,0.44460865,0.63916247,0.55649936,0.40557558,0.55313677,0.57702745,0.68722112,0.54413871,0.53603364,0.47129449,0.46728046,0.59196028,0.42090736,0.47694071,0.52162525,0.45908684,0.60079623,0.56479536,0.57793073,0.58447806,0.53140308,0.56988063,0.48009939,0.56726801,0.56830366,0.47708878,0.69408149,0.55706166,0.39966070,0.48229089,0.59036139,0.62966623,0.53074866,0.50310078,0.39645839,0.50124204,0.70999804,0.48066514,0.51609069,0.49237619,0.40369429,0.67194682,0.56592367,0.45592669,0.55771358,0.53349877,0.60462237,0.42191011,0.62494910,0.51336829,0.43281443,0.56505799,0.45204466,0.49009400,0.58126513,0.69775142,0.60793695,0.46493242,0.54443081,0.56538517,0.44855709,0.55390065,0.40192459,0.47815998,0.66958261,0.71222159,0.55568986,0.61828081,0.54181137,0.58801206,0.48113563,0.58182570,0.45269686,0.57519160,0.52206570,0.54221660,0.75018750,0.49410071,0.56672137,0.42191011,0.60254517,0.46776473,0.61702181,0.71075402,0.48024558,0.53694629,0.49933877,0.63666578,0.56060240,0.65584974,0.59427619,0.49237872,0.42984680,0.71308217,0.43163788,0.60448967,0.60285141,0.58080982,0.43043553,0.53506276,0.53468101,0.62553974,0.49384350,0.59093664,0.54443236,0.57219301,0.58993690,0.54208755,0.58273897,0.48039582,0.40132470,0.48123066,0.43762116,0.63598961,0.51652636,0.63476803,0.54574970,0.73558515,0.58114062,0.49128046,0.54864765,0.70253269,0.70889552,0.46377434,0.43037920,0.52254709,0.43014257,0.42797081,0.38123621,0.51620280,0.52236789,0.47600159,0.47747109,0.55324018,0.75603957,0.53377824,0.58132294,0.47085137,0.55080358,0.43818955,0.54325904,0.59777279,0.40999233,0.39404010,0.44376757,0.51719058,0.61199654,0.55022398,0.60713787,0.52914996,0.50727654,0.66138983,0.40905224,0.54068081,0.39859312,0.59102470,0.77646271,0.51921253,0.45487329,0.54847498,0.47923651,0.47842179,0.50761740,0.27090281,0.54550870,0.51757002,0.42096547,0.59902576,0.61477772,0.49872586,0.59409771,0.46081313,0.49472707,0.46535690,1.00000000,0.65755354,0.53234832,0.59342389,0.57119407,0.50659960,0.59093664,0.47715520,0.34538086,0.52628721,0.67055120,0.63222269,0.54410804,0.59994346,0.53438431,0.69654539,0.52149488,0.69500272,0.50594203,0.53597992,0.56589684,0.46863519,0.59314032,0.49509858,0.49915326,0.56746315,0.65184843,0.54412764,0.62828654,0.41052565,0.55827649,0.61844772,0.64058936,0.69393677,0.35305922,0.27090281,0.43005145,0.49755934,0.42096363,0.58575835,0.69578931,0.56360526,0.62267590,0.49503126,0.54092101,0.40727879,0.47399751,0.50858792,0.56176753,0.55076467,0.71827459,0.65253202,0.56191645
B0064,0.61166904,0.64003827,0.57610075,0.58678608,0.51999711,0.65240971,0.60151727,0.58077234,0.58723734,0.48778570,0.47019260,0.57984211,0.59818462,0.52299306,0.67434703,0.75421766,0.39898935,0.51629952,0.60874388,0.66325669,0.67313877,0.53804892,0.65904987,0.36794474,0.74873637,0.51278510,0.63625528,0.61939570,0.56907782,0.44370872,0.46594883,0.62694945,0.59605016,0.59920694,0.60308312,0.62821913,0.40776990,0.53002714,0.44374494,0.63241745,0.53389967,0.45000686,0.61377745,0.59269016,0.71741697,0.57432640,0.46785194,0.56405964,0.56260919,0.55780618,0.66621334,0.53789809,0.46472302,0.69779356,0.66280135,0.57523222,0.41728652,0.53977860,0.59865044,0.63456723,0.63813073,0.42523790,0.53584968,0.50309473,0.44093004,0.51151325,0.47364193,0.65227307,0.47091682,0.41798202,0.51576221,0.59291798,0.63228436,0.59598530,0.54618075,0.46054923,0.55373859,0.57203148,0.43836878,0.49094818,0.53622118,0.46534403,0.60341385,0.53617811,0.56424068,0.53509579,0.59774700,0.55571403,0.46838606,0.52259325,0.57479335,0.55450723,0.68658124,0.56142747,0.46149412,0.52414877,0.64474668,0.59787369,0.54077680,0.51219637,0.41879221,0.52284579,0.62752902,0.46543260,0.51087604,0.47211179,0.42200833,0.63349143,0.56643026,0.46476717,0.44215686,0.54671786,0.61644303,0.46890613,0.65198051,0.49826504,0.46889478,0.47537835,0.52246916,0.50837239,0.62017764,0.57247552,0.66498105,0.51669511,0.53791540,0.57653382,0.47461233,0.55558866,0.49161112,0.51943184,0.68183484,0.61594067,0.61965868,0.56629261,0.60122329,0.55331936,0.45338768,0.53655462,0.51991033,0.55143923,0.48526355,0.49623015,0.63596079,0.55432327,0.53448251,0.46890613,0.56462106,0.44780397,0.50441642,0.61666604,0.49680206,0.55149116,0.50543298,0.63161616,0.49628120,0.66494619,0.55502622,0.51974290,0.50491905,0.64145695,0.44262483,0.57515632,0.59852226,0.54457872,0.49833466,0.50463121,0.52851214,0.57206352,0.56808713,0.55900715,0.56018590,0.55513592,0.55385624,0.59596953,0.52721177,0.50291841,0.42548279,0.52969831,0.39362847,0.64934899,0.48765823,0.60696594,0.54343023,0.63620993,0.62745999,0.49793459,0.53770325,0.67757071,0.60569648,0.50952376,0.38753378,0.47696750,0.46657231,0.50218337,0.43289624,0.46938544,0.51550584,0.56616335,0.55943730,0.54796478,0.70380286,0.52524708,0.51523661,0.51664543,0.60192533,0.49711794,0.55722514,0.57187312,0.47993474,0.39751358,0.47454550,0.48285957,0.51854585,0.52476886,0.59934350,0.52535585,0.54479803,0.61418637,0.46642743,0.53853873,0.45420059,0.60151727,0.70696298,0.51626055,0.47640298,0.55898682,0.49398228,0.49543646,0.52205436,0.35839505,0.52776905,0.51563277,0.42612261,0.58596271,0.60064589,0.55400440,0.61966073,0.54284188,0.52736577,0.42708643,0.65755354,1.00000000,0.53941719,0.56893087,0.59197089,0.60743008,0.55900715,0.50276134,0.38315180,0.62343382,0.60780800,0.54314843,0.58113044,0.56851067,0.57176011,0.67601655,0.47470016,0.72108695,0.56248549,0.48592681,0.54967647,0.48018600,0.58498829,0.46691358,0.54678089,0.55260521,0.59117414,0.54478890,0.51355033,0.43712487,0.51489691,0.56918268,0.60313419,0.67905966,0.40539384,0.35839505,0.45883021,0.50901410,0.48527694,0.54919220,0.65568716,0.58268323,0.55085451,0.51923520,0.53787837,0.44013551,0.48961962,0.48703265,0.52601485,0.55856946,0.63552010,0.59888123,0.54051207
B0069,0.47619238,0.48133062,0.39319572,0.50157645,0.44977757,0.56999976,0.50329976,0.51377987,0.41860525,0.43179852,0.41867702,0.49780789,0.58299149,0.42166943,0.58396700,0.59904185,0.28813288,0.41919727,0.44148458,0.56704777,0.60889516,0.48230267,0.57945281,0.35082965,0.59276078,0.38998813,0.51151018,0.50008464,0.46198546,0.46856305,0.39809326,0.51050850,0.46489324,0.46818113,0.51425394,0.49492746,0.37643713,0.46049218,0.33561463,0.44021236,0.45522598,0.36881989,0.55779241,0.50584161,0.55594703,0.50658072,0.40803281,0.46808556,0.48920758,0.45262045,0.54125217,0.54987100,0.37595189,0.52265481,0.56318888,0.52534726,0.37740931,0.43388554,0.54736018,0.58602868,0.41816725,0.33012070,0.40219347,0.51517347,0.27565221,0.42576119,0.40484836,0.50613266,0.41065253,0.35040433,0.42393768,0.52268238,0.48036820,0.49646373,0.50458072,0.33757439,0.41409531,0.47628423,0.41240371,0.49947971,0.46714682,0.31764921,0.49305316,0.40029978,0.43243380,0.41805394,0.42469846,0.44976335,0.36253247,0.55545497,0.72426082,0.43359688,0.54387244,0.52171762,0.44329304,0.47642137,0.55823363,0.52466793,0.48327497,0.37639432,0.34528706,0.39188987,0.54084341,0.45777717,0.48741115,0.47668332,0.46997406,0.52040004,0.74017650,0.41187487,0.42422260,0.47108156,0.52258134,0.67796810,0.50203215,0.37637209,0.42780493,0.41217051,0.48441854,0.45808034,0.50834465,0.53004388,0.79328814,0.38180475,0.44734126,0.47049356,0.44024526,0.53280313,0.37776380,0.46397855,0.63176261,0.45148684,0.52269319,0.44638553,0.64895712,0.48899719,0.46752635,0.56198215,0.40337698,0.48868205,0.44986418,0.41551312,0.50698540,0.42249842,0.50080124,0.67796810,0.51352503,0.48097058,0.43272159,0.51112039,0.51627557,0.48973820,0.40910750,0.78219126,0.41545657,0.64017285,0.48881871,0.50613789,0.39594226,0.55399769,0.42920174,0.54950087,0.70749695,0.68972571,0.65273860,0.67962295,0.52798067,0.57230004,0.53973489,0.51405653,0.60612047,0.59446349,0.48947102,0.58644543,0.61468374,0.60289589,0.47396794,0.62712304,0.33969971,0.51310667,0.41485405,0.63371954,0.70413237,0.47227282,0.49577575,0.37912743,0.72405574,0.50752546,0.48712429,0.60484790,0.40832924,0.42219664,0.39373285,0.59560722,0.46219550,0.41554156,0.59433598,0.53499192,0.68607673,0.41534071,0.45863685,0.43781095,0.39494199,0.42671152,0.50716097,0.39999726,0.60230200,0.60575613,0.36434357,0.44056069,0.50291175,0.38994658,0.40547818,0.41421873,0.41413943,0.48595437,0.69522200,0.53278196,0.49180520,0.57308207,0.40472120,0.50329976,0.53807382,0.43273762,0.42054378,0.47049281,0.48039332,0.51395369,0.42870713,0.31009129,0.45289889,0.49150202,0.43293909,0.47081010,0.71744221,0.41296671,0.54367857,0.42930184,0.45180542,0.49098932,0.53234832,0.53941719,1.00000000,0.59672990,0.46521139,0.63965105,0.51405653,0.43298016,0.37583867,0.64760118,0.51489480,0.67435130,0.50202183,0.59946905,0.58779383,0.58011465,0.43996082,0.52244416,0.51777278,0.43992987,0.43594806,0.57820418,0.62349076,0.46048853,0.41947255,0.54412153,0.54910246,0.48808573,0.43429877,0.39124248,0.49423878,0.61726240,0.45448365,0.58621998,0.41784711,0.31009129,0.54620850,0.46966385,0.48463587,0.52344296,0.57012011,0.49236671,0.48989424,0.56412125,0.42669360,0.40420713,0.40047374,0.39771089,0.62106004,0.54505488,0.46225527,0.55374022,0.49137640
B0070,0.53822119,0.47818816,0.45444025,0.46067662,0.49795283,0.54177201,0.56536159,0.54314818,0.47275914,0.38915230,0.39552875,0.53563773,0.56448687,0.48868475,0.58568351,0.56742022,0.38850595,0.48104913,0.44989346,0.55923392,0.66342543,0.48586286,0.56113613,0.31357813,0.56296057,0.48500565,0.47763098,0.51393997,0.46773164,0.45706696,0.45087298,0.59191888,0.61291296,0.45850769,0.50114836,0.59021781,0.32387442,0.49737529,0.35264636,0.45673609,0.50693537,0.46794602,0.51666498,0.57456257,0.53497443,0.57309025,0.52499257,0.53652025,0.45431333,0.42496531,0.52299522,0.50853467,0.48241879,0.54837457,0.55318514,0.52927140,0.38513107,0.60087483,0.58672589,0.55442940,0.50861875,0.47592698,0.58095501,0.71522574,0.51964003,0.51027555,0.50075837,0.57106095,0.43815532,0.44158299,0.52388313,0.50501518,0.49164319,0.48419623,0.51164057,0.41626301,0.41165940,0.55090504,0.38139954,0.46120854,0.45324292,0.44127995,0.60312929,0.51219282,0.45542336,0.53463188,0.47581136,0.50769842,0.43340136,0.58617246,0.56078428,0.47262459,0.61421291,0.51903092,0.40412901,0.52815502,0.54255087,0.55695918,0.53460279,0.43702161,0.41406591,0.57908852,0.61129051,0.52453084,0.44376721,0.60159804,0.56425178,0.53399941,0.59797884,0.49440418,0.45935929,0.56560994,0.52502596,0.54031017,0.51784452,0.44652324,0.42197025,0.47664246,0.52400376,0.52231271,0.58365261,0.57063406,0.59654058,0.46234763,0.60651581,0.54507407,0.48187900,0.59224531,0.46340459,0.50457150,0.63419838,0.46732258,0.50534761,0.62624233,0.70406900,0.47628551,0.44946951,0.49366474,0.43296296,0.60880858,0.52990643,0.46265549,0.52255866,0.41725618,0.50584564,0.54031017,0.53130932,0.42997303,0.60590544,0.54575649,0.50330504,0.45452807,0.49403894,0.64368836,0.52510704,0.61669832,0.47867262,0.60362562,0.43428932,0.53509001,0.45427200,0.53024013,0.61826804,0.61125345,0.51439770,0.62168947,0.55803784,0.57894269,0.52935433,0.57870387,0.58280132,0.58231156,0.48207305,0.70245725,0.59403794,0.49258462,0.56415627,0.53228223,0.35360221,0.52384907,0.43832582,0.59368398,0.55865265,0.52719381,0.49861671,0.42810771,0.56688550,0.50339271,0.57183544,0.51546431,0.31837450,0.40651634,0.38314940,0.50357948,0.41163795,0.38961418,0.59360044,0.55968160,0.52046964,0.55838202,0.48848148,0.48565638,0.56359357,0.48441600,0.57001815,0.45598955,0.55736581,0.59884092,0.36836162,0.42357602,0.54042021,0.49322377,0.57315024,0.52286212,0.45491604,0.55210781,0.58635976,0.51104485,0.48262370,0.57296614,0.44244349,0.56536159,0.54162453,0.51053493,0.48253515,0.56412159,0.45205724,0.50134017,0.48814505,0.35920036,0.55719643,0.54468099,0.44369961,0.52622499,0.62486305,0.45596889,0.54205240,0.40567093,0.51867977,0.42348793,0.59342389,0.56893087,0.59672990,1.00000000,0.62750648,0.51271006,0.57870387,0.50336717,0.38596858,0.51247090,0.57696583,0.65559626,0.50857206,0.59993923,0.62424071,0.60128595,0.39613353,0.61525519,0.56300889,0.53048578,0.54589653,0.54481689,0.57070867,0.52761821,0.55565949,0.80891674,0.65718321,0.52157174,0.47405179,0.41249073,0.52076859,0.54915787,0.47660273,0.61734512,0.39880971,0.35920036,0.46292421,0.55121851,0.47055100,0.55875285,0.62868353,0.56496663,0.58102910,0.52967583,0.49921767,0.38011370,0.45932784,0.41982262,0.58271448,0.52795757,0.49447698,0.66626304,0.56005790
B0073,0.51146967,0.47922627,0.44527235,0.46513058,0.46322339,0.51873999,0.54954074,0.58636425,0.48434013,0.42569693,0.45422678,0.53783697,0.58791794,0.51493711,0.54769968,0.58063104,0.34805830,0.44570800,0.45080133,0.50549629,0.60897419,0.37364866,0.55216716,0.34510073,0.58526587,0.52225418,0.50556538,0.54272572,0.45991776,0.44240317,0.51909689,0.67814911,0.67846978,0.41764241,0.51491235,0.60885653,0.35624376,0.49629328,0.34809510,0.46355511,0.53671704,0.42011997,0.53036192,0.57544801,0.57911054,0.58000910,0.49434111,0.53410034,0.45477374,0.45739335,0.51660036,0.54660491,0.41636731,0.58696003,0.50226755,0.48617934,0.37965824,0.61736257,0.61636285,0.52813312,0.53349861,0.53929182,0.62477394,0.59226783,0.45528537,0.61757109,0.54568087,0.61786907,0.44096527,0.39427197,0.52398732,0.52038041,0.53915059,0.44539175,0.49599623,0.44628129,0.42913528,0.53982356,0.34994970,0.46265593,0.42789970,0.48387933,0.59787815,0.56194313,0.46507048,0.52669706,0.49817002,0.51163130,0.46978735,0.56813791,0.45367636,0.51603400,0.60053964,0.54104116,0.39407970,0.53695067,0.52509841,0.58542442,0.48378312,0.49455151,0.53997695,0.61706971,0.64249024,0.57039730,0.43410928,0.59241247,0.54496972,0.60030070,0.48399022,0.48873821,0.47025628,0.51790220,0.47919884,0.41340129,0.52672944,0.43233846,0.49583507,0.54812798,0.51567836,0.47410429,0.55881146,0.57669695,0.52854110,0.45654342,0.61250098,0.61976473,0.41176093,0.56631909,0.45591860,0.46050973,0.55178180,0.46753947,0.46930521,0.70880307,0.61747012,0.58808666,0.43861998,0.43631117,0.41657890,0.64912316,0.61020121,0.49881029,0.51811279,0.43320584,0.54248826,0.41340129,0.56666744,0.42908829,0.65741154,0.54835659,0.51790637,0.48046799,0.52235404,0.56001500,0.55607627,0.54088277,0.58930114,0.55459490,0.47236413,0.55779793,0.41776110,0.52513543,0.52884480,0.52795557,0.42542090,0.53700780,0.57450059,0.61161488,0.53459835,0.57365660,0.49370256,0.57933418,0.58837390,0.61867476,0.54525363,0.45371927,0.54344004,0.44067410,0.31723782,0.57244092,0.45004029,0.53221474,0.48905030,0.56530030,0.50859087,0.45427986,0.52089720,0.47826328,0.62461826,0.49498972,0.36987762,0.43357321,0.37496772,0.43334105,0.40180130,0.41545636,0.53788414,0.53163740,0.44427961,0.59137174,0.52899451,0.46364420,0.57849653,0.43486374,0.53401961,0.42497871,0.54486993,0.50681074,0.41542413,0.36900440,0.51119499,0.48344631,0.60304351,0.51585864,0.48090563,0.53628908,0.47804125,0.49599361,0.45369685,0.54877347,0.54660474,0.54954074,0.57798371,0.51742672,0.56336956,0.54389639,0.42924695,0.51668379,0.45436186,0.36061818,0.62424410,0.68326971,0.43166659,0.48743353,0.53397307,0.46696590,0.52182822,0.41206328,0.50979239,0.48404436,0.57119407,0.59197089,0.46521139,0.62750648,1.00000000,0.52617973,0.57365660,0.50695008,0.37741370,0.53048686,0.57141834,0.61662915,0.57396211,0.50814424,0.60483080,0.61095523,0.33783877,0.67561057,0.44496097,0.54832011,0.56602259,0.46082177,0.49588389,0.56039392,0.64637601,0.62959072,0.60623243,0.53879210,0.47538267,0.51245178,0.51900395,0.47910122,0.55371810,0.58028955,0.39098605,0.36061818,0.48918818,0.66015401,0.52616652,0.51849098,0.61524706,0.56208716,0.69863465,0.61519837,0.53002720,0.37541419,0.46377915,0.40983331,0.54495018,0.56768478,0.54518548,0.61580158,0.59846202
B0074,0.52426874,0.53369200,0.49264137,0.50567682,0.42508686,0.57598086,0.52207709,0.56049619,0.46346618,0.48060399,0.45882011,0.48308736,0.60810457,0.45562602,0.53894247,0.61616829,0.31456561,0.46875859,0.46033675,0.57375612,0.55322280,0.43543536,0.52454462,0.38364425,0.61338583,0.51098073,0.56004845,0.50491948,0.50137910,0.42080756,0.44779331,0.50854501,0.53498147,0.46735957,0.49512683,0.48705988,0.44062637,0.40011068,0.38230475,0.59211045,0.49377321,0.36812340,0.58469795,0.51404213,0.59587098,0.54126552,0.41000122,0.50781471,0.49798072,0.49650701,0.55123954,0.48659975,0.38519587,0.57896393,0.57320564,0.53749580,0.45128072,0.49789791,0.54692569,0.52946518,0.46476944,0.40923456,0.49264938,0.47678855,0.42201870,0.48377062,0.39304443,0.62546494,0.42252068,0.34190202,0.39888908,0.57480362,0.50444305,0.40398652,0.63653365,0.44457429,0.40926991,0.47312659,0.38536531,0.51903237,0.45158917,0.46420316,0.54202394,0.45362098,0.51431426,0.45941089,0.49049530,0.44388604,0.45909137,0.45591252,0.55268939,0.52580654,0.52198441,0.51418822,0.49294720,0.53719061,0.49310310,0.54181894,0.48387865,0.52194980,0.40214342,0.48398351,0.58899565,0.48822500,0.52704884,0.50154092,0.47506280,0.51138532,0.55434747,0.45749809,0.39938468,0.49404320,0.48779978,0.51732996,0.62267400,0.42137667,0.46625773,0.43262092,0.55804109,0.45589085,0.51329744,0.54653921,0.61349160,0.50320376,0.52810696,0.50992584,0.45927681,0.53402972,0.40753932,0.52044256,0.54027083,0.48856929,0.47635609,0.47370159,0.59082009,0.52694940,0.43991279,0.47226783,0.48788633,0.47412493,0.41456625,0.40050234,0.50555486,0.46103049,0.43426058,0.51732996,0.54271743,0.43404405,0.46216238,0.49679622,0.50774875,0.66145953,0.50113158,0.60355197,0.42121146,0.53125241,0.53056356,0.50251140,0.55907979,0.58807973,0.50909738,0.53825759,0.54148585,0.54365267,0.49882643,0.51901149,0.53102940,0.50785524,0.44914609,0.42259496,0.50572286,0.55728955,0.52611892,0.49746184,0.47423543,0.56064473,0.48047948,0.55807398,0.33012127,0.57513252,0.49897319,0.52409159,0.64121920,0.52440952,0.46144181,0.41364143,0.57892595,0.50900020,0.54145223,0.63353991,0.44760604,0.42767954,0.50197378,0.52949827,0.49187486,0.44121984,0.52991142,0.54145229,0.58567937,0.51250906,0.49492186,0.44175850,0.46954263,0.46747313,0.58903356,0.51366153,0.54220254,0.53596966,0.51532367,0.43587195,0.55383555,0.40706497,0.45951115,0.49913085,0.54152279,0.47175193,0.59693344,0.51011175,0.39297383,0.49222688,0.41618571,0.52207709,0.55951906,0.49420465,0.48431317,0.50641729,0.51767065,0.50659413,0.48090043,0.41751776,0.49758543,0.54465694,0.45440036,0.47355446,0.54288499,0.57655643,0.58989619,0.53707517,0.50651597,0.48846482,0.50659960,0.60743008,0.63965105,0.51271006,0.52617973,1.00000000,0.42259496,0.45509690,0.31728226,0.94293968,0.45536957,0.54060131,0.63091533,0.53387735,0.53614009,0.54379170,0.40112664,0.57676605,0.44473575,0.52065225,0.52695412,0.45263162,0.50759079,0.47633700,0.52327120,0.53644565,0.53308386,0.58376557,0.40924203,0.49805782,0.49082752,0.47048586,0.40802313,0.55157806,0.46665614,0.41751776,0.56916228,0.45410722,0.53257105,0.55478517,0.51602439,0.46896909,0.51951890,0.50969128,0.49647151,0.37903456,0.39922300,0.43092127,0.51790993,0.46292701,0.47842425,0.52938950,0.44697748
B0385,0.57695767,0.53750876,0.49611297,0.42193475,0.50944920,0.55585444,0.48346611,0.41586663,0.44825641,0.32990097,0.31840493,0.50575991,0.47389579,0.44523920,0.53760452,0.56358247,0.26571299,0.38019521,0.43938489,0.60360611,0.59708461,0.50221772,0.55084706,0.31100259,0.56256225,0.41817601,0.48525783,0.53983979,0.43614746,0.39709685,0.40849990,0.60241393,0.54647191,0.46034186,0.45603541,0.56037464,0.29084774,0.50599784,0.31573821,0.40427036,0.45209088,0.32651679,0.52579496,0.47225018,0.57010871,0.43885234,0.39019700,0.47723168,0.44811392,0.45000067,0.57171605,0.47797579,0.36321073,0.60927484,0.60226551,0.47655695,0.30930022,0.43901433,0.54348520,0.54343289,0.50609165,0.32517047,0.39513099,0.51333895,0.32293177,0.41878384,0.39904373,0.45242624,0.40965496,0.33868516,0.46118004,0.51833674,0.55976638,0.52200173,0.36883958,0.34373825,0.41897697,0.47403316,0.31598475,0.40058587,0.41749739,0.31483591,0.50071965,0.45090740,0.42299922,0.46976966,0.49766010,0.43016717,0.36941585,0.49902889,0.54403155,0.41971815,0.66970032,0.45527632,0.35400889,0.38036850,0.56242630,0.46598068,0.45738122,0.37612790,0.29890375,0.40240550,0.50719387,0.44193622,0.33392216,0.43741152,0.38476328,0.50194859,0.52345592,0.37773153,0.46891732,0.41074573,0.54007871,0.53084702,0.43750080,0.47195988,0.31664233,0.39392858,0.33444568,0.41223478,0.47092095,0.52258974,0.61082232,0.36658602,0.44075165,0.44986155,0.36679115,0.51222309,0.34575015,0.36890204,0.58058891,0.49453066,0.48299532,0.48701771,0.54946982,0.47614599,0.37055208,0.50165169,0.30859899,0.62650595,0.60272427,0.45315217,0.57100784,0.34602751,0.49794088,0.53084702,0.48213996,0.34658437,0.46176276,0.57191892,0.43880934,0.33619666,0.38893574,0.60367467,0.44132626,0.58787529,0.47590855,0.48556656,0.34851552,0.49949480,0.29741372,0.42507326,0.57254673,0.62277370,0.50891523,0.59414263,0.50291622,0.75873719,0.73554198,1.00000000,0.49300183,0.54365236,0.47547371,0.54396179,0.52200429,0.44320018,0.38361333,0.45258866,0.33125838,0.50639501,0.40992312,0.55275278,0.46730408,0.54946949,0.53889700,0.41862165,0.57132881,0.53730096,0.50836080,0.34890336,0.27835665,0.41596725,0.25267754,0.41166950,0.26443732,0.37006067,0.49680962,0.38680737,0.43034489,0.38015865,0.52684811,0.41375342,0.41730097,0.38223185,0.43310464,0.29180999,0.53962812,0.49528239,0.31983489,0.34997516,0.40376254,0.41452080,0.45183272,0.43533124,0.43754207,0.54975284,0.47569586,0.51292584,0.36957512,0.47093468,0.31051476,0.48346611,0.60052330,0.43685248,0.51680500,0.44555474,0.31000860,0.43747153,0.41506375,0.19181459,0.47514024,0.44273198,0.31579738,0.44705891,0.57178845,0.35577869,0.49606558,0.36899533,0.41513711,0.36514581,0.59093664,0.55900715,0.51405653,0.57870387,0.57365660,0.42259496,1.00000000,0.42240113,0.29244361,0.44115250,0.57350462,0.62350863,0.42072528,0.49386259,0.56782033,0.69256411,0.36223641,0.54821245,0.49491683,0.40070453,0.41735458,0.48391932,0.56779508,0.41590311,0.43875571,0.53245083,0.58839103,0.41206377,0.51953706,0.35368825,0.43048668,0.58822637,0.55322627,0.55237364,0.24226534,0.19181459,0.34033814,0.53391272,0.36735499,0.43581441,0.57545010,0.51812273,0.54249487,0.58346057,0.46043428,0.31708189,0.40963323,0.37298771,0.63570029,0.58826605,0.55198370,0.59111919,0.55421421
B0832,0.56741779,0.46430153,0.44354765,0.53661430,0.42456814,0.52385778,0.49271290,0.55214179,0.55999204,0.55805597,0.59838727,0.60931746,0.63869920,0.54731314,0.53480424,0.54375504,0.48880953,0.41936628,0.52125459,0.51655589,0.53249532,0.38334647,0.55622231,0.33180197,0.54257651,0.43039992,0.45767034,0.46540364,0.54622889,0.27105157,0.55949243,0.47609705,0.43768098,0.57078069,0.49288615,0.58727033,0.44190979,0.56718762,0.62074676,0.59468188,0.67592933,0.53962832,0.55931930,0.49338713,0.53086637,0.71628782,0.58845716,0.40206844,0.49878638,0.53527892,0.54514234,0.55962220,0.66549924,0.51684691,0.51750622,0.53113069,0.46693658,0.54308853,0.50342222,0.52409090,0.42527001,0.38049668,0.55761823,0.46400948,0.45219204,0.48973127,0.34937681,0.58462185,0.44496316,0.52802977,0.56717505,0.57151392,0.45046400,0.42159013,0.49636060,0.32498218,0.49855275,0.45883960,0.52877129,0.38356411,0.54326544,0.44206380,0.52354777,0.49013684,0.41920590,0.56858555,0.43786827,0.57014810,0.37743837,0.46564557,0.51845734,0.62293318,0.53119506,0.62395192,0.55474415,0.62465446,0.47176060,0.48085492,0.41692936,0.46792706,0.48186215,0.54933504,0.54347053,0.45678802,0.53340246,0.46495141,0.48278477,0.54575231,0.53498578,0.57256569,0.54155334,0.44726286,0.51634974,0.31282111,0.52043773,0.45312135,0.43086325,0.50334107,0.52191488,0.63794085,0.55127109,0.53184825,0.48462385,0.47098278,0.56063050,0.56699503,0.49539427,0.58945252,0.54147196,0.54841558,0.52110709,0.43754793,0.38695024,0.51794433,0.41994035,0.54950536,0.58792431,0.49746707,0.55240873,0.49690558,0.41375842,0.41157543,0.49087699,0.54557503,0.64875524,0.31282111,0.86630266,0.58050160,0.53178108,0.51088172,0.50815105,0.49707078,0.43383109,0.48439269,0.45266697,0.50360980,0.55000901,0.50683249,0.41460860,0.57155546,0.37064212,0.60838242,0.49671953,0.41240513,0.33319012,0.40079595,0.41978871,0.48173448,0.39976518,0.42240113,0.55589169,0.51257390,0.54394070,0.46956430,0.48082043,0.54314639,0.47857142,0.43536665,0.50852150,0.59269664,0.34963713,0.56801354,0.51039814,0.51758696,0.56369677,0.50350770,0.44131987,0.41438204,0.52120028,0.41479750,0.42284806,0.48595009,0.56280054,0.38932825,0.51292072,0.50064507,0.44578610,0.55178808,0.55297093,0.53939730,0.54240865,0.60650473,0.50757599,0.44042766,0.63425778,0.41657892,0.40901198,0.44913812,0.35586525,0.44450424,0.55099298,0.55799658,0.50901535,0.55554919,0.44856001,0.50153713,0.44291243,0.57769537,0.52126153,0.56932385,0.48774352,0.49271290,0.51113533,0.71147782,0.44853609,0.50867955,0.54579724,0.50637788,0.51013650,0.55236949,0.48908762,0.43211343,0.35263605,0.45432670,0.50358161,0.56125920,0.66130076,0.54445602,0.62944982,0.44741874,0.47715520,0.50276134,0.43298016,0.50336717,0.50695008,0.45509690,0.42240113,1.00000000,0.67780250,0.45068798,0.53573595,0.47077497,0.57616832,0.45449917,0.41156995,0.50085860,0.38860354,0.53419601,0.44573090,0.37521000,0.46996412,0.34592360,0.47435287,0.41703557,0.44272915,0.48114665,0.53903517,0.61096079,0.51776560,0.40677731,0.49081421,0.48843737,0.42241234,0.48146328,0.52065641,0.55236949,0.57183900,0.45124158,0.43649238,0.54227883,0.56639271,0.56845208,0.50229905,0.48615914,0.53419081,0.50989044,0.55676135,0.48894694,0.48344380,0.40000631,0.45575384,0.53981267,0.56026489
B0833,0.37636687,0.36856271,0.31981442,0.43011712,0.34476011,0.33235034,0.37003366,0.43636799,0.43934878,0.35885663,0.41721866,0.40109022,0.43617377,0.45653799,0.39182322,0.40660840,0.34390581,0.32566652,0.35435155,0.36402919,0.37629476,0.30647521,0.45833841,0.52647279,0.40828069,0.31004394,0.32792955,0.30352304,0.36954978,0.20941463,0.40313362,0.34573113,0.31303103,0.36679087,0.37304660,0.41987629,0.28923552,0.36970561,0.41057051,0.39099290,0.55514163,0.39591277,0.36143456,0.40867543,0.37490725,0.54194629,0.41723421,0.30772275,0.34940171,0.34794576,0.37412013,0.43925794,0.52133445,0.34381902,0.36214685,0.38790934,0.32832550,0.43326726,0.47006556,0.44455331,0.30822917,0.30755797,0.46782826,0.34942706,0.31084994,0.43945371,0.32982794,0.45289697,0.36837513,0.47319222,0.37290574,0.43232622,0.26059108,0.37394231,0.30759062,0.24839381,0.39555255,0.32768110,0.46213726,0.23996097,0.44819663,0.27970138,0.40747231,0.31734637,0.24681301,0.48684818,0.36606855,0.40851313,0.27494593,0.36001770,0.38329017,0.40477757,0.36850877,0.68065613,0.41749875,0.49137888,0.37814336,0.39950923,0.27930670,0.32749538,0.42159465,0.45891319,0.35459356,0.33692179,0.35244302,0.38817984,0.38896961,0.44573115,0.44984217,0.43939033,0.33297267,0.37032302,0.42784463,0.30444952,0.36515449,0.33993509,0.48311766,0.35657373,0.44544359,0.46431792,0.45868123,0.36746339,0.40088861,0.38480156,0.43974557,0.44672801,0.38625985,0.44268276,0.38878478,0.49443338,0.39451156,0.31191517,0.31166069,0.39849398,0.31853970,0.35764242,0.38612742,0.41578260,0.48585130,0.37535535,0.30954446,0.35602075,0.36343857,0.34730917,0.47660149,0.30444952,0.60266181,0.81022107,0.42111774,0.33300388,0.42450307,0.30185729,0.35485352,0.35315852,0.37916664,0.38911611,0.35150405,0.44730106,0.41729542,0.39853840,0.35780488,0.55470152,0.39040336,0.35185575,0.29489401,0.32730842,0.29183015,0.33858027,0.34115388,0.29244361,0.40047032,0.36827934,0.36072989,0.40518489,0.37446481,0.40603639,0.38512890,0.32929533,0.32175629,0.42409265,0.23106199,0.40643794,0.41579398,0.31122467,0.43009405,0.48246286,0.34666281,0.28472937,0.32417734,0.39182060,0.60041749,0.57463876,0.43777561,0.36632261,0.65237140,0.60602843,0.35896433,0.44292490,0.45988861,0.39875811,0.34627675,0.51198889,0.36611332,0.33214025,0.50783647,0.41863399,0.42383680,0.40272823,0.35597846,0.30213385,0.43752496,0.52489113,0.33646524,0.41482782,0.27239534,0.48064123,0.39204256,0.38743454,0.44677924,0.43337325,0.49046751,0.37003366,0.35468084,0.52545804,0.30751249,0.40390661,0.36762148,0.42304613,0.41228851,0.49473872,0.29526915,0.36048917,0.32451463,0.39493392,0.40199565,0.39552909,0.45412397,0.32599302,0.46904824,0.30237011,0.34538086,0.38315180,0.37583867,0.38596858,0.37741370,0.31728226,0.29244361,0.67780250,1.00000000,0.32898263,0.37463587,0.36596860,0.38353326,0.40625615,0.38804546,0.33681562,0.33218674,0.42116284,0.37215457,0.29075389,0.34688640,0.29355531,0.36529709,0.34901180,0.35388168,0.36278676,0.40279685,0.39737850,0.32613728,0.35191005,0.40883457,0.36626449,0.28007355,0.36151143,0.71548075,0.49473872,0.63178661,0.33483612,0.39092986,0.40435044,0.39683515,0.46166495,0.34927820,0.33771032,0.36247994,0.43857243,0.40536034,0.35133517,0.33877487,0.31344266,0.29280903,0.40189608,0.41103081
B1459,0.54173039,0.55115365,0.51010302,0.48098458,0.44698796,0.58659713,0.53269336,0.57111246,0.47408245,0.47744569,0.45566180,0.47992906,0.62134895,0.45411609,0.54784988,0.62507569,0.31445747,0.46865045,0.46555461,0.59081423,0.56982692,0.45249346,0.53632358,0.39193939,0.62154405,0.51929990,0.57274656,0.52460709,0.50141890,0.42068791,0.44910650,0.50463858,0.53107504,0.47392210,0.50273526,0.49466830,0.43120284,0.39068714,0.37731334,0.60078483,0.47817463,0.36057275,0.55976238,0.51524057,0.60561380,0.53374364,0.38363972,0.51304733,0.50239936,0.50092565,0.55565818,0.51180944,0.37530244,0.59574207,0.58548838,0.53866682,0.43350788,0.51308746,0.54505960,0.54124414,0.46261907,0.37910196,0.46251678,0.47403278,0.41279996,0.48221551,0.39148932,0.62568557,0.42983781,0.32902915,0.40265180,0.57502426,0.52042695,0.42507203,0.64977803,0.43268727,0.40578404,0.48374286,0.38707742,0.52106278,0.45680703,0.45034898,0.54108887,0.45718737,0.53258436,0.45641354,0.51037734,0.44801748,0.45374774,0.45889290,0.58666517,0.53834366,0.53916059,0.51746849,0.48384075,0.52832033,0.51286473,0.52533394,0.48676527,0.51611533,0.39790916,0.45353930,0.59791825,0.45980016,0.52393743,0.47617891,0.44970079,0.51160595,0.58169420,0.43826148,0.39252168,0.49393506,0.51240410,0.53582353,0.62624579,0.42882896,0.44849868,0.43208275,0.53145630,0.42383540,0.51162119,0.53703435,0.65321402,0.49729614,0.52609217,0.50791105,0.46581691,0.53452451,0.39915211,0.50109807,0.55450059,0.50603094,0.49479917,0.45728702,0.59930630,0.51259041,0.42872143,0.48903674,0.47544558,0.47562098,0.41975010,0.40729583,0.52526929,0.47834003,0.44291521,0.53582353,0.53841270,0.43752386,0.43062247,0.50594944,0.49962242,0.67470391,0.49434680,0.64309940,0.42354555,0.54614199,0.51585690,0.48891494,0.54950211,0.58519478,0.48668459,0.52936954,0.57459689,0.56492046,0.52009422,0.52416282,0.53391537,0.52641278,0.46770362,0.44115250,0.53190288,0.58546894,0.51102280,0.50471020,0.49038119,0.56193261,0.45012750,0.57105846,0.33676196,0.57693459,0.47057550,0.53116619,0.64699377,0.53131551,0.46834781,0.39778687,0.58155736,0.52968258,0.56494993,0.58826257,0.44006285,0.43597469,0.49713784,0.53478118,0.48906637,0.43841135,0.52706085,0.54412517,0.61229112,0.50090098,0.51139475,0.43058612,0.43399311,0.46853130,0.60227795,0.49139076,0.55459333,0.54836044,0.46539477,0.44165846,0.53161890,0.40257825,0.44585080,0.47189296,0.55120309,0.46652643,0.61983934,0.51526737,0.40399284,0.49588713,0.41640635,0.53269336,0.55616557,0.46991470,0.47809354,0.50028839,0.50067903,0.49748085,0.46853815,0.41581676,0.46791925,0.51603177,0.45449738,0.48259112,0.58646051,0.57535789,0.60516253,0.54249282,0.51997102,0.44675752,0.52628721,0.62343382,0.64760118,0.51247090,0.53048686,0.94293968,0.44115250,0.45068798,0.32898263,1.00000000,0.47338795,0.56141038,0.62452740,0.54683559,0.53269176,0.55070457,0.41282846,0.58140213,0.46149441,0.49347023,0.53270164,0.49290308,0.52041880,0.44478383,0.49953152,0.54073060,0.54046304,0.59503748,0.41326342,0.44915988,0.48935709,0.51030916,0.43105053,0.57235130,0.46616456,0.41581676,0.56151853,0.44429116,0.49915060,0.54551417,0.51826111,0.46561560,0.51860817,0.52022107,0.50955344,0.38545321,0.40202416,0.43598023,0.53385711,0.46348978,0.49333256,0.53908813,0.44606675
B1703,0.64817597,0.64077244,0.61756130,0.56831001,0.60962813,0.69865687,0.58083805,0.55452630,0.59233163,0.47739330,0.53070240,0.66207715,0.61028392,0.55259633,0.67514133,0.67316362,0.33122290,0.39940797,0.58882227,0.61444765,0.70032959,0.55285441,0.65020720,0.37682214,0.67299336,0.50425422,0.61454602,0.63571326,0.59910053,0.41617213,0.49403725,0.60846527,0.55577064,0.52447716,0.63586406,0.63554086,0.40788685,0.60261270,0.46377208,0.51344022,0.54437061,0.38875661,0.71263468,0.58376733,0.68964095,0.55115284,0.49891777,0.53567267,0.56246555,0.54727590,0.62362177,0.60223832,0.47990510,0.67952135,0.61029573,0.55533833,0.41535853,0.55554450,0.59263283,0.61390420,0.54826064,0.40751948,0.55175929,0.53615752,0.41091821,0.46835361,0.45092776,0.54902641,0.50656682,0.38212259,0.61486806,0.54733338,0.62862192,0.56726023,0.50942326,0.40585932,0.46759945,0.60433687,0.46353750,0.46058333,0.55712449,0.47878044,0.60347904,0.57614720,0.52671489,0.53217888,0.52480806,0.62523321,0.49042878,0.66351156,0.52066555,0.53337841,0.66857101,0.58097074,0.44435774,0.57064885,0.61285109,0.60888796,0.50001991,0.47744429,0.44709397,0.54766843,0.71406686,0.51189576,0.56157287,0.50149023,0.44618446,0.62730139,0.60449213,0.53425965,0.63035005,0.46231214,0.59141785,0.42035483,0.61682530,0.51846515,0.34550073,0.61773278,0.50148478,0.53477097,0.62709280,0.60189077,0.59360328,0.47953979,0.55592917,0.60100746,0.44709053,0.62461891,0.43726526,0.45724015,0.63405645,0.64353566,0.53583631,0.62361867,0.53338697,0.61325313,0.49968876,0.57383976,0.46268570,0.59580554,0.57377748,0.47297594,0.64967814,0.49610018,0.65620600,0.42035483,0.59844391,0.44019316,0.59783125,0.70241395,0.48994684,0.49388205,0.47878698,0.62742283,0.58730146,0.61694244,0.62445716,0.50221653,0.49219909,0.66047151,0.40486878,0.60561094,0.65724691,0.53665095,0.46608631,0.52615446,0.56965904,0.63679904,0.53238417,0.57350462,0.64004503,0.57538106,0.62022725,0.57200626,0.61179704,0.50833493,0.44571793,0.53570767,0.45577226,0.63839595,0.47834305,0.64859020,0.56020805,0.64006793,0.59858975,0.44357777,0.55428079,0.65780733,0.66457608,0.46852729,0.37253771,0.45793147,0.43310059,0.39975899,0.36808500,0.46547401,0.55968072,0.55095903,0.51078548,0.54005995,0.67876038,0.51325277,0.54915892,0.40219157,0.53070639,0.43190705,0.55403836,0.52911877,0.40465853,0.39909653,0.48745623,0.49606020,0.55843379,0.52898119,0.54535710,0.51731714,0.51099691,0.61936850,0.45069294,0.51966086,0.46344994,0.58083805,0.64290994,0.56789675,0.46612045,0.53027627,0.52068616,0.48820592,0.50685587,0.32056426,0.53535079,0.46834088,0.40809457,0.55246541,0.66478798,0.54751886,0.61569803,0.49476394,0.62208262,0.50241273,0.67055120,0.60780800,0.51489480,0.57696583,0.57141834,0.45536957,0.57350462,0.53573595,0.37463587,0.47338795,1.00000000,0.61663107,0.55612688,0.53014595,0.54957706,0.65344743,0.58329882,0.63554945,0.51860459,0.52020131,0.54039644,0.47656419,0.62729255,0.50102731,0.49304912,0.58184835,0.62527387,0.52753647,0.67234909,0.38070134,0.54789985,0.65958769,0.63870450,0.66754864,0.36367248,0.32056426,0.42559839,0.57210456,0.45790080,0.62409556,0.83650976,0.58066735,0.65854438,0.54361729,0.57513401,0.45139835,0.52648314,0.56457076,0.55661956,0.52969191,0.65282901,0.62166839,0.65963353
B1873,0.56766246,0.50736739,0.47791784,0.44251140,0.50617539,0.61313324,0.52646703,0.51210481,0.44583989,0.43652778,0.43564752,0.56358549,0.59280974,0.52163609,0.58059148,0.56387297,0.31560208,0.45971663,0.41536911,0.58023617,0.66353410,0.47976168,0.59873807,0.34795588,0.56213094,0.46937923,0.47868349,0.53892472,0.45604489,0.42602989,0.46232735,0.65461952,0.63303124,0.47062089,0.52537360,0.57716179,0.31332923,0.51920938,0.35359053,0.43983667,0.51328105,0.38879841,0.60604106,0.52557636,0.59571589,0.56714282,0.44922360,0.53006193,0.48996457,0.46414065,0.60740387,0.56748290,0.40545662,0.59462812,0.57767405,0.52867790,0.39529908,0.54189782,0.62410854,0.60715759,0.49873712,0.40403601,0.48752138,0.60631826,0.33068830,0.62085794,0.50421184,0.54497649,0.49171390,0.34587442,0.54253514,0.51385283,0.56743710,0.46582061,0.48790118,0.35438888,0.40865879,0.53957048,0.38632172,0.50708363,0.45382197,0.37886742,0.58920620,0.50319285,0.46448077,0.49641756,0.44739508,0.54592881,0.39719191,0.65719123,0.64158418,0.48693761,0.62206715,0.53125463,0.44438515,0.52033643,0.55421690,0.56158351,0.52291384,0.53783651,0.41732031,0.47836204,0.66314785,0.58523193,0.44373317,0.60487456,0.55921216,0.57605298,0.63323247,0.47935474,0.57531867,0.51262010,0.52607043,0.63189063,0.49797701,0.45669028,0.43833639,0.50011569,0.49085607,0.51447874,0.61649251,0.64582375,0.64269558,0.43086302,0.54253939,0.53701615,0.47417348,0.61458667,0.47486058,0.50215258,0.66144823,0.48513788,0.47841167,0.61913651,0.66675624,0.58997782,0.48717519,0.56312280,0.42243657,0.58414152,0.54906221,0.47829167,0.59748448,0.39671636,0.59019125,0.63189063,0.57601888,0.44235690,0.59500913,0.59852961,0.59476602,0.45601375,0.45555283,0.73896724,0.58180343,0.69388079,0.58949289,0.56134324,0.41365855,0.62766986,0.39324704,0.53867358,0.65961363,0.71312444,0.59971750,0.71074810,0.55126177,0.66918598,0.54481539,0.62350863,0.65193628,0.69974562,0.59025261,0.61232316,0.72320060,0.51786505,0.55852419,0.52230176,0.34815613,0.59396422,0.46181401,0.61866373,0.61929248,0.60660320,0.54721287,0.42000092,0.67218356,0.49590404,0.58811453,0.54829831,0.34008769,0.41922293,0.38012734,0.56915587,0.40408342,0.41020918,0.57405427,0.53618502,0.53189279,0.47222254,0.51795583,0.44007330,0.51340158,0.45639844,0.53070781,0.46465087,0.69119307,0.67154416,0.44515900,0.43009293,0.54405649,0.43423096,0.50303748,0.47748229,0.43850351,0.55007810,0.65978565,0.55184500,0.53952469,0.60780186,0.40592466,0.52646703,0.63138457,0.48753007,0.47501405,0.54521629,0.43737004,0.59364739,0.43265156,0.31501037,0.57356665,0.60958305,0.41957524,0.49740911,0.66051000,0.42518712,0.56048692,0.40364944,0.49034021,0.49896624,0.63222269,0.54314843,0.67435130,0.65559626,0.61662915,0.54060131,0.62350863,0.47077497,0.36596860,0.56141038,0.61663107,1.00000000,0.57394555,0.66724321,0.61302618,0.64529776,0.43010737,0.60964463,0.46467976,0.53809718,0.53083627,0.60673779,0.62709987,0.55423704,0.62946894,0.65216629,0.62364377,0.48514951,0.58857501,0.49206887,0.52957668,0.62100864,0.56798658,0.58700177,0.38255151,0.31501037,0.50377728,0.54320623,0.52252866,0.55523111,0.68684005,0.47653602,0.63554012,0.58911774,0.50458048,0.38287273,0.44881787,0.41543554,0.73957824,0.60652607,0.55321179,0.61812695,0.57267243
B1874,0.54475405,0.47549904,0.46507867,0.48781944,0.41698881,0.53330883,0.54746705,0.50700281,0.49245260,0.54764462,0.57385617,0.58167569,0.74926794,0.55574573,0.52437235,0.56682068,0.44090779,0.48652849,0.46610538,0.49556024,0.55435117,0.32839125,0.48829021,0.30819503,0.57108793,0.47978425,0.45570616,0.51029082,0.58381272,0.30797711,0.40877437,0.58702090,0.63097247,0.54538270,0.58289557,0.58835151,0.44378955,0.52647999,0.44534391,0.70594585,0.58574677,0.44781836,0.53897730,0.55842888,0.56436931,0.68025367,0.51353329,0.46247266,0.48848836,0.54819967,0.57169929,0.53188237,0.49642448,0.56365370,0.49641371,0.53301821,0.51333608,0.49252992,0.49705571,0.48081236,0.43617441,0.45970059,0.56856522,0.50060657,0.46776744,0.64377655,0.52927024,0.60856497,0.44968239,0.40300757,0.47733103,0.55150113,0.50095403,0.39487295,0.72892565,0.44196774,0.45600996,0.52689099,0.43193911,0.54927401,0.50106523,0.45261512,0.56613386,0.53841578,0.53370694,0.50018373,0.44313528,0.52787707,0.47924749,0.49018142,0.52832075,0.61256593,0.53652316,0.53399470,0.50134365,0.58699814,0.48227391,0.57569109,0.48498150,0.63390295,0.40588632,0.54764445,0.64092783,0.58829875,0.57719294,0.47785265,0.48159649,0.54026613,0.50692814,0.49655322,0.49612032,0.49560204,0.45676980,0.31424389,0.66908040,0.43010310,0.41804990,0.53288405,0.50421279,0.59916073,0.57124071,0.61476174,0.48324070,0.49560852,0.50776150,0.52622858,0.52896850,0.55236901,0.50442206,0.55392425,0.51792182,0.45389042,0.39584636,0.56878149,0.53512929,0.61969993,0.53445180,0.47989073,0.51477629,0.49817817,0.43814568,0.40185952,0.53882386,0.52938228,0.58349103,0.31424389,0.62483804,0.45852881,0.55628053,0.54449767,0.53282208,0.72939017,0.47261110,0.58937478,0.52738326,0.50844052,0.62624439,0.49125246,0.44995206,0.66005241,0.42389601,0.59709657,0.52258106,0.43232210,0.34240577,0.43212978,0.47083096,0.47979317,0.39182939,0.42072528,0.48673152,0.54643727,0.62680272,0.50305613,0.48538063,0.51133402,0.48622463,0.45305688,0.48268645,0.57501086,0.46419521,0.53773477,0.50627735,0.57843245,0.50453492,0.42406128,0.49265903,0.45252274,0.58130622,0.54542369,0.39267243,0.39520804,0.56180903,0.40617737,0.44338959,0.44980294,0.44427452,0.50081455,0.47659204,0.57469950,0.56733846,0.48253977,0.54654969,0.49315765,0.71599490,0.43903661,0.45245031,0.43085520,0.49285073,0.38799515,0.56682961,0.43848339,0.54371146,0.53199302,0.57324337,0.44232209,0.44929233,0.58973298,0.48843648,0.52335837,0.41619070,0.54746705,0.55102726,0.58848043,0.47904121,0.50669183,0.54297786,0.53272445,0.50985094,0.46005600,0.64609182,0.57858606,0.42359053,0.47048867,0.52071350,0.57258591,0.66733359,0.66714463,0.64577131,0.53151686,0.54410804,0.58113044,0.50202183,0.50857206,0.57396211,0.63091533,0.42072528,0.57616832,0.38353326,0.62452740,0.55612688,0.57394555,1.00000000,0.42791982,0.43184619,0.55819313,0.39172137,0.59689516,0.37443237,0.51681177,0.51017938,0.43112540,0.43955337,0.54913120,0.65766695,0.51573473,0.56436498,0.64463507,0.49972508,0.49616760,0.48137644,0.49258274,0.49443710,0.50630965,0.40299807,0.46005600,0.55298283,0.46285577,0.47160224,0.58480525,0.60861101,0.49516733,0.58186953,0.45664922,0.53423639,0.41837867,0.46318779,0.43978358,0.49718021,0.48043698,0.55208437,0.55189062,0.53006571
B2125,0.47561399,0.51629748,0.46953889,0.49881151,0.48885858,0.54163702,0.53806535,0.52663786,0.51368366,0.39574699,0.41335378,0.48319669,0.51863960,0.56183195,0.60818422,0.58929628,0.44802288,0.56562131,0.44644989,0.62961691,0.66228292,0.62036530,0.61597456,0.40099691,0.58666088,0.50540620,0.55313450,0.55123677,0.42197044,0.49614216,0.52746145,0.55013992,0.51753599,0.43832148,0.45969522,0.48050917,0.32956027,0.44533155,0.36645124,0.39327224,0.52246941,0.51380594,0.53190231,0.56414729,0.54342474,0.58899034,0.40172779,0.67761559,0.46689784,0.45644789,0.48585733,0.62591449,0.46943483,0.54641826,0.62920741,0.51612064,0.31460092,0.57890644,0.77670364,0.59657296,0.60407194,0.37881771,0.43981296,0.56341624,0.35462638,0.44030288,0.38463093,0.59328724,0.43389784,0.31723868,0.48373514,0.52444272,0.50642782,0.45279460,0.42961777,0.37451622,0.41982270,0.53330786,0.42128874,0.45027638,0.43063505,0.35964836,0.70688265,0.43482967,0.46123991,0.48596737,0.44215177,0.47696436,0.42621782,0.57608936,0.53412750,0.38716087,0.53807110,0.57186051,0.45865502,0.56940973,0.49303018,0.46116163,0.50986191,0.46843076,0.54543502,0.42442878,0.51410743,0.49252584,0.37896613,0.66510578,0.58796446,0.53593229,0.64537252,0.49675925,0.46991181,0.66932741,0.56678209,0.64499950,0.48352262,0.35365140,0.47435311,0.40391196,0.50501339,0.42218566,0.71384123,0.50516555,0.62098201,0.47621375,0.57532426,0.54453534,0.56221358,0.59593015,0.60516585,0.54229834,0.67149677,0.51297903,0.59549048,0.55807680,0.62964726,0.41873434,0.43040567,0.49537908,0.49084409,0.49306736,0.41141224,0.51015349,0.48063811,0.37908808,0.47156443,0.64499950,0.54939804,0.48690841,0.44522235,0.55567672,0.47115438,0.40658320,0.57832767,0.57324549,0.44839458,0.70711562,0.42051443,0.54034495,0.46088267,0.49358926,0.45259550,0.53191454,0.64031829,0.68505544,0.59713969,0.64153109,0.54664517,0.57236177,0.51187761,0.49386259,0.65285708,0.61728524,0.41643407,0.60039594,0.62266340,0.49623620,0.57790358,0.53734315,0.33366854,0.51621466,0.40285867,0.59397170,0.61757643,0.43802696,0.45146104,0.41920979,0.58265728,0.50128371,0.49577027,0.58141837,0.37515421,0.41132896,0.42032621,0.57487654,0.43705109,0.44862101,0.56515985,0.62239778,0.51617384,0.53555577,0.50673353,0.48719205,0.43704652,0.56266904,0.49338578,0.64046248,0.79789806,0.99414716,0.42055408,0.50065805,0.48031838,0.46576715,0.40499231,0.47749640,0.43193347,0.57619095,0.75691475,0.51191134,0.59202187,0.71567217,0.41707052,0.53806535,0.58849574,0.47758430,0.36796096,0.68352132,0.39256404,0.46977360,0.46619323,0.41318870,0.43149558,0.46879525,0.62392202,0.56369066,0.64195575,0.42166676,0.47341569,0.31837285,0.47715759,0.35808664,0.59994346,0.56851067,0.59946905,0.59993923,0.50814424,0.53387735,0.49386259,0.45449917,0.40625615,0.54683559,0.53014595,0.66724321,0.42791982,1.00000000,0.70175240,0.54495980,0.40710408,0.58435783,0.55731192,0.41464636,0.55675112,0.45305595,0.57138323,0.39607919,0.52069779,0.60654347,0.48756482,0.50311531,0.50389699,0.38528046,0.55493871,0.56530172,0.47098923,0.69753120,0.42996580,0.41318870,0.44984612,0.39990364,0.48547229,0.49663439,0.62482937,0.58750856,0.50795475,0.47949347,0.48094216,0.41662068,0.45940822,0.46880448,0.58363399,0.43882415,0.45802557,0.49455000,0.46885618
B2133,0.49845656,0.50339367,0.43434027,0.51432697,0.52386455,0.52259805,0.49515703,0.49726994,0.41643191,0.34739367,0.37556272,0.44354924,0.49161265,0.54438112,0.59981330,0.58198791,0.41535945,0.52596859,0.41705248,0.63387843,0.66762815,0.55195102,0.53091749,0.40480822,0.57849742,0.45649880,0.56686848,0.48454100,0.46455149,0.44221002,0.46886137,0.57487971,0.56426582,0.44547458,0.42433690,0.50202964,0.32753849,0.41598524,0.34913319,0.40752943,0.50662127,0.46522695,0.55409298,0.55641362,0.57919127,0.50939943,0.46201536,0.66146891,0.45773028,0.41473627,0.49613108,0.58128500,0.42146467,0.54789822,0.63638366,0.47765697,0.30724097,0.55772962,0.76239326,0.54280914,0.56532612,0.42763412,0.54255304,0.64309670,0.41263372,0.46637848,0.46860753,0.54758765,0.41681285,0.37853369,0.43229294,0.52126308,0.47640891,0.45293539,0.44274941,0.39242813,0.40303273,0.49649578,0.40604411,0.38959466,0.43046472,0.43358092,0.67067383,0.42755623,0.43076660,0.48214347,0.53415149,0.45682614,0.44927558,0.64114919,0.48413051,0.42394322,0.57815229,0.52162909,0.46008101,0.53338081,0.47603364,0.50783457,0.45277889,0.41748228,0.50242613,0.54002481,0.53275948,0.49835541,0.42789440,0.63731133,0.57504898,0.49960046,0.58929317,0.50681496,0.47183298,0.61040080,0.52386944,0.62433353,0.52054391,0.40904295,0.45683923,0.42752912,0.51895113,0.45613901,0.74550958,0.48132458,0.62786540,0.51929050,0.56185989,0.52752959,0.51438944,0.59217840,0.55051106,0.55687210,0.68378687,0.47820345,0.59443816,0.58150134,0.61838106,0.46147364,0.41990756,0.48079875,0.44811989,0.58274472,0.54560776,0.47855266,0.48384423,0.34255823,0.46740903,0.62433353,0.47415226,0.44034817,0.51922722,0.58898087,0.44551432,0.43215554,0.54478440,0.55337434,0.47018352,0.68848568,0.45866932,0.59081443,0.47641858,0.47497449,0.43679024,0.53551838,0.61114077,0.65610301,0.62825013,0.61074347,0.55631190,0.62310600,0.61689639,0.56782033,0.62661759,0.55137900,0.46349102,0.65971327,0.56223169,0.53229994,0.57965388,0.49472917,0.27947490,0.49077286,0.39558882,0.59770056,0.55982552,0.46144979,0.47042249,0.42935240,0.53481963,0.50858271,0.51697313,0.59358141,0.38475409,0.40184818,0.37011924,0.54306285,0.40911586,0.39319291,0.57694705,0.62888171,0.51941593,0.56389028,0.48521943,0.45698114,0.48309135,0.51948718,0.54012629,0.63613158,0.70781610,0.70638559,0.40623585,0.47319117,0.48642330,0.44117338,0.45802713,0.43684006,0.47424332,0.59764871,0.62303515,0.43586096,0.61347127,0.63981838,0.44124132,0.49515703,0.55796181,0.41363477,0.51489484,0.62903162,0.43101462,0.44417046,0.47766668,0.39645929,0.46897779,0.52094554,0.57746212,0.54192428,0.61277490,0.41367343,0.51363697,0.35250926,0.51605931,0.41116238,0.53438431,0.57176011,0.58779383,0.62424071,0.60483080,0.53614009,0.56782033,0.41156995,0.38804546,0.53269176,0.54957706,0.61302618,0.43184619,0.70175240,1.00000000,0.61407585,0.39626793,0.61453819,0.55870985,0.44178722,0.52346514,0.53144488,0.54674123,0.49474992,0.53601997,0.65419736,0.52759031,0.49299506,0.48700974,0.43917942,0.49915813,0.56636586,0.51484419,0.65035743,0.39664331,0.39645929,0.44897225,0.56385077,0.48470644,0.49675964,0.63089261,0.62230449,0.53214166,0.59078257,0.51662337,0.40937124,0.46598569,0.47716040,0.55960559,0.53241541,0.43527408,0.52943580,0.48283944
B2696,0.66117165,0.63222310,0.55108166,0.58723037,0.55922112,0.71169033,0.60495103,0.53283491,0.56613766,0.44367257,0.42385440,0.61480105,0.60508407,0.55029644,0.68330739,0.69667795,0.31774886,0.43448388,0.55329684,0.67226095,0.71984837,0.54359717,0.69821642,0.37175712,0.69306974,0.55324896,0.59594753,0.61744124,0.53494763,0.48502936,0.47937563,0.69414507,0.66373480,0.59205518,0.56609385,0.62706319,0.37467363,0.60928127,0.43531168,0.54794043,0.55902378,0.39350078,0.67224270,0.59347880,0.71172003,0.54217357,0.45719642,0.52680812,0.58205281,0.55394313,0.69424580,0.58418633,0.42938553,0.75282389,0.66965655,0.52203407,0.37756116,0.52094958,0.57039633,0.67182216,0.56017556,0.43983479,0.51348978,0.52455820,0.38612509,0.50231323,0.47219552,0.59820040,0.52441011,0.40932315,0.55322594,0.56499503,0.60066432,0.60777695,0.47742952,0.37923859,0.46253210,0.57236171,0.44936871,0.46851929,0.56309296,0.41494218,0.57468833,0.55579201,0.51964408,0.52543261,0.53733904,0.55976888,0.44443420,0.57523299,0.63914419,0.49038781,0.72208739,0.54229341,0.41597657,0.44621384,0.66439269,0.59070694,0.53798425,0.45944297,0.37032932,0.50590948,0.64487676,0.48013036,0.49020423,0.48321921,0.40512124,0.56977674,0.57951857,0.44398983,0.50862772,0.49225576,0.61040401,0.49430359,0.60332607,0.50223701,0.41316817,0.49581272,0.45903026,0.48464622,0.59542948,0.64065140,0.67439306,0.44835323,0.53363339,0.55855507,0.42075629,0.58584564,0.45197782,0.48371094,0.60719910,0.60165985,0.58499154,0.60631913,0.60370204,0.59373687,0.46839584,0.56765059,0.43672661,0.70909929,0.69298320,0.46657399,0.68590858,0.49377464,0.60448825,0.49430359,0.57152447,0.43523623,0.55841630,0.70074697,0.50381750,0.48605294,0.48202963,0.65980107,0.52380227,0.59951275,0.59697130,0.50940894,0.43042752,0.67324971,0.38544832,0.56435834,0.66044921,0.62240244,0.45625598,0.56410570,0.55140183,0.67426906,0.61394372,0.69256411,0.57628908,0.60713967,0.59380156,0.60545389,0.56936766,0.52224314,0.40616203,0.49644370,0.44258588,0.68607894,0.48113483,0.65333224,0.53869577,0.69315265,0.61509091,0.44921572,0.57466997,0.63135461,0.64603937,0.47127740,0.37743555,0.48072978,0.38159103,0.45987407,0.37562185,0.48329233,0.53838327,0.53471932,0.55098731,0.51591153,0.64985398,0.51736263,0.50791908,0.43915743,0.56379402,0.43208140,0.53208319,0.54696788,0.42774619,0.38267182,0.50049365,0.47973611,0.52522818,0.51682383,0.57632179,0.53337465,0.54422468,0.61441228,0.49989995,0.55956397,0.37667821,0.60495103,0.70542933,0.55077052,0.56968514,0.50633203,0.47974900,0.50241292,0.47600553,0.28943768,0.55975785,0.51897822,0.38563605,0.49880441,0.65924376,0.52213456,0.62526131,0.51560366,0.50214229,0.46980052,0.69654539,0.67601655,0.58011465,0.60128595,0.61095523,0.54379170,0.69256411,0.50085860,0.33681562,0.55070457,0.65344743,0.64529776,0.55819313,0.54495980,0.61407585,1.00000000,0.51902936,0.65926165,0.53472985,0.48061648,0.49198047,0.53920491,0.65309377,0.51636736,0.54475168,0.59839977,0.66512459,0.54965035,0.55140868,0.42995583,0.50383692,0.63834805,0.57500627,0.65784320,0.34884150,0.28943768,0.42900789,0.63142166,0.45139994,0.55025173,0.69691457,0.59759734,0.64445895,0.61518369,0.55423809,0.44219794,0.50330313,0.50221069,0.67138781,0.65422661,0.64269943,0.66460578,0.63566269
B3567,0.49322035,0.55213744,0.48193930,0.52739585,0.46266701,0.58725706,0.53039177,0.42112861,0.48403348,0.41592746,0.45277199,0.51231591,0.47024287,0.39738573,0.62274608,0.59782821,0.23684422,0.32150730,0.53522330,0.51921260,0.54704218,0.48711761,0.59404727,0.45319613,0.59389858,0.39142748,0.53023279,0.46562239,0.48069242,0.38704644,0.37304382,0.47198817,0.37514304,0.47804222,0.58054962,0.56145355,0.39009038,0.52192175,0.40860767,0.39100346,0.44654108,0.27097339,0.49741136,0.45275168,0.56441014,0.39540941,0.30278637,0.36376199,0.56021652,0.57330333,0.54405184,0.39665231,0.42018492,0.52959742,0.51595600,0.44400646,0.39977278,0.40933571,0.41838287,0.60128277,0.40147556,0.31446837,0.41104435,0.35119516,0.32153202,0.26838405,0.32265165,0.44207631,0.43222906,0.34156838,0.52329840,0.46140463,0.44502689,0.55418529,0.37026327,0.27004346,0.46195951,0.50326885,0.47781554,0.44848546,0.52743586,0.33838617,0.40999791,0.40374392,0.41063722,0.44728418,0.43040161,0.53229804,0.34883494,0.43501687,0.47087356,0.35752381,0.54544402,0.49643609,0.34968715,0.42428105,0.54100837,0.42889438,0.46077024,0.29263160,0.31503895,0.40499835,0.49442803,0.30731563,0.49909287,0.35168214,0.29778455,0.51392109,0.50909032,0.37016155,0.47031580,0.35264197,0.55699514,0.33877041,0.52262655,0.39779011,0.28055118,0.55099244,0.42354878,0.37711591,0.49417185,0.45699779,0.48646852,0.38422208,0.40683863,0.39105713,0.37662557,0.43740756,0.29010920,0.41251148,0.51128329,0.53649042,0.51004904,0.37440521,0.34397676,0.38323732,0.43503562,0.42191637,0.43356602,0.40443091,0.36195263,0.37457278,0.53332784,0.47377899,0.47339162,0.33877041,0.48299108,0.41988959,0.39227235,0.64057414,0.34075537,0.37427765,0.35879789,0.46036606,0.40827742,0.49959101,0.38724522,0.40002209,0.43822181,0.58245736,0.27014869,0.59964129,0.57998169,0.44668310,0.36469994,0.40534524,0.47747401,0.44291595,0.42530551,0.36223641,0.56540171,0.37585125,0.38489078,0.41550232,0.45786882,0.39935612,0.29550496,0.34901796,0.44782108,0.54689996,0.43471183,0.51893702,0.43213877,0.52632963,0.50654759,0.41720291,0.41819502,0.49731450,0.47185327,0.41588569,0.40166204,0.51252540,0.40714685,0.28750156,0.35174215,0.45235429,0.46914460,0.43165679,0.40798879,0.38939955,0.53071996,0.50484385,0.42525548,0.32978268,0.44293844,0.34534103,0.42430965,0.40423658,0.30038685,0.25715635,0.34573400,0.42617956,0.37791127,0.44580755,0.41476593,0.45121193,0.37307590,0.54263911,0.33468276,0.37350500,0.29488807,0.53039177,0.52316959,0.41841964,0.34435232,0.37229819,0.51986671,0.33941429,0.42744608,0.21317505,0.34260854,0.30506588,0.29545836,0.43682394,0.58827567,0.49607363,0.48325499,0.37706362,0.47380486,0.36577301,0.52149488,0.47470016,0.43996082,0.39613353,0.33783877,0.40112664,0.36223641,0.38860354,0.33218674,0.41282846,0.58329882,0.43010737,0.39172137,0.40710408,0.39626793,0.51902936,1.00000000,0.47688526,0.49494763,0.33371174,0.35143127,0.38688954,0.57450561,0.35344095,0.32654689,0.41103426,0.43893463,0.39898825,0.49394013,0.25724153,0.52974438,0.60734767,0.51749346,0.57562770,0.34886815,0.21317505,0.34944664,0.33050135,0.33992457,0.47839724,0.60417943,0.49903074,0.42230940,0.40539640,0.42754861,0.46332136,0.50094815,0.54390406,0.38201306,0.43782436,0.51010685,0.43897835,0.40004478
B4826,0.62115484,0.64138295,0.55061190,0.62647868,0.55902672,0.65753944,0.66358871,0.65372985,0.65919949,0.55000930,0.55708195,0.66625365,0.61784336,0.58516190,0.70003206,0.76319817,0.38942243,0.52777666,0.64411466,0.60863027,0.68084106,0.53585984,0.61497368,0.45005009,0.76407266,0.59138228,0.65836188,0.60792946,0.57606763,0.46878167,0.58558374,0.69348682,0.65435031,0.57181581,0.58048734,0.62889252,0.44937794,0.58056851,0.49359287,0.50538717,0.61971144,0.41797963,0.66014133,0.73091479,0.72878771,0.60716216,0.53335308,0.62700295,0.59115627,0.59149708,0.68016627,0.60155057,0.48644070,0.69104594,0.60811148,0.56471770,0.48505397,0.72815408,0.63579551,0.59595062,0.60285092,0.58120414,0.69252995,0.60112042,0.54225912,0.56907585,0.57029090,0.80272593,0.53581415,0.54982076,0.54078686,0.61579696,0.59681012,0.51025910,0.54875180,0.46144081,0.50378791,0.57442599,0.46886680,0.47262641,0.60374463,0.56389070,0.67331935,0.58101811,0.55440700,0.60047417,0.56305664,0.59074474,0.48884448,0.56934105,0.52627529,0.48547006,0.67326974,0.61194670,0.43029145,0.58540504,0.57238256,0.69609847,0.51205621,0.49251083,0.54417978,0.68473269,0.74544830,0.55875909,0.58386411,0.59190633,0.51765002,0.75837913,0.55430895,0.54947485,0.49750370,0.61593554,0.58614086,0.44231415,0.64334726,0.45615089,0.54206749,0.56574941,0.61947573,0.54132006,0.65446069,0.62245776,0.61510084,0.53799623,0.73176934,0.72204830,0.51375426,0.63758812,0.48163472,0.58280399,0.62858143,0.59068920,0.56214540,0.65592874,0.61868587,0.58450796,0.50197915,0.50519637,0.52194834,0.61039768,0.55970620,0.47619813,0.66522995,0.52137869,0.52512495,0.44231415,0.64089404,0.52081303,0.63649936,0.66074411,0.48728538,0.54845662,0.53686354,0.60419378,0.54728691,0.61466278,0.58706233,0.64893792,0.56644220,0.70849620,0.54919124,0.68944004,0.58431108,0.56333665,0.46044751,0.53371515,0.56721907,0.63664790,0.57796305,0.54821245,0.59139460,0.54230963,0.57918400,0.65714376,0.56555654,0.51616303,0.52424001,0.52507761,0.42978201,0.70566451,0.50920532,0.55085288,0.55600099,0.61985452,0.56766964,0.58199969,0.51738488,0.60943570,0.64863980,0.60126920,0.49229655,0.50850209,0.49955329,0.42842110,0.49252439,0.55087847,0.55175868,0.59582963,0.52973605,0.66314462,0.70142872,0.64917682,0.63113925,0.51962531,0.59779948,0.55581527,0.59774765,0.58930722,0.46494037,0.35543995,0.52740353,0.59635816,0.64775798,0.62147307,0.56106457,0.63194964,0.53913355,0.65910997,0.44499633,0.52395978,0.54191922,0.66358871,0.71955517,0.55886858,0.49291261,0.64613871,0.56405967,0.48664941,0.60228023,0.35748641,0.57537776,0.61500201,0.50937887,0.59369180,0.58363451,0.60120328,0.56299311,0.47663099,0.53709407,0.47464555,0.69500272,0.72108695,0.52244416,0.61525519,0.67561057,0.57676605,0.54821245,0.53419601,0.42116284,0.58140213,0.63554945,0.60964463,0.59689516,0.58435783,0.61453819,0.65926165,0.47688526,1.00000000,0.56996721,0.52862152,0.55023248,0.48332283,0.56340190,0.57589744,0.62928564,0.69708484,0.67819908,0.57873267,0.53320554,0.48736405,0.56500012,0.57500069,0.57844364,0.66894376,0.47671272,0.35748641,0.50291863,0.59408740,0.49021034,0.61850282,0.67773355,0.69255186,0.66309830,0.57462026,0.56119115,0.47198346,0.53093978,0.54224611,0.52707030,0.53903954,0.63444547,0.66365248,0.59805400
B4913,0.49647713,0.58861122,0.43408082,0.55358245,0.47460123,0.54741560,0.58478761,0.43037131,0.47333566,0.40592861,0.45335658,0.48279980,0.47468846,0.45029303,0.63952480,0.65084465,0.38870225,0.45786155,0.54208033,0.74596602,0.65216544,0.69129471,0.62964434,0.34442428,0.64769460,0.48635451,0.68169781,0.50424453,0.53074371,0.45207301,0.37557974,0.46161425,0.40196016,0.55118063,0.49893259,0.54524952,0.43853476,0.48876690,0.48384318,0.36916780,0.54465142,0.41249182,0.48649042,0.57000722,0.58398684,0.48256031,0.36696178,0.52482691,0.61603252,0.51454862,0.55052718,0.49502345,0.46160787,0.53006766,0.73886359,0.48669943,0.35313367,0.53615765,0.56047719,0.69502535,0.52000247,0.32221365,0.39519257,0.49761631,0.31552056,0.34188660,0.35950391,0.57793330,0.34748629,0.39913587,0.55235998,0.54585642,0.48092635,0.51533340,0.36633173,0.33491433,0.51956992,0.47995091,0.50016495,0.43525443,0.55418861,0.34316492,0.51165069,0.43907348,0.43484284,0.41477262,0.49846798,0.54498621,0.39983946,0.42636351,0.53627688,0.35467393,0.54027647,0.50094700,0.42018475,0.53449878,0.49217841,0.39088846,0.45861539,0.30750146,0.42689764,0.38861499,0.44214902,0.40941894,0.40750356,0.47116763,0.45009514,0.49029662,0.62869000,0.44845698,0.38073838,0.54784077,0.55970301,0.51743999,0.53323190,0.41884416,0.35688651,0.42766277,0.46451303,0.43638915,0.59013470,0.39302091,0.57230616,0.54120348,0.54123043,0.50101735,0.48016073,0.49106166,0.45616003,0.47904798,0.61070589,0.51861520,0.68576125,0.38962723,0.49602685,0.32741632,0.43743853,0.54503956,0.47833943,0.39971921,0.33401758,0.42072057,0.57319176,0.46555666,0.41896176,0.51743999,0.51019849,0.43050439,0.32454479,0.59297725,0.39736790,0.36914274,0.48085876,0.49161479,0.35370876,0.58780306,0.33003080,0.53189822,0.44615378,0.43795666,0.34475357,0.53718244,0.57087820,0.55283496,0.48699478,0.53574114,0.55083040,0.53264420,0.56344680,0.49491683,0.60609692,0.40927744,0.31894168,0.55930070,0.48178600,0.42838720,0.44794808,0.51077724,0.38808509,0.44002176,0.32935006,0.61002355,0.47354513,0.49857337,0.57847828,0.43446146,0.54062368,0.58607233,0.44036447,0.41529125,0.38275955,0.38440482,0.41441572,0.38815873,0.37074345,0.37963898,0.59903224,0.49728797,0.49178693,0.48749276,0.55345969,0.48787003,0.35438277,0.45654257,0.52645093,0.45976670,0.53214524,0.55525984,0.27904732,0.35642076,0.36195932,0.44858295,0.33595579,0.41523811,0.42303326,0.55894283,0.50171368,0.51987339,0.46328531,0.52629045,0.37358734,0.58478761,0.56981500,0.37319581,0.32504464,0.53419302,0.40327337,0.39585693,0.52435576,0.38091008,0.40375174,0.39991040,0.48200364,0.54560860,0.58059091,0.43656512,0.48994672,0.34238902,0.46626082,0.33489054,0.50594203,0.56248549,0.51777278,0.56300889,0.44496097,0.44473575,0.49491683,0.44573090,0.37215457,0.46149441,0.51860459,0.46467976,0.37443237,0.55731192,0.55870985,0.53472985,0.49494763,0.56996721,1.00000000,0.28621661,0.36454165,0.36594398,0.57123870,0.35920901,0.36013684,0.54452409,0.40069229,0.43866041,0.40143758,0.27001353,0.45738397,0.56472478,0.45791509,0.73229745,0.32885824,0.38091008,0.35508057,0.33875078,0.30330131,0.43340601,0.58730627,0.63059133,0.36014564,0.40331774,0.47609982,0.51786901,0.58359014,0.58979971,0.37083547,0.43707251,0.54397547,0.40169158,0.34277575
B4925,0.45855219,0.42439860,0.40628898,0.39894193,0.37183789,0.46958087,0.47927938,0.51252511,0.41721228,0.36496758,0.36064894,0.49075755,0.56336399,0.45398793,0.48033690,0.50042549,0.24556529,0.32905776,0.37042237,0.45127843,0.56236552,0.33843582,0.43387264,0.28569236,0.49773092,0.43546029,0.38996836,0.44875387,0.37333706,0.41718591,0.39168824,0.52714815,0.56906742,0.35808497,0.48461851,0.50549231,0.26432933,0.44463702,0.23808485,0.44313553,0.46555088,0.30411942,0.49830089,0.50982409,0.49244609,0.49428704,0.49188204,0.44127827,0.37668497,0.35768590,0.47483935,0.52194888,0.36861523,0.52156208,0.44816503,0.51731932,0.46266868,0.46785466,0.47508475,0.43212942,0.43262075,0.47774914,0.56471143,0.46222822,0.39200882,0.51358606,0.51584054,0.53933512,0.39584959,0.34959564,0.38672765,0.43505055,0.42526524,0.34545850,0.45475096,0.48100619,0.33470798,0.52135640,0.28911910,0.46440008,0.38643009,0.43383488,0.49317660,0.55549799,0.41455890,0.51435015,0.35582944,0.41368288,0.49508871,0.56248410,0.40424819,0.39628304,0.46608594,0.46614100,0.36392240,0.50109946,0.42660935,0.67123595,0.47583828,0.44418198,0.39594604,0.54708225,0.58599973,0.53784384,0.46809514,0.52050916,0.47228517,0.54698438,0.45130225,0.48153611,0.45420028,0.41166418,0.33160663,0.34234498,0.45290758,0.35674305,0.41759434,0.56555972,0.57307588,0.52989127,0.51160982,0.61950183,0.46994261,0.38502365,0.48928127,0.52818569,0.36054703,0.53042422,0.36296111,0.44888495,0.45793390,0.37843052,0.36553230,0.58569022,0.49986977,0.55684130,0.36882504,0.39948303,0.41744444,0.48748042,0.47275839,0.41394822,0.47514356,0.37679311,0.51815945,0.34234498,0.46226160,0.37144719,0.59453212,0.49040215,0.55003268,0.44888424,0.42075234,0.54549669,0.48546642,0.44897404,0.56312358,0.47714882,0.43175760,0.53460706,0.68082838,0.47554619,0.47427187,0.45120176,0.36361619,0.43909853,0.51227328,0.43989321,0.35590758,0.40070453,0.41662549,0.59248074,0.55460348,0.48956366,0.51290609,0.41186837,0.47634900,0.44745299,0.29190984,0.51693849,0.61929245,0.46680975,0.49911383,0.52008829,0.42870502,0.39213987,0.50115522,0.41186115,0.53123688,0.52684547,0.29211342,0.35499916,0.37299202,0.42200106,0.34078295,0.35852770,0.47907209,0.53832030,0.44610974,0.53509833,0.46301530,0.42735424,0.58674252,0.32516369,0.46272698,0.42867734,0.45671207,0.41668385,0.52777567,0.36571661,0.53912015,0.44406745,0.52856437,0.45163982,0.43253621,0.43484053,0.48758302,0.47390921,0.42302094,0.45339973,0.47171057,0.47927938,0.51161185,0.43145668,0.41971424,0.44771650,0.46772567,0.54820253,0.42695605,0.31176992,0.57170961,0.53192113,0.39810659,0.41982135,0.47963029,0.41101885,0.51280047,0.40599163,0.42215489,0.47198696,0.53597992,0.48592681,0.43992987,0.53048578,0.54832011,0.52065225,0.40070453,0.37521000,0.29075389,0.49347023,0.52020131,0.53809718,0.51681177,0.41464636,0.44178722,0.48061648,0.33371174,0.52862152,0.28621661,1.00000000,0.78723195,0.43364621,0.43177392,0.62361863,0.52363960,0.49712022,0.55118843,0.49070937,0.45521849,0.57991619,0.55777524,0.40837285,0.44828852,0.47045736,0.38113563,0.31176992,0.43617789,0.49608573,0.52652335,0.62093490,0.53634320,0.38641713,0.58685879,0.42284326,0.44544283,0.28388279,0.33046376,0.39547007,0.45786125,0.46390495,0.46630092,0.55506784,0.52376000
B4940,0.49876503,0.48473013,0.43869783,0.43015489,0.38848050,0.51005803,0.51150803,0.52581156,0.45886733,0.36642074,0.37605543,0.48324527,0.54768457,0.52840990,0.52876293,0.56410091,0.39380878,0.45465908,0.40229044,0.55053417,0.62300407,0.43556836,0.49678754,0.30544403,0.56175437,0.49479446,0.47273975,0.47212018,0.39816161,0.35902701,0.47305074,0.50494039,0.52060227,0.40516177,0.50306654,0.50336159,0.32207426,0.46511267,0.28416579,0.44574596,0.47786258,0.43182012,0.51971431,0.57235894,0.55758129,0.54893070,0.45728945,0.54962383,0.42498113,0.42889766,0.49580146,0.61118968,0.43384865,0.53730649,0.55213046,0.56426650,0.37749089,0.56045415,0.60690062,0.47389571,0.51754933,0.41818041,0.50728865,0.47856846,0.38837971,0.51888358,0.44296821,0.56714091,0.40865791,0.33051482,0.42960691,0.51386997,0.46468455,0.40008132,0.44667014,0.39910377,0.37746350,0.53540172,0.33467635,0.42638933,0.38557247,0.41403259,0.62388175,0.53484550,0.41444132,0.50976002,0.37849380,0.45752696,0.43237063,0.61928809,0.41611018,0.42791423,0.48809971,0.49565615,0.41486319,0.55813586,0.46239738,0.59379083,0.44305431,0.41721186,0.50994037,0.49085794,0.59835571,0.47792388,0.43897973,0.55921311,0.51096477,0.56195649,0.48839561,0.46105053,0.43267106,0.55256887,0.37348391,0.39550658,0.48006726,0.38504890,0.43507473,0.51680102,0.53178234,0.48454696,0.62544500,0.54233613,0.49573393,0.41346523,0.54949313,0.55251124,0.48516628,0.51897594,0.50692316,0.50269569,0.53067745,0.43722164,0.43928049,0.60977964,0.54189451,0.50475213,0.38620927,0.46105599,0.47890249,0.49135746,0.42361002,0.52522787,0.49996031,0.43039844,0.50950593,0.39550658,0.53974634,0.40856629,0.54946835,0.53111806,0.51251508,0.44555355,0.49790660,0.54821756,0.52531492,0.51026020,0.50707510,0.52213076,0.44277650,0.56086689,0.56346402,0.52776861,0.49914693,0.46942995,0.38189554,0.43629577,0.50042914,0.45439565,0.37705604,0.41735458,0.46758238,0.59331699,0.50206661,0.50124986,0.50385175,0.46392114,0.51431589,0.43180161,0.33974382,0.56146763,0.47618240,0.50684481,0.50813913,0.51714197,0.44551004,0.41760415,0.46376343,0.44881715,0.55125143,0.49897809,0.32190807,0.38648227,0.42060199,0.54158028,0.40114238,0.38212178,0.45513053,0.63185490,0.47805986,0.54102234,0.49306280,0.42876507,0.50948481,0.45620065,0.47657660,0.53049033,0.55930340,0.55873458,0.46904300,0.49002010,0.52038850,0.44342366,0.50601214,0.44445921,0.43590967,0.50124935,0.56891094,0.48149502,0.54909086,0.57594956,0.47837513,0.51150803,0.54638622,0.47140518,0.39796941,0.57187114,0.42974842,0.51053273,0.46098690,0.40516121,0.53439111,0.50055070,0.51334586,0.54539989,0.50572364,0.46518297,0.54085727,0.40437739,0.44259221,0.43855562,0.56589684,0.54967647,0.43594806,0.54589653,0.56602259,0.52695412,0.41735458,0.46996412,0.34688640,0.53270164,0.54039644,0.53083627,0.51017938,0.55675112,0.52346514,0.49198047,0.35143127,0.55023248,0.36454165,0.78723195,1.00000000,0.45920636,0.44136413,0.48947351,0.55463272,0.53209218,0.52315193,0.51436898,0.43940815,0.48985380,0.59787735,0.41962040,0.48268058,0.58509701,0.41826087,0.40516121,0.47854363,0.41955617,0.50258674,0.55923903,0.59617208,0.47665481,0.54746935,0.41475142,0.46757430,0.34074654,0.36282761,0.44140135,0.44727071,0.44643096,0.45461648,0.53427407,0.52898387
B4948,0.49898788,0.42245678,0.41977327,0.40309885,0.44344733,0.49819683,0.46707794,0.44123540,0.33849610,0.34444043,0.33598026,0.42597185,0.45912570,0.39358631,0.48860785,0.51099507,0.24225702,0.33276507,0.37974836,0.49816138,0.52501803,0.39918582,0.49227395,0.32230312,0.50537901,0.35150184,0.38721565,0.44524422,0.41183345,0.37099656,0.34796158,0.51925949,0.49651075,0.37781700,0.45199249,0.49622860,0.30717451,0.40071872,0.25507828,0.33524643,0.36378010,0.28945781,0.49081491,0.36041626,0.50199863,0.44117822,0.35879456,0.46065424,0.38485924,0.39064452,0.46251604,0.45830651,0.28240731,0.50661044,0.49463860,0.44347668,0.33386154,0.40928877,0.46831590,0.49166835,0.40113425,0.33660715,0.42593370,0.55316493,0.30930980,0.45849596,0.42158315,0.41916287,0.39688589,0.29606881,0.40617416,0.45858104,0.43375436,0.46685363,0.39198763,0.30413073,0.37882598,0.45791180,0.41286500,0.38409746,0.40119273,0.31595927,0.44847561,0.41442209,0.40061893,0.40621410,0.39525133,0.40851171,0.31507025,0.51829366,0.53061098,0.39770911,0.52874026,0.39519262,0.37106692,0.41143561,0.52886781,0.42795107,0.41660075,0.37540810,0.31133524,0.42020959,0.53966957,0.41878522,0.40188130,0.40594425,0.37690966,0.43792312,0.52453016,0.35516413,0.44239490,0.37133565,0.46845963,0.45317007,0.41045555,0.40224163,0.37579379,0.38932235,0.41978900,0.41534449,0.47409154,0.52126613,0.61314498,0.38365230,0.41443984,0.40960354,0.37793138,0.50823460,0.33341116,0.41637351,0.47381168,0.38344379,0.41794441,0.48355874,0.61858728,0.46253482,0.38274855,0.45378728,0.33074320,0.52226756,0.49710752,0.42506118,0.43555232,0.39027819,0.47313794,0.45317007,0.41063448,0.32875830,0.46679703,0.47351220,0.46544806,0.35420896,0.37788026,0.64467491,0.45773093,0.48601085,0.46181396,0.45889132,0.33612254,0.49978771,0.35804073,0.40691518,0.52002516,0.55972851,0.45510889,0.50700295,0.44131236,0.51831448,0.47557508,0.48391932,0.44454150,0.48538668,0.46377188,0.58813926,0.49104239,0.50174356,0.37490002,0.45265277,0.30778859,0.49299189,0.40581366,0.48794333,0.52429747,0.41830737,0.40765264,0.33516364,0.49849031,0.44394932,0.49216856,0.46402925,0.26118913,0.35034201,0.30956150,0.45444626,0.29511971,0.27733634,0.45340518,0.45019058,0.51106511,0.40286130,0.41573126,0.34105424,0.39102122,0.33766412,0.42977683,0.40704095,0.48479426,0.45417075,0.35856950,0.35772331,0.46236068,0.36315479,0.41927105,0.37066259,0.42092833,0.43897582,0.44161064,0.43799812,0.43442209,0.48979393,0.34810665,0.46707794,0.48752980,0.36669055,0.39650170,0.44345390,0.39896468,0.46383702,0.32848120,0.24305772,0.44632935,0.44127549,0.31457079,0.38309260,0.52636571,0.36670234,0.47482934,0.37640748,0.38197857,0.40669169,0.46863519,0.48018600,0.57820418,0.54481689,0.46082177,0.45263162,0.48391932,0.34592360,0.29355531,0.49290308,0.47656419,0.60673779,0.43112540,0.45305595,0.53144488,0.53920491,0.38688954,0.48332283,0.36594398,0.43364621,0.45920636,1.00000000,0.52423039,0.44830574,0.48388611,0.49897030,0.54138257,0.41042717,0.45463822,0.37722019,0.41663077,0.49258292,0.45339791,0.47693679,0.31665871,0.24305772,0.37659729,0.48596156,0.43414090,0.46152281,0.50988248,0.41257544,0.48293246,0.47041607,0.44575801,0.41654505,0.39552193,0.36649777,0.51674529,0.64429539,0.44460091,0.54997043,0.44075439
B5026,0.59730415,0.60544825,0.54245480,0.57117728,0.52643933,0.66589594,0.53417652,0.48387135,0.52129938,0.40914042,0.41772648,0.59715046,0.51900936,0.45290762,0.66359278,0.65514336,0.23769607,0.33639313,0.53700501,0.62197497,0.70947843,0.59992396,0.69291717,0.45837777,0.65030628,0.45289925,0.58263603,0.53857472,0.50913975,0.48041285,0.43800397,0.62273896,0.53803380,0.47881748,0.55530211,0.62497804,0.39146746,0.53382959,0.38859826,0.39524738,0.49096000,0.30918004,0.62762277,0.46349912,0.67144168,0.48069679,0.40656046,0.46923455,0.54920194,0.49642912,0.56428981,0.50100788,0.40327812,0.62911147,0.61875885,0.51001539,0.37513305,0.49754914,0.52833082,0.68108365,0.50073197,0.35310618,0.44489656,0.50746717,0.29345544,0.42547001,0.37571321,0.51248285,0.47170512,0.38009182,0.58466994,0.52942276,0.53243738,0.55595315,0.40412294,0.30489030,0.49017678,0.50986167,0.49222796,0.48360494,0.54014202,0.33732960,0.49740871,0.50242533,0.45958232,0.49517849,0.48387189,0.57638971,0.39046951,0.59776926,0.61528258,0.44972711,0.65066252,0.56978000,0.41711146,0.45544201,0.61646707,0.48890397,0.54732508,0.42409369,0.32536104,0.44666002,0.58382793,0.45215353,0.45442773,0.43861038,0.37253132,0.54026577,0.67442268,0.39922039,0.52687618,0.41380773,0.64402856,0.52580176,0.52098285,0.46610499,0.39508072,0.46099321,0.46836394,0.41719030,0.56671280,0.56426154,0.67649146,0.49713995,0.49771870,0.45423074,0.37269723,0.55472765,0.34997668,0.46306395,0.60716096,0.57555486,0.62308766,0.48486519,0.58066820,0.51671378,0.42986465,0.54998986,0.44974106,0.54367290,0.51567189,0.42157593,0.56439694,0.46023879,0.56526595,0.52580176,0.55209455,0.44317781,0.47429849,0.59704507,0.47150455,0.39022677,0.41110634,0.67418273,0.49099586,0.59161689,0.51839339,0.50707135,0.47507369,0.56616866,0.36438980,0.51878999,0.66270410,0.64648009,0.52085094,0.59700091,0.54340326,0.62357626,0.58017709,0.56779508,0.61771429,0.54988922,0.51105277,0.54064588,0.57357125,0.51661696,0.37195743,0.52555913,0.40784001,0.60287703,0.47092672,0.64445779,0.61836097,0.57970373,0.56372805,0.40992216,0.61649737,0.58789600,0.57661875,0.47446145,0.39801033,0.52828563,0.39008431,0.44850567,0.37991564,0.44999788,0.57976702,0.52321058,0.56014565,0.42537859,0.57216006,0.50278401,0.45165473,0.34196390,0.47461138,0.46126446,0.53176710,0.56908781,0.39917210,0.39660833,0.47669539,0.49525413,0.44903196,0.50346532,0.44258969,0.53765772,0.56617154,0.59726615,0.43086949,0.52625263,0.40398395,0.53417652,0.63374723,0.49808880,0.42955589,0.46159512,0.45931619,0.47075946,0.46083682,0.31602667,0.44566552,0.46161683,0.38633622,0.47660849,0.66562631,0.46160836,0.54633173,0.38064638,0.44402816,0.43613115,0.59314032,0.58498829,0.62349076,0.57070867,0.49588389,0.50759079,0.56779508,0.47435287,0.36529709,0.52041880,0.62729255,0.62709987,0.43955337,0.57138323,0.54674123,0.65309377,0.57450561,0.56340190,0.57123870,0.43177392,0.44136413,0.52423039,1.00000000,0.46272384,0.47044973,0.55471354,0.55497005,0.47585660,0.54941392,0.37032869,0.50350798,0.69078745,0.52963576,0.67878484,0.38102215,0.31602667,0.41693528,0.49521421,0.44958913,0.52503501,0.65802366,0.52530518,0.55171760,0.52786576,0.49592701,0.48761238,0.51609234,0.53339719,0.63296042,0.61253451,0.54618186,0.55429330,0.55112447
B5059,0.45094374,0.42765168,0.39650781,0.45123695,0.41626914,0.43581140,0.49984667,0.48543206,0.42342719,0.38587345,0.44515910,0.47964930,0.56955118,0.51081297,0.50950266,0.51934674,0.27825111,0.32718408,0.41830661,0.41063895,0.50710193,0.30982861,0.44511259,0.29313232,0.51616984,0.38951170,0.38769774,0.41372233,0.44569986,0.44800349,0.39403876,0.59343756,0.62623083,0.38898463,0.45506154,0.52607892,0.34300953,0.45846033,0.33968889,0.41291898,0.48856825,0.31082912,0.48502539,0.50126246,0.47902256,0.49636422,0.42233496,0.41297552,0.43748141,0.42169248,0.49945110,0.46009240,0.39103970,0.49101737,0.41221480,0.49453090,0.49128252,0.48109472,0.50059264,0.42719610,0.39745601,0.46746652,0.58800143,0.53994374,0.35950996,0.66279054,0.68596092,0.57300274,0.40152673,0.40355970,0.41106255,0.43226428,0.39850761,0.35075884,0.44212406,0.45825961,0.34143278,0.51499528,0.35498497,0.50454251,0.47063636,0.41135841,0.46890386,0.57448563,0.44681583,0.46509688,0.39831035,0.46818446,0.50718120,0.50811549,0.39991965,0.40773088,0.48063814,0.43270895,0.35461040,0.49220559,0.39675109,0.61387002,0.51221019,0.46305268,0.40629023,0.57466205,0.56753254,0.65259395,0.47716589,0.57504291,0.52241750,0.53595561,0.52951076,0.46712145,0.44979142,0.40347213,0.38287403,0.29174020,0.47925982,0.38831641,0.44763687,0.58856981,0.54634352,0.60801743,0.50873857,0.64823524,0.46832611,0.39408925,0.50568249,0.54619474,0.34582849,0.59487228,0.34508529,0.46221777,0.46351027,0.39248917,0.34552031,0.55349676,0.50222592,0.58994427,0.41553386,0.37458722,0.44197292,0.53526270,0.53321539,0.37294167,0.49848609,0.40577216,0.49969403,0.29174020,0.49020522,0.40493229,0.57694018,0.50946300,0.49622067,0.43325946,0.38270754,0.55716272,0.49066052,0.45315516,0.59343088,0.57820033,0.39053760,0.56982989,0.48500617,0.50167081,0.51286942,0.45479768,0.29837231,0.45180195,0.56534115,0.46918737,0.42527374,0.41590311,0.44359569,0.48240707,0.60175563,0.57891811,0.53213964,0.45001823,0.52739288,0.48359722,0.34554151,0.54318026,0.60280303,0.45394361,0.51541842,0.46907191,0.38158055,0.43198638,0.49684211,0.39251170,0.52243741,0.57104155,0.29955137,0.31834902,0.39355431,0.41221804,0.37364814,0.34615852,0.54562807,0.51955917,0.46447907,0.54302625,0.47555291,0.48201377,0.57750552,0.33002235,0.52767755,0.42392365,0.47688579,0.39567068,0.49031822,0.24724782,0.52849279,0.43013988,0.46978213,0.43498185,0.43027930,0.49337886,0.41545166,0.49106049,0.39082201,0.43402517,0.48207716,0.49984667,0.47648652,0.40582577,0.46168881,0.45441050,0.48231724,0.49450479,0.45404769,0.30709763,0.63742307,0.67071786,0.36106159,0.44678146,0.50814607,0.42754198,0.47510464,0.40860282,0.44021124,0.45345481,0.49509858,0.46691358,0.46048853,0.52761821,0.56039392,0.47633700,0.41590311,0.41703557,0.34901180,0.44478383,0.50102731,0.55423704,0.54913120,0.39607919,0.49474992,0.51636736,0.35344095,0.57589744,0.35920901,0.62361863,0.48947351,0.44830574,0.46272384,1.00000000,0.63058302,0.52651500,0.53472547,0.47544120,0.44930816,0.62062637,0.53783476,0.46986011,0.41668389,0.40888053,0.39627514,0.30709763,0.40926093,0.59488787,0.47628697,0.57887506,0.52657863,0.44267560,0.57080877,0.49340836,0.46345150,0.34194218,0.44018848,0.45063024,0.47209404,0.52754832,0.45898482,0.53516501,0.47797678
B5079,0.49518558,0.42547138,0.39235304,0.43712964,0.38824277,0.47648927,0.48381812,0.52878899,0.43488487,0.37880173,0.37451702,0.50632543,0.51717297,0.50135397,0.50125072,0.52811830,0.40516409,0.49684570,0.39078556,0.47916190,0.58052413,0.33868371,0.45249326,0.37134036,0.53164092,0.44171324,0.42817470,0.45508552,0.43158519,0.35185248,0.43923847,0.68468530,0.70910512,0.39617311,0.44250883,0.54296768,0.29288303,0.42895426,0.32331345,0.40703534,0.47710507,0.44364342,0.52041236,0.51203229,0.51189257,0.57469888,0.47877942,0.52544039,0.38825914,0.41560890,0.48844755,0.51749199,0.41805728,0.52300818,0.48297596,0.38807221,0.40178859,0.57820931,0.56697448,0.44225632,0.47892893,0.46140677,0.56669934,0.60468601,0.35845513,0.84458985,0.59841972,0.57838193,0.38426159,0.39679186,0.46648919,0.45535828,0.46463919,0.33118650,0.43388226,0.36440406,0.33500516,0.50354526,0.31100441,0.41128160,0.38272377,0.38736001,0.59959613,0.48555429,0.41939799,0.47912626,0.40005110,0.48515242,0.41485262,0.54458410,0.43403885,0.44255296,0.48191000,0.52165833,0.37193003,0.48795707,0.42350600,0.51935765,0.41877673,0.47057155,0.47934109,0.55966765,0.63624653,0.60724231,0.39975958,0.57331857,0.52214986,0.51473231,0.43127119,0.42110658,0.40386755,0.54473216,0.38012809,0.37671582,0.45525209,0.37083418,0.50489782,0.42925891,0.52766875,0.49332690,0.61667661,0.54738318,0.44972517,0.44743989,0.58959433,0.56390203,0.47652322,0.53650200,0.54216101,0.52126592,0.50721072,0.41594537,0.41940207,0.64403719,0.59036510,0.52216481,0.37556665,0.37176592,0.45844495,0.52392822,0.47132625,0.40499657,0.45948669,0.36647139,0.46383042,0.37671582,0.50668622,0.40394428,0.59950799,0.46602182,0.45614868,0.41504827,0.48959147,0.56867002,0.60510898,0.50124081,0.52324776,0.55908085,0.45924106,0.53954454,0.42713987,0.51524376,0.46163379,0.49392627,0.37034682,0.48617593,0.46846426,0.47724957,0.40670168,0.43875571,0.46002806,0.49113010,0.52312605,0.58728557,0.48385455,0.41969884,0.52944250,0.39312167,0.27984265,0.56963936,0.45836015,0.45201831,0.45481695,0.47853292,0.40853690,0.41457265,0.42701708,0.41045630,0.55626191,0.59098582,0.36163764,0.41809818,0.41454019,0.44507455,0.42894801,0.39647314,0.43801945,0.57311634,0.38918195,0.53896711,0.48461022,0.44806992,0.52590109,0.49153069,0.53504952,0.55881607,0.51798008,0.52479902,0.45794760,0.32963229,0.56392011,0.45579691,0.50853037,0.49907703,0.42795678,0.51154843,0.46277576,0.45255856,0.50502743,0.53375884,0.50515773,0.48381812,0.55442945,0.51230293,0.45915597,0.57718728,0.41687782,0.45648743,0.46229959,0.36462393,0.58793897,0.67419102,0.42223420,0.45742423,0.45676763,0.42369694,0.46422918,0.38265599,0.43283533,0.44430702,0.49915326,0.54678089,0.41947255,0.55565949,0.64637601,0.52327120,0.43875571,0.44272915,0.35388168,0.49953152,0.49304912,0.62946894,0.65766695,0.52069779,0.53601997,0.54475168,0.32654689,0.62928564,0.36013684,0.52363960,0.55463272,0.48388611,0.47044973,0.63058302,1.00000000,0.60942454,0.57382565,0.50480801,0.41903041,0.58555769,0.43993291,0.41278889,0.44020423,0.51750647,0.41510128,0.36462393,0.47356587,0.53477786,0.55052767,0.52382455,0.57125907,0.49218856,0.57495849,0.44621880,0.45697275,0.30822821,0.39029148,0.38931191,0.50931560,0.53663207,0.44315040,0.55715534,0.51871353
B5292,0.49591473,0.48925358,0.46094698,0.46322202,0.49361915,0.55088715,0.54043462,0.57062085,0.49014088,0.36727462,0.40264532,0.49787775,0.53417453,0.51310540,0.61644873,0.58290251,0.39229743,0.48162017,0.44270364,0.56392363,0.64809105,0.51478725,0.54803235,0.36886134,0.58482573,0.51824052,0.52001557,0.49446082,0.44688995,0.47987231,0.51392835,0.64264101,0.64994882,0.44227248,0.45994380,0.55477368,0.28730231,0.43122383,0.34841882,0.42830444,0.53257883,0.43246914,0.57286488,0.55852008,0.57802916,0.52262214,0.48335735,0.56798012,0.48096458,0.45398800,0.50516431,0.55008302,0.46774160,0.55460739,0.56313339,0.49911203,0.33436984,0.63956144,0.62069832,0.52654710,0.56650657,0.47733238,0.59010660,0.69274790,0.48380693,0.53352224,0.54371931,0.59137720,0.43539222,0.42988318,0.50745683,0.51625802,0.50453012,0.42634339,0.46003542,0.39300889,0.39419711,0.56220405,0.36387926,0.46632058,0.42693809,0.46605012,0.63486173,0.52644624,0.46119073,0.53751396,0.48795164,0.48677424,0.43993011,0.53870889,0.50329101,0.41656316,0.54971601,0.53712092,0.38546883,0.53425441,0.49885909,0.55188569,0.54440817,0.47174948,0.46292970,0.58610413,0.60868662,0.56006353,0.46261185,0.56696079,0.49621312,0.55683734,0.60740412,0.46659946,0.47315488,0.55938748,0.51608315,0.50073380,0.54176268,0.38651825,0.44633625,0.48940456,0.54190515,0.50658396,0.60707283,0.56559712,0.59735571,0.49368766,0.63979664,0.57781882,0.47843472,0.61579550,0.44926041,0.50204448,0.61321134,0.48907281,0.51483296,0.59571191,0.68483539,0.47784721,0.40569316,0.44851536,0.43416005,0.60638646,0.52393429,0.47740135,0.49008565,0.37407238,0.49194825,0.50073380,0.54530306,0.42523640,0.60575026,0.61664064,0.45701868,0.43784263,0.53889995,0.59427061,0.49649745,0.61750366,0.47423157,0.64114260,0.46869836,0.53288967,0.44155929,0.55947245,0.65905772,0.62755040,0.49392889,0.62035117,0.59158444,0.58563268,0.51533107,0.53245083,0.59811152,0.58851640,0.47924737,0.71676402,0.58346521,0.47112932,0.50035378,0.53502949,0.29739100,0.55102489,0.45178516,0.56662606,0.55036783,0.51704324,0.44692925,0.42122595,0.52683943,0.52084183,0.58517082,0.55463678,0.37653520,0.43864095,0.37491116,0.44778578,0.39105612,0.42997796,0.59608094,0.59197970,0.49476636,0.57791466,0.51359249,0.52048699,0.55783717,0.47129884,0.53771166,0.51099629,0.59468533,0.61190742,0.39705312,0.40374625,0.54221829,0.51407267,0.55088607,0.50176920,0.43769739,0.59305891,0.60216377,0.47487864,0.45138007,0.52348658,0.43900378,0.54043462,0.60164996,0.49986460,0.50596321,0.59422406,0.47186074,0.45736630,0.49557098,0.35885447,0.54617139,0.55595116,0.48096845,0.53416638,0.64408433,0.44984828,0.49730962,0.37984113,0.51282016,0.40295743,0.56746315,0.55260521,0.54412153,0.80891674,0.62959072,0.53644565,0.53245083,0.48114665,0.36278676,0.54073060,0.58184835,0.65216629,0.51573473,0.60654347,0.65419736,0.59839977,0.41103426,0.69708484,0.54452409,0.49712022,0.53209218,0.49897030,0.55471354,0.52651500,0.60942454,1.00000000,0.60562323,0.52430085,0.48471490,0.41736602,0.55974853,0.59675172,0.49564764,0.62624980,0.39865864,0.35885447,0.46623034,0.53483089,0.45419247,0.54890363,0.61636013,0.59660532,0.57605958,0.52757191,0.48245715,0.37217339,0.42963046,0.44973819,0.55577943,0.52588607,0.48862585,0.59318575,0.54112689
B5293,0.61620443,0.52205111,0.49992156,0.50558933,0.52620884,0.60486857,0.53892816,0.61161890,0.55538248,0.44846689,0.41785495,0.65873717,0.61317162,0.58052396,0.59641393,0.63813479,0.36878569,0.44012021,0.53321111,0.53668828,0.64566600,0.43552671,0.57664164,0.37678797,0.64064855,0.49683758,0.50093398,0.55386189,0.49672225,0.43304094,0.49555365,0.61848012,0.65200456,0.47460205,0.50797359,0.58270507,0.34075647,0.54441995,0.38440753,0.52634121,0.51521120,0.40401858,0.57228651,0.60857723,0.60919279,0.59535109,0.58987446,0.52572176,0.44671027,0.44942300,0.63150972,0.58565610,0.42851722,0.63640945,0.53408311,0.50836809,0.41306070,0.53721009,0.57190282,0.53619635,0.48806736,0.50767386,0.62718511,0.57611140,0.46635977,0.57904624,0.56211748,0.61474625,0.45377462,0.47504429,0.48932534,0.50179580,0.54850996,0.49178065,0.53479284,0.43561585,0.36352580,0.58155263,0.39186560,0.42938840,0.51602267,0.49573259,0.61334370,0.54948216,0.46666374,0.57074247,0.50885277,0.50027019,0.45173235,0.58604302,0.56906363,0.56235151,0.66099596,0.56843741,0.38202132,0.48457586,0.58451012,0.67729845,0.47627845,0.44942374,0.44181350,0.63937775,0.69508102,0.52107067,0.50015884,0.54432469,0.48444950,0.62814316,0.52404415,0.48344335,0.49370687,0.51479475,0.50273471,0.44438006,0.53390034,0.48149734,0.43263519,0.47412001,0.54408025,0.50897096,0.57294391,0.64713163,0.61253432,0.39864661,0.55544678,0.60313318,0.41853000,0.62477199,0.45109841,0.49005304,0.52102711,0.50736622,0.46659015,0.65737757,0.59836010,0.60862786,0.45288077,0.50440987,0.40090247,0.67901951,0.61334478,0.42585821,0.61626683,0.46132028,0.56330832,0.44438006,0.57377998,0.48787671,0.64276508,0.57741570,0.51451289,0.52467376,0.48615790,0.65060149,0.51907164,0.51017668,0.61253554,0.51202299,0.43207629,0.65578931,0.48840066,0.56852393,0.56663875,0.53787577,0.43439430,0.50896280,0.52361009,0.62392473,0.50690916,0.58839103,0.48288949,0.56085221,0.61536797,0.58679335,0.56451818,0.49049518,0.48750988,0.43314759,0.40631394,0.62723282,0.45621429,0.57898647,0.47786482,0.61814364,0.58104685,0.50900270,0.52091383,0.50881642,0.62200878,0.54394683,0.37977540,0.49053683,0.38931269,0.42342364,0.47580794,0.48987824,0.50833283,0.55119749,0.51000187,0.57055619,0.56371001,0.50328910,0.61071281,0.44196622,0.53260267,0.44814167,0.51046360,0.48987374,0.45639620,0.37961073,0.53509839,0.52041318,0.66810859,0.54580332,0.51662742,0.49831849,0.49878687,0.58184815,0.46034886,0.53818985,0.47837422,0.53892816,0.60171425,0.59783850,0.52468426,0.56494069,0.47520601,0.51272105,0.48022677,0.32234964,0.58683515,0.57087122,0.36509288,0.46103911,0.57274396,0.51703510,0.59275573,0.51323540,0.50169079,0.48486369,0.65184843,0.59117414,0.54910246,0.65718321,0.60623243,0.53308386,0.58839103,0.53903517,0.40279685,0.54046304,0.62527387,0.62364377,0.56436498,0.48756482,0.52759031,0.66512459,0.43893463,0.67819908,0.40069229,0.55118843,0.52315193,0.54138257,0.55497005,0.53472547,0.57382565,0.60562323,1.00000000,0.54631505,0.52771142,0.49633088,0.47062892,0.53401432,0.50153516,0.54714973,0.43953956,0.32234964,0.51774509,0.60342142,0.50124227,0.58904519,0.63860549,0.57295590,0.67964771,0.59105981,0.49835283,0.37366097,0.43866956,0.42405069,0.60430517,0.57249101,0.56194977,0.98434909,0.68188298
B5474,0.57136084,0.52602580,0.49498541,0.59287208,0.47592013,0.54725242,0.55086248,0.58306137,0.55895579,0.60158533,0.57472938,0.60436228,0.69951469,0.55610614,0.58366714,0.58424940,0.44787986,0.49212753,0.56287465,0.56804462,0.57926965,0.43013902,0.51397722,0.32889756,0.58592068,0.50743872,0.51864392,0.56929726,0.59063613,0.39577601,0.50999856,0.52655296,0.57151873,0.54470423,0.50287846,0.55505997,0.45926889,0.52880102,0.53724286,0.62627853,0.64783637,0.44519339,0.53229397,0.54760432,0.58081011,0.62432052,0.55101990,0.53227802,0.50204676,0.48825235,0.52494391,0.57784678,0.54549732,0.58506470,0.56583333,0.58141524,0.52523276,0.52788576,0.48957910,0.49126857,0.42939141,0.50215204,0.59266321,0.51066264,0.55981027,0.49753191,0.45787552,0.67150101,0.49353242,0.47827074,0.50512825,0.54065527,0.50980236,0.38687443,0.64843247,0.52408934,0.45177145,0.53520837,0.56267885,0.45016726,0.59144763,0.53814947,0.61252248,0.53726981,0.55838567,0.58135041,0.47426246,0.52358468,0.54815223,0.44734054,0.48542322,0.57021163,0.53098140,0.57746774,0.54614409,0.62828494,0.47321103,0.54493040,0.48427772,0.53658013,0.44520068,0.57813194,0.56666979,0.46512842,0.60381015,0.48844230,0.45823606,0.54258240,0.53665247,0.61081988,0.50659529,0.52886796,0.53087720,0.34999956,0.64931357,0.40895136,0.39811395,0.50687126,0.59829902,0.60006764,0.61647446,0.57762447,0.54583354,0.62410099,0.53847063,0.56499754,0.53121606,0.63806388,0.50730314,0.63755349,0.50801951,0.47880693,0.45787570,0.53951208,0.47620248,0.56453612,0.55177255,0.39833972,0.54049504,0.50576122,0.43702328,0.41044797,0.50368506,0.55077326,0.58870840,0.34999956,0.62026214,0.46390511,0.51049891,0.52333581,0.49588826,0.66776342,0.53822009,0.53152833,0.43725496,0.49672808,0.57638206,0.48867129,0.45183279,0.55013750,0.50968522,0.56299868,0.51772064,0.43804182,0.35896234,0.40009813,0.48673305,0.44867649,0.38475449,0.41206377,0.58114315,0.53442276,0.56942651,0.49822595,0.44611962,0.56591536,0.45874064,0.50620207,0.49440580,0.54540056,0.47004427,0.53921624,0.55517442,0.50288020,0.45444179,0.48046297,0.46208142,0.49371787,0.56509320,0.50526070,0.40377581,0.42207886,0.56435115,0.36434480,0.42765329,0.44856227,0.48179616,0.56228625,0.51701542,0.66935005,0.60343495,0.60568629,0.56991789,0.50196528,0.72639699,0.54995180,0.44137582,0.50135436,0.48244305,0.41697544,0.53338590,0.57365288,0.56458712,0.58833122,0.59657550,0.49077004,0.51846942,0.60858372,0.47694707,0.49842137,0.48045755,0.55086248,0.53142702,0.59764493,0.49108902,0.54396615,0.59891626,0.49448949,0.60225948,0.52924878,0.54029285,0.45877462,0.48278164,0.45597083,0.52554622,0.60895385,0.69885209,0.68213916,0.62485428,0.45604979,0.54412764,0.54478890,0.48808573,0.52157174,0.53879210,0.58376557,0.41206377,0.61096079,0.39737850,0.59503748,0.52753647,0.48514951,0.64463507,0.50311531,0.49299506,0.54965035,0.39898825,0.57873267,0.43866041,0.49070937,0.51436898,0.41042717,0.47585660,0.47544120,0.50480801,0.52430085,0.54631505,1.00000000,0.50258188,0.45071698,0.50727096,0.52096688,0.42771679,0.56769644,0.38928911,0.52924878,0.47862663,0.45787806,0.43255406,0.59837069,0.55822909,0.56435595,0.49561347,0.46011217,0.58881098,0.53547176,0.56662556,0.52385990,0.48730951,0.44438701,0.52746530,0.54018623,0.50405177
B5665,0.60008194,0.56649117,0.58015238,0.51501250,0.50979149,0.60766044,0.47383997,0.43698727,0.50455768,0.51358768,0.54529940,0.62562077,0.57012198,0.57635038,0.57200363,0.55416638,0.27988689,0.33770102,0.56197872,0.56673905,0.63247589,0.52097475,0.57438975,0.40241745,0.54945503,0.45249189,0.53220227,0.59530821,0.56103008,0.40952151,0.48368944,0.56935726,0.52938287,0.48363009,0.51019457,0.57120733,0.40965875,0.55026181,0.51659494,0.48110209,0.54525663,0.33831749,0.58410941,0.42724787,0.58464076,0.50518425,0.38852952,0.45966044,0.47068260,0.48798424,0.53091488,0.50486971,0.46537723,0.61623806,0.56402678,0.55854520,0.43231961,0.45880514,0.49549294,0.53366396,0.56512070,0.33106046,0.46010002,0.44892236,0.36450334,0.37930306,0.36494495,0.47749680,0.58706152,0.33010737,0.55923488,0.54045462,0.58418456,0.48991480,0.45493948,0.39745697,0.45182191,0.56084031,0.47382325,0.42896209,0.49910543,0.38109248,0.54287495,0.47945202,0.49107519,0.49702949,0.46036955,0.57157504,0.47094861,0.53549372,0.46067300,0.48145832,0.61286271,0.50675238,0.53268368,0.53707647,0.55135962,0.50210303,0.48668195,0.56722788,0.37544237,0.44917712,0.56225942,0.43159047,0.52037760,0.46105994,0.37464760,0.52865538,0.55321899,0.52672791,0.96597592,0.36517147,0.60778165,0.33124106,0.53435051,0.43816827,0.34275618,0.58018159,0.43148865,0.47512393,0.58132033,0.61141850,0.50913789,0.52853137,0.46541290,0.43170104,0.40821617,0.60426434,0.38681888,0.43927571,0.61870823,0.55885917,0.45484252,0.50818127,0.41306189,0.55687372,0.60020200,0.49814390,0.45236536,0.54809505,0.50813166,0.40261809,0.55438214,0.42568841,0.67034228,0.33124106,0.57452647,0.38452954,0.50467414,0.65071635,0.46893108,0.44650124,0.41923215,0.54754277,0.50717359,0.62035353,0.56202254,0.40688313,0.39392884,0.55917040,0.32845043,0.50109721,0.61220208,0.51291573,0.39255399,0.44165515,0.47964993,0.55364377,0.41148501,0.51953706,0.59831939,0.55524385,0.56027689,0.44809638,0.56860187,0.49401195,0.36298148,0.50145928,0.44462393,0.57831679,0.45029877,0.59067472,0.54695204,0.61379913,0.48173977,0.46217536,0.50220373,0.54976748,0.56381944,0.38860167,0.31045029,0.39330510,0.41010820,0.29517454,0.26746591,0.42296965,0.46645299,0.47518003,0.45110189,0.47723159,0.63002534,0.50367413,0.53578161,0.35591384,0.52719834,0.47032659,0.53275342,0.49259989,0.45723464,0.39990281,0.42086503,0.46280521,0.45080404,0.50556995,0.51045076,0.44658528,0.46809948,0.61631028,0.38242119,0.44370308,0.34240165,0.47383997,0.60606772,0.55416484,0.41911753,0.49214742,0.50858900,0.46737986,0.41974204,0.33669105,0.44492828,0.39140114,0.34997986,0.46715833,0.61944884,0.48430223,0.57638630,0.43433756,0.56271573,0.43624394,0.62828654,0.51355033,0.43429877,0.47405179,0.47538267,0.40924203,0.51953706,0.51776560,0.32613728,0.41326342,0.67234909,0.58857501,0.49972508,0.50389699,0.48700974,0.55140868,0.49394013,0.53320554,0.40143758,0.45521849,0.43940815,0.45463822,0.54941392,0.44930816,0.41903041,0.48471490,0.52771142,0.50258188,1.00000000,0.35388996,0.48759503,0.64354871,0.64782639,0.56149497,0.29743630,0.33669105,0.34727888,0.48795194,0.40289534,0.57240109,0.67036929,0.47610734,0.59706929,0.45877531,0.63322777,0.45734230,0.54677136,0.49745163,0.51872873,0.47618648,0.56284046,0.52989559,0.54065328
B5674,0.33630609,0.30914801,0.29140266,0.39491298,0.29968796,0.35063196,0.36833537,0.46619457,0.36463263,0.33906747,0.34280048,0.41923477,0.45324694,0.46772215,0.42023975,0.40237844,0.25414552,0.34786592,0.30042089,0.37174115,0.46123948,0.27345784,0.34589980,0.31566270,0.39503561,0.34593225,0.30284804,0.32496376,0.38130660,0.31564419,0.36017422,0.50573462,0.53718230,0.26744529,0.40546504,0.47995484,0.22347133,0.34364950,0.29470520,0.35987533,0.44711045,0.30365447,0.41461151,0.42547828,0.38392316,0.47466228,0.44825508,0.39537520,0.29583175,0.28428135,0.41593683,0.49300408,0.41630868,0.41033157,0.37435885,0.42940920,0.38116421,0.45123405,0.48362699,0.34879843,0.35264765,0.41165585,0.52708235,0.43197223,0.32955743,0.54857467,0.49663495,0.51538955,0.31904813,0.39469923,0.30870967,0.36382265,0.33705304,0.26039896,0.35605225,0.37432416,0.27011332,0.43766808,0.25975371,0.39327634,0.36494169,0.38871800,0.43268601,0.46911367,0.27567768,0.49087785,0.34749933,0.33643489,0.40949316,0.47430717,0.30483930,0.35399997,0.35948493,0.48498761,0.37487037,0.42937862,0.34303713,0.56646390,0.39237991,0.43310601,0.35305398,0.51592904,0.51762489,0.50324771,0.37748150,0.52778362,0.48231748,0.44759597,0.39206220,0.44141249,0.35943518,0.39025439,0.25647081,0.31102718,0.34955411,0.25646413,0.45605718,0.41702506,0.49421709,0.48679783,0.46375747,0.53177105,0.40341555,0.35548552,0.47995134,0.48286575,0.34220990,0.48357616,0.36587967,0.48168498,0.37786885,0.25771231,0.33556821,0.51840154,0.41423900,0.46183336,0.36776013,0.34130609,0.42757351,0.46897803,0.45141838,0.32797651,0.39236643,0.33352592,0.46370735,0.31102718,0.47333106,0.39325144,0.49575048,0.36334774,0.44194077,0.35672507,0.36110548,0.46011029,0.40040911,0.37453224,0.45923046,0.50602330,0.42997694,0.42130297,0.51446507,0.44463016,0.36676961,0.39426570,0.29543192,0.35923966,0.44968404,0.37835926,0.29416322,0.35368825,0.33622556,0.50572166,0.46050591,0.44425357,0.42510698,0.38687040,0.48694606,0.34341112,0.24020996,0.48554956,0.44416230,0.39969580,0.42615902,0.39799886,0.30661579,0.46117096,0.44364860,0.30170895,0.44995460,0.62387197,0.32933786,0.32436621,0.39154862,0.37200894,0.42189466,0.35280491,0.40012587,0.48010677,0.35311295,0.48151342,0.36989628,0.45607001,0.52741657,0.35251793,0.46523081,0.45334405,0.44485724,0.38395464,0.52219906,0.32558325,0.53124670,0.45049918,0.41250196,0.39116835,0.32830962,0.46080975,0.40871315,0.42597609,0.41588625,0.47772653,0.42226961,0.36833537,0.40650994,0.39639000,0.44646450,0.40477329,0.38008743,0.44075816,0.44509927,0.38026186,0.50391304,0.59808771,0.38653100,0.37511826,0.36531295,0.34806860,0.43977845,0.33968886,0.39993672,0.47118880,0.41052565,0.43712487,0.39124248,0.41249073,0.51245178,0.49805782,0.35368825,0.40677731,0.35191005,0.44915988,0.38070134,0.49206887,0.49616760,0.38528046,0.43917942,0.42995583,0.25724153,0.48736405,0.27001353,0.57991619,0.48985380,0.37722019,0.37032869,0.62062637,0.58555769,0.41736602,0.49633088,0.45071698,0.35388996,1.00000000,0.43721472,0.30339403,0.33187085,0.37731963,0.44051104,0.38026186,0.48908713,0.49620712,0.52348202,0.51368063,0.43779898,0.33150980,0.51629751,0.42374459,0.31484659,0.25143675,0.33223784,0.34722257,0.45602358,0.42570074,0.32546665,0.49052758,0.46344822
B5722,0.46183270,0.50551001,0.43382246,0.55791676,0.45223245,0.55479495,0.60072462,0.56816048,0.50825520,0.45911349,0.48259132,0.52272366,0.59013468,0.53008587,0.62886479,0.58788608,0.31603401,0.40674031,0.47362146,0.48321038,0.56304051,0.44677151,0.56854241,0.37957679,0.58806652,0.47979476,0.48149342,0.47114553,0.42739137,0.48090050,0.49994433,0.54897445,0.49295599,0.44011754,0.57974862,0.58109090,0.46145110,0.57098119,0.41370866,0.47299335,0.57762114,0.36592191,0.54395341,0.57412690,0.55087528,0.54827527,0.38329336,0.43585459,0.56784900,0.55047020,0.56712550,0.55524568,0.49368901,0.52754265,0.48049379,0.57691233,0.40168854,0.52561765,0.60088837,0.53818064,0.50709068,0.42117644,0.50224702,0.45808067,0.39072695,0.39515167,0.45338654,0.57594103,0.42784032,0.39942217,0.45644197,0.52689036,0.50316873,0.45625780,0.46972448,0.46013332,0.49133248,0.58392944,0.43283240,0.55585826,0.51421723,0.38780407,0.52328871,0.55006271,0.43289653,0.55510084,0.41973829,0.48689977,0.52339212,0.51788973,0.46394980,0.40695247,0.50163576,0.57173522,0.45673030,0.55126570,0.48461909,0.57129419,0.57214663,0.43758360,0.47422934,0.47991360,0.57594708,0.51942190,0.62673030,0.52719032,0.45899045,0.60476503,0.60484126,0.53893673,0.47836491,0.46372375,0.49964684,0.40279203,0.56075385,0.33165291,0.44361251,0.66753621,0.62223430,0.52485588,0.56544924,0.60569586,0.56679383,0.40922503,0.53788615,0.55708876,0.43136850,0.60456605,0.41168297,0.49122032,0.55241495,0.51614806,0.47591424,0.50067321,0.50418995,0.51254435,0.46852807,0.44118218,0.51780556,0.51958702,0.47658922,0.54009834,0.53455342,0.47855442,0.53110924,0.40279203,0.60759621,0.51033690,0.51265036,0.61716747,0.53983563,0.47493575,0.46986821,0.56243816,0.48705687,0.54684657,0.51808331,0.57130958,0.45718055,0.56182071,0.49073951,0.58012253,0.60172073,0.51835801,0.39059734,0.48725359,0.62648506,0.51344345,0.47191657,0.43048668,0.55150866,0.57945453,0.51493742,0.54330685,0.57110517,0.51964505,0.45905727,0.57000791,0.46149987,0.58674558,0.52807155,0.54564748,0.58479078,0.54303170,0.46865565,0.46987167,0.53620564,0.47844091,0.55341168,0.53878948,0.42696743,0.44977489,0.47723510,0.46491553,0.43392188,0.46384915,0.61558218,0.63263042,0.53117256,0.52912797,0.55106416,0.54948713,0.51448549,0.40974877,0.54848457,0.40594245,0.57744927,0.55482369,0.39844546,0.39467564,0.52731539,0.50694919,0.42740536,0.45636214,0.43111862,0.56543918,0.53184087,0.55923019,0.41956904,0.53400350,0.45275940,0.60072462,0.57019584,0.50555738,0.40888946,0.46742571,0.63771308,0.53758103,0.49765389,0.34980213,0.50068898,0.50615109,0.48329724,0.53149793,0.60585043,0.53696787,0.54696505,0.41078439,0.51889904,0.43790500,0.55827649,0.51489691,0.49423878,0.52076859,0.51900395,0.49082752,0.43048668,0.49081421,0.40883457,0.48935709,0.54789985,0.52957668,0.48137644,0.55493871,0.49915813,0.50383692,0.52974438,0.56500012,0.45738397,0.55777524,0.59787735,0.41663077,0.50350798,0.53783476,0.43993291,0.55974853,0.47062892,0.50727096,0.48759503,0.43721472,1.00000000,0.56957690,0.48783132,0.58819570,0.43071245,0.34980213,0.45373783,0.45852604,0.48669145,0.62980016,0.58661655,0.50193993,0.52628239,0.46607935,0.44928354,0.42909758,0.44714484,0.54284015,0.46328586,0.46793365,0.51988930,0.47732029,0.47858389
B5727,0.60291358,0.63936201,0.63563170,0.55253109,0.64995925,0.68143205,0.58172645,0.45304942,0.50975656,0.48007559,0.55570358,0.56550175,0.60012208,0.51235180,0.69966862,0.69707959,0.34495521,0.43389692,0.60078744,0.61818775,0.66040007,0.55023232,0.65943557,0.37381627,0.69491039,0.42749428,0.62380689,0.61987148,0.54601700,0.44759736,0.48518749,0.60872996,0.53151838,0.59603076,0.59364930,0.58446686,0.43684374,0.56768371,0.47180988,0.50905390,0.55643822,0.40385838,0.63987470,0.51875072,0.64917733,0.51731269,0.38027280,0.48047060,0.63461522,0.59473640,0.61314432,0.52830489,0.46448599,0.63905281,0.61403148,0.51570309,0.39276408,0.46529535,0.52025444,0.63481458,0.58296983,0.36596025,0.45793313,0.51375018,0.39787004,0.37879656,0.41366067,0.54226618,0.50729311,0.38035085,0.55078516,0.60771581,0.55637814,0.60676249,0.50708064,0.37208347,0.51096311,0.57702435,0.51335971,0.50867357,0.59635518,0.41087309,0.55815269,0.47358981,0.58768899,0.49140916,0.54498746,0.55325277,0.46316890,0.51369046,0.65161158,0.47801837,0.70232300,0.51733108,0.44208975,0.52100215,0.60266195,0.49425105,0.57427575,0.47471880,0.37950929,0.45990772,0.51782603,0.47455768,0.55038745,0.46545120,0.40273999,0.58827061,0.74317689,0.46174192,0.61139239,0.47033057,0.71054325,0.46456797,0.63752426,0.52424919,0.34121694,0.59162127,0.46699756,0.50412652,0.58999788,0.55804170,0.73197489,0.48241901,0.46931371,0.47766878,0.47128122,0.57179911,0.37962812,0.43703656,0.70302590,0.65764353,0.55542690,0.45410514,0.51148456,0.49553291,0.49688862,0.53032922,0.45919737,0.56734411,0.50777747,0.43225230,0.59693424,0.51608995,0.63277406,0.46456797,0.56294792,0.45165484,0.44673801,0.76543377,0.42665532,0.48866794,0.45932376,0.65628420,0.41490189,0.71475671,0.49799900,0.48630145,0.43136585,0.58370115,0.34786468,0.59594025,0.81554877,0.59156161,0.49549974,0.53159113,0.52638035,0.67880918,0.64544690,0.58822637,0.70405894,0.57568563,0.49477829,0.56314633,0.56978987,0.55771595,0.40193889,0.56221971,0.47813921,0.56928429,0.45205858,0.65398762,0.58333235,0.60319089,0.58472796,0.44588884,0.54741076,0.63043522,0.58970729,0.44857255,0.34685900,0.43699945,0.41543793,0.40067527,0.34914098,0.43878238,0.57348234,0.52516611,0.57279280,0.48509420,0.61461397,0.55937351,0.48959811,0.43959342,0.56846660,0.40865278,0.54111475,0.56772091,0.36137536,0.36326510,0.42207746,0.47416729,0.48044884,0.49693084,0.55508390,0.50920450,0.57262632,0.61148328,0.44165118,0.48551242,0.41011709,0.58172645,0.63574501,0.47086300,0.48740493,0.51846849,0.53696611,0.42467096,0.48900246,0.29152953,0.44577936,0.40177382,0.41488418,0.55113256,0.82168574,0.49467446,0.57203103,0.46777798,0.61646656,0.37908770,0.61844772,0.56918268,0.61726240,0.54915787,0.47910122,0.47048586,0.58822637,0.48843737,0.36626449,0.51030916,0.65958769,0.62100864,0.49258274,0.56530172,0.56636586,0.63834805,0.60734767,0.57500069,0.56472478,0.40837285,0.41962040,0.49258292,0.69078745,0.46986011,0.41278889,0.59675172,0.53401432,0.52096688,0.64354871,0.30339403,0.56957690,1.00000000,0.63372260,0.63710299,0.32281355,0.29152953,0.37997005,0.48714163,0.36933514,0.52971341,0.66730523,0.61352962,0.50904050,0.58195252,0.59244843,0.50726424,0.56288367,0.54107551,0.62961231,0.54625247,0.60632834,0.53535499,0.48789632
B5780,0.55668927,0.54135724,0.54681205,0.45549411,0.47787557,0.62868676,0.48986586,0.46313802,0.44648668,0.43126583,0.46495372,0.53530130,0.53512428,0.48515809,0.58022561,0.62376691,0.31091086,0.38319044,0.54418449,0.56570714,0.64040280,0.45023823,0.57463555,0.30862994,0.62044114,0.44166406,0.57165143,0.59309826,0.50750687,0.35238979,0.38773283,0.55539301,0.46844928,0.50434625,0.54189990,0.58234608,0.35881361,0.55377371,0.37467895,0.46319196,0.48244461,0.36826537,0.61879158,0.51180808,0.64095364,0.47918453,0.33577498,0.46192067,0.53021084,0.58777263,0.57439440,0.49762833,0.40853450,0.66059833,0.56336168,0.48191156,0.36416776,0.43348079,0.50800335,0.56656401,0.65963375,0.34613115,0.44436575,0.43519653,0.35204768,0.40779438,0.40002558,0.46473189,0.52929243,0.30361025,0.53676805,0.53971763,0.63834341,0.50931854,0.42421321,0.35023429,0.45039780,0.56673115,0.37398021,0.44529245,0.47429405,0.36111482,0.53260699,0.49560635,0.46128492,0.46178339,0.45603195,0.55814116,0.40657572,0.56465786,0.49493959,0.46035842,0.59668739,0.47474275,0.35678680,0.45052963,0.57240567,0.47822550,0.46942994,0.43509450,0.41855859,0.44237180,0.54388103,0.44674430,0.45616836,0.40128064,0.34849375,0.54649765,0.51886716,0.41480609,0.59444336,0.42673292,0.53586764,0.37727344,0.53167127,0.47649609,0.32049181,0.54578105,0.39384483,0.44280542,0.57088196,0.51992675,0.53509066,0.44996109,0.41126692,0.47953644,0.42498507,0.47957766,0.40548963,0.40139420,0.68637134,0.65009376,0.56038107,0.50691212,0.46718831,0.46748828,0.44871404,0.50624199,0.40483464,0.52735034,0.46636028,0.50466967,0.55898388,0.41385390,0.61485365,0.37727344,0.51025195,0.35593154,0.46616507,0.72205353,0.43805780,0.41358236,0.39093861,0.56853501,0.51413709,0.68159826,0.47164321,0.40110172,0.40978913,0.59046319,0.29556442,0.53777010,0.58640043,0.51006560,0.42636967,0.46253962,0.47815220,0.59915902,0.49646759,0.55322627,0.55642266,0.52067858,0.46581196,0.46192316,0.53325172,0.42355467,0.35219187,0.43108001,0.35079276,0.56719492,0.41207136,0.57184768,0.45179389,0.63762360,0.52653435,0.38629789,0.49465510,0.60567119,0.59654271,0.34985862,0.27626914,0.38685402,0.36632616,0.36496878,0.26181009,0.39008172,0.46708069,0.48490424,0.42712181,0.41664106,0.68205837,0.42996489,0.48569851,0.38010212,0.47457087,0.34637497,0.48194192,0.47478579,0.32304598,0.34095071,0.35515851,0.40132126,0.46190009,0.44785033,0.49020580,0.47234198,0.42888838,0.56902704,0.40709897,0.49200246,0.33151662,0.48986586,0.70744338,0.44763201,0.40208954,0.47647031,0.43507972,0.43708167,0.42121202,0.22266488,0.48490375,0.44536802,0.36138741,0.55418537,0.59381833,0.44517754,0.52622214,0.41987596,0.50281058,0.40624483,0.64058936,0.60313419,0.45448365,0.47660273,0.55371810,0.40802313,0.55322627,0.42241234,0.28007355,0.43105053,0.63870450,0.56798658,0.49443710,0.47098923,0.51484419,0.57500627,0.51749346,0.57844364,0.45791509,0.44828852,0.48268058,0.45339791,0.52963576,0.41668389,0.44020423,0.49564764,0.50153516,0.42771679,0.64782639,0.33187085,0.48783132,0.63372260,1.00000000,0.63652883,0.25825540,0.22266488,0.33920746,0.45322964,0.39536613,0.46489844,0.66839548,0.54025207,0.57206212,0.48503367,0.52385446,0.37551500,0.47444461,0.47209204,0.48277692,0.45907962,0.62992632,0.51402951,0.53013509
B5782,0.62609350,0.70945613,0.57424636,0.62825633,0.52930801,0.69526699,0.64937526,0.58353826,0.58538318,0.49128593,0.49432446,0.60862234,0.58681028,0.53980344,0.75830542,0.76906325,0.41196086,0.51560862,0.61510917,0.79781658,0.82857512,0.72003487,0.69789295,0.45598975,0.76475980,0.55721373,0.76242956,0.64456609,0.58176267,0.54682479,0.50446649,0.62114431,0.55675118,0.59397058,0.59838490,0.62573209,0.45921841,0.55259937,0.47310117,0.47882649,0.58919092,0.43724322,0.64022983,0.62079751,0.73884183,0.57513093,0.45247559,0.63863865,0.64111626,0.57481499,0.61116131,0.59004242,0.49316937,0.68646168,0.79423427,0.58113990,0.39600953,0.61364100,0.66660781,0.70176263,0.63313265,0.44447982,0.50105733,0.57181069,0.41342998,0.43558865,0.41062896,0.62373944,0.47889097,0.41300708,0.58311805,0.64275343,0.59956295,0.54710019,0.48629330,0.43238801,0.52362194,0.59863139,0.51895543,0.53431616,0.57264853,0.43675686,0.65759661,0.57531855,0.54958734,0.56841278,0.56836320,0.59302957,0.47756733,0.57759122,0.59728798,0.43116846,0.65157604,0.60376222,0.49115127,0.56948037,0.59147367,0.55181415,0.57171745,0.42615088,0.49513943,0.48773428,0.62285383,0.48352439,0.51629786,0.57783074,0.51061059,0.60528032,0.62854595,0.50041151,0.53814629,0.61388963,0.64709639,0.55199488,0.62509170,0.47083820,0.42885237,0.51098904,0.54127088,0.47289005,0.69119180,0.55980514,0.66956456,0.58327610,0.59291753,0.56231728,0.53575119,0.59331793,0.52372572,0.54055180,0.69550808,0.64493728,0.83546787,0.57978374,0.60639840,0.49000325,0.49825154,0.57949226,0.52396410,0.53026276,0.46087487,0.51585533,0.64109748,0.53282821,0.54804724,0.55199488,0.58704904,0.46290842,0.50234367,0.67676743,0.46901345,0.48186800,0.52943688,0.62438841,0.49164649,0.67906437,0.49867419,0.54575663,0.51954494,0.57721161,0.46195127,0.61006610,0.65550716,0.65373998,0.55586407,0.58785453,0.64637354,0.61587904,0.58270817,0.55237364,0.67018420,0.57851288,0.48584215,0.59616734,0.59198424,0.52614785,0.51303214,0.57570809,0.45909376,0.60076726,0.45826305,0.69479815,0.60694786,0.62684106,0.62067956,0.48594605,0.58732644,0.71091096,0.62057563,0.51680319,0.44667052,0.51824530,0.47327814,0.49371452,0.39173586,0.50263876,0.62610700,0.60669893,0.55079257,0.59034104,0.67494531,0.56344851,0.50989725,0.51598190,0.56290764,0.58510286,0.65425280,0.69880325,0.42513242,0.48302606,0.46194583,0.53806477,0.49302198,0.51049818,0.55305387,0.60381185,0.61179760,0.63016269,0.50344229,0.61601652,0.41198292,0.64937526,0.70329072,0.51715314,0.42178603,0.63281814,0.49858105,0.46766737,0.54796285,0.37665311,0.49802353,0.48684128,0.54086159,0.60497110,0.66420180,0.53804903,0.61021619,0.46284526,0.53861018,0.42740493,0.69393677,0.67905966,0.58621998,0.61734512,0.58028955,0.55157806,0.55237364,0.48146328,0.36151143,0.57235130,0.66754864,0.58700177,0.50630965,0.69753120,0.65035743,0.65784320,0.57562770,0.66894376,0.73229745,0.47045736,0.58509701,0.47693679,0.67878484,0.40888053,0.51750647,0.62624980,0.54714973,0.56769644,0.56149497,0.37731963,0.58819570,0.63710299,0.63652883,1.00000000,0.37315859,0.37665311,0.44556840,0.42849626,0.43907072,0.55603800,0.73373469,0.64929303,0.52585883,0.49791471,0.57552199,0.51528222,0.55783809,0.59469956,0.49671073,0.53250052,0.62406183,0.55380433,0.50645547
B5793,0.32171232,0.35441093,0.29347297,0.40514170,0.31830061,0.35943981,0.36976834,0.47144579,0.41231344,0.32168267,0.37805882,0.39074677,0.40614413,0.43780946,0.40589440,0.42983979,0.24591835,0.33263692,0.36041576,0.33889868,0.39793060,0.29719327,0.42597753,0.54048249,0.43001662,0.36911584,0.32547600,0.25555223,0.35211667,0.24478976,0.42573404,0.36133183,0.36122710,0.28563746,0.40140805,0.40830023,0.26462410,0.31169231,0.33225934,0.36247920,0.47316596,0.31115586,0.38289142,0.45324446,0.37355858,0.46041430,0.36787896,0.34226127,0.37482467,0.33592446,0.38439687,0.45500836,0.46277969,0.34839311,0.33838329,0.43062337,0.38694303,0.46096939,0.45377884,0.42845371,0.29175468,0.35005597,0.51161537,0.35972308,0.31713417,0.41212077,0.35274193,0.50329175,0.32299115,0.43957326,0.36094455,0.36050000,0.28854281,0.34095484,0.36832723,0.28156699,0.33204536,0.32956297,0.38374102,0.28363298,0.36296984,0.35834607,0.40410342,0.30659580,0.22148111,0.47406224,0.34322867,0.40235015,0.31859130,0.39775840,0.32603706,0.37107708,0.37984365,0.71082139,0.40094616,0.50546042,0.37977088,0.48344718,0.30696031,0.32505376,0.45972255,0.50383508,0.45027703,0.32320213,0.34633241,0.44045732,0.40372371,0.47861527,0.47606706,0.45216892,0.31311567,0.39844141,0.39464582,0.34475572,0.37079679,0.27884883,0.54185301,0.36700743,0.51364237,0.39502903,0.43048791,0.38985376,0.45603735,0.37206792,0.47895395,0.45478735,0.32943703,0.47451309,0.31219812,0.50146915,0.34722330,0.33284349,0.33649192,0.45413717,0.37841737,0.37749301,0.36997032,0.37315076,0.50009718,0.33774508,0.29090375,0.30250077,0.37132980,0.34844970,0.36456393,0.34475572,0.55994146,0.74299228,0.47300944,0.33315635,0.42938717,0.37114233,0.35731240,0.38842516,0.37129028,0.34848917,0.37309419,0.48856733,0.52076834,0.46706551,0.48514137,0.57733401,0.40147701,0.39061179,0.33588602,0.36195337,0.37143323,0.34629440,0.32284216,0.24226534,0.39024660,0.42237592,0.38067274,0.40911051,0.41263004,0.44991817,0.39233556,0.39648798,0.24290502,0.43574773,0.31304785,0.39058518,0.51470448,0.36510869,0.32968692,0.44706290,0.38219685,0.28510644,0.36310297,0.52532557,0.66016313,0.59211038,0.45303571,0.36716882,0.85555538,0.69577940,0.39946189,0.47428446,0.46546850,0.43380846,0.32664062,0.51499368,0.44535145,0.33581258,0.44852894,0.45962897,0.45126510,0.41868513,0.40209612,0.30851374,0.46749525,0.50867479,0.39040760,0.46865641,0.24181505,0.49175944,0.47167402,0.35811916,0.35384679,0.39707313,0.50781958,0.36976834,0.34730249,0.48395330,0.31793331,0.41639656,0.36187180,0.42847749,0.45943513,0.54391408,0.30960189,0.43225936,0.33608025,0.36107492,0.41039136,0.51111292,0.45101150,0.29956160,0.41783568,0.34030846,0.35305922,0.40539384,0.41784711,0.39880971,0.39098605,0.46665614,0.24226534,0.52065641,0.71548075,0.46616456,0.36367248,0.38255151,0.40299807,0.42996580,0.39664331,0.34884150,0.34886815,0.47671272,0.32885824,0.38113563,0.41826087,0.31665871,0.38102215,0.39627514,0.41510128,0.39865864,0.43953956,0.38928911,0.29743630,0.44051104,0.43071245,0.32281355,0.25825540,0.37315859,1.00000000,0.54391408,0.81291344,0.34736393,0.48481090,0.49771283,0.40924168,0.42138144,0.42453142,0.34822498,0.29214729,0.36725559,0.36455597,0.37138053,0.35008658,0.32108636,0.27656682,0.43598022,0.40299968
B5796,0.30133943,0.29714876,0.22939052,0.39304336,0.22944931,0.27230597,0.28861855,0.41501045,0.34752899,0.36152862,0.37838587,0.35002268,0.43245673,0.47553178,0.34694244,0.32292984,0.40765305,0.39277224,0.26546745,0.39799224,0.39093636,0.34345037,0.36890814,0.33741848,0.32425669,0.36062698,0.34254644,0.20917430,0.41192157,0.19753821,0.38410528,0.29785476,0.37662893,0.31301211,0.33836191,0.36718199,0.31694679,0.29241737,0.36886885,0.44184607,0.50797961,0.39361300,0.31834704,0.39999422,0.35122429,0.51320880,0.40241374,0.38252403,0.29512466,0.28532882,0.29353761,0.46715337,0.49777705,0.23926158,0.39773935,0.43526231,0.35961514,0.42966875,0.40764770,0.37035399,0.29796284,0.36174699,0.47452039,0.39570688,0.39905139,0.36066906,0.28477399,0.44588710,0.29495439,0.38035715,0.35740119,0.37819935,0.25897755,0.25410757,0.43214110,0.33885419,0.38188034,0.29575367,0.43659101,0.28041695,0.31349489,0.42319597,0.44884436,0.30903194,0.25200552,0.42886749,0.31220549,0.38336730,0.38027253,0.32691471,0.30158458,0.41086221,0.30836017,0.49640268,0.51308709,0.58364591,0.28457523,0.38877219,0.28638940,0.36809234,0.45517145,0.45195512,0.35134437,0.32100560,0.34694929,0.44350051,0.44497079,0.33068539,0.40535983,0.55787728,0.35881986,0.42787709,0.32353250,0.30609732,0.41174776,0.28515083,0.38764357,0.31090904,0.49159567,0.50558602,0.51593980,0.32362613,0.32498590,0.52661769,0.43802437,0.41607288,0.45131238,0.47185092,0.44603310,0.54880895,0.34871481,0.25215691,0.32859033,0.42647951,0.32140507,0.41918153,0.42005422,0.39632251,0.52888718,0.30711296,0.24618298,0.29149915,0.28511456,0.35939950,0.38633686,0.30609732,0.48324626,0.45248327,0.40210710,0.29514707,0.40831790,0.45090279,0.41293808,0.31394831,0.30678894,0.34359845,0.41200994,0.41286053,0.39080821,0.31898184,0.41875236,0.42875802,0.35422051,0.28946548,0.27690985,0.25203992,0.36015675,0.28457296,0.27028263,0.19181459,0.41023626,0.37303318,0.41265134,0.34411785,0.33770687,0.40526103,0.43617894,0.36134562,0.30614784,0.29710281,0.23685819,0.40292151,0.41819723,0.29260630,0.30267445,0.38242849,0.28417232,0.20791224,0.29600515,0.45207730,0.42337557,0.31936073,0.50720662,0.34842442,0.51180185,0.44945003,0.34153472,0.47605579,0.41743669,0.49021595,0.33074555,0.44890595,0.38735231,0.39606277,0.55447706,0.55639345,0.36802306,0.40284464,0.43332966,0.38232809,0.47604069,0.43620137,0.35377980,0.38526608,0.29067158,0.40785361,0.44674694,0.31690339,0.46090303,0.45859653,0.44124316,0.28861855,0.30256871,0.48443627,0.29260399,0.45114522,0.35669544,0.40925759,0.45998249,1.00000000,0.32930115,0.38856488,0.39685133,0.34110125,0.36081729,0.41165485,0.50796284,0.41193937,0.51912710,0.33778223,0.27090281,0.35839505,0.31009129,0.35920036,0.36061818,0.41751776,0.19181459,0.55236949,0.49473872,0.41581676,0.32056426,0.31501037,0.46005600,0.41318870,0.39645929,0.28943768,0.21317505,0.35748641,0.38091008,0.31176992,0.40516121,0.24305772,0.31602667,0.30709763,0.36462393,0.35885447,0.32234964,0.52924878,0.33669105,0.38026186,0.34980213,0.29152953,0.22266488,0.37665311,0.54391408,1.00000000,0.50967782,0.25335007,0.44673996,0.47633478,0.37805497,0.40979349,0.36093659,0.28156646,0.37213516,0.43104295,0.42076135,0.39558411,0.30551169,0.22535148,0.23384681,0.32053610,0.34765462
B5812,0.38931003,0.41453065,0.33291162,0.41661812,0.35641168,0.42011967,0.41360574,0.53627766,0.44369337,0.45034984,0.47991126,0.46781313,0.54393794,0.49886682,0.43925016,0.47807990,0.30400095,0.40911515,0.38566025,0.41120538,0.48400493,0.33561851,0.45793958,0.45952097,0.47476222,0.41316446,0.38317709,0.34114724,0.42756488,0.26631054,0.47660209,0.43295311,0.45022210,0.35869630,0.44441727,0.46562193,0.33150502,0.37010330,0.36509239,0.41119291,0.54246503,0.37326926,0.42922525,0.50354080,0.42807171,0.58055255,0.41043841,0.38124736,0.44251578,0.41212414,0.44550064,0.50458836,0.50717082,0.42785785,0.41151702,0.50710923,0.43590182,0.50198582,0.48810703,0.45703736,0.34604587,0.37949267,0.50302491,0.43183473,0.33381083,0.47557727,0.39536223,0.55588176,0.36754311,0.45768388,0.37951434,0.49181009,0.36176714,0.35484389,0.44958689,0.30268832,0.39284048,0.42746126,0.35324265,0.38556878,0.38265523,0.37151416,0.46875227,0.36906720,0.30282806,0.50616842,0.31336571,0.41681151,0.34045346,0.44491151,0.42363117,0.43282656,0.41924014,0.67783928,0.44865088,0.56560270,0.44076449,0.53650507,0.34357563,0.42288139,0.46779274,0.49308542,0.53977218,0.43369221,0.42519475,0.48338753,0.48395753,0.52169931,0.49196179,0.45756859,0.35145961,0.46009078,0.39012137,0.39586062,0.42982550,0.29954461,0.48392526,0.37080380,0.52647551,0.45875831,0.48215888,0.50644045,0.49330534,0.38941856,0.52202791,0.51324742,0.42612664,0.51210456,0.37763627,0.53321515,0.43168953,0.33133937,0.37098464,0.48727738,0.49810020,0.44114314,0.45323177,0.45788287,0.51325370,0.42166518,0.35368704,0.38865445,0.43495885,0.39942618,0.42444678,0.39586062,0.65468183,0.71588569,0.50253831,0.40021399,0.50638853,0.46192181,0.39325555,0.49657776,0.42360320,0.42500133,0.43895262,0.54948386,0.50813671,0.56973346,0.47552680,0.65079108,0.46636729,0.44201880,0.36930598,0.45083102,0.40671200,0.40398091,0.35620280,0.34033814,0.44565174,0.53290222,0.44493107,0.43585405,0.46113077,0.51499743,0.48871710,0.40784140,0.27642700,0.48359360,0.32812909,0.46924666,0.54801014,0.44469812,0.37472209,0.47061838,0.46688581,0.34069313,0.42672364,0.53827754,0.61994054,0.55365740,0.51957436,0.44696744,0.80079073,0.67206880,0.44254396,0.49968974,0.48786489,0.45275240,0.39661045,0.55358036,0.47713604,0.41349970,0.50680837,0.46249235,0.48722718,0.45405036,0.44713729,0.41191579,0.56142334,0.50691520,0.45037273,0.48476749,0.29528448,0.53673330,0.51298959,0.45559435,0.42947716,0.47420815,0.51571872,0.41360574,0.43169893,0.54215571,0.38180580,0.47495080,0.42540485,0.50592063,0.47970159,0.50967782,0.42244967,0.52622564,0.38482645,0.41855679,0.47233606,0.52086103,0.52364611,0.38009827,0.45293003,0.45245637,0.43005145,0.45883021,0.54620850,0.46292421,0.48918818,0.56916228,0.34033814,0.57183900,0.63178661,0.56151853,0.42559839,0.50377728,0.55298283,0.44984612,0.44897225,0.42900789,0.34944664,0.50291863,0.35508057,0.43617789,0.47854363,0.37659729,0.41693528,0.40926093,0.47356587,0.46623034,0.51774509,0.47862663,0.34727888,0.48908713,0.45373783,0.37997005,0.33920746,0.44556840,0.81291344,0.50967782,1.00000000,0.35268057,0.50724341,0.53805331,0.49906453,0.44578170,0.49946715,0.39961503,0.35147009,0.33898029,0.35979189,0.34330475,0.42011740,0.40148576,0.35590070,0.50982333,0.45256385
B6082,0.49550464,0.42033139,0.43273121,0.46163125,0.51345140,0.50107418,0.43969682,0.47648765,0.38382366,0.34016438,0.39062788,0.51017775,0.52290493,0.45217565,0.50079102,0.52009363,0.23827049,0.30980046,0.39724589,0.42780959,0.53743561,0.30124569,0.49116798,0.28524179,0.51571250,0.36784863,0.41388139,0.50287943,0.48478609,0.40638976,0.41833531,0.61982263,0.57438009,0.37336928,0.45570371,0.54122824,0.30865470,0.45915317,0.37329982,0.42256436,0.46465618,0.29503931,0.56399039,0.45720865,0.54328229,0.47742803,0.48994029,0.41828940,0.40508977,0.37961494,0.49508422,0.47178574,0.35092266,0.56599968,0.42676110,0.41892435,0.31136720,0.48903115,0.53128669,0.44714409,0.42057828,0.41543330,0.55835591,0.50132907,0.39783080,0.49807425,0.51192999,0.52019876,0.38358477,0.38939412,0.47575102,0.40813277,0.50888332,0.44230690,0.40383404,0.36386007,0.35020341,0.47862506,0.30774250,0.38272273,0.44666219,0.40752236,0.47209738,0.45852099,0.42060962,0.45529796,0.51111053,0.49838481,0.43235117,0.52983503,0.46972366,0.48189123,0.59397798,0.47302150,0.36118280,0.43974077,0.50713903,0.52331577,0.45136606,0.40992064,0.34066268,0.56129983,0.57289314,0.50013506,0.44637582,0.44658345,0.39193775,0.52626679,0.50401723,0.46729377,0.48278333,0.37316248,0.47480740,0.35777107,0.50898633,0.42683786,0.40697192,0.48109147,0.45764686,0.48228333,0.47547079,0.53954670,0.52409036,0.39858398,0.51703351,0.52343523,0.29781692,0.55384817,0.31738496,0.39968782,0.50723037,0.44338933,0.35742571,0.59606975,0.53446901,0.57201950,0.42532993,0.36501372,0.35217283,0.73200091,0.82271384,0.33207190,0.46711367,0.32253679,0.54237360,0.35777107,0.46079506,0.36672910,0.58596594,0.51613228,0.48263294,0.40126829,0.38089386,0.54633760,0.52200991,0.50309132,0.57471190,0.49181128,0.39389268,0.51246715,0.35243374,0.44432500,0.51212243,0.49602154,0.40384477,0.46622807,0.47267538,0.60415473,0.52062806,0.53391272,0.44492210,0.48328748,0.57805819,0.56794675,0.51996168,0.43124373,0.39277778,0.45600932,0.29026843,0.54136421,0.46427186,0.47809401,0.46720957,0.51033725,0.47222438,0.39419210,0.48089796,0.44284926,0.55367941,0.45123675,0.29398424,0.37761198,0.29417919,0.36272050,0.32054633,0.30871227,0.47612153,0.45955651,0.45669977,0.48189246,0.45635619,0.43088106,0.51012930,0.31389533,0.46623360,0.31983273,0.48912488,0.40019520,0.36995082,0.29878486,0.43469185,0.42130446,0.51909232,0.45676247,0.46036021,0.42836668,0.39140062,0.44689440,0.36718249,0.45795827,0.47006040,0.43969682,0.50510475,0.44839142,0.53140027,0.41767996,0.43392952,0.48033778,0.41109215,0.25335007,0.51407520,0.57438474,0.31836811,0.39520075,0.51235485,0.42257682,0.47112109,0.38462243,0.47536948,0.52823353,0.49755934,0.50901410,0.46966385,0.55121851,0.66015401,0.45410722,0.53391272,0.45124158,0.33483612,0.44429116,0.57210456,0.54320623,0.46285577,0.39990364,0.56385077,0.63142166,0.33050135,0.59408740,0.33875078,0.49608573,0.41955617,0.48596156,0.49521421,0.59488787,0.53477786,0.53483089,0.60342142,0.45787806,0.48795194,0.49620712,0.45852604,0.48714163,0.45322964,0.42849626,0.34736393,0.25335007,0.35268057,1.00000000,0.44377194,0.47409530,0.56477822,0.48254115,0.65173266,0.66573169,0.49034003,0.29610103,0.42411432,0.35953512,0.61261411,0.53861718,0.50371794,0.60393843,0.56570142
B8018,0.37959467,0.33064966,0.29363187,0.42219208,0.31355550,0.42794139,0.51653217,0.63705320,0.40122301,0.34940756,0.34303673,0.42784507,0.43108161,0.43245008,0.42730168,0.44115659,0.27204085,0.38525118,0.32657164,0.41611017,0.48997820,0.32775036,0.44424761,0.33736642,0.44041010,0.45054576,0.35575689,0.33774519,0.37179922,0.31667339,0.50839960,0.50362418,0.51122330,0.32326103,0.44529070,0.48917625,0.27764379,0.41000627,0.29381818,0.38373546,0.41385591,0.38145506,0.47461842,0.46407865,0.42592848,0.50849417,0.42273558,0.42045089,0.35950787,0.36448744,0.41481692,0.46912578,0.42180803,0.41162533,0.41777785,0.43403554,0.39786505,0.55187957,0.51078844,0.43247671,0.41533248,0.40575583,0.50537877,0.47311036,0.34420923,0.51998371,0.38839051,0.52192501,0.35285872,0.37466589,0.39785836,0.37886790,0.37772090,0.34524417,0.39171637,0.42903673,0.33481161,0.45672885,0.33438974,0.35930101,0.33019103,0.37644849,0.47801393,0.40572389,0.30437572,0.47027371,0.32173278,0.40584629,0.43700984,0.50017188,0.40671466,0.41176678,0.43367757,0.50776786,0.41397234,0.49025680,0.41107968,0.52079950,0.37777791,0.37876010,0.63630718,0.48935526,0.55096935,0.42882026,0.40663277,0.55814486,0.52160213,0.49286127,0.47675597,0.50602391,0.41055423,0.44101406,0.32024106,0.43158999,0.37775109,0.28538925,0.44601337,0.43094356,0.57119382,0.48373643,0.51346275,0.51298332,0.46670659,0.36143256,0.56990409,0.62129217,0.38150042,0.53113887,0.41292047,0.47872416,0.44023104,0.35193510,0.36381500,0.54867579,0.50461446,0.50329325,0.38806519,0.37257395,0.47633928,0.42529550,0.40658169,0.50932696,0.38472376,0.34143438,0.47046698,0.43158999,0.48293700,0.42162692,0.54318260,0.39886873,0.52572548,0.38269527,0.40119329,0.53011639,0.46848315,0.44603570,0.49753964,0.51616881,0.45341506,0.45405923,0.42010759,0.46244401,0.46267104,0.49394086,0.41036054,0.45750434,0.43286707,0.41223012,0.35727173,0.36735499,0.43918688,0.51294093,0.49774307,0.46778864,0.47555175,0.44292319,0.51336846,0.43812886,0.28513328,0.47013134,0.42937981,0.43650587,0.51128979,0.41404094,0.33487208,0.42455538,0.46675887,0.33620168,0.43964749,0.56435419,0.33912877,0.35788449,0.42784898,0.51147605,0.46578530,0.41548525,0.43633767,0.55324392,0.46041667,0.44804890,0.39000185,0.43707254,0.50446241,0.38278555,0.47497273,0.46580520,0.48156814,0.47513815,0.43902823,0.37055333,0.56354021,0.42399117,0.42705021,0.44409719,0.32966372,0.48931550,0.50814666,0.42284343,0.44321691,0.53718866,0.43470524,0.51653217,0.44369608,0.46842365,0.37730690,0.44264011,0.44594453,0.52498648,0.41311802,0.44673996,0.43551757,0.49906257,0.38762876,0.40475461,0.46528633,0.42654006,0.46222006,0.36299848,0.38926162,0.40475874,0.42096363,0.48527694,0.48463587,0.47055100,0.52616652,0.53257105,0.36735499,0.43649238,0.39092986,0.49915060,0.45790080,0.52252866,0.47160224,0.48547229,0.48470644,0.45139994,0.33992457,0.49021034,0.30330131,0.52652335,0.50258674,0.43414090,0.44958913,0.47628697,0.55052767,0.45419247,0.50124227,0.43255406,0.40289534,0.52348202,0.48669145,0.36933514,0.39536613,0.43907072,0.48481090,0.44673996,0.50724341,0.44377194,1.00000000,0.63827601,0.51571795,0.39229739,0.56479091,0.42666254,0.39140439,0.32945929,0.38987868,0.39601351,0.47639584,0.41074844,0.34591624,0.50881321,0.53633587
B8019,0.53848326,0.50080687,0.44576641,0.58164431,0.43006062,0.56219052,0.58317258,0.63861425,0.56801661,0.57270282,0.50701208,0.64501702,0.61882928,0.53000700,0.59716194,0.60156391,0.32502423,0.41571353,0.52928071,0.53242032,0.63070914,0.41666273,0.51404493,0.39968551,0.60002493,0.51379800,0.48674794,0.48586328,0.52219398,0.40655961,0.53212810,0.54356447,0.57002231,0.54660017,0.58043621,0.60855169,0.44237103,0.59903664,0.45511856,0.52831161,0.61281229,0.37665004,0.56218273,0.58323184,0.57292069,0.57324905,0.50347901,0.45975954,0.49210309,0.50124196,0.59855250,0.56050327,0.56424534,0.56156608,0.53246611,0.56421875,0.56844596,0.58521735,0.49552307,0.51802002,0.43262591,0.52634599,0.63518647,0.56033082,0.48209421,0.51077080,0.50140632,0.65218799,0.51849388,0.58819399,0.51939672,0.51372751,0.49655888,0.41690897,0.54063768,0.57735046,0.43503200,0.58635960,0.51322039,0.52266030,0.52466152,0.51967026,0.52646346,0.56949707,0.50384777,0.65582090,0.41818749,0.55901418,0.58530916,0.54017931,0.49996839,0.48035140,0.57529143,0.62324191,0.51696941,0.61900775,0.48653898,0.67384413,0.51248951,0.45261274,0.44566670,0.62003854,0.68386942,0.50685269,0.65138705,0.56020330,0.51729212,0.61051692,0.55547403,0.65217682,0.56634773,0.45732597,0.44371321,0.40050963,0.55914541,0.41595125,0.44333915,0.61916277,0.79562751,0.59765769,0.61805533,0.65771285,0.53863660,0.48091135,0.60577639,0.59860761,0.43651019,0.65991192,0.46473146,0.59256778,0.50795861,0.45039872,0.44540086,0.61260544,0.52842853,0.55145677,0.59202757,0.45619824,0.55172640,0.49225521,0.46123923,0.45476418,0.58922652,0.53681275,0.54491808,0.40050963,0.63436900,0.52354087,0.63914401,0.54204617,0.57803506,0.53510299,0.43038042,0.63348705,0.53381784,0.50471305,0.55514671,0.57517458,0.51453300,0.61606176,0.56027515,0.62847140,0.56565375,0.52164288,0.41813215,0.49461280,0.53588783,0.49470567,0.42540114,0.43581441,0.56329825,0.56963160,0.54890804,0.51266361,0.57553177,0.54298669,0.50725250,0.53176016,0.51177711,0.60337027,0.55121558,0.54921934,0.59646192,0.57186780,0.47133771,0.58657762,0.50725245,0.47745752,0.58481755,0.57285754,0.46220519,0.47375349,0.54662448,0.40213354,0.50008050,0.54602878,0.55199452,0.66749978,0.53266115,0.60063453,0.61353315,0.64695197,0.65670054,0.41734217,0.61272322,0.53320415,0.46765286,0.48378497,0.49849558,0.36844991,0.65169589,0.60352618,0.55112117,0.59311015,0.49438960,0.55520834,0.50611761,0.63690649,0.46893687,0.53851536,0.49494885,0.58317258,0.54794471,0.59300664,0.44605153,0.46684116,0.68081915,0.57725245,0.59239432,0.47633478,0.53859158,0.53373241,0.38273237,0.47980978,0.57334352,0.62105438,0.61661153,0.55822084,0.52350740,0.49888204,0.58575835,0.54919220,0.52344296,0.55875285,0.51849098,0.55478517,0.43581441,0.54227883,0.40435044,0.54551417,0.62409556,0.55523111,0.58480525,0.49663439,0.49675964,0.55025173,0.47839724,0.61850282,0.43340601,0.62093490,0.55923903,0.46152281,0.52503501,0.57887506,0.52382455,0.54890363,0.58904519,0.59837069,0.57240109,0.51368063,0.62980016,0.52971341,0.46489844,0.55603800,0.49771283,0.47633478,0.53805331,0.47409530,0.63827601,1.00000000,0.65648301,0.48776111,0.59914971,0.45807704,0.55773919,0.48724842,0.49882578,0.53802111,0.50485137,0.47622877,0.51474642,0.58760649,0.56932344
B8105,0.64695923,0.63615256,0.56175219,0.58203292,0.59162427,0.70501675,0.63218334,0.55367640,0.60910696,0.51974020,0.52803960,0.70677982,0.63039515,0.58818169,0.70950008,0.71396117,0.40665705,0.49390690,0.58781587,0.70181052,0.80117925,0.61827609,0.68562230,0.40770812,0.70390908,0.55076404,0.60204762,0.60780511,0.59897849,0.44422668,0.55321108,0.64670368,0.60472865,0.55936438,0.66262164,0.66605119,0.43681852,0.65275481,0.46045118,0.53893430,0.60155180,0.46149071,0.67786593,0.62406641,0.69210362,0.59398500,0.53533183,0.57291581,0.60665665,0.59211379,0.68097970,0.60129261,0.52463011,0.68722759,0.70376243,0.61460127,0.44523710,0.59949383,0.64621467,0.68548272,0.56374917,0.46272827,0.58616919,0.58251510,0.41943172,0.50060554,0.47562024,0.62713070,0.52706760,0.41977837,0.64178572,0.59645617,0.60905841,0.58573482,0.50856126,0.43749885,0.51061825,0.65501799,0.49277789,0.52815033,0.55123806,0.48291801,0.65155871,0.56496394,0.50945568,0.56501914,0.48445280,0.66795509,0.49141702,0.69761833,0.59868002,0.55652738,0.69531254,0.62564906,0.50511579,0.60027961,0.64933522,0.63636822,0.57098989,0.51835734,0.52957552,0.57851914,0.75231034,0.54069555,0.55735737,0.57918738,0.50435138,0.66175179,0.64698566,0.55741863,0.64820810,0.55031244,0.57875479,0.49378205,0.59744723,0.47217454,0.42582594,0.59711485,0.53358228,0.55837488,0.71302169,0.65969129,0.62832936,0.53430162,0.60737845,0.59905253,0.49435979,0.63449155,0.54090745,0.55358853,0.68454843,0.63023150,0.60959459,0.70330053,0.58859023,0.62694601,0.57442456,0.60508413,0.56368382,0.58651434,0.55089237,0.53992761,0.67386849,0.50944209,0.66197108,0.49378205,0.66626752,0.49440286,0.64283953,0.75291251,0.55027228,0.51080737,0.48391315,0.68537558,0.64471278,0.67399813,0.63286616,0.55772912,0.54461410,0.70212801,0.43051750,0.64398961,0.72224284,0.60909786,0.47209694,0.54992867,0.59457808,0.64708391,0.54937647,0.57545010,0.64789425,0.61890736,0.63018128,0.59043494,0.65741750,0.56227321,0.50874106,0.52765641,0.47775093,0.66835900,0.50078602,0.70976236,0.56994038,0.68220694,0.64749505,0.50588815,0.57248461,0.62214657,0.65861735,0.49709070,0.41641498,0.49296051,0.50079355,0.46353825,0.42262018,0.52896917,0.57891472,0.60013387,0.55498085,0.57346703,0.67889633,0.58580546,0.60691207,0.49573260,0.58852696,0.51960773,0.60656049,0.62534560,0.44143377,0.44583632,0.50634839,0.51929803,0.56903741,0.56599251,0.53026727,0.58399070,0.57938693,0.64972012,0.52921691,0.62543858,0.48862134,0.63218334,0.69524199,0.58235302,0.46362971,0.59330855,0.53873573,0.54859494,0.51997308,0.37805497,0.58766393,0.54469865,0.45371847,0.55620558,0.72742541,0.56623337,0.63284007,0.50651147,0.60603863,0.53816528,0.69578931,0.65568716,0.57012011,0.62868353,0.61524706,0.51602439,0.57545010,0.56639271,0.39683515,0.51826111,0.83650976,0.68684005,0.60861101,0.62482937,0.63089261,0.69691457,0.60417943,0.67773355,0.58730627,0.53634320,0.59617208,0.50988248,0.65802366,0.52657863,0.57125907,0.61636013,0.63860549,0.55822909,0.67036929,0.43779898,0.58661655,0.66730523,0.66839548,0.73373469,0.40924168,0.37805497,0.49906453,0.56477822,0.51571795,0.65648301,1.00000000,0.61476407,0.68725522,0.54717982,0.57823614,0.47966774,0.54309545,0.57625717,0.57951473,0.53942676,0.64499063,0.64232085,0.61912471
B8159,0.58777287,0.61390994,0.56704893,0.64077803,0.52968315,0.58467237,0.58633744,0.54320419,0.56198452,0.48523807,0.54106986,0.56788909,0.58869033,0.59029918,0.69590981,0.73064814,0.60804776,0.65211547,0.60445514,0.62628593,0.61380575,0.53174813,0.60512270,0.43654123,0.72469402,0.49295386,0.65955107,0.59304211,0.59344823,0.43798560,0.54258077,0.57114198,0.51969310,0.60332065,0.51717093,0.55799081,0.48419737,0.53706081,0.53763135,0.49591428,0.63885842,0.64139176,0.60595441,0.64524442,0.65810522,0.65277286,0.48158996,0.66569970,0.61264085,0.60170592,0.60275370,0.60665105,0.52219033,0.63350244,0.62613343,0.49656982,0.43666641,0.59974574,0.63637095,0.56845078,0.61128175,0.47237043,0.55647098,0.56451951,0.47416372,0.44601952,0.46840460,0.68400823,0.48131217,0.52235002,0.51447282,0.69071127,0.51977827,0.53768231,0.50534637,0.37954250,0.54041357,0.53008832,0.53098846,0.40080212,0.60551824,0.49107910,0.74584244,0.47840896,0.53309169,0.55894579,0.56522531,0.54601912,0.43543765,0.52696790,0.51182533,0.45303073,0.60775571,0.58983820,0.46199188,0.60204132,0.54714614,0.54247053,0.44876748,0.41600319,0.58496212,0.55624955,0.56242979,0.47518793,0.52494626,0.56860472,0.53621116,0.62552081,0.56832894,0.54401552,0.45114673,0.70272395,0.61669120,0.47115930,0.62729829,0.52130154,0.42694861,0.47576730,0.55367923,0.51918023,0.67666752,0.48829670,0.61120934,0.51147181,0.61524855,0.61941960,0.65477945,0.59177209,0.57107739,0.54371139,0.61596990,0.57675305,0.56945791,0.55669271,0.54301676,0.47444052,0.48256141,0.47209721,0.53064139,0.53607442,0.48193314,0.46646536,0.56571915,0.48800725,0.50535952,0.47115930,0.58831174,0.52319463,0.47722651,0.65081037,0.41502848,0.47854108,0.68459617,0.51335038,0.42122790,0.60368188,0.47412873,0.56470044,0.47252117,0.57367972,0.43600265,0.65447869,0.59507034,0.50201155,0.48111256,0.49624599,0.52569748,0.58506445,0.58653795,0.51812273,0.60952974,0.46844979,0.47052218,0.63320697,0.50879740,0.49852461,0.54162910,0.43892895,0.46102570,0.56948319,0.39942155,0.59880708,0.46984386,0.51312903,0.57130562,0.51395249,0.45910965,0.58256981,0.53487668,0.47642478,0.46768831,0.47062142,0.49141984,0.43348948,0.46187924,0.49872395,0.54916286,0.55417618,0.52121518,0.60772516,0.61951212,0.61643077,0.47670265,0.64621257,0.59930564,0.53693532,0.56071297,0.59126521,0.36046360,0.37762105,0.44783918,0.57951134,0.52708677,0.56821859,0.54491833,0.59889801,0.51659163,0.56308614,0.52536359,0.53098064,0.48471803,0.58633744,0.64321072,0.51613033,0.49271599,0.75080356,0.50317693,0.41343087,0.60577331,0.40979349,0.45341543,0.44513789,0.52663109,0.55038384,0.59415716,0.53223097,0.57258936,0.48802306,0.59235586,0.34997873,0.56360526,0.58268323,0.49236671,0.56496663,0.56208716,0.46896909,0.51812273,0.56845208,0.46166495,0.46561560,0.58066735,0.47653602,0.49516733,0.58750856,0.62230449,0.59759734,0.49903074,0.69255186,0.63059133,0.38641713,0.47665481,0.41257544,0.52530518,0.44267560,0.49218856,0.59660532,0.57295590,0.56435595,0.47610734,0.33150980,0.50193993,0.61352962,0.54025207,0.64929303,0.42138144,0.40979349,0.44578170,0.48254115,0.39229739,0.48776111,0.61476407,1.00000000,0.51328084,0.51072409,0.59305752,0.53291047,0.58983441,0.56891129,0.45156198,0.47801868,0.54709239,0.57071495,0.51742906
B8396,0.56340499,0.49916490,0.47719675,0.46928111,0.47856338,0.59741009,0.52319112,0.54406507,0.50651942,0.41881540,0.45563412,0.59214328,0.62119629,0.57296363,0.54787150,0.56573646,0.28684178,0.40707399,0.46727831,0.48980887,0.63043673,0.40674342,0.59038275,0.35365144,0.56626043,0.54656111,0.46643482,0.53732515,0.48201727,0.41335236,0.52027531,0.63997023,0.62607940,0.40461814,0.54243470,0.60575892,0.33144805,0.54292787,0.34951272,0.48425981,0.52202762,0.35285413,0.61084337,0.59172181,0.59834056,0.58846299,0.46979691,0.48829548,0.47716847,0.47243848,0.55145539,0.60569107,0.38244339,0.61588619,0.48788981,0.52787728,0.41053679,0.60260146,0.58135811,0.55823751,0.47696524,0.50098468,0.60257805,0.51407127,0.41378975,0.53517028,0.46369234,0.60380027,0.51132810,0.36865726,0.52887920,0.50066861,0.57176073,0.46081076,0.50732875,0.37336359,0.38906029,0.56277007,0.33236891,0.44636435,0.45228797,0.46878818,0.58480501,0.55557379,0.44268526,0.51479328,0.45889955,0.56353147,0.46725288,0.64356842,0.49218443,0.52816732,0.60778968,0.55142384,0.37969799,0.53358391,0.53834140,0.63165052,0.47724975,0.50561226,0.49162008,0.59684022,0.73107906,0.52123434,0.47011038,0.54626602,0.46753752,0.61474505,0.52354262,0.48454958,0.58025057,0.46842738,0.45217570,0.40463332,0.55530939,0.41827974,0.43240661,0.55617646,0.50291193,0.51331759,0.56748398,0.67043557,0.52423374,0.41346372,0.61758924,0.61849050,0.39928433,0.57966141,0.40484557,0.45072607,0.52657082,0.50691319,0.42724657,0.70375410,0.57207879,0.67019647,0.46182369,0.48753217,0.42989706,0.62352900,0.62157016,0.44693086,0.54580683,0.41355206,0.61436563,0.40463332,0.59133679,0.45175669,0.69386817,0.61913591,0.56718953,0.51134249,0.47820125,0.60961780,0.57602027,0.52950191,0.66983361,0.51750411,0.43172833,0.66743743,0.43789649,0.56876912,0.58930750,0.56863260,0.41763893,0.52889739,0.57050499,0.62852001,0.48213791,0.54249487,0.50459244,0.60156920,0.66750377,0.55220810,0.62056410,0.48879886,0.47210882,0.44624161,0.35124202,0.59930390,0.48856899,0.55723650,0.50681929,0.64188045,0.50193759,0.43736280,0.52750925,0.47557853,0.64122343,0.52297615,0.36107194,0.43254691,0.40671954,0.38493779,0.42615425,0.47993845,0.53426284,0.53206583,0.47463156,0.54283298,0.53895727,0.50033891,0.60269851,0.40374818,0.49509665,0.39915199,0.55060254,0.51108808,0.46659950,0.38755777,0.58401714,0.47359646,0.60299329,0.53365065,0.48320553,0.51017724,0.52505878,0.55255194,0.43903809,0.54745117,0.48466234,0.52319112,0.59591594,0.56741595,0.49801331,0.51735938,0.44114113,0.56508039,0.45650892,0.36093659,0.61621647,0.63188681,0.39468389,0.46038782,0.59387441,0.47441582,0.53915474,0.43015740,0.53235896,0.56829222,0.62267590,0.55085451,0.48989424,0.58102910,0.69863465,0.51951890,0.54249487,0.50229905,0.34927820,0.51860817,0.65854438,0.63554012,0.58186953,0.50795475,0.53214166,0.64445895,0.42230940,0.66309830,0.36014564,0.58685879,0.54746935,0.48293246,0.55171760,0.57080877,0.57495849,0.57605958,0.67964771,0.49561347,0.59706929,0.51629751,0.52628239,0.50904050,0.57206212,0.52585883,0.42453142,0.36093659,0.49946715,0.65173266,0.56479091,0.59914971,0.68725522,0.51328084,1.00000000,0.55567225,0.52144506,0.31570349,0.39102188,0.41649178,0.60361971,0.52125371,0.57765762,0.68154011,0.78815018
B8536,0.50988696,0.46735119,0.41201230,0.47911945,0.49240635,0.55582113,0.48433268,0.52603596,0.45860250,0.36644849,0.41454285,0.47139703,0.48661867,0.48256855,0.53600769,0.53788978,0.29846557,0.34995798,0.44428528,0.50499405,0.53349883,0.36914513,0.47328848,0.27367866,0.53508193,0.43568676,0.49094430,0.48483849,0.48889958,0.42960577,0.45819288,0.55734752,0.51130029,0.44229559,0.46034741,0.46171679,0.34320899,0.42701831,0.39766184,0.43870248,0.49595829,0.35046198,0.55287648,0.51258722,0.55620934,0.47787268,0.42425569,0.43947467,0.41592025,0.39827794,0.51732837,0.46938556,0.39797505,0.59334045,0.50359567,0.45230172,0.34580881,0.46723773,0.55180039,0.47035459,0.45119884,0.36696262,0.50653204,0.46671447,0.37713660,0.45360254,0.49454884,0.54708128,0.36698182,0.36225951,0.45210902,0.46063321,0.51115003,0.40817025,0.41908945,0.35902899,0.41747802,0.48719981,0.38429412,0.45187625,0.45568909,0.40060040,0.48929507,0.49024248,0.41566475,0.46700052,0.52937320,0.45334902,0.41804511,0.46002079,0.50611355,0.47959220,0.63077710,0.45847925,0.36905393,0.43908674,0.47347101,0.52350320,0.51501308,0.40241250,0.38096864,0.51595136,0.50615895,0.47502173,0.43717774,0.52595396,0.48226800,0.55312201,0.54390511,0.46550682,0.44482007,0.38756060,0.51667404,0.51052587,0.50074180,0.41811686,0.40735326,0.44261127,0.47323907,0.43378320,0.48691486,0.51495466,0.60312888,0.41789413,0.48334992,0.52881813,0.37511297,0.56275554,0.36471740,0.43382328,0.55766821,0.47589948,0.44444532,0.48731246,0.49581906,0.50536120,0.41696998,0.41734579,0.37197488,0.65504188,0.64606507,0.34624903,0.51318545,0.37113874,0.48766884,0.51052587,0.50152980,0.37648113,0.47878867,0.54549495,0.44633610,0.40089927,0.38431047,0.54022470,0.37496816,0.57027074,0.50685868,0.44540624,0.38467264,0.52885180,0.36322916,0.47320055,0.55140658,0.52497412,0.46504680,0.49869793,0.53020751,0.62535438,0.56757143,0.58346057,0.56869762,0.51162917,0.50743082,0.52211478,0.56204454,0.47498356,0.48031340,0.48587001,0.35534584,0.53420303,0.42574655,0.51664721,0.52921884,0.51122521,0.51498951,0.37277598,0.54624892,0.47595725,0.56286972,0.48599466,0.30209533,0.33998855,0.32097491,0.44319591,0.32985932,0.34890929,0.51554710,0.48053437,0.50395333,0.46231223,0.49707697,0.42243315,0.46691638,0.35295812,0.45755012,0.33325090,0.53114134,0.47865512,0.32689713,0.31670789,0.40920210,0.42548680,0.46774595,0.44744641,0.43272959,0.42040100,0.50589393,0.46881047,0.35229375,0.44406500,0.44452899,0.48433268,0.51518560,0.44345225,0.65237072,0.43165912,0.41707582,0.44447922,0.44013952,0.28156646,0.50469317,0.51790896,0.35005810,0.43142951,0.55246164,0.47065479,0.48802808,0.39977188,0.48661454,0.42709928,0.49503126,0.51923520,0.56412125,0.52967583,0.61519837,0.50969128,0.58346057,0.48615914,0.33771032,0.52022107,0.54361729,0.58911774,0.45664922,0.47949347,0.59078257,0.61518369,0.40539640,0.57462026,0.40331774,0.42284326,0.41475142,0.47041607,0.52786576,0.49340836,0.44621880,0.52757191,0.59105981,0.46011217,0.45877531,0.42374459,0.46607935,0.58195252,0.48503367,0.49791471,0.34822498,0.28156646,0.39961503,0.66573169,0.42666254,0.45807704,0.54717982,0.51072409,0.55567225,1.00000000,0.47430121,0.37128071,0.50347039,0.44310491,0.73636857,0.48030557,0.48480756,0.60301067,0.54802642
B8554,0.64318504,0.60643058,0.62293817,0.60783246,0.50946772,0.58451935,0.55349602,0.44970314,0.50681390,0.59753576,0.59407666,0.57304081,0.67893511,0.51663441,0.61403352,0.62478755,0.40412500,0.44881036,0.55927541,0.57500144,0.55092860,0.44037864,0.54467536,0.34541254,0.62426434,0.44763594,0.59722345,0.66035361,0.63403716,0.44529573,0.46243831,0.54039692,0.52946184,0.64988065,0.49968577,0.54907241,0.51236102,0.53244687,0.58212626,0.57642066,0.60548935,0.46031527,0.57411525,0.49964238,0.64214070,0.61155203,0.48090672,0.52469431,0.55961981,0.54995524,0.57906147,0.47731359,0.45555417,0.64056193,0.57279235,0.47196915,0.49021972,0.52200612,0.50792273,0.51384173,0.50140595,0.48559878,0.55528569,0.52486368,0.52064837,0.46322518,0.40369723,0.55412725,0.57048482,0.42641055,0.48709764,0.62151599,0.55558614,0.49219414,0.57056365,0.49787093,0.47710123,0.43646185,0.53781865,0.45646386,0.57817411,0.50400937,0.56531413,0.48570466,0.71793617,0.53205207,0.57182973,0.52182494,0.55016585,0.47958775,0.50159944,0.52490450,0.67564241,0.49305379,0.53859066,0.64800710,0.51155076,0.47628795,0.48159695,0.50254528,0.38801338,0.54655046,0.54541309,0.44316376,0.57120910,0.52695477,0.50115997,0.50488041,0.51866250,0.54717614,0.61730015,0.49675210,0.61230547,0.36664191,0.64030099,0.58775540,0.36038979,0.50728391,0.52252890,0.53759574,0.57859951,0.55061682,0.51538225,0.56551281,0.53799815,0.48047096,0.50007579,0.59015003,0.45258806,0.49146006,0.55241793,0.57006437,0.46694053,0.51324164,0.48821921,0.52681331,0.54501932,0.43798396,0.47437913,0.47401990,0.45820931,0.38413692,0.56587941,0.52711551,0.56368197,0.36664191,0.56629584,0.40327837,0.52709138,0.57550658,0.45445027,0.56150376,0.49772320,0.49362240,0.47189502,0.53496604,0.53308926,0.43600076,0.43323761,0.52149652,0.39327693,0.52677521,0.51474715,0.46432691,0.43179698,0.42707462,0.49568730,0.52468482,0.48628531,0.46043428,0.59122167,0.49512595,0.52253273,0.52163138,0.49635538,0.52119440,0.49790386,0.45615106,0.48378725,0.52982767,0.46060367,0.54164365,0.52405441,0.57428448,0.55194116,0.48070613,0.43835326,0.56689420,0.57083288,0.39682536,0.34403203,0.35708775,0.49646438,0.37825162,0.31036725,0.40543197,0.51141107,0.52495692,0.51071850,0.64297980,0.58000812,0.51688349,0.52762517,0.45613921,0.64060926,0.49642531,0.46507743,0.47529838,0.42282868,0.39816300,0.47707936,0.50384413,0.54048960,0.54518522,0.73492355,0.44593057,0.45233504,0.57501358,0.42995799,0.44977995,0.35001810,0.55349602,0.55568600,0.54149509,0.47591571,0.56085069,0.55690423,0.45273495,0.52010913,0.37213516,0.47811225,0.40350804,0.38746911,0.48571071,0.52515519,0.53242231,0.58438330,0.55134179,0.61144523,0.39135460,0.54092101,0.53787837,0.42669360,0.49921767,0.53002720,0.49647151,0.46043428,0.53419081,0.36247994,0.50955344,0.57513401,0.50458048,0.53423639,0.48094216,0.51662337,0.55423809,0.42754861,0.56119115,0.47609982,0.44544283,0.46757430,0.44575801,0.49592701,0.46345150,0.45697275,0.48245715,0.49835283,0.58881098,0.63322777,0.31484659,0.44928354,0.59244843,0.52385446,0.57552199,0.29214729,0.37213516,0.35147009,0.49034003,0.39140439,0.55773919,0.57823614,0.59305752,0.52144506,0.47430121,1.00000000,0.51603746,0.60455187,0.50119338,0.47667072,0.47001933,0.54955246,0.49263532,0.47802067
B8561,0.53969678,0.53325089,0.45285063,0.69394989,0.40998848,0.47148287,0.51170040,0.44978018,0.54814943,0.55746076,0.52828898,0.51657177,0.47570986,0.40007375,0.56119408,0.57123089,0.34266436,0.33000732,0.56770147,0.54391079,0.48567491,0.44472640,0.49716943,0.34273647,0.57380412,0.36642940,0.52814567,0.39472029,0.51441634,0.35509355,0.38114878,0.41419564,0.38598413,0.59801310,0.48801756,0.51983771,0.68243420,0.61768568,0.58492717,0.45091953,0.55312675,0.33150033,0.43284787,0.39656943,0.54176059,0.46512565,0.39124742,0.37510820,0.49662182,0.52299428,0.47908769,0.44460915,0.45828588,0.45716950,0.53903782,0.45251578,0.45335124,0.37044743,0.37396092,0.52698428,0.36757044,0.36008148,0.45230788,0.34565860,0.39378652,0.34002665,0.29025441,0.52721157,0.45905708,0.45732872,0.59496757,0.52228152,0.34292983,0.37742001,0.42693426,0.37407897,0.43852857,0.37396181,0.95503094,0.38261224,0.62430698,0.38712258,0.40719790,0.49490764,0.45128747,0.47164102,0.43701450,0.59503499,0.36798965,0.38158445,0.44334140,0.41084802,0.50326542,0.49820983,0.51536627,0.52023746,0.42896560,0.39259673,0.43900557,0.33144236,0.32844726,0.43409707,0.40731293,0.33911693,0.52230424,0.40686682,0.39843486,0.45131372,0.47885196,0.47474258,0.47921072,0.34159093,0.53580192,0.30475199,0.51431620,0.45503108,0.34926720,0.48175215,0.51133542,0.43420793,0.53552063,0.43673143,0.48130762,0.51270646,0.37940735,0.39886496,0.40654895,0.51551720,0.42345412,0.51272463,0.41850549,0.42439849,0.46430460,0.38804229,0.35053876,0.43330697,0.58902043,0.44917120,0.42988635,0.35378335,0.31702343,0.32137028,0.48399751,0.60535001,0.52768114,0.30475199,0.51969576,0.43596764,0.37830129,0.44485366,0.38909043,0.39739365,0.38319399,0.40631894,0.31013067,0.40932922,0.43684583,0.35085918,0.38077552,0.45823787,0.32841467,0.47230053,0.43495864,0.38892295,0.32866943,0.35138152,0.37675490,0.34915270,0.33654073,0.31708189,0.57798725,0.34848666,0.42289601,0.37818094,0.41784033,0.43491861,0.38307125,0.37317301,0.62867464,0.52203435,0.36338610,0.49490596,0.45458598,0.42542970,0.50197422,0.49840806,0.37812259,0.43889252,0.44054779,0.35765951,0.40141829,0.35561497,0.40868042,0.31317587,0.35757703,0.41602694,0.42465612,0.42976447,0.46260632,0.47438065,0.56971479,0.52825710,0.40139791,0.32928525,0.52548623,0.45907473,0.33496275,0.40183517,0.31627386,0.30637379,0.41798385,0.49267807,0.35303772,0.44313633,0.46371732,0.38707442,0.36778737,0.59824754,0.43589955,0.42715381,0.32657818,0.51170040,0.42500500,0.46625899,0.32741281,0.37386332,0.53584416,0.38794554,0.48001814,0.43104295,0.34902362,0.28550079,0.35336035,0.41311000,0.44143659,0.55561898,0.54716039,0.52943599,0.47812311,0.33029638,0.40727879,0.44013551,0.40420713,0.38011370,0.37541419,0.37903456,0.31708189,0.50989044,0.43857243,0.38545321,0.45139835,0.38287273,0.41837867,0.41662068,0.40937124,0.44219794,0.46332136,0.47198346,0.51786901,0.28388279,0.34074654,0.41654505,0.48761238,0.34194218,0.30822821,0.37217339,0.37366097,0.53547176,0.45734230,0.25143675,0.42909758,0.50726424,0.37551500,0.51528222,0.36725559,0.43104295,0.33898029,0.29610103,0.32945929,0.48724842,0.47966774,0.53291047,0.31570349,0.37128071,0.51603746,1.00000000,0.67432709,0.67794325,0.35297407,0.41605562,0.44561509,0.37696354,0.36950875
B8562,0.53184432,0.54907309,0.49675630,0.66337659,0.43946983,0.53099608,0.56653788,0.45481206,0.51376791,0.56685533,0.63626216,0.57552032,0.50289622,0.51187644,0.59479284,0.59243410,0.37387215,0.39907407,0.59602381,0.56641896,0.53004870,0.45835691,0.52558458,0.33161627,0.59164229,0.43536783,0.59171826,0.51327366,0.77414408,0.38883024,0.48396409,0.49549532,0.44368569,0.57051919,0.49551440,0.55972766,0.54305222,0.54982197,0.71898168,0.44011467,0.64927356,0.41461368,0.50958140,0.49225108,0.57061196,0.53357888,0.40697236,0.44239022,0.55239996,0.52702443,0.53600755,0.46834027,0.57558841,0.51707591,0.56319200,0.51925475,0.50714457,0.48812570,0.46825770,0.53119639,0.44233414,0.36512939,0.51022341,0.46625674,0.45232942,0.38594474,0.39542558,0.59021824,0.49592457,0.45436841,0.68874992,0.50764085,0.43483363,0.45206784,0.43386915,0.40324938,0.58284599,0.42002336,0.67038155,0.40296064,0.64626861,0.46521281,0.50091571,0.46333923,0.48599116,0.53211742,0.47104473,0.67388932,0.46173314,0.40457767,0.42096182,0.47095312,0.55940775,0.53309913,0.54200841,0.63535400,0.46106339,0.41651593,0.46496917,0.40786648,0.42829174,0.49907101,0.44616230,0.39722402,0.53618422,0.53276841,0.50809697,0.48203082,0.56808582,0.59523023,0.56575487,0.43771797,0.59003445,0.35594139,0.56138766,0.45291803,0.38023024,0.51117576,0.53523357,0.51062670,0.56889518,0.49391272,0.50125412,0.65561291,0.49354257,0.49510931,0.50016355,0.62546664,0.41213458,0.59996299,0.52536826,0.47530182,0.51331103,0.43699017,0.37599796,0.42543569,0.60851660,0.43827264,0.57234200,0.44641216,0.40897292,0.33644752,0.53198896,0.54044809,0.53912414,0.35594139,0.57380344,0.43373058,0.40021166,0.54006365,0.44748145,0.42355638,0.45131692,0.40881112,0.38126984,0.51299018,0.42958085,0.45478574,0.48267394,0.49474048,0.33143677,0.55947931,0.50102044,0.43000436,0.35822211,0.38104698,0.47759984,0.42439103,0.40954428,0.40963323,0.65605155,0.42668628,0.42700461,0.49922158,0.45907869,0.49516138,0.49409858,0.46739806,0.53571336,0.53360057,0.42316482,0.54611247,0.50851062,0.49510814,0.48911812,0.50684380,0.43946750,0.47856680,0.48896117,0.42763492,0.35528181,0.36782405,0.53593194,0.35540009,0.36425620,0.38942657,0.50044656,0.47088407,0.46261149,0.54297611,0.59226173,0.59725940,0.46851309,0.41032514,0.58558504,0.47147946,0.43234246,0.44501999,0.34820175,0.29037384,0.41466247,0.56160060,0.41909003,0.54083026,0.47595915,0.47252075,0.42212639,0.59533888,0.38557430,0.41616128,0.36104434,0.56653788,0.49469987,0.49698515,0.42764838,0.46716759,0.55701522,0.44571580,0.60171288,0.42076135,0.39608657,0.36634101,0.39470339,0.45364354,0.51080205,0.59532140,0.55766949,0.45839758,0.54393805,0.30983586,0.47399751,0.48961962,0.40047374,0.45932784,0.46377915,0.39922300,0.40963323,0.55676135,0.40536034,0.40202416,0.52648314,0.44881787,0.46318779,0.45940822,0.46598569,0.50330313,0.50094815,0.53093978,0.58359014,0.33046376,0.36282761,0.39552193,0.51609234,0.44018848,0.39029148,0.42963046,0.43866956,0.56662556,0.54677136,0.33223784,0.44714484,0.56288367,0.47444461,0.55783809,0.36455597,0.42076135,0.35979189,0.42411432,0.38987868,0.49882578,0.54309545,0.58983441,0.39102188,0.50347039,0.60455187,0.67432709,1.00000000,0.71977001,0.44943758,0.44421952,0.51405081,0.44173382,0.40094597
B8563,0.52179810,0.60953575,0.49914295,0.64347987,0.42749677,0.56164846,0.61415504,0.50649902,0.55797457,0.48633544,0.54216453,0.54723700,0.47695193,0.51407074,0.63298767,0.62811486,0.28534689,0.36090515,0.55403812,0.57878136,0.55043840,0.49342521,0.54102717,0.31793985,0.63095627,0.50440999,0.63172327,0.45327586,0.56439017,0.40762040,0.39628048,0.48556786,0.43974300,0.52758412,0.49962852,0.53632882,0.58823203,0.56648968,0.55836770,0.41285723,0.54253135,0.32029101,0.51457431,0.55565027,0.61337553,0.46577514,0.37213500,0.43087902,0.59989585,0.58097417,0.56548205,0.52091402,0.49271957,0.55376306,0.57439755,0.50994527,0.44521764,0.47362546,0.49219036,0.56173058,0.47155757,0.36992158,0.47189670,0.38961404,0.38192675,0.37627961,0.39016571,0.59822721,0.44257214,0.37734479,0.60596415,0.51567409,0.47255815,0.41878456,0.42129936,0.36888407,0.45660291,0.47761535,0.67145330,0.43962321,0.61921051,0.43349557,0.48354505,0.53102495,0.40412712,0.45602392,0.44732637,0.61459025,0.45555916,0.46991881,0.42230938,0.40368016,0.52446225,0.51855431,0.45996436,0.57223659,0.44421139,0.46690263,0.47270552,0.35374918,0.43036901,0.46579413,0.48188458,0.42833011,0.52548864,0.50082353,0.44329712,0.52223078,0.57779771,0.55765058,0.48673470,0.41631861,0.51295795,0.33549008,0.59419678,0.44647356,0.33624556,0.58036812,0.54768012,0.43291279,0.59758969,0.47025683,0.52146695,0.55794381,0.48156057,0.51368730,0.46101961,0.55677235,0.39524156,0.53461740,0.49278285,0.50386632,0.52983522,0.41901517,0.38000008,0.42112494,0.50569048,0.48698326,0.49331504,0.39685619,0.38105672,0.35868733,0.56309560,0.50268266,0.46937747,0.33549008,0.56591616,0.43920773,0.39386950,0.58307374,0.43460252,0.42358508,0.44674169,0.43317842,0.37264590,0.48172614,0.42892416,0.42983450,0.43378962,0.53623491,0.37253127,0.55925557,0.51225702,0.42411612,0.35973045,0.39522216,0.51329947,0.42936554,0.41229572,0.37298771,0.63965652,0.43836558,0.41798371,0.46666231,0.47287377,0.46016305,0.42808640,0.44428828,0.50324359,0.54590558,0.48070006,0.56959472,0.50514625,0.53810341,0.49303871,0.48504677,0.43126842,0.51732567,0.50430448,0.47130684,0.36752201,0.34300207,0.45754728,0.33277528,0.36972290,0.39756710,0.51080919,0.52958014,0.45099664,0.55302373,0.63546134,0.54262259,0.43966879,0.36743382,0.54863394,0.49835481,0.47407988,0.45414801,0.38931813,0.30575010,0.44425512,0.47425120,0.39541964,0.47074837,0.44533757,0.44690288,0.46005898,0.56176015,0.37593341,0.43960564,0.35675612,0.61415504,0.51376119,0.44563844,0.39343730,0.45023071,0.52380153,0.43248700,0.57500729,0.39558411,0.39887397,0.37926008,0.43827022,0.52016832,0.52121392,0.58369104,0.52974949,0.41225781,0.54508683,0.33308136,0.50858792,0.48703265,0.39771089,0.41982262,0.40983331,0.43092127,0.37298771,0.48894694,0.35133517,0.43598023,0.56457076,0.41543554,0.43978358,0.46880448,0.47716040,0.50221069,0.54390406,0.54224611,0.58979971,0.39547007,0.44140135,0.36649777,0.53339719,0.45063024,0.38931191,0.44973819,0.42405069,0.52385990,0.49745163,0.34722257,0.54284015,0.54107551,0.47209204,0.59469956,0.37138053,0.39558411,0.34330475,0.35953512,0.39601351,0.53802111,0.57625717,0.56891129,0.41649178,0.44310491,0.50119338,0.67794325,0.71977001,1.00000000,0.39216898,0.39815448,0.50165825,0.42670244,0.43464697
B8603,0.54848595,0.46435346,0.45566893,0.46174151,0.53880285,0.59274847,0.44687354,0.44845389,0.42465228,0.35841956,0.37713224,0.51930189,0.54716095,0.50353576,0.53061879,0.51219412,0.27166657,0.40249625,0.40356072,0.53368237,0.58822202,0.44381242,0.53162060,0.31377870,0.50768415,0.40948104,0.44119109,0.55978822,0.44269876,0.40412895,0.42111561,0.59912121,0.57305455,0.44555052,0.47574828,0.50789312,0.29997995,0.49232632,0.35359459,0.43861136,0.45771321,0.34691466,0.60294028,0.45471164,0.56295359,0.52432666,0.41873511,0.46747159,0.42374015,0.37212539,0.52777366,0.55595282,0.36363139,0.57388049,0.53159731,0.44345432,0.32842388,0.45406210,0.55505152,0.52242378,0.43806423,0.32146364,0.44768434,0.52093397,0.33663866,0.50158044,0.43141386,0.50655135,0.40259868,0.34062700,0.52037892,0.44849427,0.53985885,0.48388981,0.44726381,0.33835348,0.38152879,0.46144665,0.36364079,0.42377696,0.44124838,0.36249434,0.52201987,0.43520668,0.45823835,0.46503443,0.48330464,0.50634927,0.39326941,0.57075599,0.58716450,0.54537123,0.64610953,0.51211234,0.38275828,0.44751153,0.55761365,0.49699353,0.48744806,0.47656795,0.32054237,0.45192997,0.54667398,0.50268195,0.42341375,0.50694803,0.45659074,0.49768463,0.62520854,0.42418619,0.49456433,0.43270998,0.54608239,0.53549689,0.48738497,0.43664660,0.39482213,0.41572658,0.44291843,0.45818450,0.51476244,0.56650990,0.63686471,0.39226959,0.46359048,0.47157404,0.39727883,0.56849284,0.38277854,0.44848196,0.58004390,0.44855673,0.43557424,0.52901342,0.59148156,0.52317988,0.42448832,0.48377923,0.38628921,0.61874680,0.60850314,0.38582066,0.50632901,0.37614371,0.57268866,0.53549689,0.51525452,0.39808545,0.50471966,0.51859505,0.53909342,0.42413435,0.43960513,0.65392287,0.45774796,0.60108714,0.52586085,0.48440196,0.35682638,0.54454798,0.35904424,0.46441226,0.62827927,0.59542081,0.50646274,0.57189386,0.46877444,0.65534796,0.57337606,0.63570029,0.58264361,0.63103641,0.52662351,0.57346989,0.59099954,0.51900495,0.45563034,0.52091117,0.32360307,0.54250997,0.43881178,0.55590021,0.58642619,0.53803407,0.49391936,0.36127036,0.59393519,0.46366116,0.54835808,0.47291411,0.29209763,0.40251490,0.34428412,0.49947052,0.35578778,0.34677755,0.50238590,0.48389956,0.54291982,0.42219744,0.45253658,0.42167437,0.46164479,0.40788395,0.46363955,0.37812754,0.57311332,0.58626774,0.42310781,0.39148103,0.52050323,0.40530282,0.46344591,0.44632893,0.46085853,0.46544801,0.62239532,0.51771346,0.45649693,0.53887808,0.39476146,0.44687354,0.55841373,0.49963698,0.54531697,0.45855636,0.42476660,0.53789595,0.39889448,0.30551169,0.47800499,0.54712213,0.40594841,0.39676696,0.63056804,0.40524981,0.52301272,0.40562887,0.47047728,0.47156287,0.56176753,0.52601485,0.62106004,0.58271448,0.54495018,0.51790993,0.63570029,0.48344380,0.33877487,0.53385711,0.55661956,0.73957824,0.49718021,0.58363399,0.55960559,0.67138781,0.38201306,0.52707030,0.37083547,0.45786125,0.44727071,0.51674529,0.63296042,0.47209404,0.50931560,0.55577943,0.60430517,0.48730951,0.51872873,0.45602358,0.46328586,0.62961231,0.48277692,0.49671073,0.35008658,0.30551169,0.42011740,0.61261411,0.47639584,0.50485137,0.57951473,0.45156198,0.60361971,0.73636857,0.47667072,0.35297407,0.44943758,0.39216898,1.00000000,0.57828794,0.49030667,0.60702443,0.59773042
B8836,0.52565073,0.50858723,0.50079854,0.47256887,0.51470488,0.55560216,0.45989299,0.44115069,0.39378716,0.36090979,0.38214091,0.51272246,0.51826779,0.44784594,0.55745796,0.58263699,0.25480456,0.37356406,0.42843490,0.54228345,0.59443894,0.41956747,0.57668454,0.33251766,0.57724765,0.38288137,0.44915237,0.52121510,0.46971788,0.43171994,0.34130866,0.62647804,0.60580095,0.43966759,0.50160541,0.57982221,0.32869527,0.45328108,0.31911777,0.38717650,0.46970202,0.28497259,0.53432165,0.44953047,0.57441607,0.48884855,0.43119237,0.46004808,0.46324544,0.44486574,0.53168014,0.46506208,0.32631574,0.57452671,0.54021198,0.46507698,0.36507733,0.43139541,0.49333751,0.54621274,0.46177985,0.37011739,0.46370057,0.56827120,0.31905040,0.50154894,0.45828872,0.46785994,0.46359851,0.33985893,0.47819979,0.47960750,0.48081815,0.52675623,0.42568367,0.34647026,0.46637925,0.47909311,0.40712970,0.42668217,0.45607425,0.37608336,0.48249239,0.46720002,0.47717973,0.47625802,0.51479465,0.46202299,0.37397430,0.54577133,0.56970047,0.42098552,0.63320889,0.46036515,0.40238501,0.45235252,0.58969761,0.47082279,0.45527984,0.45076084,0.29508120,0.45316610,0.57367717,0.48085185,0.42474586,0.43872709,0.39037641,0.49090435,0.56834290,0.37856902,0.45507252,0.40848404,0.55721500,0.44978256,0.50724538,0.44763895,0.39714802,0.43710964,0.42774909,0.44045774,0.46993866,0.58290373,0.62516926,0.41960359,0.43534520,0.43265086,0.37597983,0.55397445,0.30953858,0.44152001,0.52715352,0.47000990,0.48678309,0.50364800,0.60841403,0.54702714,0.37902445,0.48425716,0.40576914,0.59603895,0.56561206,0.42574915,0.52835937,0.44323548,0.54520825,0.44978256,0.49196875,0.38008865,0.50914522,0.55077790,0.49317201,0.40967208,0.43640183,0.61376081,0.50874518,0.51835868,0.54727526,0.51401615,0.35547370,0.56665240,0.34411087,0.47489340,0.58262790,0.58804270,0.44985519,0.54628671,0.48196235,0.59959362,0.59576278,0.58826605,0.44049473,0.51539573,0.54628371,0.61766232,0.49776301,0.52073906,0.38719109,0.44500826,0.30249914,0.52547839,0.47936116,0.56153607,0.54693401,0.53119325,0.51685998,0.40707206,0.55915854,0.54115465,0.54600187,0.44123074,0.30490838,0.44092795,0.35676492,0.44764103,0.30338598,0.32413349,0.49744416,0.43174101,0.51537463,0.45450510,0.48989312,0.43007573,0.45487049,0.37424595,0.45209066,0.37329411,0.49563764,0.43589607,0.40837490,0.33790232,0.47047499,0.42654588,0.47850668,0.43983438,0.46778198,0.52720185,0.46365100,0.52678068,0.39509430,0.47077524,0.34247410,0.45989299,0.58628726,0.45039788,0.47964887,0.47041371,0.41758595,0.49293168,0.40418702,0.22535148,0.51334600,0.51860527,0.32692635,0.39550149,0.58278371,0.39071472,0.52237397,0.38325291,0.39990131,0.43370044,0.55076467,0.55856946,0.54505488,0.52795757,0.56768478,0.46292701,0.58826605,0.40000631,0.31344266,0.46348978,0.52969191,0.60652607,0.48043698,0.43882415,0.53241541,0.65422661,0.43782436,0.53903954,0.43707251,0.46390495,0.44643096,0.64429539,0.61253451,0.52754832,0.53663207,0.52588607,0.57249101,0.44438701,0.47618648,0.42570074,0.46793365,0.54625247,0.45907962,0.53250052,0.32108636,0.22535148,0.40148576,0.53861718,0.41074844,0.47622877,0.53942676,0.47801868,0.52125371,0.48030557,0.47001933,0.41605562,0.44421952,0.39815448,0.57828794,1.00000000,0.54129646,0.56705311,0.47510170
B8905,0.69733261,0.68065964,0.63570994,0.53319026,0.57366140,0.69684603,0.63672884,0.48321101,0.51947145,0.49732329,0.55467794,0.60416970,0.62753206,0.44472088,0.61555959,0.71694523,0.23350462,0.34744479,0.60976863,0.61745231,0.63366440,0.46366557,0.65092119,0.30985878,0.72547950,0.45103900,0.63325400,0.66452961,0.59701171,0.41159031,0.39177727,0.67192454,0.52740138,0.59447904,0.58656022,0.62981887,0.43397682,0.58326144,0.45812870,0.51862895,0.56840761,0.28183612,0.62638847,0.52609104,0.72277353,0.52382175,0.40801246,0.48233176,0.59909821,0.58180150,0.66266788,0.50378877,0.35743649,0.76693643,0.61376554,0.53736716,0.41239935,0.43639681,0.46168691,0.65222002,0.57380783,0.39245060,0.45065537,0.42171479,0.36845381,0.43746047,0.41584356,0.60581031,0.50238590,0.33651483,0.57949412,0.59774405,0.70058257,0.53790848,0.50967805,0.39629226,0.46937358,0.53946368,0.45947929,0.44319710,0.58759744,0.38198326,0.50535673,0.56033454,0.57228661,0.50205208,0.51949159,0.62112096,0.44384628,0.51632696,0.58680729,0.49496924,0.69490143,0.49491502,0.38255593,0.51005785,0.61483035,0.51083035,0.47253188,0.48671526,0.33610315,0.44133416,0.60970957,0.45022856,0.56692929,0.44825582,0.40545232,0.61058094,0.55886958,0.46072044,0.50889590,0.42614499,0.61468276,0.33981079,0.69822416,0.52831638,0.34313717,0.57501527,0.45038097,0.52643207,0.52124820,0.59188511,0.56422357,0.48782662,0.43880887,0.54823054,0.40308298,0.52042001,0.37217925,0.44406204,0.61335051,0.68866574,0.51442447,0.51437336,0.50432656,0.55407589,0.46022140,0.58160747,0.41770644,0.50331802,0.48821804,0.43498886,0.66788624,0.52906108,0.58201696,0.33981079,0.55114867,0.39407255,0.48144350,0.70138584,0.52634458,0.51430992,0.40116926,0.55233945,0.47867574,0.59238575,0.56488162,0.39758782,0.43641944,0.66811540,0.33095721,0.54707137,0.56877723,0.51436249,0.36570956,0.48274121,0.48925856,0.61009696,0.47590354,0.55198370,0.50313489,0.49260493,0.55253831,0.47343548,0.51708490,0.44506937,0.40584968,0.48992632,0.43426092,0.59978754,0.47945969,0.63342446,0.49485872,0.70081965,0.68680502,0.40831731,0.50413046,0.67293240,0.65762097,0.37734560,0.34131819,0.44363995,0.39163375,0.35499936,0.30068664,0.39966560,0.50573319,0.42760711,0.48384905,0.50419113,0.72294087,0.47468947,0.48652885,0.35598288,0.56806387,0.32923312,0.45095632,0.45819520,0.35592767,0.30663414,0.40585469,0.44791556,0.56379914,0.52699764,0.58823224,0.42831989,0.40219174,0.62703404,0.38104571,0.48386597,0.35931588,0.63672884,0.73432227,0.48814056,0.42439761,0.46302315,0.51819253,0.52485846,0.47155424,0.23384681,0.55224114,0.47835569,0.40369615,0.55196094,0.57786085,0.52989189,0.61819184,0.50887574,0.51678690,0.40010007,0.71827459,0.63552010,0.46225527,0.49447698,0.54518548,0.47842425,0.55198370,0.45575384,0.29280903,0.49333256,0.65282901,0.55321179,0.55208437,0.45802557,0.43527408,0.64269943,0.51010685,0.63444547,0.54397547,0.46630092,0.45461648,0.44460091,0.54618186,0.45898482,0.44315040,0.48862585,0.56194977,0.52746530,0.56284046,0.32546665,0.51988930,0.60632834,0.62992632,0.62406183,0.27656682,0.23384681,0.35590070,0.50371794,0.34591624,0.51474642,0.64499063,0.54709239,0.57765762,0.48480756,0.54955246,0.44561509,0.51405081,0.50165825,0.49030667,0.54129646,1.00000000,0.55605892,0.52431064
B8929,0.61153221,0.51737889,0.49524933,0.49911122,0.51703861,0.60666629,0.54072588,0.61341662,0.55718020,0.44160360,0.41099166,0.65187388,0.60882470,0.57820417,0.59414994,0.63587079,0.36280019,0.43413471,0.52640146,0.53655044,0.64524926,0.43538887,0.57871685,0.36697183,0.63553881,0.49974530,0.50173281,0.55454549,0.49034291,0.43694333,0.49616260,0.61038431,0.64390874,0.47076009,0.50627035,0.58100183,0.34716028,0.55082376,0.38000885,0.52321975,0.51256252,0.40301998,0.56885492,0.61443979,0.60930122,0.59250608,0.58721170,0.52143481,0.44236622,0.44507895,0.62716566,0.58846208,0.42841963,0.63355545,0.53441173,0.51665569,0.41191375,0.54089758,0.57477533,0.53827156,0.49323028,0.50531748,0.62482873,0.56710592,0.46354131,0.56816707,0.55123832,0.61115434,0.44980291,0.46673048,0.48670316,0.49820389,0.54648080,0.49295322,0.53044592,0.44191275,0.36806669,0.58335034,0.38820862,0.43313936,0.50921303,0.49434652,0.61155377,0.54868737,0.46099005,0.56575288,0.49962802,0.49702335,0.45220788,0.58874032,0.57574878,0.56149861,0.66137366,0.56510442,0.38579384,0.48423898,0.58157038,0.67819356,0.48080114,0.45137803,0.45292564,0.63618534,0.69344790,0.51089381,0.49664509,0.54345481,0.48357962,0.62455125,0.53020119,0.48668202,0.49779528,0.50880925,0.49804475,0.44989812,0.53177507,0.47476165,0.42711864,0.48054008,0.54077563,0.50820972,0.57876579,0.66384644,0.62059684,0.39227254,0.55270745,0.60039385,0.41472100,0.62434539,0.45159769,0.48475274,0.53001857,0.50269399,0.47501426,0.65996667,0.60344728,0.60961343,0.45527568,0.50699811,0.39939564,0.68258140,0.61679405,0.43127369,0.61358484,0.46016062,0.56393426,0.44989812,0.57376135,0.48572807,0.63923677,0.57647617,0.51922647,0.52032684,0.48847348,0.65884400,0.52485033,0.52187595,0.61327554,0.51368024,0.42539049,0.65386691,0.48857623,0.56230549,0.57532343,0.54063761,0.43715614,0.51226959,0.52761910,0.62665289,0.50963732,0.59111919,0.48392492,0.57023573,0.61784614,0.58877947,0.57251063,0.49200810,0.48511548,0.44101677,0.39948790,0.62035256,0.46399342,0.58297913,0.47879461,0.61753775,0.58044096,0.50569719,0.52125716,0.50944908,0.61774193,0.53535227,0.37481913,0.48072069,0.38416976,0.45166436,0.46978865,0.48385896,0.51161086,0.55197039,0.51471940,0.56895425,0.55715071,0.49669106,0.61028207,0.43717753,0.52825575,0.44455938,0.51633259,0.49574273,0.45666304,0.38155153,0.52948560,0.51649262,0.66286105,0.54271118,0.51354294,0.49829132,0.50587656,0.57530654,0.46606327,0.54787659,0.47478231,0.54072588,0.59947331,0.59540041,0.52198123,0.56135070,0.47424873,0.51668399,0.47623976,0.32053610,0.58459700,0.56262598,0.36740493,0.46311439,0.58127126,0.51708820,0.59445131,0.50354554,0.49978200,0.48369591,0.65253202,0.59888123,0.55374022,0.66626304,0.61580158,0.52938950,0.59111919,0.53981267,0.40189608,0.53908813,0.62166839,0.61812695,0.55189062,0.49455000,0.52943580,0.66460578,0.43897835,0.66365248,0.40169158,0.55506784,0.53427407,0.54997043,0.55429330,0.53516501,0.55715534,0.59318575,0.98434909,0.54018623,0.52989559,0.49052758,0.47732029,0.53535499,0.51402951,0.55380433,0.43598022,0.32053610,0.50982333,0.60393843,0.50881321,0.58760649,0.64232085,0.57071495,0.68154011,0.60301067,0.49263532,0.37696354,0.44173382,0.42670244,0.60702443,0.56705311,0.55605892,1.00000000,0.68377538
B9254,0.60710539,0.49674318,0.44827337,0.47517083,0.39168153,0.58949674,0.50122935,0.57070886,0.54569066,0.38812671,0.39768663,0.55970926,0.55746158,0.54728510,0.55029622,0.56396091,0.33541014,0.36465888,0.46581189,0.51875945,0.60747450,0.39039977,0.54917939,0.32053168,0.56448487,0.50921386,0.45392319,0.46727918,0.44021383,0.36814391,0.43652116,0.59888039,0.58763680,0.46087360,0.49421149,0.56463074,0.30232552,0.54329466,0.36457522,0.51249918,0.48771872,0.42760628,0.63236511,0.55313982,0.60258643,0.58453143,0.49855677,0.46940509,0.40539075,0.43244196,0.56557256,0.63051364,0.43823249,0.62102029,0.51684039,0.49206711,0.36125085,0.51764219,0.54636022,0.50673460,0.46047074,0.41951798,0.54748729,0.44552677,0.37528236,0.51234037,0.41553340,0.54733449,0.46692499,0.37553131,0.51441584,0.48568400,0.53423476,0.44402581,0.45210271,0.31838634,0.33591575,0.49822825,0.38617417,0.38872979,0.46893418,0.39476281,0.57682701,0.55816574,0.37556732,0.50375238,0.42209148,0.52904085,0.40033779,0.64315048,0.54133204,0.50450645,0.54105939,0.55253349,0.37755086,0.46757619,0.55150485,0.61186467,0.45613534,0.42014865,0.42619871,0.54393502,0.63792748,0.45409030,0.44435958,0.49747717,0.45035418,0.61211973,0.51222164,0.46169219,0.52415908,0.43365328,0.42473844,0.39133492,0.48687603,0.42775184,0.40759077,0.52104306,0.47408002,0.51702480,0.55951777,0.58450727,0.54734984,0.36795936,0.53262997,0.61350152,0.42316873,0.53756785,0.47154812,0.46666482,0.50436492,0.47398011,0.38963443,0.62834919,0.50464358,0.59653143,0.42475169,0.53184799,0.37692521,0.59378396,0.57315159,0.44616045,0.55491380,0.42221181,0.61338358,0.39133492,0.56055073,0.44504490,0.59044990,0.55362101,0.50398447,0.44198470,0.44608306,0.63034087,0.48601294,0.50729601,0.59619450,0.42810851,0.37694617,0.63202843,0.36125704,0.54310457,0.55983566,0.52466116,0.42910104,0.49292700,0.49365686,0.54753795,0.41371175,0.55421421,0.51082897,0.58256999,0.58821932,0.49642113,0.58696939,0.48880884,0.45492548,0.43813268,0.40044160,0.64089783,0.41028815,0.56501860,0.47195517,0.58612393,0.52944030,0.42434103,0.52323121,0.45642980,0.60623545,0.44657874,0.34100001,0.42083091,0.35284983,0.41460101,0.39897845,0.47642462,0.46468745,0.55103200,0.48858324,0.47268988,0.54490993,0.42782833,0.50761804,0.36302412,0.47419963,0.39613739,0.48701823,0.47198951,0.43912465,0.43087998,0.54769196,0.44014768,0.53168886,0.48013972,0.44118436,0.45723857,0.53437951,0.52841408,0.50679883,0.55222790,0.44068493,0.50122935,0.58592330,0.59414439,0.46313591,0.47339217,0.43152120,0.50187532,0.42614940,0.34765462,0.56713811,0.50962484,0.40104560,0.45845813,0.56440257,0.47204224,0.59268471,0.46865201,0.49377546,0.45174990,0.56191645,0.54051207,0.49137640,0.56005790,0.59846202,0.44697748,0.55421421,0.56026489,0.41103081,0.44606675,0.65963353,0.57267243,0.53006571,0.46885618,0.48283944,0.63566269,0.40004478,0.59805400,0.34277575,0.52376000,0.52898387,0.44075439,0.55112447,0.47797678,0.51871353,0.54112689,0.68188298,0.50405177,0.54065328,0.46344822,0.47858389,0.48789632,0.53013509,0.50645547,0.40299968,0.34765462,0.45256385,0.56570142,0.53633587,0.56932344,0.61912471,0.51742906,0.78815018,0.54802642,0.47802067,0.36950875,0.40094597,0.43464697,0.59773042,0.47510170,0.52431064,0.68377538,1.00000000
