course_id,00819-A,00819-B,00819,03716,04138,07276-A,07276-B,07276-C,07276,08574-A,08574-B,08574,09032,09679,09730-A,09730,10906-A,10906,11925,11929-A,11929-B,11929,11933,14015,15305,15920,16692,16870,17628,17634,20741,27311-A,27311,28004,28011-A,28011,28012-A,28012,28020,28021,28024,28027,28040,28106,28623,28652,28659,28796,29227-A,29227-B,29227,30376,37085,37262,37635,37760,37925,39176,40720,41169,41588,41731-A,41731,42500,47240,48693-A,48693,57828,58348,58423,58437,60348,65094,66857,66858,66860,66870,69259,69430,69661,69731,69867,70155,70210,70219,70226,72671,72778,72787,72796,72938,72939,72940,72942,72945,73025,73149,73273,73302,73435,75198,75835,75969,76011,77780,77933,78096,78510,78778,78779,78810,79194,81609,81610,81612,81672,81676,81678,81683,81917,81932,81934,81940,81942,82202-A,82202,84339,84401,84530,84531,85189,85285,85301,85445,85446,85573,85728,87469,87474,87898,87901,88016,88145,88146,88155,88202,88324,88325,88566,89988,90074,90106,90107,90147,90157,90477,90720,90730,90748,90749,90864,91161,91248,91250-A,91250-B,91250,91254,91258-A,91258-B,91258,91259,91261,91264,91265,91266,91267,91269,91411,91602,91685,91721,91762,92858,93034-A,93034,93315,93319,93333,93363,93379,93466,93467,93468,93469,93470-A,93470,93478,93653,93669,94442,95602,95604,95605,95611,95627,95630,95631-A,95631,95632,95638,95639,95644,95645,95646,95648,95782,95965,96007,96142,96143,96346-A,96346-B,96346,96642,96725,96793,96859,96994,96995,97431,97466,98618,98671,98735,98931,99195,B0009,B0010,B0011,B0061,B0063,B0064,B0069,B0070,B0073,B0074,B0385,B0832,B0833,B1459,B1703,B1873,B1874,B2125,B2133,B2696,B3567,B4826,B4913,B4925,B4940,B4948,B5026,B5059,B5079,B5292,B5293,B5474,B5665,B5674,B5722,B5727,B5780,B5782,B5793,B5796,B5812,B6082,B8018,B8019,B8105,B8159,B8396,B8536,B8554,B8561,B8562,B8563,B8603,B8836,B8905,B8929,B9254
00819-A,0.00000000,0.16571267,0.28171389,0.39050288,0.44737926,0.29377212,0.40832546,0.47352495,0.38968017,0.42866488,0.46841490,0.32883334,0.35154636,0.53255794,0.33675624,0.27329234,0.62954854,0.58449439,0.36088395,0.33881634,0.32626071,0.49290847,0.37284793,0.63530921,0.27689300,0.53424132,0.33819426,0.32940013,0.40293375,0.57765846,0.55147750,0.36806296,0.42442830,0.33148607,0.41841278,0.35232981,0.53206334,0.37607495,0.46545472,0.42161504,0.42861079,0.60144606,0.35561628,0.51719547,0.25133831,0.42204828,0.52557980,0.48272420,0.42934600,0.42872678,0.32763798,0.47769676,0.57005728,0.21232366,0.34258390,0.47493966,0.58199894,0.51987609,0.51590492,0.36673511,0.45797055,0.57822393,0.51154737,0.52352042,0.55556626,0.51776061,0.61574319,0.39991900,0.48138294,0.56230346,0.38047118,0.33242177,0.35178883,0.49018465,0.48418579,0.60091813,0.59328662,0.46886845,0.44542677,0.55162938,0.41037013,0.57550793,0.43278853,0.40249453,0.37902513,0.43698279,0.42584966,0.36213883,0.55334862,0.44825154,0.41462588,0.44809340,0.29901727,0.46776607,0.56542212,0.51991580,0.40566857,0.47570515,0.47809673,0.50950617,0.65476821,0.51153903,0.36273419,0.56932063,0.47353305,0.51162216,0.55115038,0.39542364,0.48336246,0.51895243,0.44214503,0.54345091,0.39696952,0.60555127,0.33604446,0.37778701,0.60901947,0.47543426,0.54537962,0.49770235,0.42479009,0.40157433,0.42673034,0.50497960,0.50348915,0.48649857,0.55547341,0.41631861,0.49962729,0.50960794,0.42907263,0.34880181,0.49165524,0.45535364,0.48092588,0.41469983,0.48718962,0.37072353,0.57991200,0.45802476,0.50508117,0.57016579,0.29054794,0.40791162,0.36671118,0.60555127,0.42071800,0.58560138,0.45970107,0.36389932,0.51780714,0.48782432,0.54403598,0.37423481,0.52576328,0.44789177,0.40714243,0.57571527,0.57521911,0.33257232,0.64403811,0.45768064,0.45255166,0.46845031,0.56885436,0.50241367,0.52776315,0.40203242,0.52151362,0.42304233,0.41109722,0.46729171,0.41574862,0.52146800,0.45888627,0.49664388,0.55014669,0.51549827,0.48156086,0.35327589,0.53503243,0.36673094,0.49313420,0.31265135,0.32090186,0.53925409,0.49973284,0.33806816,0.33810031,0.61869953,0.64911307,0.51677595,0.59901595,0.60475769,0.66877567,0.54549184,0.50314774,0.53053899,0.49044301,0.47778196,0.30897585,0.50100172,0.47830036,0.58056811,0.42133551,0.58030149,0.58226554,0.52485370,0.61355775,0.58206789,0.51627393,0.48702621,0.44517384,0.44973391,0.32654310,0.55036340,0.54777857,0.33841718,0.54429388,0.48736950,0.65911313,0.40832546,0.30724758,0.41884690,0.53271637,0.51111414,0.50675021,0.51990942,0.52278223,0.69866057,0.47504194,0.55746072,0.66106305,0.46767654,0.44120069,0.40795725,0.33085885,0.43328292,0.46258378,0.55478353,0.30476406,0.38833096,0.52380762,0.46177881,0.48853033,0.47573126,0.42304233,0.43258221,0.62363313,0.45826961,0.35182403,0.43233754,0.45524595,0.52438601,0.50154344,0.33882835,0.50677965,0.37884516,0.50352287,0.54144781,0.50123497,0.50101212,0.40269585,0.54905626,0.50481442,0.50408527,0.38379557,0.42863916,0.39991806,0.66369391,0.53816730,0.39708642,0.44331073,0.37390650,0.67828768,0.69866057,0.61068997,0.50449536,0.62040533,0.46151674,0.35304077,0.41222713,0.43659501,0.49011304,0.35681496,0.46030322,0.46815568,0.47820190,0.45151405,0.47434927,0.30266739,0.38846779,0.39289461
00819-B,0.16571267,0.00000000,0.21924389,0.37933154,0.41868455,0.30880158,0.37406120,0.48244822,0.38493316,0.46453699,0.45072793,0.38697033,0.39367375,0.48451530,0.28633962,0.20152111,0.69500327,0.58020950,0.31404694,0.30100948,0.32604919,0.38655941,0.32019336,0.57295739,0.20512177,0.48011414,0.21702072,0.33125468,0.40577841,0.53222087,0.55904281,0.41763511,0.47873416,0.37434465,0.42146628,0.39246272,0.50099746,0.45531750,0.48796424,0.48917465,0.41387970,0.65835946,0.39196788,0.45788597,0.24076466,0.47855460,0.64651342,0.46725582,0.31586861,0.35410039,0.31439192,0.48516875,0.59089475,0.23874475,0.30477704,0.46101032,0.59798763,0.51024223,0.47242516,0.32987594,0.44453843,0.58785369,0.55645299,0.56862488,0.59523122,0.60811602,0.60540639,0.35890661,0.46639052,0.62712594,0.44050849,0.29919222,0.39340387,0.45195378,0.51322271,0.60559437,0.53429333,0.44637064,0.45187266,0.53086602,0.34717459,0.57421594,0.42271324,0.43992185,0.39439998,0.46106022,0.41043498,0.38927682,0.53381010,0.52292823,0.46114434,0.56269562,0.31562426,0.47691644,0.55893100,0.49128255,0.40732788,0.47389375,0.47060944,0.52335829,0.61722520,0.56001964,0.41818095,0.59643925,0.50021394,0.50571624,0.57382928,0.36797478,0.43196527,0.52502837,0.48251369,0.50875458,0.31827326,0.58283902,0.30711347,0.42351305,0.63059944,0.48978529,0.55960938,0.56065470,0.44366592,0.45065396,0.38796804,0.45054939,0.49385529,0.48841304,0.53269356,0.44380786,0.60906295,0.51219075,0.43958797,0.31799298,0.38821633,0.53162983,0.51022774,0.47805687,0.53964979,0.38300299,0.54092963,0.47497544,0.53909692,0.56532467,0.25418180,0.43173917,0.48398836,0.58283902,0.42744830,0.53387091,0.55028516,0.33591358,0.53945926,0.50443412,0.51645024,0.45298972,0.59719921,0.45840711,0.47082892,0.55794599,0.52918943,0.34633988,0.60872371,0.41284564,0.40860872,0.48312987,0.56592432,0.53437301,0.48056110,0.42635066,0.44788940,0.46249124,0.39891609,0.48802081,0.47305699,0.49239046,0.50263639,0.53215011,0.57282560,0.50388099,0.52366449,0.36278429,0.54850658,0.36057894,0.47133131,0.32492123,0.36623142,0.49081608,0.49760798,0.27592068,0.40947895,0.58119503,0.60972658,0.52986479,0.57772195,0.60880504,0.63241755,0.51709821,0.45959068,0.53826527,0.48961355,0.46442970,0.31819682,0.43797348,0.52054079,0.57628321,0.42982114,0.51493331,0.46394481,0.48417021,0.55124219,0.64469406,0.58608996,0.49521333,0.51033760,0.48216271,0.37549217,0.49551191,0.48726674,0.34126447,0.62366046,0.55591959,0.63913946,0.37406120,0.33056110,0.52461658,0.56451737,0.46760170,0.54721711,0.54156153,0.46756952,0.70285124,0.54430558,0.58216866,0.59096231,0.42768339,0.39725776,0.43049856,0.41446938,0.52642674,0.45931757,0.60672340,0.31521577,0.35996173,0.51866938,0.52181184,0.52077373,0.46630800,0.46249124,0.53569847,0.63143729,0.44884635,0.35922756,0.49263261,0.52450096,0.48370252,0.49660633,0.36777690,0.44786256,0.35861705,0.41138878,0.57560140,0.51526987,0.57754322,0.39455175,0.57234832,0.57452862,0.51074642,0.47794889,0.47397420,0.43350883,0.69085199,0.49448999,0.36063799,0.45864276,0.29054387,0.64558907,0.70285124,0.58546935,0.57966861,0.66935034,0.49919313,0.36384744,0.38609006,0.50083510,0.53264881,0.39356942,0.46674911,0.45092691,0.39046425,0.53564654,0.49141277,0.31934036,0.48262111,0.50325682
00819,0.28171389,0.21924389,0.00000000,0.46509287,0.36950079,0.35091577,0.47325202,0.56622285,0.47758327,0.52102531,0.47202060,0.44883157,0.39507324,0.51593551,0.38141841,0.28978643,0.70438471,0.61988077,0.40014517,0.41514288,0.43084984,0.50977695,0.38692175,0.61662037,0.29338709,0.56569165,0.35328654,0.30613112,0.41895681,0.61702331,0.57125103,0.46023810,0.50908692,0.40684337,0.50128416,0.45636762,0.59057527,0.52878249,0.51534712,0.49690892,0.49494720,0.69978441,0.41082052,0.55683283,0.31510353,0.51845923,0.65273898,0.51977236,0.40436650,0.42049774,0.41158981,0.54879164,0.64954411,0.27382889,0.41891045,0.53481835,0.65312641,0.55962586,0.52525639,0.44282303,0.44979455,0.62603800,0.57889172,0.59630593,0.58781501,0.63207937,0.63317852,0.45061857,0.50978037,0.69424619,0.48965446,0.36208713,0.41424212,0.46831679,0.47404895,0.65635342,0.58813247,0.52676527,0.53227292,0.59862219,0.38282935,0.59460407,0.46647648,0.51013755,0.35474889,0.52350015,0.39969866,0.44349620,0.57441977,0.53817242,0.51802946,0.55185425,0.34917182,0.54440867,0.60800392,0.51243530,0.45066063,0.53538993,0.54308706,0.46910070,0.67226456,0.57370699,0.45843865,0.61441594,0.49684022,0.60899941,0.67176937,0.43775020,0.46760087,0.57446124,0.47614921,0.58416709,0.31807556,0.65967491,0.30510676,0.40073234,0.69967393,0.52158920,0.63744263,0.56588770,0.51723705,0.46953566,0.45947585,0.48809401,0.54323892,0.55814381,0.57018430,0.47688139,0.68277556,0.60569248,0.43534229,0.33600343,0.51158828,0.56135463,0.55861849,0.51150739,0.60961951,0.49196447,0.61094881,0.50026275,0.54243833,0.61397175,0.38083034,0.48964476,0.47140112,0.65967491,0.47801115,0.60560266,0.55503779,0.36680286,0.59858183,0.48860101,0.54333116,0.52119741,0.61114971,0.45416143,0.49984612,0.62283791,0.56912286,0.39951104,0.66834247,0.51077721,0.45851796,0.53475515,0.57909025,0.57074234,0.55556611,0.43351827,0.48465083,0.50388703,0.45744158,0.50963379,0.50392640,0.52414504,0.55962844,0.56828840,0.67076569,0.53222924,0.59127130,0.41357947,0.54707249,0.44308815,0.49298661,0.41710660,0.43912498,0.54839211,0.58729377,0.32739373,0.43910484,0.62991719,0.68160464,0.59572486,0.62301051,0.66205506,0.69895301,0.62208194,0.55217662,0.61132853,0.53205774,0.49837208,0.36717266,0.52157283,0.53167558,0.61782028,0.46276814,0.57399298,0.52546702,0.53092880,0.56923366,0.68325671,0.60706409,0.55511818,0.49629494,0.50810065,0.33929851,0.57544404,0.55307098,0.39583297,0.69307183,0.61904934,0.67791929,0.47325202,0.37530952,0.55254835,0.55845009,0.50642658,0.55607836,0.60068411,0.51815256,0.77060948,0.56567210,0.60823938,0.65534851,0.48499611,0.44716700,0.52213670,0.46069314,0.52447255,0.45488862,0.65276401,0.35648822,0.42389925,0.60680428,0.54555975,0.55472765,0.50735863,0.50388703,0.55645235,0.68018558,0.48989698,0.38243870,0.52208216,0.53492133,0.53046111,0.56565973,0.44891834,0.51806070,0.44938810,0.56591918,0.59371102,0.56130217,0.58022673,0.45754520,0.60349219,0.60764696,0.53905302,0.50007844,0.50501459,0.41984762,0.70859734,0.56617754,0.36436830,0.45318795,0.42575364,0.70652703,0.77060948,0.66708838,0.56726879,0.70636813,0.55423359,0.43824781,0.43295107,0.52280325,0.58798770,0.37706183,0.54714937,0.50324370,0.50085705,0.54433107,0.49920146,0.36429006,0.50475067,0.55172663
03716,0.39050288,0.37933154,0.46509287,0.00000000,0.52450786,0.41598508,0.41371537,0.39036132,0.33832973,0.35675619,0.40020784,0.36532722,0.43467509,0.44838197,0.25651242,0.28612800,0.59786473,0.52138041,0.26151118,0.39544951,0.40156921,0.46033231,0.41280420,0.56405179,0.28906107,0.53466558,0.35191206,0.45027054,0.36624814,0.51070556,0.47473352,0.43923331,0.50422580,0.37932732,0.37051812,0.33534945,0.36324780,0.36960115,0.33930036,0.49455116,0.35707628,0.56121473,0.42188669,0.44464701,0.32012795,0.43876512,0.54215946,0.49501996,0.42414722,0.42549916,0.40085369,0.45573498,0.44073035,0.38910545,0.39647551,0.46576201,0.46532561,0.46131069,0.47653678,0.41126849,0.54352053,0.51392528,0.46063973,0.52221210,0.53274313,0.57511428,0.55770462,0.32940905,0.45867175,0.41159204,0.47107979,0.39037466,0.53186806,0.49642569,0.49614072,0.54182991,0.46547217,0.47183058,0.27058208,0.53627316,0.28535760,0.51190752,0.44849406,0.42085208,0.43563546,0.37895307,0.47053830,0.40023379,0.53268813,0.54677378,0.53961439,0.56010456,0.42314387,0.41732602,0.47772237,0.43423298,0.48888734,0.41109075,0.48689961,0.59075526,0.55272384,0.47515994,0.45747086,0.58434921,0.37644747,0.49644944,0.54811723,0.40603916,0.47542040,0.43732052,0.49037020,0.53095094,0.39980031,0.55649216,0.36952398,0.51269283,0.52041255,0.44939534,0.37275784,0.54798610,0.42588445,0.47286736,0.42837026,0.45369604,0.43785530,0.45262587,0.50732500,0.39498586,0.53166149,0.39750567,0.50093736,0.44199300,0.41168902,0.50284425,0.52802656,0.48844162,0.43635712,0.54384444,0.42877862,0.52379969,0.54490315,0.61538679,0.40094634,0.35204276,0.45079737,0.55649216,0.38651861,0.49715456,0.51611605,0.44574499,0.57784331,0.49983347,0.47202739,0.49606311,0.62273870,0.52052697,0.47322738,0.46769594,0.52452458,0.42627931,0.50864328,0.39550338,0.48296106,0.52833347,0.57112716,0.59542201,0.47303787,0.53586575,0.53210537,0.57806525,0.33331448,0.53647977,0.48519727,0.45909517,0.50872370,0.49041602,0.54272838,0.49065525,0.34588134,0.35970583,0.51035570,0.44625401,0.46931633,0.46371860,0.45792402,0.38190153,0.52588874,0.42794899,0.42818736,0.46002233,0.49953139,0.57135803,0.45388742,0.61159507,0.56888653,0.47040407,0.46491274,0.46378175,0.44949555,0.41210536,0.30097218,0.31794350,0.48725164,0.50588730,0.40553534,0.46957364,0.52582810,0.49895544,0.54784877,0.68324007,0.51929833,0.36163157,0.55265927,0.41899500,0.39517721,0.45391641,0.51057961,0.27205681,0.59859019,0.55846443,0.60532833,0.41371537,0.46735244,0.40917295,0.55767181,0.50538821,0.37767064,0.57965757,0.37503775,0.60695664,0.58744720,0.57504498,0.58607416,0.54588761,0.47662711,0.37209220,0.39815623,0.43775825,0.46048961,0.56074446,0.46418551,0.41321392,0.49842355,0.53932338,0.53486942,0.49432318,0.57806525,0.46338570,0.56988288,0.51901542,0.43168999,0.55748860,0.51218056,0.50118849,0.48567303,0.41276963,0.47260415,0.37352132,0.44641755,0.60105807,0.56984511,0.59690115,0.42882272,0.54876305,0.56287036,0.53677798,0.49441067,0.40712792,0.48498750,0.60508702,0.44208324,0.44746891,0.54450589,0.37174367,0.59485830,0.60695664,0.58338188,0.53836875,0.57780792,0.41835569,0.41796708,0.35922197,0.53071889,0.52088055,0.39216754,0.30605011,0.33662341,0.35652013,0.53825849,0.52743113,0.46680974,0.50088878,0.52482917
04138,0.44737926,0.41868455,0.36950079,0.52450786,0.00000000,0.42278961,0.51107558,0.60218567,0.56080035,0.57474331,0.54495613,0.43693245,0.44597225,0.57399243,0.44126081,0.41201426,0.72630011,0.60143611,0.49736617,0.48863159,0.45128606,0.53081816,0.43365824,0.62278112,0.41339824,0.61823261,0.46279504,0.39524367,0.52795485,0.57475078,0.55076609,0.50013777,0.54253851,0.54405098,0.49317353,0.47780455,0.63237050,0.51974695,0.58089121,0.59198743,0.54852023,0.69128461,0.48551819,0.53607746,0.43757388,0.51777540,0.55030303,0.52998876,0.47917528,0.53114684,0.46552468,0.55310463,0.70009294,0.42907726,0.49108915,0.58831420,0.68150073,0.55393446,0.48832397,0.47112970,0.53952321,0.62440583,0.55336269,0.51993954,0.61137014,0.64617833,0.56740446,0.46588265,0.57035211,0.68370298,0.51605749,0.51350445,0.48474197,0.47052064,0.53420666,0.66234241,0.58840197,0.50976943,0.57869252,0.63462326,0.47444019,0.60508181,0.50358312,0.57229309,0.45073995,0.53382813,0.46197193,0.49705267,0.56490171,0.50233458,0.51238199,0.51138331,0.32315607,0.52718936,0.63736618,0.52134078,0.47953596,0.54979573,0.54979859,0.57675543,0.64297218,0.55023364,0.44385038,0.56770082,0.52120440,0.58279630,0.64406136,0.41439688,0.45187416,0.58749029,0.54859723,0.55913076,0.36152680,0.62550682,0.39836794,0.53952552,0.61950655,0.55448182,0.61487942,0.57534773,0.50147136,0.49970118,0.44713613,0.56673324,0.54902482,0.54850555,0.62028751,0.49047989,0.71639737,0.62545154,0.45386912,0.43698069,0.51735816,0.53937745,0.56077749,0.49294990,0.58109592,0.59512988,0.62430810,0.50115113,0.50853231,0.59723960,0.45903772,0.58719287,0.49226589,0.62550682,0.49704614,0.57736691,0.53555981,0.40448902,0.62809323,0.54972887,0.53863595,0.51720304,0.56121337,0.46501620,0.48353385,0.59829753,0.57873357,0.47150248,0.61742953,0.55375846,0.43223548,0.54152642,0.60445442,0.58609384,0.55334685,0.40089985,0.43266585,0.49055080,0.49761205,0.56647318,0.49338570,0.50567802,0.52663672,0.57657659,0.64499721,0.55609718,0.65817699,0.49944382,0.57296895,0.47292515,0.51130808,0.51271306,0.49146171,0.59357580,0.58685151,0.43814345,0.50584055,0.55944386,0.67057787,0.59176972,0.65060851,0.67601106,0.64887328,0.66702369,0.51448578,0.60441586,0.53586317,0.52921393,0.49772097,0.50813746,0.55457867,0.59654330,0.51523028,0.62531778,0.51086899,0.51239652,0.67929405,0.75616352,0.64205154,0.54580278,0.50443490,0.54865021,0.46755022,0.56600038,0.55279877,0.47093361,0.66556241,0.54062525,0.51271226,0.51107558,0.46547260,0.59340628,0.58117914,0.52618223,0.56318756,0.62945556,0.56851645,0.77055069,0.57701619,0.57498531,0.66185013,0.53590212,0.42582727,0.61275774,0.53422773,0.60379757,0.46662162,0.49975722,0.38751572,0.48000289,0.55022243,0.50204717,0.53677661,0.57491314,0.49055080,0.57543186,0.65523989,0.55301204,0.39037187,0.49382461,0.58301119,0.51114142,0.47613545,0.44077888,0.53733299,0.44097328,0.52539877,0.62816211,0.61151950,0.55655267,0.47356067,0.58373086,0.61175723,0.50638085,0.47379116,0.52407987,0.49020851,0.70031204,0.54776755,0.35004075,0.52212443,0.47069199,0.68169939,0.77055069,0.64358832,0.48654860,0.68644450,0.56993938,0.40837573,0.47031685,0.52143662,0.50759365,0.49053228,0.59001152,0.56053017,0.57250323,0.46119715,0.48529512,0.42633860,0.48296139,0.60831847
07276-A,0.29377212,0.30880158,0.35091577,0.41598508,0.42278961,0.00000000,0.34989128,0.43402497,0.40397349,0.49411993,0.48333804,0.35552708,0.37960788,0.51859112,0.30508520,0.26408827,0.72047297,0.58422325,0.35801534,0.30832865,0.28414117,0.43915640,0.26830845,0.61510893,0.26493871,0.43528730,0.30081468,0.32071674,0.42585059,0.50140859,0.47905978,0.36572033,0.45642948,0.41744559,0.40488295,0.40228986,0.55203955,0.40555997,0.50106786,0.46905961,0.45769118,0.64610028,0.10987374,0.39979376,0.21799445,0.47756060,0.60594388,0.49006606,0.38732069,0.40359401,0.32129204,0.44850193,0.58512052,0.22047188,0.31130276,0.44375903,0.57549538,0.46966207,0.46764471,0.28316851,0.39087700,0.63774731,0.52404122,0.56348100,0.62390215,0.55857158,0.61639153,0.39076103,0.49026617,0.62153110,0.40864919,0.37107234,0.30995403,0.42309353,0.44509626,0.64120676,0.50155186,0.41358874,0.50287543,0.50909043,0.42231730,0.58114407,0.45103609,0.42658115,0.43925129,0.47950350,0.46833295,0.37113771,0.58413440,0.40029164,0.41398829,0.44621262,0.32534151,0.42205932,0.55343254,0.48372819,0.38415354,0.46876145,0.46933922,0.51804380,0.62145556,0.52209092,0.32946507,0.53502701,0.41817161,0.53819342,0.60187210,0.38306403,0.39268587,0.56498881,0.43434032,0.53397750,0.37215166,0.53978248,0.35672313,0.47664368,0.57311376,0.45886825,0.53389595,0.55209303,0.41659809,0.38669082,0.35906930,0.51810407,0.45203763,0.45705033,0.55813891,0.44569932,0.58761730,0.54462711,0.33426730,0.28094775,0.39990124,0.47891733,0.46217295,0.44116510,0.52770819,0.44572076,0.53284344,0.43652811,0.49138635,0.54603211,0.33131255,0.44865098,0.41007801,0.53978248,0.38070292,0.55531953,0.48826899,0.27481595,0.49917723,0.45357448,0.52922969,0.36114035,0.47097147,0.34983067,0.43455248,0.51980666,0.53869611,0.29521628,0.61914813,0.40220351,0.38649357,0.40138224,0.50149086,0.43920011,0.43619796,0.36556316,0.47497833,0.44414556,0.38942288,0.40451307,0.43867003,0.47735808,0.42693844,0.43497278,0.59977434,0.39984550,0.54064163,0.31747317,0.48652934,0.34572756,0.38409543,0.24745588,0.35754247,0.57972268,0.43147009,0.25409731,0.28367110,0.54542995,0.58636363,0.49291681,0.55904696,0.56769660,0.60566126,0.53334074,0.42760802,0.47346212,0.42534140,0.48873192,0.26265639,0.48939909,0.53150906,0.57469564,0.45470428,0.57550370,0.50068908,0.45702159,0.60412096,0.62011776,0.53854238,0.51865869,0.49426894,0.46361448,0.38796326,0.48793275,0.46119038,0.35293188,0.59829614,0.49351483,0.59530837,0.34989128,0.19699928,0.44591502,0.52083086,0.48851672,0.44437766,0.50248859,0.50470308,0.72769403,0.50712892,0.53137706,0.61823545,0.43459927,0.37539591,0.43953221,0.38403352,0.51550491,0.46933359,0.52228093,0.28406883,0.34759029,0.43000024,0.45822799,0.48126001,0.42401914,0.44414556,0.47614222,0.66764966,0.41340287,0.30134313,0.38686676,0.46669117,0.45836298,0.47740195,0.28830967,0.41274294,0.34246056,0.45258440,0.53041913,0.48994197,0.50180317,0.33410406,0.56418860,0.52351073,0.44911285,0.39513143,0.45274758,0.39233956,0.64936804,0.44520505,0.31856795,0.37131324,0.30473301,0.64056019,0.72769403,0.57988033,0.49892582,0.57205861,0.43780948,0.29498325,0.41532763,0.40258991,0.44417887,0.41548065,0.52851713,0.46900392,0.43835154,0.40725153,0.44439784,0.30315397,0.39333371,0.41050326
07276-B,0.40832546,0.37406120,0.47325202,0.41371537,0.51107558,0.34989128,0.00000000,0.35815910,0.35361388,0.49225248,0.42664580,0.42606556,0.39526178,0.47547184,0.31590480,0.30126571,0.65773070,0.56895791,0.36713654,0.41035058,0.40809267,0.52250886,0.38973594,0.65774704,0.30211616,0.40822359,0.39034667,0.46784038,0.47678167,0.49721960,0.43979027,0.39976333,0.45493876,0.40221075,0.44332113,0.43425448,0.50858482,0.40532749,0.48093983,0.51151403,0.43006414,0.58343489,0.43812415,0.39392858,0.37763165,0.42652298,0.61030769,0.51253273,0.36672611,0.39921201,0.40328731,0.47508605,0.54046860,0.34313735,0.41332470,0.49010758,0.55816013,0.38853913,0.44622522,0.39422617,0.49163941,0.56643238,0.49473677,0.50377633,0.56892139,0.51985595,0.51902568,0.29826701,0.57001073,0.60728882,0.46493238,0.39067633,0.46261404,0.47380371,0.48669907,0.57236323,0.55805822,0.38339621,0.46265790,0.48338477,0.34324676,0.60685053,0.46321679,0.39496098,0.50605941,0.51846059,0.53416418,0.41642624,0.51659773,0.51811051,0.47180106,0.50407158,0.38838715,0.48258958,0.58678651,0.44387356,0.44144244,0.49095520,0.46681786,0.60063910,0.46407416,0.50343285,0.40257013,0.48481000,0.43880915,0.41090933,0.46121447,0.36267916,0.41864946,0.52155151,0.54828544,0.48482458,0.43516586,0.60387735,0.39731174,0.55636096,0.56205394,0.40641031,0.44425795,0.47166174,0.40167209,0.41876652,0.42075562,0.51917150,0.37091469,0.34101908,0.53608332,0.44062988,0.54196547,0.52710596,0.42973305,0.46084297,0.47343186,0.46247093,0.49447112,0.51743311,0.50083587,0.55001256,0.52039971,0.51997992,0.54398496,0.49278336,0.41898959,0.41388954,0.48626537,0.60387735,0.41372385,0.54388961,0.51091751,0.37533859,0.53159266,0.51229530,0.55919349,0.45480397,0.56038011,0.44529642,0.51433436,0.51229725,0.51042753,0.38953401,0.56678114,0.41834345,0.41446573,0.47660416,0.62163726,0.51787862,0.40912721,0.49906461,0.51325144,0.51653389,0.43067559,0.47459158,0.52862943,0.45165910,0.48377812,0.50759911,0.45911671,0.45857820,0.44333430,0.36249356,0.48523404,0.42553431,0.45603040,0.40173304,0.44256247,0.52042359,0.50210132,0.42519167,0.41570156,0.51257337,0.63629356,0.59479674,0.51218301,0.55790821,0.56511492,0.58205052,0.40826711,0.41784303,0.48561926,0.45902280,0.35372392,0.45418029,0.49413589,0.56395076,0.40966454,0.53719290,0.47742650,0.46059326,0.60798720,0.62180926,0.50431759,0.53383388,0.51656672,0.45666942,0.49758526,0.49055731,0.49383667,0.35090288,0.55500366,0.48621468,0.55630008,0.00000000,0.40183381,0.48799965,0.58206203,0.46890562,0.43358117,0.53490402,0.49861531,0.71138145,0.48095035,0.52910713,0.50363521,0.46030512,0.40336807,0.38434999,0.44119088,0.54237534,0.48686222,0.62545417,0.40897530,0.39848273,0.49670024,0.43463841,0.45045926,0.47792291,0.51653389,0.50728710,0.62996634,0.46730664,0.41916195,0.47353297,0.45253295,0.46193465,0.50484297,0.39504897,0.46960823,0.33641129,0.41521239,0.52072062,0.48849197,0.53292206,0.46582348,0.50015333,0.51618188,0.45956538,0.46107184,0.44913752,0.52616003,0.63166463,0.39927538,0.41827355,0.51013414,0.35062474,0.63023166,0.71138145,0.58639426,0.56030318,0.48346783,0.41682742,0.36781666,0.41366256,0.47680888,0.51566732,0.44650398,0.48829960,0.43346212,0.38584496,0.55312646,0.54010701,0.36327116,0.45927412,0.49877065
07276-C,0.47352495,0.48244822,0.56622285,0.39036132,0.60218567,0.43402497,0.35815910,0.00000000,0.32739804,0.45340057,0.50750290,0.41750196,0.44150050,0.46595815,0.38232595,0.37376044,0.61356869,0.53462931,0.43434641,0.46927237,0.42304291,0.59235530,0.43738507,0.62106461,0.37461089,0.43971337,0.45080296,0.49641599,0.53731465,0.55911412,0.41884855,0.44970793,0.45010299,0.51225542,0.48492157,0.42159914,0.56419139,0.51152942,0.56462301,0.50061275,0.42810974,0.56166267,0.45582455,0.40905143,0.41582225,0.37817480,0.50486533,0.48442948,0.54318568,0.47341712,0.45994305,0.46164981,0.45552910,0.38484459,0.47224648,0.47579309,0.51894621,0.34470193,0.44570877,0.45828351,0.50091302,0.50502399,0.41080032,0.48791942,0.53236311,0.47413327,0.48439074,0.30950440,0.52405361,0.47023187,0.53720681,0.44177587,0.47349953,0.59824524,0.49291570,0.49967925,0.60256605,0.37781099,0.52457812,0.50564952,0.48726287,0.51119261,0.41405605,0.41285610,0.54861586,0.39441308,0.57108497,0.48431644,0.52056317,0.52136330,0.53977148,0.55329739,0.49924981,0.44223197,0.58471452,0.45898080,0.50520211,0.37469019,0.49886714,0.57220330,0.42520673,0.42039995,0.37990821,0.50123746,0.43727999,0.44028204,0.48245151,0.30896481,0.50214876,0.45354873,0.57723382,0.49260449,0.54141634,0.55625179,0.45952080,0.62910501,0.48474577,0.47095112,0.35137026,0.52426725,0.42674327,0.43615866,0.45383805,0.55797964,0.32707749,0.22726143,0.50881132,0.41724514,0.49628232,0.46062050,0.47907304,0.48268161,0.51928996,0.44966820,0.43267384,0.50345443,0.53641042,0.54396962,0.51609516,0.49041588,0.54937560,0.48176338,0.46191292,0.46633783,0.49119132,0.55625179,0.38328778,0.49372682,0.44910662,0.49487497,0.49565402,0.50418607,0.51398008,0.42423611,0.56400216,0.49463641,0.49949643,0.45491946,0.56500509,0.39143941,0.48693997,0.40711344,0.50411893,0.47301303,0.56579305,0.50114464,0.47510987,0.52284854,0.58794415,0.58413337,0.46124719,0.47359891,0.50300918,0.45735574,0.48752645,0.53030003,0.48035375,0.48978078,0.54162103,0.36892837,0.52300377,0.47712568,0.46327850,0.49182362,0.50196226,0.45141061,0.49499504,0.48673673,0.36669793,0.41793802,0.56788562,0.56324676,0.53992156,0.53141264,0.52570425,0.48348812,0.48613104,0.39821737,0.46890621,0.43709106,0.35844755,0.39139797,0.42543510,0.52694965,0.45556129,0.50519081,0.48743209,0.47202075,0.53391131,0.63281717,0.45097051,0.41765739,0.49175623,0.46770304,0.52972813,0.45248220,0.47954477,0.40234140,0.59664184,0.48259373,0.52942731,0.35815910,0.43085119,0.42239654,0.53094496,0.46577767,0.44428528,0.49896538,0.47513303,0.58498955,0.53473004,0.45535488,0.57466738,0.46757456,0.49302127,0.40141899,0.44304666,0.50061266,0.52628270,0.53034228,0.46264645,0.41922766,0.48622013,0.45685182,0.41363575,0.43950381,0.58413337,0.44785821,0.56363201,0.42888754,0.44547370,0.48789519,0.49299719,0.47336214,0.50273006,0.46716509,0.57887139,0.34627015,0.56962869,0.48747489,0.47418844,0.55876460,0.51612865,0.51456794,0.47121101,0.42937915,0.38838110,0.41693863,0.56301273,0.53380543,0.43183952,0.54695058,0.53686198,0.41646174,0.52855421,0.58498955,0.46372234,0.52351235,0.36294680,0.36138575,0.44632360,0.45679581,0.45593493,0.47396404,0.55029686,0.55021982,0.54518794,0.49350098,0.55154611,0.55884931,0.51678899,0.38658338,0.42929114
07276,0.38968017,0.38493316,0.47758327,0.33832973,0.56080035,0.40397349,0.35361388,0.32739804,0.00000000,0.40085333,0.44510270,0.34374515,0.43167168,0.45574872,0.35409237,0.34175769,0.65247683,0.58007945,0.32464354,0.44981396,0.43833911,0.49978996,0.40529578,0.54530488,0.34260814,0.35054413,0.42020744,0.47814442,0.52114739,0.55736074,0.46670786,0.43796768,0.44891306,0.41110820,0.47923912,0.44895438,0.51404142,0.42669909,0.47609954,0.47278594,0.38761053,0.61449029,0.48144005,0.42749953,0.38571386,0.44108578,0.55936559,0.53901676,0.50206235,0.44386296,0.40436428,0.47915451,0.50235625,0.34777369,0.45278807,0.51738773,0.50656355,0.43256153,0.50867126,0.43514888,0.55554384,0.49547642,0.44813038,0.59352062,0.52212057,0.58135455,0.56865715,0.28009629,0.46488362,0.50903241,0.48883560,0.40197528,0.52937731,0.55309597,0.51912153,0.54273466,0.58873238,0.41705784,0.42620887,0.52583665,0.38020965,0.55472378,0.46158702,0.41668438,0.50738978,0.45001236,0.57254139,0.45129918,0.54237848,0.54932524,0.54230441,0.55412107,0.43027763,0.42520785,0.58367386,0.49906990,0.49497086,0.43372318,0.49667274,0.56830518,0.56758997,0.46466781,0.44611590,0.57534288,0.46211521,0.53964970,0.60505441,0.32816753,0.54072945,0.52595461,0.51786911,0.54896257,0.48843499,0.64395388,0.44687484,0.59134187,0.54085856,0.47460954,0.45010853,0.56323328,0.45066704,0.42997777,0.49216176,0.54314850,0.41493709,0.38864071,0.55630198,0.42570743,0.55350550,0.46910236,0.51164869,0.50279434,0.53858876,0.50514842,0.57029188,0.50507581,0.50123026,0.56116429,0.52003199,0.51605866,0.56448777,0.60619979,0.39632381,0.42911589,0.45907356,0.64395388,0.35384444,0.46439105,0.50592277,0.43111889,0.58985513,0.52391945,0.55979642,0.50735829,0.61821490,0.52721206,0.50102570,0.53152405,0.51682873,0.36573064,0.52913017,0.41862731,0.50254566,0.53643972,0.67983496,0.58642878,0.52475663,0.52958823,0.57901918,0.55174359,0.44620350,0.53104427,0.51003454,0.52747166,0.51079620,0.57498222,0.60295665,0.55955076,0.46518705,0.35234071,0.55893140,0.49601756,0.53207109,0.45687551,0.45909238,0.42156815,0.56902802,0.46453915,0.44534376,0.54385719,0.55178158,0.53550197,0.53578916,0.64703683,0.56229682,0.39013764,0.54887293,0.47262964,0.55680375,0.48236469,0.34230658,0.35984131,0.45675989,0.57120244,0.44397895,0.50037463,0.53201578,0.48497495,0.56493953,0.68290236,0.53990485,0.42598724,0.50821340,0.43678152,0.50613477,0.48585652,0.52685294,0.29976777,0.63648616,0.57020337,0.57073055,0.35361388,0.45736875,0.40794838,0.57439970,0.50687395,0.46437704,0.59316650,0.46670660,0.65247101,0.57112322,0.59900151,0.61856193,0.55120171,0.49144801,0.37290224,0.48083104,0.48385123,0.50254061,0.58297329,0.43739931,0.41276266,0.58139475,0.52724086,0.51565987,0.53653382,0.55174359,0.44000796,0.56065122,0.52591755,0.40766837,0.55416011,0.50754740,0.48631634,0.58356809,0.43386234,0.51596652,0.34080051,0.52666434,0.58278772,0.54113267,0.66150390,0.47870062,0.57657281,0.56511513,0.50985912,0.44461752,0.44104421,0.49544232,0.63536737,0.49174480,0.49024344,0.55351332,0.41461682,0.58768656,0.65247101,0.55630663,0.61617634,0.59877699,0.43198339,0.39089304,0.43801548,0.49348058,0.54139750,0.49318610,0.45185057,0.48623209,0.44202543,0.57534772,0.60621284,0.48052855,0.44281980,0.45430934
08574-A,0.42866488,0.46453699,0.52102531,0.35675619,0.57474331,0.49411993,0.49225248,0.45340057,0.40085333,0.00000000,0.21079308,0.27913249,0.33831713,0.56019616,0.43623432,0.40196324,0.64047591,0.58894728,0.38645895,0.51836162,0.49661351,0.63841829,0.52448822,0.67109547,0.40111036,0.58308631,0.44966837,0.49851126,0.43307911,0.62903756,0.45901020,0.55257312,0.57766433,0.39235192,0.47176954,0.43887980,0.41783099,0.40017896,0.28443699,0.44891713,0.34630308,0.61476990,0.53659078,0.53466473,0.41986947,0.39090994,0.54981913,0.60978666,0.48037141,0.39349358,0.42990697,0.57696991,0.45464491,0.45021040,0.51900457,0.44482249,0.37348112,0.53455988,0.61229960,0.53627348,0.61652804,0.55246084,0.52103190,0.59674855,0.53625401,0.58502724,0.62002337,0.36230766,0.41537887,0.48497566,0.52309500,0.42033373,0.51359326,0.64006816,0.41519509,0.49160134,0.53066540,0.52113762,0.39929179,0.46228545,0.40462545,0.54553819,0.55526789,0.48907256,0.44063471,0.44946266,0.60262491,0.45732105,0.52276546,0.65629898,0.55433988,0.51716743,0.49004309,0.48706050,0.41626739,0.39722080,0.59165309,0.49879680,0.50671648,0.57301725,0.61351144,0.53976214,0.45184318,0.57823586,0.35397574,0.56932108,0.55922337,0.42067526,0.57109241,0.46029881,0.47452988,0.61230227,0.53421283,0.69184579,0.44101502,0.61350944,0.57595589,0.51222208,0.47240770,0.49963366,0.52545000,0.43623468,0.56421549,0.55133080,0.51078622,0.49411563,0.52877629,0.45422354,0.57080594,0.46327986,0.55411164,0.52937650,0.59657682,0.58583696,0.58964874,0.49185598,0.27106335,0.57462307,0.49545032,0.61361339,0.68105356,0.63032205,0.42659642,0.40206296,0.46886396,0.69184579,0.37052008,0.54557510,0.54835605,0.51492425,0.55668621,0.41634367,0.62882072,0.52184971,0.63164433,0.57396247,0.48742536,0.59838379,0.61093038,0.41166343,0.58132114,0.41972760,0.58062405,0.64326771,0.66489930,0.63678604,0.58514308,0.61313430,0.67440267,0.67009903,0.44252170,0.59334106,0.51103997,0.62968116,0.57060887,0.55255533,0.55801675,0.59687214,0.36069438,0.42671541,0.56617037,0.52477366,0.53597736,0.52675911,0.52830631,0.45925898,0.59917321,0.54139055,0.46867841,0.55923224,0.57714217,0.62273792,0.42698450,0.69805620,0.61079339,0.49776354,0.56923033,0.55864759,0.56542018,0.49570050,0.35865941,0.34667218,0.48423219,0.56691982,0.40144926,0.59048377,0.65191596,0.60568615,0.67847262,0.66080809,0.54843070,0.45563451,0.54537989,0.40933132,0.45295107,0.58808296,0.65019134,0.27552464,0.63274143,0.58679511,0.62609106,0.49225248,0.50784672,0.41460980,0.64575084,0.58642578,0.35352657,0.55936917,0.46485921,0.63847138,0.55102682,0.57959947,0.66933771,0.54426345,0.57069479,0.37950249,0.42892065,0.39955784,0.49970541,0.56446405,0.48272948,0.51221430,0.56820148,0.61084770,0.57430307,0.51939601,0.67009903,0.44194403,0.64114337,0.52255431,0.52260670,0.56347222,0.45235538,0.60425301,0.65260633,0.55632743,0.58407254,0.44999070,0.59407139,0.63503242,0.63357926,0.65555957,0.59085958,0.61412655,0.62119827,0.63272538,0.55153311,0.39841467,0.48641232,0.66093253,0.54088651,0.51992441,0.56873417,0.50871407,0.67831733,0.63847138,0.54965016,0.65983562,0.65059244,0.42729718,0.48025980,0.51476193,0.58118460,0.63355151,0.40246424,0.44253924,0.43314467,0.51366456,0.64158044,0.63909021,0.50267671,0.55839640,0.61187329
08574-B,0.46841490,0.45072793,0.47202060,0.40020784,0.54495613,0.48333804,0.42664580,0.50750290,0.44510270,0.21079308,0.00000000,0.34306965,0.32141152,0.47881674,0.44810919,0.40012782,0.65807485,0.60287490,0.37369207,0.53954340,0.53027912,0.65050790,0.48910168,0.72743417,0.39927494,0.58520214,0.43238776,0.50689417,0.36016573,0.64664219,0.49081488,0.52415488,0.60034774,0.41239432,0.48194866,0.47038504,0.43349419,0.43409536,0.25559395,0.49710407,0.30313496,0.61267787,0.49356988,0.47856986,0.44960608,0.34543644,0.60052512,0.62892304,0.39334239,0.38713193,0.48235849,0.53328731,0.43424068,0.43134744,0.54018634,0.49337775,0.43926327,0.49926912,0.56376779,0.50402370,0.58784265,0.63522535,0.50377236,0.58840082,0.58075469,0.56984900,0.60626652,0.34032062,0.49115754,0.54728583,0.46772794,0.38740844,0.48501243,0.59079389,0.42598899,0.59839684,0.50072287,0.52698766,0.42846358,0.50561654,0.32441321,0.60274661,0.51661715,0.49511730,0.48584064,0.50734100,0.59157780,0.37987234,0.51192692,0.60421885,0.57791560,0.47580049,0.48471163,0.49233574,0.44732928,0.31945764,0.56774581,0.54785752,0.56025700,0.56339349,0.54057722,0.51961028,0.49215774,0.50830716,0.35999955,0.49408111,0.46797480,0.44030436,0.45856556,0.41915212,0.43715753,0.56943824,0.48356127,0.73076951,0.38772681,0.58779172,0.63743619,0.44657837,0.47092303,0.44012422,0.48545423,0.47467680,0.55993698,0.50397286,0.47549546,0.45918394,0.46587985,0.43012106,0.59781853,0.44465489,0.48367486,0.51941653,0.60961366,0.59834366,0.60341361,0.50536710,0.30431289,0.56496085,0.47405636,0.59351088,0.63824603,0.70256128,0.48971791,0.41304849,0.43645520,0.73076951,0.32154636,0.49277005,0.56216678,0.44125373,0.51272764,0.43276366,0.62157704,0.58954040,0.63352814,0.50352569,0.50021631,0.57870439,0.58198865,0.38646157,0.61591159,0.33960268,0.50293427,0.63519476,0.67838409,0.62150054,0.54542042,0.56690141,0.62724478,0.68159507,0.39319269,0.56932172,0.52079605,0.56763784,0.53886755,0.52433676,0.46676817,0.54152250,0.44034041,0.45975825,0.60143458,0.49070158,0.48507619,0.49947275,0.51197393,0.50551043,0.57016807,0.53170756,0.45359937,0.54702992,0.60497320,0.65786926,0.39860264,0.68590698,0.57618099,0.56269351,0.50846974,0.52615795,0.55568183,0.47945339,0.39607586,0.35434086,0.50561586,0.58041403,0.40363209,0.59599700,0.58679525,0.58807936,0.66507223,0.65132424,0.53500478,0.48926317,0.58587176,0.45211979,0.49818726,0.56769363,0.61076157,0.34580363,0.61296634,0.58636206,0.59774067,0.42664580,0.51416459,0.44318370,0.61672702,0.51199020,0.38800451,0.51541060,0.43138938,0.62161413,0.53117438,0.55571597,0.59122162,0.51390430,0.49300501,0.39012162,0.42713132,0.48559489,0.40315183,0.57576054,0.52532550,0.52980740,0.58132298,0.60447125,0.54577322,0.54117989,0.68159507,0.40161273,0.58278134,0.54433820,0.46929760,0.56435248,0.42614383,0.58664622,0.62443728,0.57614560,0.54722801,0.44291805,0.54664342,0.63935106,0.62394457,0.66401974,0.58227352,0.55484090,0.62548298,0.59735468,0.58214505,0.42527062,0.45470060,0.65719952,0.51740868,0.44429642,0.53504628,0.50567554,0.62194118,0.62161413,0.52008874,0.60937212,0.65696327,0.49298792,0.47196040,0.45893014,0.54436588,0.58545715,0.40592334,0.47171102,0.36373784,0.45783547,0.62286776,0.61785909,0.44532206,0.58900834,0.60231337
08574,0.32883334,0.38697033,0.44883157,0.36532722,0.43693245,0.35552708,0.42606556,0.41750196,0.34374515,0.27913249,0.34306965,0.00000000,0.34998359,0.47931330,0.36718115,0.29445177,0.66967637,0.58232601,0.33925342,0.42177542,0.31339306,0.52613153,0.38697582,0.55289176,0.29359890,0.47396395,0.40680419,0.38182878,0.40164530,0.54891898,0.42568146,0.39981672,0.40769280,0.42251667,0.42080436,0.34030601,0.50372865,0.31653398,0.37685108,0.45742574,0.35216478,0.61149384,0.40428881,0.41894858,0.32353692,0.38791942,0.43304500,0.53843431,0.47917315,0.43084213,0.32165902,0.46318466,0.48520516,0.32922418,0.42241836,0.44814178,0.46117135,0.45926384,0.52798158,0.41442733,0.55498624,0.49189974,0.39337764,0.46919363,0.50454751,0.53406196,0.52640483,0.32975119,0.37572697,0.46213433,0.39152183,0.45563978,0.41844551,0.52219817,0.44698431,0.47796225,0.55193710,0.43673893,0.44018078,0.49944617,0.40039137,0.47532429,0.44227607,0.45819757,0.44464101,0.39351592,0.52057817,0.34613534,0.48356571,0.43255715,0.47343486,0.45874602,0.35932765,0.36535227,0.53485707,0.43807111,0.43891859,0.36229874,0.45545062,0.54408777,0.57845381,0.39260412,0.29702719,0.52560055,0.39448337,0.51263685,0.57527348,0.33988268,0.46706442,0.41000882,0.39619475,0.55684838,0.46745539,0.64863177,0.41205563,0.52425869,0.55019217,0.46435777,0.44852704,0.48170051,0.40433249,0.33504713,0.45783512,0.50523150,0.43549018,0.44148503,0.55984603,0.36253481,0.55880168,0.43572215,0.45623804,0.45068758,0.51202380,0.39990372,0.50120624,0.37810108,0.33801716,0.48683802,0.47249435,0.46310489,0.52323499,0.57306124,0.33025819,0.46287186,0.37256762,0.64863177,0.30465475,0.49085712,0.37584497,0.40046610,0.50428479,0.44919077,0.56514574,0.38273002,0.44695384,0.47608887,0.37005146,0.50199468,0.52336412,0.32651229,0.53060292,0.37315058,0.43744694,0.51338681,0.62857780,0.54910094,0.49672890,0.45501084,0.55541164,0.49424009,0.42230269,0.48022375,0.38276465,0.51729598,0.44151101,0.49996542,0.57406685,0.52712311,0.45652816,0.33141197,0.51430095,0.39298959,0.48461631,0.36564307,0.38817809,0.42819807,0.48082738,0.44906297,0.37974022,0.54736988,0.53466376,0.45222803,0.48358203,0.67556629,0.56946004,0.43380262,0.48168290,0.50620785,0.51858279,0.42056377,0.29170755,0.32501909,0.35061003,0.56020765,0.41723974,0.54379595,0.56684408,0.51823645,0.60500859,0.64675016,0.52133237,0.39728502,0.37761442,0.36813016,0.41625653,0.49450077,0.54389876,0.22889225,0.58803059,0.51108063,0.55490960,0.42606556,0.36539941,0.35988965,0.54991244,0.50653893,0.41131076,0.50696776,0.44561778,0.64997732,0.46755560,0.51211952,0.66188132,0.52933264,0.42751767,0.41361991,0.38443551,0.43132390,0.45257697,0.48067416,0.31853702,0.42015789,0.50219211,0.46436227,0.46216303,0.51691264,0.49424009,0.39068254,0.59890978,0.52007094,0.33792285,0.43641451,0.41832431,0.51680331,0.55645076,0.38519895,0.48768409,0.33374635,0.51720020,0.50924245,0.51675473,0.57402815,0.40284954,0.52035070,0.49367457,0.50212225,0.34126283,0.39563772,0.37437923,0.58076523,0.47727634,0.43449825,0.46469870,0.39137766,0.60925323,0.64997732,0.53218687,0.48982225,0.57215493,0.35498298,0.29322018,0.43211091,0.40785672,0.52860297,0.42695919,0.48342823,0.42447968,0.45276300,0.48069811,0.48727754,0.39583030,0.34812612,0.44029074
09032,0.35154636,0.39367375,0.39507324,0.43467509,0.44597225,0.37960788,0.39526178,0.44150050,0.43167168,0.33831713,0.32141152,0.34998359,0.00000000,0.42283971,0.36890568,0.32934584,0.54116926,0.51682474,0.46548644,0.43465165,0.38409650,0.57905889,0.35255247,0.68695035,0.33217866,0.50919466,0.43026105,0.34879767,0.37343054,0.56682148,0.49502588,0.42082919,0.42224321,0.37855686,0.42738050,0.38125544,0.51215920,0.38863806,0.46603586,0.26329202,0.33297815,0.55023120,0.41412204,0.39795913,0.36201681,0.24378676,0.43044974,0.48383964,0.39986113,0.38105620,0.35329284,0.35800494,0.48227788,0.33024574,0.43862589,0.40613477,0.46479608,0.48521860,0.43576423,0.40274961,0.52575657,0.50065872,0.40134276,0.47322630,0.51082095,0.44699311,0.50769444,0.33682165,0.49549803,0.53858708,0.44209615,0.34931299,0.39689467,0.49286292,0.23377031,0.49689142,0.48335688,0.43232778,0.49977681,0.41099716,0.36591089,0.50487765,0.41287779,0.41455355,0.33731842,0.43103148,0.45057434,0.39505566,0.43781833,0.44650954,0.37397606,0.33252045,0.36133561,0.41646363,0.43141127,0.31432836,0.45218146,0.40713962,0.45520487,0.42609673,0.54724959,0.42306302,0.35896622,0.40593682,0.31157480,0.48101456,0.46742616,0.34812773,0.38033525,0.43536045,0.44203819,0.46685855,0.41449649,0.63757822,0.25259844,0.48653460,0.60536836,0.39846239,0.45156275,0.31755917,0.39869509,0.33042852,0.43865417,0.50531036,0.46221162,0.39285361,0.43055460,0.39078911,0.48609868,0.45368097,0.40087332,0.46911865,0.52715584,0.43044955,0.44138395,0.33374207,0.37291587,0.43609991,0.50308361,0.43505054,0.50034047,0.53585955,0.37586307,0.38835056,0.33418550,0.63757822,0.32463764,0.47529782,0.41355197,0.36465013,0.40481777,0.21072842,0.49705755,0.38030894,0.48371298,0.42258293,0.32686441,0.48128380,0.58142654,0.28821095,0.51496312,0.34626372,0.40223720,0.50832332,0.57266320,0.50491104,0.45294839,0.41819504,0.51677968,0.52610421,0.42265122,0.39237216,0.33446097,0.42265910,0.42420292,0.46049134,0.46531976,0.48837037,0.46475897,0.37123046,0.49807476,0.36122425,0.41167745,0.38935645,0.38010538,0.52994633,0.45307710,0.46100684,0.35184066,0.48989272,0.58709002,0.55633505,0.43278674,0.57540705,0.53556462,0.53993480,0.43739245,0.44099344,0.42829973,0.33582873,0.37135219,0.44389254,0.41511201,0.50129483,0.23828152,0.57573893,0.49238912,0.48082143,0.52717840,0.54333815,0.38518533,0.47748476,0.41682613,0.47210263,0.29972865,0.49763002,0.50094491,0.34174584,0.42249648,0.36933522,0.52665072,0.39526178,0.39275151,0.37568804,0.53094026,0.43375444,0.35741403,0.40726703,0.46405964,0.56754327,0.36125664,0.42117041,0.54611770,0.44480016,0.39170399,0.40597300,0.24601103,0.29626846,0.27176759,0.40554687,0.37449765,0.40181538,0.41700851,0.43551313,0.41208206,0.39189543,0.52610421,0.36130080,0.56382623,0.37865105,0.38971608,0.40719026,0.25073206,0.48136040,0.50838735,0.39491593,0.52975713,0.38215664,0.52531154,0.43663601,0.45231543,0.54087430,0.48099064,0.43044882,0.48282703,0.46582547,0.38682838,0.30048531,0.42987802,0.54675306,0.40986532,0.39987792,0.46487572,0.41318972,0.59385587,0.56754327,0.45606206,0.47709507,0.56891839,0.38117072,0.36960485,0.41130967,0.37880371,0.51338133,0.32106489,0.52429014,0.49710378,0.52304807,0.45283905,0.48173221,0.37246794,0.39117530,0.44253842
09679,0.53255794,0.48451530,0.51593551,0.44838197,0.57399243,0.51859112,0.47547184,0.46595815,0.45574872,0.56019616,0.47881674,0.47931330,0.42283971,0.00000000,0.38176324,0.41944060,0.47352321,0.42133833,0.50058313,0.43267753,0.43001827,0.49176600,0.48160224,0.58110442,0.41434473,0.46571120,0.48554175,0.51421288,0.52608035,0.65575743,0.48455201,0.46470962,0.43621630,0.49700272,0.56089047,0.51964604,0.63963497,0.53065378,0.52139844,0.49967330,0.39628229,0.48870042,0.48882591,0.42242659,0.45583527,0.36188185,0.58764213,0.39330997,0.49319927,0.48985932,0.43500316,0.29931140,0.47898827,0.48273325,0.42960884,0.47713500,0.60035109,0.41916327,0.32513846,0.50972135,0.50683571,0.58450844,0.45380467,0.50658093,0.57941174,0.51645788,0.49461119,0.35835202,0.54029042,0.57930782,0.58413436,0.45724879,0.59349018,0.52989806,0.49640171,0.61979911,0.53390923,0.42887328,0.58093204,0.59951519,0.42812937,0.57907378,0.25907626,0.50058719,0.58436113,0.49927738,0.56842138,0.53479148,0.52813766,0.48469189,0.57313186,0.56302777,0.49335052,0.44365170,0.56403690,0.41515588,0.50152433,0.42471718,0.57789382,0.43503700,0.42969030,0.46265440,0.47641366,0.49887724,0.54803786,0.41686174,0.50265669,0.42101337,0.46243708,0.47160581,0.45033971,0.39103473,0.47734800,0.61574064,0.45691071,0.61538733,0.59809270,0.52331960,0.46570036,0.47843883,0.35462666,0.42973477,0.49037391,0.47698152,0.41464780,0.38903667,0.38301521,0.39125089,0.45105622,0.42389167,0.48298657,0.56713485,0.51040641,0.43469989,0.55415107,0.49038769,0.54735019,0.56331367,0.47101446,0.38028088,0.45650868,0.50555458,0.45700055,0.57308960,0.47187624,0.61574064,0.37478292,0.45335663,0.50165904,0.42498812,0.52766983,0.50493482,0.37982960,0.54285423,0.57054820,0.50042312,0.48689564,0.45458101,0.57019088,0.49077938,0.53022423,0.40793918,0.44539542,0.52385245,0.64936179,0.58571051,0.50700010,0.52004921,0.57570999,0.55476080,0.44678344,0.42189989,0.48382877,0.44150879,0.51104908,0.48432982,0.49709881,0.56244921,0.55629613,0.47129217,0.60810273,0.46177528,0.50095430,0.49700013,0.55814255,0.47578020,0.55065969,0.56781956,0.52144151,0.46504539,0.61823942,0.62121598,0.51887911,0.54992892,0.53443805,0.52485553,0.54188371,0.39197730,0.52511289,0.40382383,0.49255997,0.43284797,0.46420881,0.41184968,0.40326267,0.39747830,0.35070433,0.43468723,0.38648455,0.57508508,0.46994809,0.52505016,0.52314054,0.52889600,0.55864494,0.44043292,0.43850847,0.44003213,0.48992949,0.49631390,0.50985604,0.47547184,0.49323719,0.45423892,0.51352401,0.34234712,0.55767132,0.52914797,0.49730223,0.52446822,0.53195991,0.50443076,0.45378878,0.51923982,0.43701730,0.52050789,0.46208049,0.53466311,0.42288712,0.62125810,0.49878321,0.47700694,0.57833057,0.51131525,0.48506289,0.54437398,0.55476080,0.45268686,0.54346201,0.54588391,0.44740367,0.47836391,0.44425427,0.43816805,0.45561888,0.44970356,0.60261427,0.41483810,0.54970697,0.54601207,0.47159010,0.60641369,0.54709238,0.48918703,0.49864603,0.48689460,0.41947604,0.44389386,0.42364962,0.53227785,0.46991413,0.48764820,0.51484191,0.46019656,0.56219054,0.52446822,0.50113318,0.54782435,0.56754992,0.46999300,0.41181831,0.40970082,0.42703637,0.51743145,0.48336559,0.59992625,0.48812356,0.48592926,0.49646424,0.55215406,0.55527912,0.42179583,0.45271490
09730-A,0.33675624,0.28633962,0.38141841,0.25651242,0.44126081,0.30508520,0.31590480,0.38232595,0.35409237,0.43623432,0.44810919,0.36718115,0.36890568,0.38176324,0.00000000,0.14512739,0.57615911,0.50398420,0.29800088,0.27748409,0.26243929,0.35524532,0.32183375,0.52782478,0.15650307,0.47872500,0.29300182,0.35987981,0.41614757,0.48817535,0.44477157,0.32717893,0.41891401,0.30663870,0.33559038,0.31883493,0.50971501,0.40372085,0.45739755,0.46921329,0.37789570,0.53846783,0.32313585,0.40822007,0.24519018,0.41059642,0.52814957,0.38199937,0.26967830,0.32743532,0.28639867,0.38612690,0.44986743,0.31442084,0.27918935,0.43948751,0.52898436,0.41418980,0.36933566,0.31949827,0.40833474,0.52129178,0.44186628,0.43408748,0.55255598,0.55079122,0.47853373,0.30848259,0.48923311,0.52756535,0.45828152,0.34166807,0.44300799,0.36312291,0.48119510,0.55731557,0.44999469,0.35973481,0.43290962,0.44754182,0.30624090,0.52962206,0.35587730,0.38485605,0.40191123,0.40948828,0.42911705,0.42516115,0.52355543,0.43728191,0.42109771,0.54997625,0.32090103,0.38292488,0.52340471,0.43916742,0.34145192,0.37483728,0.40953837,0.51210143,0.53044129,0.45250078,0.34057742,0.52384459,0.41716239,0.42000144,0.49953814,0.30193737,0.36892550,0.49187134,0.44805502,0.44090862,0.30837313,0.50703128,0.33797166,0.48633994,0.55553797,0.41290236,0.41161764,0.48251504,0.35011316,0.39404148,0.31056081,0.46273248,0.40804225,0.38474429,0.48324463,0.37974812,0.50265540,0.45662550,0.36923411,0.33077749,0.33208518,0.41590385,0.40616181,0.46937937,0.49351687,0.46954610,0.45904544,0.42127086,0.48062050,0.50559812,0.31441178,0.36738472,0.39417558,0.50703128,0.36870003,0.50519136,0.46735145,0.27481687,0.53608150,0.48782210,0.44033327,0.39636769,0.54221538,0.38770809,0.46569406,0.43026814,0.47979601,0.36479528,0.53653464,0.33081747,0.32548936,0.42442682,0.50345367,0.46949271,0.38401491,0.41746282,0.42905566,0.46239548,0.31284044,0.42779587,0.47685800,0.33452761,0.43701222,0.45567077,0.49540672,0.43605318,0.44525675,0.30029368,0.47883619,0.35777582,0.40019437,0.36999887,0.34932659,0.45323504,0.44494230,0.33111659,0.36389598,0.41531621,0.54744980,0.48121307,0.49794525,0.54646836,0.57994822,0.46847462,0.41008523,0.38125052,0.41443615,0.40302834,0.29993977,0.35253168,0.42698939,0.49821813,0.40048164,0.45786985,0.40840688,0.38870728,0.51798858,0.62493544,0.49429708,0.42652637,0.47461621,0.44680280,0.38499636,0.41240830,0.42372880,0.28563205,0.50911743,0.47665945,0.55076670,0.31590480,0.29218278,0.45761964,0.50997815,0.40047298,0.41764323,0.53790240,0.40656115,0.65305756,0.49293484,0.49305268,0.50702108,0.42271419,0.32079406,0.44291712,0.38488350,0.46164152,0.41579960,0.53829943,0.34174502,0.32565297,0.41603300,0.41431649,0.45230032,0.46105753,0.46239548,0.46519576,0.60817678,0.45215012,0.32485867,0.41940852,0.47562765,0.39181578,0.40018670,0.31669261,0.37725392,0.29996794,0.36047520,0.51966310,0.47123707,0.51139215,0.33640722,0.49049734,0.49874928,0.38355127,0.40358607,0.41633286,0.42799637,0.57976025,0.37113521,0.30033138,0.41977439,0.24169458,0.59410560,0.65305756,0.56074984,0.49920898,0.57269832,0.40283806,0.29049992,0.30409019,0.45212850,0.46399231,0.38596648,0.43880592,0.40520716,0.36701233,0.46938121,0.44254204,0.38444041,0.40585006,0.44970378
09730,0.27329234,0.20152111,0.28978643,0.28612800,0.41201426,0.26408827,0.30126571,0.37376044,0.34175769,0.40196324,0.40012782,0.29445177,0.32934584,0.41944060,0.14512739,0.00000000,0.60121070,0.48789929,0.25704293,0.26275414,0.25093665,0.39742758,0.28751356,0.51904854,0.01137568,0.45853704,0.19388641,0.30828999,0.35859420,0.50030018,0.44756116,0.32776417,0.41090574,0.28943044,0.35759450,0.33258774,0.46694715,0.36645538,0.46598891,0.44458280,0.37725863,0.55173670,0.29561062,0.35900902,0.15685561,0.38142013,0.52671299,0.38109403,0.26014028,0.27381262,0.20520189,0.40130322,0.50469227,0.22329197,0.26445940,0.41196354,0.51059689,0.40342877,0.40307672,0.29556533,0.38408822,0.48507275,0.43302496,0.45018238,0.54510120,0.51008891,0.49642740,0.24963492,0.46496658,0.49085331,0.41637390,0.28061628,0.35142464,0.38300828,0.43451639,0.53669495,0.47279210,0.38762175,0.42287281,0.45113508,0.30666941,0.48622199,0.34081542,0.39858656,0.33504703,0.41061958,0.38530263,0.35861446,0.50941753,0.42825213,0.38059742,0.51597069,0.26855292,0.36931259,0.52190056,0.42433393,0.33267849,0.34551439,0.41535689,0.51060110,0.50015514,0.43863201,0.30549549,0.50412982,0.38734899,0.44763647,0.50184978,0.27079932,0.36990536,0.47953728,0.47937746,0.41320854,0.31585788,0.52381311,0.28904923,0.41814388,0.54163769,0.41999417,0.40261593,0.46870627,0.36532680,0.38541552,0.29065215,0.45818235,0.39728123,0.35882983,0.46633304,0.39262602,0.51377760,0.44812682,0.34633244,0.30086929,0.34585591,0.40951589,0.37231452,0.43382292,0.46980690,0.41210554,0.47077173,0.41972801,0.49290037,0.48277498,0.23820782,0.38619220,0.40433704,0.52381311,0.35899699,0.47576002,0.46168089,0.26672704,0.51274416,0.43432731,0.46446416,0.35536697,0.52955355,0.36480641,0.42751167,0.44458545,0.45009003,0.28792813,0.52583167,0.29966322,0.33787038,0.42465929,0.50114318,0.46581031,0.40993969,0.37447494,0.39832416,0.43641753,0.36038275,0.46096524,0.43833325,0.37694458,0.44385183,0.44344482,0.49771836,0.45402513,0.46425577,0.26596440,0.46780470,0.33557142,0.41260607,0.32432906,0.28768318,0.42541829,0.42338419,0.28710972,0.33399915,0.46168310,0.51003609,0.45330123,0.49733426,0.52473049,0.54076481,0.45302333,0.40319470,0.41907356,0.41528002,0.38756676,0.24191847,0.36970022,0.43275750,0.48264264,0.37861605,0.47025312,0.42457778,0.40759522,0.55486302,0.59749705,0.51089858,0.42961485,0.40283749,0.40224393,0.32770115,0.43492996,0.43175045,0.26378076,0.51775178,0.44974223,0.51309875,0.30126571,0.24587511,0.45429637,0.51191692,0.36499498,0.41323360,0.51456507,0.40092647,0.67707016,0.47273265,0.47110744,0.51203565,0.37958847,0.33317508,0.38339630,0.35803607,0.42176708,0.43615158,0.55207905,0.29028733,0.24578234,0.40095815,0.43257978,0.41936896,0.38383171,0.43641753,0.45624496,0.59339160,0.37492431,0.32683638,0.43612703,0.43317932,0.41070372,0.41801209,0.30332205,0.40217179,0.23680183,0.34915535,0.49957451,0.43589909,0.48900493,0.34485664,0.48065326,0.47188170,0.41709749,0.36186521,0.41575060,0.44583362,0.59762156,0.41211392,0.30292041,0.37623309,0.23093675,0.57016021,0.67707016,0.52192010,0.47990637,0.55884341,0.39843609,0.28603883,0.26935186,0.43426354,0.46211022,0.37521245,0.42876911,0.40756590,0.37188514,0.48780588,0.41736301,0.28305477,0.36412921,0.43603909
10906-A,0.62954854,0.69500327,0.70438471,0.59786473,0.72630011,0.72047297,0.65773070,0.61356869,0.65247683,0.64047591,0.65807485,0.66967637,0.54116926,0.47352321,0.57615911,0.60121070,0.00000000,0.21090974,0.65741672,0.58299287,0.61158538,0.66952963,0.65670066,0.81476194,0.59750260,0.71685111,0.64431847,0.65000624,0.59434976,0.79198906,0.61968648,0.69572343,0.65171986,0.56032618,0.68224897,0.62071916,0.70720307,0.65197151,0.58709938,0.53602677,0.56474882,0.21011133,0.67480669,0.61602004,0.63714112,0.37995840,0.54340819,0.43179223,0.67865992,0.64124481,0.64615735,0.52528798,0.50576554,0.69211004,0.58067511,0.60091302,0.69125207,0.55728855,0.51344132,0.68907551,0.62842140,0.66025410,0.59948179,0.53542572,0.63902316,0.59217959,0.65612855,0.56360549,0.76970597,0.59377493,0.70280508,0.56726645,0.72300407,0.70665217,0.57339935,0.73889755,0.58479023,0.63331719,0.65165716,0.71268632,0.65133856,0.61790036,0.29287616,0.66553791,0.64343958,0.59883423,0.60797465,0.66544953,0.72046618,0.64166075,0.64708227,0.62175917,0.66245784,0.62124649,0.58203367,0.53788115,0.70840391,0.66651057,0.70222935,0.66801142,0.54530067,0.60243251,0.64702386,0.65375368,0.66957890,0.58682767,0.56797749,0.65057359,0.68972872,0.63900199,0.71057837,0.31332953,0.63838541,0.69594621,0.63082814,0.70481257,0.73180718,0.70826336,0.61882354,0.54206201,0.43895857,0.66302544,0.67248891,0.65873770,0.55360444,0.55241686,0.31531229,0.61302210,0.25559929,0.55590040,0.60496666,0.69188068,0.66066212,0.58356411,0.64825378,0.67986118,0.62766691,0.74282881,0.61131475,0.67189082,0.76785662,0.64426715,0.69261394,0.60930611,0.64185870,0.69594621,0.56655899,0.68045490,0.65304795,0.64126431,0.72462793,0.59659404,0.35153567,0.66679238,0.74269836,0.61620860,0.68077824,0.59642126,0.73282948,0.69333476,0.72245898,0.54157422,0.67035265,0.68841845,0.69484672,0.70954538,0.68661704,0.69811651,0.72905195,0.73428701,0.60380147,0.69637191,0.67770584,0.59387227,0.68352716,0.64282993,0.56304534,0.75784188,0.58432760,0.68364983,0.73652176,0.64765937,0.74995150,0.74327624,0.64857163,0.64669352,0.72116521,0.71262550,0.67096593,0.67969977,0.76430126,0.77741315,0.60478126,0.63933003,0.69908970,0.69360315,0.69453689,0.58846696,0.69848034,0.52128336,0.63166123,0.62758576,0.66031375,0.22099809,0.51395969,0.55613293,0.63299328,0.54875920,0.72635636,0.62210376,0.64219771,0.62750629,0.66925384,0.66038451,0.62949000,0.59548352,0.65543192,0.62793724,0.46719779,0.53687684,0.68056349,0.65773070,0.66747771,0.60358550,0.72625048,0.35952804,0.66701287,0.72533876,0.59871600,0.59234695,0.65394214,0.71123864,0.57856113,0.64636497,0.66593006,0.65714760,0.53789741,0.58424598,0.54303873,0.79173842,0.68086672,0.60101065,0.71186712,0.61149405,0.65194170,0.68543439,0.73428701,0.51119047,0.65609419,0.68554253,0.66877710,0.68439792,0.55909221,0.55197712,0.58464055,0.68225114,0.76315578,0.61057757,0.61129775,0.75443471,0.60619122,0.75774298,0.76230393,0.72174889,0.59483591,0.60770257,0.63121431,0.55212014,0.72011311,0.74585448,0.68396599,0.65504479,0.68908914,0.58803914,0.75408165,0.59234695,0.69599905,0.76172951,0.72795915,0.67497577,0.59334295,0.39195224,0.71315822,0.70153443,0.59587500,0.65733564,0.62612785,0.71465311,0.72833343,0.74519544,0.76649538,0.63719981,0.66458986
10906,0.58449439,0.58020950,0.61988077,0.52138041,0.60143611,0.58422325,0.56895791,0.53462931,0.58007945,0.58894728,0.60287490,0.58232601,0.51682474,0.42133833,0.50398420,0.48789929,0.21090974,0.00000000,0.58170490,0.50972068,0.52648375,0.56120314,0.54655947,0.69448357,0.48419119,0.59503730,0.52890586,0.51094444,0.59434240,0.69023133,0.54667465,0.57382821,0.54241584,0.56842962,0.58475342,0.58350250,0.66841554,0.57585663,0.60331115,0.52130207,0.52173825,0.28555851,0.57299683,0.45420369,0.53506003,0.38515397,0.58622615,0.28415642,0.56469749,0.56059203,0.51892968,0.45675257,0.58037938,0.55617841,0.50740293,0.53250193,0.64494880,0.44225189,0.44364540,0.56743082,0.51453308,0.57594174,0.58086090,0.48929831,0.60469568,0.55940314,0.59585510,0.42933605,0.64048784,0.61543788,0.66024662,0.48588280,0.61167199,0.57295334,0.48479247,0.65731523,0.55038136,0.58134063,0.66431420,0.65057296,0.60688461,0.57913133,0.20137684,0.63149526,0.55022514,0.57091069,0.55343451,0.60908179,0.64418883,0.56780940,0.60413204,0.62756764,0.52362338,0.52066320,0.56102018,0.49370609,0.58249337,0.56639757,0.62968593,0.57642209,0.50375616,0.58721230,0.51525642,0.59768878,0.62532864,0.47389112,0.51622593,0.53732067,0.59024107,0.58773829,0.68896120,0.14292597,0.59083606,0.55807576,0.52716995,0.69439514,0.62546734,0.69044769,0.57187872,0.61203466,0.38568116,0.57292250,0.52845232,0.62443076,0.43856777,0.49524878,0.23034260,0.56068938,0.34368034,0.50535815,0.50876665,0.57270561,0.55151425,0.51901866,0.53111774,0.60638624,0.63131315,0.70253597,0.53738384,0.59709537,0.67521434,0.56350998,0.56754651,0.57228295,0.63146168,0.55807576,0.47792742,0.55194718,0.60445631,0.54813181,0.63903579,0.50332733,0.24595939,0.56591432,0.64830596,0.52000859,0.60592729,0.49505446,0.62609913,0.59239434,0.60358151,0.44855743,0.56440907,0.55063519,0.59584164,0.59080595,0.60654544,0.57641791,0.58239003,0.61980479,0.54412755,0.57966339,0.59646395,0.49594029,0.60289312,0.54761544,0.51129378,0.64448962,0.65089702,0.60583889,0.62861659,0.59804297,0.60431339,0.60045171,0.64673417,0.55263216,0.57875030,0.60365636,0.57639210,0.56578684,0.66026554,0.67986295,0.56536862,0.53895921,0.57512490,0.57487642,0.60252986,0.56660781,0.63375567,0.46961886,0.55430257,0.53344319,0.63767517,0.01255224,0.46216068,0.49709028,0.49895257,0.43116078,0.65696839,0.61416996,0.63399773,0.59800519,0.60742058,0.54782460,0.53986606,0.48746346,0.50092764,0.55615711,0.52108602,0.51138360,0.64486116,0.56895791,0.54992635,0.58237871,0.62025534,0.24881456,0.63596450,0.63974663,0.48333273,0.60722776,0.66082897,0.60560685,0.53228022,0.58345327,0.55998649,0.58657268,0.56042197,0.59245900,0.52352670,0.71810280,0.53385216,0.48370048,0.58080273,0.51895087,0.55429200,0.53124141,0.61980479,0.58063372,0.67433348,0.53134955,0.60059203,0.54028337,0.51347151,0.43437869,0.47403141,0.56551612,0.67849270,0.47222334,0.54213845,0.67094224,0.54534092,0.66723493,0.66360687,0.67281592,0.50315430,0.51837983,0.55987979,0.50787247,0.66229898,0.65213408,0.59325969,0.56610308,0.61680956,0.48439138,0.66736308,0.60722776,0.59088485,0.69019954,0.61474882,0.58428647,0.50609310,0.34788453,0.59292601,0.65004202,0.55118964,0.66999268,0.60092593,0.63909485,0.59750375,0.62643594,0.65255521,0.56586529,0.63534112
11925,0.36088395,0.31404694,0.40014517,0.26151118,0.49736617,0.35801534,0.36713654,0.43434641,0.32464354,0.38645895,0.37369207,0.33925342,0.46548644,0.50058313,0.29800088,0.25704293,0.65741672,0.58170490,0.00000000,0.37263178,0.40764885,0.47190861,0.40909760,0.62264977,0.25306889,0.49417864,0.35129103,0.39186702,0.41289599,0.54864284,0.46845258,0.48765552,0.53614000,0.38582508,0.38092616,0.36180200,0.42896545,0.39939299,0.38257442,0.51142462,0.41439743,0.59009196,0.40108586,0.45782002,0.34367264,0.46093041,0.64407186,0.51856866,0.39836938,0.38811597,0.38188201,0.51177389,0.51179524,0.34408889,0.37359024,0.48243485,0.51259489,0.50153166,0.55479219,0.41603337,0.53070716,0.58466090,0.51639418,0.57605981,0.56753347,0.60740095,0.56490854,0.33147119,0.47428524,0.51854531,0.46311939,0.39720858,0.48155676,0.49217066,0.51707861,0.57536969,0.51135424,0.42831857,0.37674821,0.55086439,0.26126575,0.56581262,0.47233542,0.44599064,0.44704824,0.46748709,0.49958000,0.38698024,0.55683268,0.58708951,0.54596441,0.57024190,0.39858530,0.50791891,0.57918245,0.48367668,0.43942779,0.45727367,0.49547525,0.55750233,0.56009465,0.51713149,0.44371220,0.62088280,0.43075628,0.57787670,0.63295771,0.38622653,0.48837056,0.52585826,0.45513040,0.55330499,0.38240125,0.64207940,0.42569402,0.51006282,0.61653236,0.45542029,0.47373745,0.58959070,0.50187320,0.47247697,0.42982753,0.50124259,0.47665800,0.47777985,0.56676087,0.42777928,0.58488523,0.49003040,0.50131409,0.39609676,0.46713514,0.54399924,0.57720409,0.53453644,0.48537792,0.57089101,0.48529341,0.55421294,0.62154877,0.64215302,0.38495696,0.35041995,0.46987329,0.64207940,0.38440872,0.56456937,0.55124948,0.40785121,0.59587139,0.53113910,0.56306989,0.49676292,0.63132747,0.51904222,0.52269241,0.57798861,0.54690035,0.39336905,0.58353657,0.42008419,0.47246215,0.53954269,0.65703997,0.60630532,0.49000255,0.51491842,0.54007356,0.56061511,0.41758772,0.57502674,0.53511227,0.51545054,0.53218287,0.51940227,0.63013569,0.48138895,0.37117070,0.35354092,0.54676730,0.47057276,0.49401077,0.42535361,0.46490259,0.42867631,0.55941350,0.36298119,0.44322088,0.59546115,0.65118312,0.58424092,0.50144053,0.70093270,0.61868626,0.51220761,0.46767477,0.52861513,0.49510334,0.49954094,0.27226891,0.34272030,0.49049994,0.56733453,0.46615450,0.55776684,0.58987647,0.55281851,0.63418619,0.75280803,0.60832464,0.45439470,0.51543423,0.42112244,0.43308744,0.51502326,0.55407010,0.23451723,0.67000514,0.64829282,0.59676548,0.36713654,0.41581393,0.45818010,0.58713261,0.50209710,0.44240385,0.59816673,0.46937813,0.73453255,0.56929052,0.63243390,0.63223480,0.52697543,0.46273957,0.38555952,0.44983586,0.46875470,0.51618680,0.66642539,0.43235211,0.39125612,0.55851542,0.55010654,0.54919867,0.53966325,0.56061511,0.47874541,0.64564845,0.53444539,0.41117773,0.58463089,0.53389462,0.55355011,0.58294752,0.44670316,0.46477670,0.35588534,0.45791967,0.62957763,0.59770956,0.62025164,0.46299499,0.58169339,0.60921444,0.55729636,0.46678889,0.43712535,0.43802128,0.69957911,0.52637854,0.39921256,0.45581551,0.38489083,0.63958424,0.73453255,0.61433975,0.60275411,0.67342836,0.47071929,0.41218413,0.39554486,0.53272169,0.55571472,0.44072459,0.43229853,0.40397619,0.44596188,0.59643928,0.57156510,0.39023137,0.47359854,0.53418811
11929-A,0.33881634,0.30100948,0.41514288,0.39544951,0.48863159,0.30832865,0.41035058,0.46927237,0.44981396,0.51836162,0.53954340,0.42177542,0.43465165,0.43267753,0.27748409,0.26275414,0.58299287,0.50972068,0.37263178,0.00000000,0.18820665,0.23161289,0.32583610,0.58128676,0.26712363,0.44750721,0.27892026,0.36502718,0.42123584,0.50892412,0.51670811,0.41773305,0.45095764,0.34785129,0.43437467,0.39217877,0.55246760,0.43559249,0.51409041,0.48772599,0.41756415,0.56839002,0.35580150,0.45610923,0.29397906,0.44964980,0.55972218,0.38234551,0.40614389,0.43125207,0.36659741,0.41699471,0.52689468,0.32618989,0.00211079,0.43135596,0.59234929,0.46912470,0.37980751,0.28385737,0.40323521,0.62416616,0.51909684,0.48234383,0.59753452,0.56022995,0.61056306,0.37096504,0.51950299,0.59641818,0.43218887,0.35595980,0.44905686,0.43915081,0.53017006,0.59189269,0.47159075,0.43460602,0.44919433,0.49649745,0.42906596,0.57327464,0.36641062,0.47659048,0.43274533,0.48437994,0.45279301,0.43498411,0.55053879,0.44314814,0.38391376,0.56371193,0.36543802,0.45050475,0.49761385,0.43489819,0.38872101,0.50524219,0.44855644,0.54346050,0.55670174,0.52731705,0.41566339,0.56887910,0.53837236,0.47821541,0.52679455,0.43420874,0.39207425,0.53351965,0.45976614,0.45746883,0.38743172,0.45760700,0.40555405,0.48278069,0.58349168,0.52971990,0.49958487,0.50625069,0.33417277,0.46745903,0.35023278,0.39908926,0.46642279,0.45664259,0.48174399,0.41224015,0.45911033,0.44780425,0.31798909,0.38994377,0.28898557,0.47042249,0.46309897,0.50650974,0.49583743,0.37168986,0.48019069,0.46269733,0.53469041,0.47941456,0.34478950,0.46372188,0.42966731,0.45760700,0.41863211,0.57020511,0.53382598,0.32366129,0.52929765,0.52641469,0.47640211,0.39093811,0.55881284,0.34127870,0.50274146,0.48617204,0.52465789,0.43941531,0.59386744,0.43373737,0.36554823,0.37155681,0.46385623,0.44463512,0.42406636,0.41877700,0.44037210,0.39639389,0.34838277,0.42802389,0.50851155,0.41734703,0.43105245,0.45580975,0.52286211,0.43644714,0.52060745,0.41236310,0.55825412,0.31698924,0.42476486,0.38040444,0.36321219,0.50423157,0.42082216,0.32847706,0.43416452,0.55008309,0.61370028,0.50826055,0.54856438,0.50494051,0.65167598,0.54600151,0.42516929,0.42689189,0.42760298,0.44465472,0.33830638,0.47232712,0.52867942,0.50847578,0.41945505,0.41858369,0.39510185,0.36786925,0.56026974,0.52331125,0.53876936,0.52239225,0.52943291,0.52093292,0.40711490,0.41657295,0.39414489,0.36588581,0.46525530,0.41940319,0.60274284,0.41035058,0.30433293,0.48743616,0.55223705,0.42747771,0.53443378,0.53071185,0.49607107,0.60200776,0.52019914,0.56323047,0.49630803,0.42585496,0.35753155,0.50653246,0.37717347,0.49691646,0.49092381,0.62171706,0.35788857,0.33674331,0.43295223,0.44076608,0.49450371,0.42624388,0.39639389,0.48344411,0.63597081,0.40918577,0.38555235,0.41976383,0.50443976,0.37038309,0.36612157,0.32773905,0.48078740,0.39136973,0.25403398,0.54872157,0.44946583,0.50183862,0.37802503,0.58936105,0.52083810,0.43607637,0.46331172,0.43195538,0.43326095,0.62825885,0.51678962,0.38181225,0.43429286,0.20218342,0.66110132,0.60200776,0.58879462,0.57219041,0.58388983,0.46757968,0.29818948,0.37371407,0.51019113,0.49500595,0.42499856,0.45608921,0.43358104,0.42121864,0.46631763,0.45771655,0.38254769,0.46344956,0.48124055
11929-B,0.32626071,0.32604919,0.43084984,0.40156921,0.45128606,0.28414117,0.40809267,0.42304291,0.43833911,0.49661351,0.53027912,0.31339306,0.38409650,0.43001827,0.26243929,0.25093665,0.61158538,0.52648375,0.40764885,0.18820665,0.00000000,0.28523306,0.29306908,0.54622076,0.25479358,0.45510879,0.31659407,0.37674892,0.43957709,0.48642850,0.45023269,0.32184169,0.36114111,0.44038511,0.39020812,0.31906183,0.58792320,0.39344552,0.57919055,0.50324858,0.41141590,0.57961682,0.32352435,0.41801314,0.27304665,0.41107658,0.49056722,0.38755068,0.41670923,0.44042182,0.30781564,0.38565664,0.49658820,0.29308641,0.18951911,0.40741160,0.56530095,0.42015609,0.35922895,0.30104026,0.35644050,0.54998501,0.43432613,0.38978644,0.56415058,0.51471396,0.54943648,0.37211883,0.48131802,0.55296054,0.36533548,0.38923413,0.41410206,0.45437895,0.51732230,0.57653620,0.49313818,0.36636807,0.50625296,0.47494242,0.47891421,0.54765976,0.34421915,0.44282281,0.45496674,0.40065182,0.46720511,0.36955027,0.53600273,0.32433024,0.37176864,0.49527558,0.32415916,0.36358147,0.52470116,0.43447151,0.37609421,0.37556810,0.41619109,0.52848158,0.51499655,0.44529495,0.31269691,0.49213460,0.49360482,0.43031247,0.51223070,0.33995836,0.36894063,0.49575551,0.38938505,0.44591401,0.40039404,0.48196530,0.42618716,0.52877630,0.52111368,0.47766464,0.46901087,0.48336399,0.28528933,0.35169774,0.31885561,0.44401068,0.41677652,0.41555289,0.52978762,0.37619991,0.47704556,0.43938404,0.30492645,0.36025840,0.26276160,0.32358163,0.38688922,0.41410094,0.47684131,0.36854690,0.47030994,0.39012744,0.45750451,0.45419241,0.28819534,0.50842169,0.36297121,0.48196530,0.38490243,0.54034791,0.37837807,0.28768967,0.48115681,0.51779914,0.50816205,0.28694055,0.42846332,0.32750275,0.40751905,0.42801540,0.46741337,0.34509679,0.53393017,0.37866207,0.29915179,0.34305186,0.47382399,0.41498162,0.38612999,0.35311253,0.45410142,0.40291539,0.33428856,0.35130680,0.41031632,0.38580444,0.36238433,0.46362290,0.50852033,0.46023616,0.55172569,0.33796525,0.51682988,0.26025364,0.40563106,0.31212251,0.35288676,0.50985298,0.40079820,0.33922246,0.32475682,0.48752447,0.56775457,0.42274934,0.55003650,0.53670747,0.60448318,0.48048603,0.41590948,0.39076209,0.44510554,0.42691616,0.29717278,0.41070014,0.40311959,0.52548002,0.43929125,0.42715489,0.39092804,0.33547562,0.54947537,0.51831938,0.47657667,0.44430652,0.41320525,0.46880627,0.44865692,0.38478250,0.40095088,0.32387473,0.46012445,0.34663826,0.51493176,0.40809267,0.25490363,0.42350708,0.51232481,0.41979053,0.49209464,0.48254134,0.48062263,0.60906364,0.43508357,0.43777566,0.50488615,0.41089940,0.29171720,0.49130587,0.36312522,0.53451921,0.48071630,0.49790724,0.25637899,0.32686123,0.39110484,0.33657457,0.39102581,0.44677720,0.40291539,0.46750468,0.62370524,0.43017308,0.29967041,0.33646590,0.44564883,0.33771708,0.33237185,0.28015163,0.45295782,0.31915894,0.34783456,0.43763448,0.37699593,0.47498197,0.29052157,0.49289807,0.41947587,0.35190895,0.35433400,0.42073035,0.36752411,0.53876052,0.43695949,0.33959993,0.35959720,0.17142488,0.60206940,0.60906364,0.51599507,0.46256439,0.51002180,0.36929086,0.19882075,0.38619425,0.36956327,0.46650117,0.44907140,0.51432509,0.46995130,0.44956160,0.41177798,0.40556106,0.36633560,0.35475074,0.39252550
11929,0.49290847,0.38655941,0.50977695,0.46033231,0.53081816,0.43915640,0.52250886,0.59235530,0.49978996,0.63841829,0.65050790,0.52613153,0.57905889,0.49176600,0.35524532,0.39742758,0.66952963,0.56120314,0.47190861,0.23161289,0.28523306,0.00000000,0.35720700,0.53283398,0.40179707,0.48188300,0.37706653,0.47427279,0.55575937,0.50860627,0.54403735,0.52978486,0.56869592,0.55769287,0.53309780,0.53343794,0.64355981,0.60424084,0.61003681,0.63682906,0.52991484,0.65100400,0.48481687,0.54376913,0.41574515,0.57199849,0.69270540,0.38833480,0.48146169,0.53172618,0.49465536,0.51305460,0.61157142,0.49017341,0.23372369,0.46700187,0.67768852,0.51352694,0.40764836,0.35941058,0.45965523,0.67152908,0.62383058,0.54290582,0.64070360,0.72701107,0.67399392,0.47976345,0.59141853,0.64516630,0.55525870,0.47173053,0.56048985,0.46708042,0.65969022,0.67760495,0.52117360,0.53300887,0.54837873,0.58508231,0.54139190,0.62855832,0.42151184,0.58267152,0.59859660,0.54136737,0.56770564,0.56078635,0.64670230,0.55778843,0.54109246,0.71426219,0.47426691,0.53819263,0.53086395,0.56369302,0.49092595,0.55469852,0.52139723,0.58699346,0.58375778,0.63162905,0.54643851,0.64986661,0.65445029,0.53308212,0.61644102,0.52953658,0.45440225,0.61885743,0.51368965,0.51545157,0.42079711,0.49166543,0.54573645,0.66521549,0.62746751,0.63789144,0.62055382,0.66271130,0.44116804,0.55417641,0.42591743,0.47925911,0.51082503,0.55959356,0.54170921,0.49973799,0.61051114,0.53965442,0.44764751,0.48037887,0.31257549,0.56204279,0.54941209,0.59546418,0.62576348,0.49367686,0.53722844,0.55531953,0.62827972,0.52743352,0.44903290,0.62212055,0.56322261,0.49166543,0.53305567,0.61500845,0.62029360,0.40792777,0.66876938,0.65765839,0.49997256,0.51596152,0.65707051,0.47093713,0.58969906,0.48442810,0.58972395,0.57856600,0.60162308,0.53538808,0.43149463,0.47062769,0.51762308,0.54736094,0.46123562,0.47748812,0.49193463,0.49778228,0.43555631,0.51964331,0.59063992,0.49128376,0.50647394,0.55079018,0.61250858,0.52503592,0.64918246,0.53026087,0.62028640,0.43332469,0.51339934,0.53058986,0.53531326,0.56839040,0.49409610,0.41501539,0.57494900,0.60325166,0.61418881,0.58283754,0.60704118,0.57435938,0.71470893,0.55974951,0.47349446,0.55669814,0.53223809,0.55980504,0.49046330,0.51601681,0.62763887,0.55841352,0.58296851,0.44799211,0.40515045,0.37712085,0.60631215,0.59109115,0.64351082,0.54681558,0.64279367,0.61926661,0.58330201,0.40558887,0.43902522,0.47292810,0.62053980,0.53234775,0.66416736,0.52250886,0.44174542,0.61157954,0.68809507,0.44658184,0.65733257,0.67018358,0.56526425,0.65654963,0.66290454,0.65093077,0.53527678,0.53954182,0.42347794,0.64301477,0.54028444,0.64680547,0.57750282,0.66728862,0.45175981,0.46195108,0.51769733,0.51413714,0.62635134,0.56456464,0.49778228,0.61665353,0.69352479,0.54750654,0.44714559,0.52023832,0.67160875,0.37963470,0.44804898,0.45640283,0.51288239,0.46414016,0.30870529,0.66156418,0.56443164,0.60081418,0.40007604,0.69017139,0.66131629,0.48521275,0.56447329,0.56986098,0.47902525,0.72654216,0.55322849,0.44976768,0.54976177,0.27996513,0.70280673,0.65654963,0.66438149,0.69875431,0.67224964,0.58333727,0.38172391,0.46825187,0.59325658,0.63085487,0.55962136,0.55527360,0.54164309,0.50657479,0.55618758,0.58043253,0.53633443,0.56461113,0.60960023
11933,0.37284793,0.32019336,0.38692175,0.41280420,0.43365824,0.26830845,0.38973594,0.43738507,0.40529578,0.52448822,0.48910168,0.38697582,0.35255247,0.48160224,0.32183375,0.28751356,0.65670066,0.54655947,0.40909760,0.32583610,0.29306908,0.35720700,0.00000000,0.57455674,0.29282435,0.45180507,0.32993147,0.33724135,0.45174176,0.51695787,0.49062439,0.40499983,0.47653277,0.46667945,0.40449777,0.37718932,0.57341690,0.40857518,0.53851082,0.49213156,0.44079177,0.60802387,0.34402345,0.40064328,0.30663941,0.40551984,0.58844541,0.46428220,0.34813080,0.39500560,0.36136393,0.40042613,0.53912307,0.30921930,0.33060798,0.40147836,0.59508538,0.46783936,0.41019040,0.09568433,0.43139956,0.59411235,0.50745378,0.51680979,0.62364205,0.56546967,0.60514091,0.40470892,0.47155788,0.63888732,0.34802828,0.39752175,0.41022824,0.30556576,0.50978771,0.62485572,0.42088627,0.42560654,0.48615182,0.54034096,0.40754993,0.57716005,0.43460370,0.47891916,0.46912443,0.49116182,0.45799970,0.32600798,0.58121074,0.43000957,0.38875410,0.50898956,0.31231683,0.42086634,0.49979693,0.44544703,0.30509484,0.46616639,0.48652060,0.56004237,0.55826410,0.52541553,0.39934190,0.55340629,0.50195926,0.53204036,0.59804119,0.37518722,0.32801293,0.55533998,0.45278619,0.49584283,0.28618876,0.52703168,0.40276238,0.49810437,0.58075873,0.46927239,0.54925463,0.51136289,0.39186941,0.41555108,0.33843450,0.50212634,0.45972583,0.45132557,0.50050624,0.42872922,0.54629952,0.50909786,0.35627350,0.34731681,0.37444267,0.45320397,0.41652519,0.44315410,0.51352392,0.37889475,0.49047865,0.45567738,0.51130883,0.49542044,0.35589584,0.47827468,0.40902480,0.52703168,0.37476636,0.49732019,0.46443410,0.30218638,0.44312338,0.50120146,0.49172091,0.36566728,0.49319382,0.37331997,0.44161615,0.47280310,0.54114754,0.32565770,0.59201929,0.37693893,0.32237123,0.37886028,0.50789128,0.42664241,0.45557443,0.34515055,0.42386228,0.44915294,0.39194721,0.43006697,0.43808637,0.40817896,0.39635409,0.48315374,0.59758946,0.44050987,0.53411662,0.33689166,0.53158993,0.30769257,0.40323156,0.34333201,0.34912931,0.54496083,0.40452907,0.35710087,0.41937846,0.53019042,0.56226079,0.46570519,0.54405482,0.53260144,0.57428826,0.47031336,0.40953535,0.49240982,0.42926762,0.48202673,0.34859683,0.47761062,0.52242722,0.53656673,0.43780869,0.54376570,0.42611691,0.38345715,0.58975090,0.59665850,0.51790066,0.51143786,0.50890640,0.49538613,0.45254286,0.42812403,0.43768841,0.36067127,0.53013513,0.41069317,0.55987216,0.38973594,0.31349058,0.46013263,0.60282180,0.44290635,0.52861065,0.44563286,0.52474541,0.63109186,0.51590668,0.51879183,0.57844919,0.43453994,0.31394092,0.48630623,0.39523553,0.55119036,0.46582528,0.54804552,0.32741441,0.34095013,0.42054719,0.43886387,0.44783284,0.47545538,0.44915294,0.44377769,0.54166159,0.46367642,0.34979280,0.40126193,0.51170979,0.38402544,0.46908251,0.30178358,0.40595273,0.38502632,0.37035566,0.56612736,0.50321246,0.50772605,0.30708283,0.55488741,0.54750674,0.45196765,0.42335836,0.48602278,0.42561025,0.65410020,0.43145759,0.34056443,0.42536445,0.30210705,0.57402247,0.63109186,0.54206042,0.50883202,0.55575239,0.48595507,0.31437770,0.39487730,0.40961725,0.52671152,0.45532464,0.50283057,0.47441542,0.45897283,0.46837940,0.42331546,0.34907881,0.42128315,0.45082061
14015,0.63530921,0.57295739,0.61662037,0.56405179,0.62278112,0.61510893,0.65774704,0.62106461,0.54530488,0.67109547,0.72743417,0.55289176,0.68695035,0.58110442,0.52782478,0.51904854,0.81476194,0.69448357,0.62264977,0.58128676,0.54622076,0.53283398,0.57455674,0.00000000,0.52424287,0.63606707,0.61258086,0.64771583,0.67772055,0.70636969,0.59704899,0.58582402,0.61623571,0.67936527,0.60762953,0.62177628,0.74479303,0.69732605,0.72365125,0.70623805,0.59914984,0.77154431,0.63587266,0.65797088,0.58533533,0.66894350,0.72839019,0.60302917,0.65525509,0.64512224,0.59437095,0.63415097,0.67216370,0.63590963,0.58466159,0.64277693,0.67667916,0.62011984,0.56842141,0.57035958,0.65810260,0.59411033,0.59891404,0.63701237,0.67345798,0.69812673,0.65148930,0.56216948,0.60451151,0.60547821,0.67237681,0.59348112,0.72157326,0.60959532,0.71051554,0.70375625,0.68643887,0.68746899,0.65660545,0.72184790,0.61903991,0.68694488,0.58997456,0.73972856,0.67678372,0.55368879,0.63888884,0.66842385,0.71435922,0.67211985,0.71371011,0.78620053,0.61618832,0.32549591,0.69758203,0.65040743,0.61338490,0.55470820,0.67951452,0.59094877,0.67171560,0.60097301,0.58788737,0.73181194,0.67718720,0.68390937,0.77221664,0.53544526,0.65913125,0.69550123,0.62438581,0.69341625,0.52662075,0.68800751,0.63047072,0.71862340,0.48795305,0.68327875,0.59485364,0.72867189,0.59480563,0.62128115,0.57879108,0.59916108,0.60881607,0.63800745,0.69734978,0.62152456,0.77263940,0.59605583,0.66711941,0.60061759,0.58366713,0.61504673,0.67580020,0.67191525,0.72701102,0.69730124,0.58043116,0.61597014,0.66698104,0.63507383,0.59899038,0.73650578,0.68770898,0.68800751,0.57482885,0.39712884,0.61078478,0.62448852,0.72454260,0.70780292,0.59185075,0.64987890,0.64626950,0.68429954,0.67236606,0.60923011,0.41778314,0.63880358,0.58947873,0.50738294,0.62046863,0.64891476,0.66926405,0.69729576,0.67850328,0.62915242,0.64300552,0.68899741,0.66548286,0.69741931,0.67397121,0.59575747,0.65931883,0.63983735,0.76871512,0.69340247,0.73451705,0.56128131,0.69563237,0.64476102,0.61809791,0.68945963,0.66588156,0.52014954,0.70292759,0.65461988,0.68709780,0.55959405,0.25125953,0.23862448,0.62427813,0.73005378,0.45081524,0.31104810,0.68331753,0.64678565,0.64227740,0.65140862,0.63924787,0.53157149,0.63623585,0.68861960,0.56343360,0.46270708,0.54016003,0.59616256,0.56313260,0.79683069,0.66661921,0.51774944,0.62724636,0.58238852,0.67803842,0.56883230,0.63290443,0.60446711,0.75056114,0.72111750,0.59772211,0.65774704,0.60708372,0.62740952,0.71659703,0.61057424,0.65909624,0.72581865,0.61078071,0.66258152,0.76800850,0.61656382,0.69183832,0.66646968,0.61390952,0.64588808,0.65672943,0.67042560,0.64453002,0.73005817,0.59833559,0.63205526,0.64917035,0.68642187,0.65489927,0.61635575,0.68899741,0.66819803,0.47352721,0.60806061,0.62317786,0.65204412,0.69180497,0.59900309,0.59519178,0.62824288,0.54680387,0.54994991,0.65557572,0.71430764,0.69455597,0.67769688,0.54162223,0.70686768,0.62865964,0.63113866,0.62321203,0.67110244,0.59758255,0.68433730,0.62042321,0.62618373,0.69137006,0.54401025,0.45951751,0.66258152,0.54047903,0.71475821,0.66263358,0.60031449,0.59229188,0.56345877,0.64634856,0.72632134,0.65458746,0.65726353,0.66838373,0.68206015,0.68622130,0.66748234,0.69014122,0.63302817,0.67946832
15305,0.27689300,0.20512177,0.29338709,0.28906107,0.41339824,0.26493871,0.30211616,0.37461089,0.34260814,0.40111036,0.39927494,0.29359890,0.33217866,0.41434473,0.15650307,0.01137568,0.59750260,0.48419119,0.25306889,0.26712363,0.25479358,0.40179707,0.29282435,0.52424287,0.00000000,0.45658520,0.19656200,0.30920382,0.36360750,0.50154814,0.45519920,0.32668043,0.40982200,0.28431850,0.35782966,0.33282290,0.47160164,0.37110987,0.46451790,0.44554168,0.37475594,0.55577465,0.30474485,0.35929740,0.15217618,0.37940740,0.52617850,0.37935977,0.25404383,0.26771617,0.19910544,0.40431069,0.50817850,0.22628654,0.26805253,0.41525706,0.51046716,0.40566268,0.40419821,0.30087611,0.38085196,0.48622167,0.43417388,0.44927076,0.54465640,0.50257668,0.48891517,0.25347214,0.46387128,0.48934676,0.42160296,0.28445351,0.35421521,0.38597879,0.43734921,0.53727670,0.47631005,0.38847220,0.41613915,0.45198505,0.30269536,0.48559953,0.33455621,0.39791588,0.33405856,0.41149597,0.38648860,0.36364021,0.51197779,0.43162765,0.37757501,0.51591275,0.26928650,0.37206282,0.52457245,0.42604175,0.33819906,0.34861852,0.41621827,0.51415532,0.50453696,0.43949280,0.30732907,0.50058790,0.38836719,0.45133609,0.50554939,0.27463654,0.37332710,0.48060818,0.48365566,0.40950044,0.31782373,0.53026625,0.28805431,0.42055148,0.54140952,0.41660609,0.40498685,0.47311626,0.36751583,0.38786843,0.29610681,0.45650458,0.40152888,0.36307748,0.46349230,0.39110823,0.51298838,0.44308650,0.35195938,0.30446995,0.35056705,0.41661864,0.37872036,0.43623346,0.47011379,0.41943591,0.47488028,0.42301292,0.49602357,0.48731058,0.23715169,0.38695281,0.40791925,0.53026625,0.35843847,0.47401681,0.46244184,0.27332220,0.51662870,0.43716013,0.46047976,0.36072799,0.52640503,0.36957968,0.42905279,0.44543306,0.45321020,0.28831015,0.52635225,0.29630607,0.34385855,0.42498155,0.50146544,0.46209751,0.41305027,0.37549516,0.39934439,0.43743775,0.36073932,0.46764185,0.43978927,0.38232227,0.44964651,0.45024538,0.50389760,0.46079806,0.45963750,0.26634735,0.46642809,0.34507007,0.41649519,0.31592053,0.27927465,0.42358813,0.42676010,0.28698910,0.33618896,0.46324244,0.51143599,0.45849556,0.50023474,0.52646101,0.54293578,0.45519429,0.40382410,0.42254758,0.42208754,0.38497200,0.24031715,0.36827961,0.43446781,0.47960764,0.38144887,0.46993166,0.42947044,0.41248787,0.56083114,0.60332173,0.51291167,0.42956944,0.39338416,0.40427396,0.32760202,0.43468527,0.43848056,0.25487938,0.52047227,0.45085598,0.51693598,0.30211616,0.25182924,0.45681252,0.51300511,0.36848759,0.41325178,0.51799604,0.40232092,0.67574331,0.47084771,0.47699565,0.51522983,0.38542823,0.33825245,0.38597285,0.36005372,0.41890871,0.44088705,0.56023941,0.29120116,0.25126363,0.40723922,0.43703943,0.41473413,0.38661417,0.43743775,0.45742349,0.59171931,0.37845595,0.32700664,0.43786906,0.42891207,0.41333912,0.42150258,0.30693026,0.40610142,0.23592734,0.35230540,0.50226908,0.43824563,0.49462099,0.34969372,0.48383016,0.46835908,0.41517427,0.35935145,0.41407932,0.45054497,0.60496439,0.41193348,0.30508961,0.37955886,0.23524020,0.56998338,0.67574331,0.52523778,0.48428750,0.55958990,0.39997507,0.29609092,0.27530598,0.43373957,0.46491807,0.37573566,0.42619588,0.40835771,0.36904373,0.49231585,0.42275235,0.27452050,0.36446119,0.43551513
15920,0.53424132,0.48011414,0.56569165,0.53466558,0.61823261,0.43528730,0.40822359,0.43971337,0.35054413,0.58308631,0.58520214,0.47396395,0.50919466,0.46571120,0.47872500,0.45853704,0.71685111,0.59503730,0.49417864,0.44750721,0.45510879,0.48188300,0.45180507,0.63606707,0.45658520,0.00000000,0.45766831,0.53047807,0.59601976,0.57702386,0.51873730,0.51649480,0.49329495,0.60481090,0.57982050,0.57670062,0.64947567,0.55332244,0.60310791,0.56439126,0.47505553,0.63082252,0.51821759,0.35419797,0.46036810,0.50219876,0.66403202,0.46924076,0.52852712,0.53109630,0.49679589,0.49199030,0.61995255,0.43144184,0.45111237,0.50734428,0.61579316,0.35524629,0.47990875,0.45833824,0.54994825,0.59933997,0.52797439,0.60831784,0.60388454,0.60526267,0.61539367,0.33097586,0.52180555,0.68344864,0.58392520,0.49442607,0.55617960,0.61309205,0.54355356,0.57057017,0.64003907,0.46425136,0.60533448,0.58351523,0.55181788,0.59441422,0.44438023,0.47752150,0.63597078,0.57830850,0.60732311,0.56067384,0.52925828,0.56887362,0.60153427,0.60330177,0.52424740,0.54679015,0.57016000,0.50297600,0.58433178,0.50640695,0.54723914,0.56553844,0.49246408,0.53651145,0.46060510,0.62491210,0.60519457,0.48568902,0.56418668,0.44884637,0.54100383,0.57018139,0.57500395,0.50831952,0.55342345,0.62053770,0.47993445,0.72112923,0.59839300,0.56213521,0.54758148,0.62139986,0.47449941,0.48631951,0.52229021,0.48352001,0.35268309,0.36166882,0.51435603,0.48675052,0.59778928,0.50376330,0.54819243,0.54231660,0.50163888,0.54510249,0.57622632,0.55595724,0.62331213,0.59020784,0.57392134,0.54976800,0.59069084,0.52616210,0.45222606,0.63138418,0.58382747,0.62053770,0.46243861,0.58495079,0.56551448,0.46408260,0.61716487,0.54090085,0.51121833,0.54995053,0.55672921,0.55507643,0.55320171,0.55450588,0.59632322,0.46274040,0.57170588,0.52800292,0.54669962,0.56671891,0.65430138,0.61838546,0.50284709,0.57547796,0.60558542,0.58182399,0.52839116,0.48864908,0.55740175,0.54762866,0.55581668,0.56045848,0.56503713,0.57834571,0.64971407,0.47801657,0.60785023,0.52864700,0.53317223,0.47119492,0.57082854,0.60390688,0.57200448,0.49125232,0.53912883,0.57153591,0.64250884,0.65476505,0.61110448,0.63996195,0.62793616,0.55558157,0.52644968,0.48028392,0.56715967,0.48229327,0.47649808,0.53434402,0.56079802,0.58981720,0.49357957,0.49331814,0.49201963,0.49565544,0.56069962,0.68406675,0.55810671,0.57568364,0.59076923,0.54520868,0.59847998,0.49221317,0.44992959,0.47920515,0.64508760,0.57771649,0.59227650,0.40822359,0.47679801,0.56137965,0.57873490,0.46250118,0.61545131,0.61975143,0.53102155,0.63937302,0.54571093,0.57575818,0.53290919,0.58931108,0.53552905,0.50791318,0.54253807,0.60273481,0.55230405,0.66006697,0.46161726,0.48721490,0.61001187,0.51499435,0.47774582,0.48901927,0.58182399,0.56960008,0.68995606,0.48070010,0.49574578,0.53062077,0.52021575,0.49459380,0.54350120,0.44675104,0.60857252,0.40861772,0.51364549,0.56453971,0.50520554,0.64849816,0.54710075,0.61048830,0.55828676,0.48175948,0.50316242,0.49256128,0.54750811,0.65406775,0.52020524,0.57250572,0.55833594,0.44278627,0.63088416,0.63937302,0.58683554,0.63215137,0.54945424,0.48620200,0.44923596,0.50704614,0.45343889,0.56431324,0.55236406,0.63357060,0.56463217,0.49559001,0.59051896,0.61711863,0.54896100,0.50025470,0.49078614
16692,0.33819426,0.21702072,0.35328654,0.35191206,0.46279504,0.30081468,0.39034667,0.45080296,0.42020744,0.44966837,0.43238776,0.40680419,0.43026105,0.48554175,0.29300182,0.19388641,0.64431847,0.52890586,0.35129103,0.27892026,0.31659407,0.37706653,0.32993147,0.61258086,0.19656200,0.45766831,0.00000000,0.34731200,0.38483221,0.49865128,0.50789241,0.45262409,0.55075326,0.37841824,0.48589053,0.44150776,0.46125927,0.45892985,0.43750069,0.53784833,0.45099096,0.62772183,0.34481473,0.41959657,0.21563894,0.49445505,0.61894399,0.40776008,0.34585126,0.38076032,0.34300859,0.46209675,0.58351513,0.32625091,0.28140895,0.48355024,0.58726692,0.43924042,0.41502517,0.34485959,0.40595830,0.61545433,0.55022902,0.53107982,0.59800817,0.60504465,0.62386164,0.34773232,0.52091326,0.61125709,0.47231478,0.31526720,0.40983333,0.48140579,0.49362833,0.56520215,0.50385274,0.47252219,0.45970496,0.54493027,0.41081388,0.54173980,0.41478785,0.46635170,0.40722699,0.53429443,0.42143479,0.40284211,0.54578395,0.52993250,0.49775975,0.56179449,0.35763309,0.46992809,0.53824423,0.43276447,0.47608545,0.49617369,0.50910803,0.58812084,0.55820342,0.55461814,0.44544504,0.55668101,0.49564395,0.48475388,0.52871451,0.38447308,0.41226799,0.52620937,0.49469692,0.46917752,0.37605858,0.54014665,0.33569927,0.47347222,0.58640253,0.50873283,0.50634048,0.56325257,0.40274843,0.52982844,0.40897998,0.43587984,0.44617503,0.44133245,0.48762516,0.46471424,0.56353445,0.49173045,0.38352181,0.35845450,0.30925959,0.54040717,0.49758739,0.55894738,0.50847726,0.45121251,0.53095601,0.50710671,0.57999477,0.58456419,0.32206912,0.48693931,0.49470381,0.54014665,0.46514121,0.56815593,0.59925338,0.33362213,0.60383496,0.48884643,0.50660940,0.49060552,0.62190239,0.39717441,0.55223457,0.53205420,0.56042506,0.41432856,0.61048324,0.41475386,0.44317208,0.48516943,0.50121568,0.52658999,0.44321605,0.46129257,0.47415795,0.51474217,0.36109395,0.51901204,0.56309505,0.46826511,0.51289228,0.53800346,0.52666698,0.48903374,0.52178539,0.39362917,0.57163648,0.38370048,0.47974154,0.37509661,0.40745100,0.53838130,0.50018118,0.27882986,0.43324931,0.53025802,0.57242125,0.58291976,0.55053246,0.59800093,0.64591650,0.56390635,0.42960096,0.49616011,0.51016426,0.45830823,0.33054543,0.50489593,0.55917581,0.52596470,0.44018123,0.48612212,0.44397622,0.44502849,0.62455749,0.59002758,0.59509972,0.53617110,0.55876397,0.50282680,0.38596994,0.50735482,0.48581547,0.39539442,0.60217309,0.52664561,0.59503201,0.39034667,0.32427915,0.54462618,0.55372780,0.42185108,0.52396378,0.60571543,0.46895075,0.65745356,0.58280878,0.56316163,0.51846251,0.42242441,0.43585573,0.43926037,0.43112346,0.53584428,0.46056995,0.60908717,0.36646670,0.36374472,0.48848982,0.52236902,0.49443462,0.43995155,0.51474217,0.54232966,0.67207045,0.42725344,0.38545398,0.52131651,0.54429384,0.44686550,0.43313152,0.40405247,0.46976721,0.34163812,0.31830219,0.61003164,0.52726025,0.61278435,0.41736397,0.61230226,0.57182530,0.47998443,0.49906602,0.48135608,0.46779773,0.69715196,0.51850658,0.37619311,0.42834857,0.23757044,0.67452400,0.65745356,0.61682291,0.58611861,0.64424311,0.51325206,0.39795238,0.34044893,0.53356518,0.50905570,0.40277655,0.47185433,0.40828174,0.36827673,0.55880891,0.55084763,0.36674600,0.49826719,0.54607681
16870,0.32940013,0.33125468,0.30613112,0.45027054,0.39524367,0.32071674,0.46784038,0.49641599,0.47814442,0.49851126,0.50689417,0.38182878,0.34879767,0.51421288,0.35987981,0.30828999,0.65000624,0.51094444,0.39186702,0.36502718,0.37674892,0.47427279,0.33724135,0.64771583,0.30920382,0.53047807,0.34731200,0.00000000,0.39413903,0.55238529,0.55275928,0.41777269,0.48370086,0.41332299,0.47325837,0.45765297,0.58302678,0.47779495,0.53259507,0.48764369,0.47848058,0.62656361,0.38826123,0.47350324,0.30647539,0.45006983,0.56252626,0.42102392,0.44552034,0.46164094,0.38374291,0.48678562,0.62842969,0.27067157,0.37009383,0.52196591,0.58643356,0.50941469,0.45806803,0.38608746,0.42307470,0.56782139,0.52863050,0.53051564,0.55229174,0.58264608,0.58087649,0.41884241,0.47200693,0.63949335,0.48823057,0.43502289,0.34846315,0.42952310,0.47485100,0.51734831,0.50522193,0.48042543,0.59165113,0.55971453,0.45517449,0.53332426,0.41946136,0.50173372,0.24471627,0.51254707,0.41959567,0.45054209,0.51295076,0.52632353,0.48568938,0.52456901,0.32695519,0.51194665,0.58975997,0.48415984,0.41150301,0.49649085,0.51531356,0.47735610,0.64994126,0.53129031,0.41139452,0.54855483,0.46895453,0.55343415,0.62298938,0.41719932,0.44402816,0.55611746,0.47355296,0.48430487,0.37515345,0.60914472,0.34378519,0.44788920,0.65990939,0.48889526,0.57882363,0.57043876,0.46983157,0.43010880,0.42182544,0.52621916,0.51816126,0.50240747,0.53963500,0.47037657,0.59909300,0.58005687,0.41018593,0.31864041,0.47497909,0.49782705,0.46796527,0.48622329,0.55888490,0.54017654,0.55847389,0.46616900,0.51823154,0.56318996,0.37387009,0.50217534,0.44847882,0.60914472,0.45585869,0.58173047,0.51673197,0.37313935,0.57324560,0.47171374,0.46691394,0.44990067,0.52146686,0.42391880,0.47704947,0.54903122,0.58913157,0.40331761,0.62496386,0.47399199,0.43532326,0.49200995,0.57223277,0.50759963,0.52393355,0.41694114,0.46742946,0.46016021,0.45453914,0.48363573,0.47753852,0.45473502,0.49377797,0.54322073,0.62535897,0.49147652,0.60904270,0.42901212,0.49761560,0.42731126,0.47890272,0.38174520,0.43561393,0.58298002,0.48382526,0.28200381,0.37105220,0.61142106,0.67094139,0.55539630,0.57289864,0.60428631,0.71969537,0.61116149,0.50806549,0.58911987,0.53512619,0.44475536,0.33824631,0.50879566,0.49823696,0.50622372,0.45567299,0.62231892,0.48738856,0.45093389,0.60568814,0.67206661,0.59999725,0.53967290,0.42496835,0.45848845,0.24915792,0.54376091,0.53276369,0.38226894,0.63528566,0.54019914,0.64160315,0.46784038,0.33397206,0.52646509,0.51924040,0.46466524,0.52090697,0.57506940,0.50146424,0.79082570,0.54265939,0.53877118,0.63962989,0.46067773,0.42339695,0.53671793,0.45483572,0.50264414,0.46858219,0.58161261,0.26435170,0.38060430,0.49991536,0.48606003,0.45727428,0.49508052,0.46016021,0.53459636,0.69647696,0.47539291,0.36428674,0.46107528,0.48970918,0.44876323,0.51545900,0.38255876,0.53437761,0.39207054,0.49575547,0.55124613,0.52787982,0.55475578,0.46142528,0.58627767,0.54491448,0.50553918,0.44613811,0.43070274,0.40469179,0.67503624,0.52885447,0.38012852,0.40690174,0.35543391,0.74444777,0.79082570,0.65885276,0.49712057,0.66225481,0.51413672,0.39219489,0.40695789,0.46267485,0.51516151,0.33964639,0.60527971,0.48672634,0.54672414,0.44021178,0.47878490,0.33547039,0.44545451,0.53272082
17628,0.40293375,0.40577841,0.41895681,0.36624814,0.52795485,0.42585059,0.47678167,0.53731465,0.52114739,0.43307911,0.36016573,0.40164530,0.37343054,0.52608035,0.41614757,0.35859420,0.59434976,0.59434240,0.41289599,0.42123584,0.43957709,0.55575937,0.45174176,0.67772055,0.36360750,0.59601976,0.38483221,0.39413903,0.00000000,0.63517627,0.55184363,0.48060031,0.52899089,0.41580387,0.48008922,0.39638990,0.50463323,0.50437015,0.34389797,0.47146429,0.35692424,0.59244190,0.43466819,0.47812560,0.38021240,0.44513759,0.51513836,0.52033240,0.45956958,0.47041332,0.45866444,0.53728169,0.38974472,0.38220589,0.42297612,0.46075035,0.51046682,0.49975983,0.50609985,0.47946978,0.53959795,0.57852160,0.44334230,0.50216085,0.55011165,0.58363520,0.60521940,0.43862310,0.50258669,0.51676220,0.40488976,0.41642856,0.43395228,0.54654222,0.44422061,0.58100994,0.38418068,0.56285684,0.46579580,0.57112908,0.37430181,0.46921078,0.48140578,0.52477298,0.40918603,0.43022988,0.44435770,0.36266717,0.50899626,0.54062158,0.52709051,0.46480519,0.41051357,0.47895707,0.46328549,0.30501070,0.51994760,0.53343078,0.57794214,0.53291068,0.62830343,0.45206759,0.46248326,0.58910104,0.37967563,0.53687867,0.53027727,0.51143457,0.46120874,0.42681605,0.44375577,0.54982017,0.37694195,0.64772642,0.32611462,0.47181459,0.65901016,0.49789982,0.48130175,0.41801692,0.45226138,0.48030059,0.49954124,0.33373753,0.49291242,0.50212076,0.47955676,0.40342966,0.57554764,0.40511073,0.43218483,0.43155161,0.50125531,0.52199131,0.53105343,0.52266817,0.40931883,0.48691849,0.37572106,0.54362746,0.56044543,0.67113437,0.44374325,0.45667529,0.45276994,0.64772642,0.44555161,0.58488867,0.52404167,0.42993901,0.52797768,0.43044595,0.56243539,0.53174129,0.56732284,0.44613900,0.51619953,0.51911519,0.49671877,0.40848280,0.64352959,0.39059207,0.50253232,0.56480608,0.60872465,0.61154169,0.53680614,0.52972757,0.56346396,0.56385254,0.41520137,0.57670036,0.51816408,0.47862522,0.54679615,0.47802922,0.52772754,0.50886400,0.52076044,0.46034390,0.57066374,0.43037019,0.48320988,0.44748356,0.47364626,0.50550171,0.53816560,0.43181438,0.42587330,0.54549153,0.61746706,0.60438550,0.35697448,0.65160605,0.62372426,0.60365599,0.52256831,0.52304780,0.50585542,0.40998175,0.36887334,0.44268762,0.48957298,0.58378272,0.36424609,0.54714635,0.55756143,0.57819789,0.62243515,0.65606430,0.54709889,0.43893212,0.50126613,0.44936063,0.41120376,0.51888883,0.59163275,0.42267793,0.60184850,0.56212396,0.65181441,0.47678167,0.46004130,0.47235828,0.58009188,0.50997621,0.41508978,0.52822280,0.36114470,0.58807843,0.52792125,0.59041897,0.59739167,0.47852200,0.49801124,0.41011589,0.36632207,0.45371138,0.39144665,0.56048141,0.44211018,0.43092218,0.53801454,0.53226836,0.54008224,0.49862090,0.56385254,0.45377111,0.63045022,0.49858110,0.40089947,0.54395511,0.41618728,0.57802956,0.53544851,0.46505237,0.51930758,0.42393237,0.46925629,0.62666294,0.60183839,0.58816655,0.49086025,0.55430014,0.56841481,0.55311005,0.50327775,0.40936387,0.43896992,0.61869340,0.57260863,0.45398300,0.49249313,0.41823733,0.64788333,0.58807843,0.57243512,0.51521391,0.62820078,0.47780602,0.40102151,0.40655177,0.51798273,0.51110042,0.36596284,0.48558366,0.22585592,0.43560983,0.55730124,0.53028212,0.40298829,0.50965709,0.55978617
17634,0.57765846,0.53222087,0.61702331,0.51070556,0.57475078,0.50140859,0.49721960,0.55911412,0.55736074,0.62903756,0.64664219,0.54891898,0.56682148,0.65575743,0.48817535,0.50030018,0.79198906,0.69023133,0.54864284,0.50892412,0.48642850,0.50860627,0.51695787,0.70636969,0.50154814,0.57702386,0.49865128,0.55238529,0.63517627,0.00000000,0.62125374,0.53050308,0.52975858,0.63727362,0.57954932,0.53730042,0.65276273,0.60241803,0.66163135,0.66608191,0.58515483,0.74006446,0.55493289,0.57640289,0.54678400,0.62007545,0.70620836,0.60749263,0.58752497,0.60953997,0.58987843,0.63591718,0.72836944,0.51287093,0.51033629,0.59355105,0.67939558,0.60807557,0.52312878,0.54077060,0.58295827,0.62314343,0.61897913,0.58869055,0.69279644,0.65443556,0.53697444,0.50609786,0.64812981,0.71423056,0.62826271,0.56672706,0.58651148,0.64181635,0.64867919,0.63672066,0.63834505,0.50867114,0.61769207,0.34843943,0.60317625,0.68233658,0.58347116,0.45786937,0.55161905,0.57034541,0.58791598,0.60958212,0.58957312,0.61807666,0.60934611,0.71228865,0.56803888,0.60005085,0.66966321,0.62234226,0.63391735,0.59556219,0.25436861,0.65060304,0.64984264,0.62744579,0.55173443,0.54595008,0.64931286,0.53988233,0.60979389,0.54196178,0.51503229,0.66649021,0.60734348,0.62168217,0.55751312,0.51738218,0.57785742,0.71416440,0.58223618,0.62842266,0.58472239,0.70059379,0.58402340,0.53135232,0.50201052,0.61599801,0.57820442,0.57960969,0.69946051,0.47613895,0.73315977,0.63652410,0.55495004,0.57024266,0.52067740,0.60404252,0.56770064,0.60490795,0.64964331,0.65264916,0.68940063,0.57793421,0.57939204,0.67040182,0.55276678,0.63899992,0.61809587,0.51738218,0.62973609,0.68894739,0.59255490,0.55404835,0.65908643,0.65535614,0.63368680,0.52890880,0.72212638,0.55530335,0.60191268,0.62091632,0.69546778,0.60100032,0.62601823,0.62217594,0.52798048,0.46211452,0.54709300,0.52311803,0.22554439,0.58210931,0.58636214,0.60290315,0.53680797,0.59108270,0.60264971,0.56723072,0.38268311,0.68202177,0.60793198,0.54033857,0.68529976,0.56628267,0.49421378,0.56531904,0.54948917,0.58055639,0.64506939,0.65093347,0.47385189,0.52070539,0.54182518,0.59253265,0.67630876,0.67474417,0.72990418,0.69204329,0.74638939,0.64565396,0.22406366,0.57712033,0.60630888,0.58779103,0.54903302,0.58491971,0.62224817,0.68191848,0.63147943,0.63144784,0.52377014,0.50331980,0.70850554,0.72922264,0.64278716,0.58401358,0.64773392,0.62072077,0.54596450,0.58444604,0.52249264,0.55362066,0.75698056,0.63447705,0.65972175,0.49721960,0.53428441,0.64173823,0.61647719,0.57731545,0.65518559,0.66194533,0.61777447,0.80246179,0.53028472,0.55321383,0.62934565,0.63882259,0.52640343,0.63657335,0.64216798,0.66209518,0.65137289,0.62821519,0.50968694,0.55629128,0.53143695,0.54293304,0.55759683,0.57919244,0.60290315,0.72894843,0.79058537,0.57931209,0.58382787,0.57397011,0.69202289,0.50385784,0.55778998,0.51497064,0.61295356,0.53121833,0.54792699,0.58281409,0.64097299,0.62900344,0.51958715,0.55199651,0.64814752,0.52012769,0.56695906,0.60422399,0.59047849,0.68435581,0.51909950,0.55240264,0.64761021,0.45317521,0.75521024,0.80246179,0.73368946,0.59361024,0.68332661,0.59344039,0.55577332,0.56201440,0.58664764,0.57039423,0.55470427,0.64490645,0.61116976,0.59237960,0.59587105,0.56828006,0.58840969,0.56305667,0.63185609
20741,0.55147750,0.55904281,0.57125103,0.47473352,0.55076609,0.47905978,0.43979027,0.41884855,0.46670786,0.45901020,0.49081488,0.42568146,0.49502588,0.48455201,0.44477157,0.44756116,0.61968648,0.54667465,0.46845258,0.51670811,0.45023269,0.54403735,0.49062439,0.59704899,0.45519920,0.51873730,0.50789241,0.55275928,0.55184363,0.62125374,0.00000000,0.53220343,0.55358617,0.56408151,0.54984708,0.50313304,0.62930762,0.49384127,0.48516570,0.59339996,0.44403330,0.54443194,0.46676883,0.48707160,0.50749869,0.46379317,0.62180523,0.51619880,0.56521281,0.54760179,0.51293055,0.45373488,0.47029522,0.53384690,0.51556330,0.47695027,0.56164992,0.34481298,0.48242739,0.52503587,0.53752272,0.57127157,0.49714339,0.54715190,0.55185113,0.60793032,0.59880402,0.35138377,0.54846672,0.50600340,0.53770974,0.51044200,0.58790501,0.59607760,0.58466099,0.59097339,0.54483562,0.49264154,0.59386355,0.60810892,0.57426487,0.55550351,0.44869778,0.57726491,0.57753917,0.41629674,0.63352530,0.51308361,0.57923123,0.59104443,0.64601414,0.57138926,0.51265194,0.45743829,0.57152956,0.46944916,0.58580357,0.47298300,0.54913895,0.59571347,0.35717128,0.50532471,0.43552566,0.58788177,0.52150412,0.48184727,0.55458815,0.37820144,0.55342697,0.52373400,0.51120341,0.53276878,0.54063506,0.65908763,0.55635478,0.68494042,0.51147533,0.58019327,0.49396501,0.56893033,0.46679163,0.44053430,0.53318925,0.59544493,0.32638049,0.36089060,0.54230497,0.42040221,0.56103767,0.52309194,0.54142198,0.54427698,0.57310783,0.43057466,0.59379064,0.52578238,0.49726460,0.65021014,0.48422249,0.51701289,0.59499271,0.51675928,0.54037875,0.55088605,0.54552681,0.65908763,0.35613710,0.52891423,0.46814694,0.46018431,0.60005817,0.60070583,0.50247669,0.56058414,0.61591590,0.55003567,0.52214537,0.49162789,0.59888240,0.50887576,0.57762778,0.46574049,0.50430296,0.57131934,0.67227437,0.62797382,0.52653878,0.51855143,0.60976130,0.59150010,0.46891508,0.48700773,0.53141101,0.52165537,0.51703886,0.53918995,0.54943820,0.59006730,0.54999373,0.42367604,0.58761961,0.51289141,0.53065846,0.56272350,0.63119934,0.50320067,0.62978879,0.55571706,0.49882890,0.54616105,0.57413366,0.57057267,0.50243141,0.62578298,0.54409611,0.48669213,0.54281994,0.49558266,0.54684743,0.49009600,0.47882098,0.40615636,0.49117869,0.53319666,0.52269560,0.53715961,0.52084662,0.46921425,0.62644029,0.64322534,0.54330707,0.41581611,0.52985423,0.46230910,0.57880242,0.44393463,0.52784433,0.45981570,0.60130478,0.54897815,0.51409846,0.43979027,0.48603148,0.41274292,0.56086964,0.46875257,0.50251206,0.60278854,0.53287966,0.61589472,0.59390893,0.56444229,0.60931570,0.58762678,0.50178054,0.50373696,0.54533261,0.60942177,0.54018687,0.65101943,0.46514385,0.53405117,0.60190674,0.54912702,0.48090311,0.55220669,0.59150010,0.44050757,0.59686638,0.55089350,0.50596275,0.53767265,0.59122563,0.47253855,0.53113863,0.52062437,0.62695618,0.41441626,0.62442026,0.60831176,0.52694926,0.65203842,0.56199603,0.60596124,0.56076153,0.48607165,0.50444635,0.49000144,0.51631056,0.63982578,0.50005567,0.51481251,0.61226717,0.49553351,0.57426596,0.61589472,0.52339791,0.58166469,0.49160040,0.46787190,0.44678892,0.45741923,0.47972469,0.54180712,0.53756169,0.61885122,0.51603591,0.60371952,0.57888439,0.65869134,0.60822273,0.50383740,0.56347884
27311-A,0.36806296,0.41763511,0.46023810,0.43923331,0.50013777,0.36572033,0.39976333,0.44970793,0.43796768,0.55257312,0.52415488,0.39981672,0.42082919,0.46470962,0.32717893,0.32776417,0.69572343,0.57382821,0.48765552,0.41773305,0.32184169,0.52978486,0.40499983,0.58582402,0.32668043,0.51649480,0.45262409,0.41777269,0.48060031,0.53050308,0.53220343,0.00000000,0.14911241,0.48124402,0.43308079,0.36161211,0.65203565,0.45664820,0.56913766,0.53534197,0.47091844,0.63226969,0.36563495,0.49306086,0.34701797,0.42209134,0.54093067,0.46188037,0.50976462,0.50360176,0.40353619,0.42114677,0.59557692,0.31136567,0.41789766,0.53454619,0.64386546,0.46747036,0.45476928,0.42395590,0.39308210,0.54264416,0.45215720,0.43013350,0.61008829,0.41991934,0.46384996,0.39131976,0.51498534,0.61818744,0.45112294,0.44124096,0.41535670,0.48859261,0.56813376,0.61429730,0.58786046,0.43016410,0.58275575,0.54355345,0.48034066,0.61279760,0.40583414,0.45593813,0.49057439,0.50053975,0.50240277,0.46569302,0.56726607,0.42146147,0.43223174,0.51801334,0.34328094,0.43526565,0.63788044,0.52881724,0.40762893,0.43461138,0.48255659,0.50975978,0.58715786,0.45541406,0.39007283,0.46120436,0.53016762,0.43350433,0.52581924,0.37160112,0.44379242,0.56244864,0.45924823,0.49291005,0.43146566,0.61852890,0.40576017,0.54331284,0.54405357,0.48097037,0.49160010,0.50124101,0.39530935,0.38018767,0.41172936,0.55116207,0.44017887,0.42529854,0.58421140,0.41611555,0.54255293,0.54137005,0.40574723,0.42242942,0.46624250,0.37753454,0.39756815,0.41705286,0.56357724,0.51179565,0.56979874,0.35992691,0.37013034,0.54651599,0.40617478,0.54505202,0.42848283,0.61852890,0.44326396,0.56541345,0.41357317,0.37051537,0.50476437,0.57761505,0.49752093,0.37963117,0.46668078,0.41263215,0.41600629,0.47065001,0.49237154,0.39632133,0.59861550,0.46563446,0.39502958,0.42851753,0.61183013,0.46267187,0.46751470,0.38473530,0.47189045,0.39758607,0.43780417,0.45106738,0.41382808,0.38267633,0.43568887,0.47798245,0.52481116,0.49360686,0.61652776,0.37064408,0.52218577,0.41090597,0.45010304,0.39048735,0.41398835,0.57775367,0.50803683,0.40777852,0.35429828,0.44563657,0.63249778,0.51169735,0.63673279,0.58533680,0.63224397,0.55236361,0.49761736,0.45461171,0.50729808,0.45238859,0.36538783,0.48225410,0.43556449,0.56976434,0.43703705,0.53431991,0.48165308,0.44791906,0.54817729,0.63082278,0.48272252,0.54234588,0.46720951,0.48619082,0.47928604,0.49371705,0.50332496,0.40587914,0.52361268,0.44816618,0.55296326,0.39976333,0.31652970,0.47348985,0.46219755,0.46566246,0.51571257,0.50515866,0.54058932,0.70214524,0.44705302,0.39668927,0.58007191,0.49293382,0.39105527,0.50814826,0.47195718,0.55330070,0.51064247,0.53132822,0.36105899,0.37305055,0.48949150,0.40808112,0.32185089,0.49145499,0.39758607,0.52390295,0.65426887,0.49536142,0.39153473,0.34538048,0.41297910,0.44986008,0.42512029,0.30585493,0.52801183,0.30651318,0.53838575,0.47285185,0.49505961,0.48074051,0.37726104,0.40656244,0.31531470,0.35735899,0.38151988,0.47344704,0.43064274,0.49426538,0.45102555,0.39127004,0.44460699,0.37885569,0.63866817,0.70214524,0.56704689,0.38017737,0.49637582,0.45643553,0.35329632,0.42885802,0.36002977,0.44265248,0.45960308,0.58580436,0.50450468,0.51443214,0.40087879,0.37352196,0.32807546,0.38961569,0.40111961
27311,0.42442830,0.47873416,0.50908692,0.50422580,0.54253851,0.45642948,0.45493876,0.45010299,0.44891306,0.57766433,0.60034774,0.40769280,0.42224321,0.43621630,0.41891401,0.41090574,0.65171986,0.54241584,0.53614000,0.45095764,0.36114111,0.56869592,0.47653277,0.61623571,0.40982200,0.49329495,0.55075326,0.48370086,0.52899089,0.52975858,0.55358617,0.14911241,0.00000000,0.51823891,0.48502443,0.41303936,0.68304902,0.50342849,0.63039776,0.47500460,0.49445241,0.59814589,0.45634409,0.48281952,0.44103806,0.42474730,0.50100866,0.47235823,0.59154481,0.58064222,0.46687135,0.44022981,0.60526079,0.38752511,0.45112225,0.53867764,0.61625161,0.47794721,0.48125817,0.49548884,0.45330537,0.43216984,0.37720569,0.41227419,0.52487505,0.39549953,0.40998898,0.39963959,0.52016160,0.59116278,0.50353542,0.50488285,0.50083811,0.56724407,0.49848191,0.53624101,0.63228075,0.44598316,0.61096727,0.52621323,0.54318761,0.51443567,0.39227532,0.45275179,0.49000428,0.46840528,0.51222348,0.52474123,0.52396240,0.44029915,0.48064646,0.53005756,0.41550633,0.47281213,0.64025930,0.52362365,0.46656582,0.40202278,0.46521637,0.45081774,0.58362368,0.38046255,0.38756524,0.44629104,0.55144892,0.43571456,0.52802947,0.45118583,0.49459318,0.53465146,0.49922262,0.49957755,0.52728875,0.63110708,0.44204482,0.56092855,0.56594289,0.50994239,0.46338999,0.50441412,0.40523560,0.35848370,0.44825599,0.54857126,0.45065572,0.45029330,0.58098627,0.40546681,0.51353838,0.52926791,0.44946228,0.53703925,0.53770678,0.34314078,0.40946297,0.39904410,0.60546726,0.56993491,0.56213654,0.38469259,0.41557288,0.53588131,0.46081005,0.56660910,0.47953841,0.63110708,0.48168003,0.59811354,0.37282770,0.44694368,0.50725598,0.50796319,0.45828864,0.36813156,0.48352335,0.45634720,0.39799753,0.48075914,0.52714067,0.44505491,0.51523139,0.51765705,0.41804671,0.45142665,0.63822396,0.49255312,0.46105031,0.44461659,0.51761554,0.45352809,0.48159754,0.42383161,0.39581932,0.40442692,0.44350252,0.49021341,0.52702139,0.49772917,0.64415951,0.42691328,0.50360920,0.45913855,0.46908189,0.42480244,0.51301336,0.54386081,0.50437785,0.52631724,0.40066168,0.47798504,0.64706811,0.56516005,0.62907060,0.58996559,0.63234870,0.53450976,0.50009604,0.46153810,0.53081237,0.38713630,0.43568743,0.50119115,0.38208235,0.54212755,0.41905216,0.49326861,0.50814197,0.48052299,0.46623852,0.64183657,0.44067427,0.53183300,0.39388918,0.47820034,0.46813200,0.50382618,0.47224208,0.43210775,0.52569222,0.48336536,0.54471822,0.45493876,0.42053740,0.45896017,0.47248530,0.46910627,0.53699387,0.50765028,0.55591974,0.62337107,0.41435608,0.39708432,0.58696918,0.56540708,0.41407239,0.52109948,0.48602233,0.52922001,0.49086066,0.55301075,0.40253432,0.40394984,0.53510676,0.38708704,0.32153022,0.46501853,0.45352809,0.56231902,0.68696897,0.46892496,0.44422936,0.36696876,0.36902753,0.48246401,0.43573418,0.33626520,0.62485696,0.34564969,0.59803984,0.43093258,0.47939773,0.50348925,0.46196620,0.37376917,0.29089488,0.35005118,0.34799544,0.42848127,0.47061713,0.46281770,0.50704401,0.46848162,0.53155072,0.44324882,0.63877290,0.62337107,0.54977790,0.42561991,0.48877670,0.42997769,0.39527135,0.48030690,0.37392060,0.48869971,0.47053816,0.61401587,0.55631431,0.56025700,0.42694545,0.39419905,0.47259862,0.35609126,0.41236320
28004,0.33148607,0.37434465,0.40684337,0.37932732,0.54405098,0.41744559,0.40221075,0.51225542,0.41110820,0.39235192,0.41239432,0.42251667,0.37855686,0.49700272,0.30663870,0.28943044,0.56032618,0.56842962,0.38582508,0.34785129,0.44038511,0.55769287,0.46667945,0.67936527,0.28431850,0.60481090,0.37841824,0.41332299,0.41580387,0.63727362,0.56408151,0.48124402,0.51823891,0.00000000,0.43488786,0.43510795,0.47576218,0.35093017,0.36824110,0.36726435,0.37706292,0.53910501,0.44629573,0.52194590,0.35016792,0.41067370,0.52472614,0.53766398,0.33510450,0.33913980,0.32128246,0.51497283,0.46153661,0.37404391,0.34744049,0.57288522,0.54610400,0.55281665,0.55100868,0.43713889,0.50921522,0.60567135,0.54210968,0.58469253,0.55804092,0.59212429,0.62863142,0.39943608,0.57009290,0.51047279,0.47296827,0.34740154,0.49889137,0.49301111,0.48293714,0.60467790,0.54571362,0.54306857,0.39673233,0.52830225,0.31542000,0.60860340,0.50032002,0.46093658,0.35831869,0.51931865,0.48613899,0.44568671,0.58844793,0.59919312,0.39254940,0.49662881,0.36269827,0.49691278,0.58032405,0.46847742,0.45668087,0.52643571,0.52182005,0.57450354,0.67953557,0.55478228,0.45662881,0.54613007,0.43416126,0.58048681,0.57560755,0.43780975,0.50538772,0.55524157,0.52632599,0.55905066,0.41206692,0.62700199,0.36997305,0.41493840,0.67293965,0.51979219,0.51270084,0.44362506,0.44652159,0.48912987,0.47828978,0.54354150,0.54855752,0.49353110,0.52107056,0.48195836,0.47905514,0.53013816,0.43821117,0.45397225,0.51399728,0.55019110,0.54589639,0.54705299,0.43954483,0.51100735,0.56119635,0.52560287,0.58745645,0.60765030,0.39336749,0.33241134,0.44675121,0.62700199,0.40542651,0.56449356,0.58317261,0.38671964,0.57829226,0.49312966,0.59909606,0.48807971,0.64273817,0.45169412,0.54285032,0.59720923,0.61314711,0.41343122,0.66167943,0.40129534,0.46815655,0.53779777,0.58010837,0.54795811,0.58186997,0.53294798,0.53599880,0.53965814,0.39946036,0.56577380,0.57144361,0.51267920,0.51832380,0.55645486,0.57679879,0.54395346,0.39684261,0.39156514,0.60253741,0.44502558,0.53482807,0.39733953,0.33467724,0.51311326,0.57125987,0.43546081,0.46498689,0.62880255,0.63542522,0.59428829,0.53547096,0.64981115,0.65368553,0.55530098,0.53679239,0.49737681,0.50852926,0.50241829,0.35552638,0.48163591,0.53113257,0.56802501,0.37953087,0.59304545,0.60251578,0.56355633,0.65758944,0.61030107,0.54888896,0.56837084,0.53691862,0.49808117,0.35684789,0.58653290,0.59634794,0.33418994,0.51904713,0.53304985,0.67452465,0.40221075,0.39711204,0.47801817,0.57665976,0.54416599,0.43267190,0.57914955,0.51716193,0.68698789,0.54833001,0.63368083,0.64950258,0.49843571,0.46356135,0.44119016,0.40893523,0.37944015,0.46031692,0.66240505,0.44936135,0.40079306,0.53181887,0.54149231,0.58235759,0.53264043,0.53965814,0.42921931,0.63320913,0.52607790,0.47552284,0.52937911,0.45461730,0.56167852,0.55452542,0.40794482,0.52195778,0.42818419,0.44881937,0.64191503,0.59483823,0.62218300,0.52118252,0.61101537,0.60382689,0.55772752,0.52539795,0.45529577,0.51636991,0.73255471,0.55988246,0.40396924,0.49565375,0.40602942,0.71436254,0.68698789,0.64130370,0.62663072,0.67673897,0.45339983,0.44063562,0.39667935,0.59538186,0.55770441,0.35011935,0.40198690,0.42948081,0.47241588,0.55444948,0.56033241,0.40552096,0.52923991,0.53912640
28011-A,0.41841278,0.42146628,0.50128416,0.37051812,0.49317353,0.40488295,0.44332113,0.48492157,0.47923912,0.47176954,0.48194866,0.42080436,0.42738050,0.56089047,0.33559038,0.35759450,0.68224897,0.58475342,0.38092616,0.43437467,0.39020812,0.53309780,0.40449777,0.60762953,0.35782966,0.57982050,0.48589053,0.47325837,0.48008922,0.57954932,0.54984708,0.43308079,0.48502443,0.43488786,0.00000000,0.24946317,0.50463006,0.36442758,0.50773723,0.43174014,0.45415451,0.58273910,0.44491526,0.48536954,0.40286430,0.42678275,0.57892364,0.56022489,0.42490739,0.40957067,0.42225883,0.50677118,0.52851870,0.43532029,0.43655775,0.42795690,0.53060531,0.56444028,0.54938147,0.40012459,0.52360804,0.60603951,0.53122523,0.54415555,0.59773249,0.59612360,0.55265887,0.42367935,0.52074845,0.60855190,0.45509530,0.46452103,0.49905232,0.40468655,0.50371913,0.58069408,0.46704435,0.41710853,0.50904183,0.42798714,0.46861984,0.60292953,0.50284327,0.45403805,0.49601280,0.45715151,0.53388138,0.44839894,0.59628664,0.52979638,0.46713665,0.52534076,0.39201726,0.46153949,0.56859718,0.49246836,0.38546897,0.43914412,0.42484972,0.55242922,0.62087587,0.54587228,0.38733060,0.56365199,0.46927846,0.54176685,0.58241861,0.40931450,0.46193429,0.52167299,0.50775989,0.59083731,0.43569052,0.59966268,0.37936204,0.55668048,0.56709805,0.39265965,0.49157407,0.56940734,0.46039884,0.47170257,0.44989951,0.59815963,0.55253090,0.52283254,0.58703359,0.46092984,0.57208977,0.54153356,0.46456418,0.44482047,0.48958167,0.49106349,0.49649368,0.46225956,0.48957075,0.50574032,0.51173261,0.50501384,0.55526501,0.56735466,0.44893031,0.40190823,0.43992032,0.59966268,0.39954383,0.52786878,0.50434740,0.41714108,0.50903116,0.50605342,0.55147121,0.40461264,0.53981575,0.47745355,0.45051820,0.53001705,0.53622763,0.38555324,0.58633985,0.39975957,0.41888657,0.51790176,0.59233377,0.54892835,0.47064879,0.48841789,0.52077074,0.54396459,0.45005110,0.49700323,0.46005577,0.49449456,0.45873683,0.52450907,0.58774335,0.50218159,0.47880997,0.40831962,0.54402053,0.44004450,0.49574397,0.41702627,0.44689838,0.50477814,0.46748851,0.46720695,0.43508835,0.52111557,0.59185830,0.53963694,0.53670647,0.61284334,0.60235834,0.50004434,0.47063594,0.51514720,0.50593843,0.50138987,0.40921114,0.44814945,0.51631192,0.58042696,0.47542715,0.62734200,0.57337153,0.54603774,0.61406062,0.68069088,0.54885378,0.49345265,0.54327869,0.45313636,0.47843982,0.50297774,0.54059025,0.33120889,0.60178236,0.49802284,0.60294162,0.44332113,0.42736849,0.49296209,0.62419838,0.58934859,0.46594091,0.51032803,0.51622732,0.66163809,0.51596064,0.53205279,0.62089688,0.53658279,0.41106263,0.44014770,0.44264675,0.50857420,0.45558030,0.50479230,0.41747742,0.39691688,0.48574606,0.49885164,0.48508765,0.50487317,0.54396459,0.50711385,0.62695340,0.49726474,0.36413594,0.47462640,0.41710443,0.54030478,0.57566310,0.43390615,0.41945038,0.41951266,0.50106741,0.51538149,0.49693346,0.54800751,0.44469789,0.54493846,0.55749117,0.54005620,0.49202641,0.49712154,0.48980543,0.59453496,0.42025138,0.40635070,0.45810010,0.40161510,0.59859195,0.66163809,0.55558273,0.54429629,0.55470930,0.41956379,0.33737836,0.48282907,0.45756530,0.53965259,0.50031423,0.51198244,0.50448560,0.50037148,0.52425172,0.49839459,0.41343978,0.49372965,0.50578851
28011,0.35232981,0.39246272,0.45636762,0.33534945,0.47780455,0.40228986,0.43425448,0.42159914,0.44895438,0.43887980,0.47038504,0.34030601,0.38125544,0.51964604,0.31883493,0.33258774,0.62071916,0.58350250,0.36180200,0.39217877,0.31906183,0.53343794,0.37718932,0.62177628,0.33282290,0.57670062,0.44150776,0.45765297,0.39638990,0.53730042,0.50313304,0.36161211,0.41303936,0.43510795,0.24946317,0.00000000,0.50678305,0.35854368,0.49448164,0.46117836,0.38798826,0.55255367,0.41322670,0.45818594,0.32404631,0.37818233,0.47495318,0.55797680,0.41993209,0.38049511,0.35157323,0.46376505,0.43794848,0.37742528,0.39436186,0.39524154,0.48661180,0.45747459,0.49936298,0.37344001,0.50964334,0.56273350,0.44584021,0.45586821,0.55587585,0.48142418,0.49830297,0.40474188,0.47163840,0.51940054,0.38886285,0.43523931,0.42994312,0.45306561,0.49657539,0.56857634,0.41001014,0.37453702,0.47722169,0.43839611,0.42540116,0.56821487,0.46157188,0.39667386,0.46977573,0.36785349,0.49760737,0.37852957,0.53986328,0.43271090,0.43227289,0.49972783,0.36704169,0.39892296,0.51628675,0.44883480,0.39687773,0.42493726,0.42002712,0.54838016,0.57569433,0.45646980,0.32644840,0.51105668,0.44210122,0.53433533,0.56525889,0.40042648,0.42987770,0.47293801,0.42697242,0.55905984,0.41004581,0.58148344,0.38543214,0.50291792,0.52843059,0.34973830,0.44569977,0.47338830,0.43357651,0.38114786,0.43863497,0.50771166,0.44556521,0.44170978,0.56896584,0.39746554,0.54238163,0.46612747,0.42327532,0.44072129,0.47244304,0.41405719,0.44282562,0.43665712,0.43694989,0.44657436,0.47720175,0.45961931,0.50327366,0.54707573,0.37622501,0.41184489,0.36463890,0.58148344,0.32195210,0.53335047,0.41517326,0.39121236,0.45462512,0.50149585,0.52473400,0.37111949,0.47565934,0.43616469,0.42564831,0.44455502,0.51430941,0.35412139,0.59942162,0.37544200,0.42817241,0.42592530,0.55936696,0.48092413,0.43155799,0.40942709,0.48379789,0.43962536,0.41401666,0.44783079,0.43041010,0.43706671,0.43853999,0.53985604,0.57058363,0.50186196,0.48338659,0.35102187,0.48238254,0.38376039,0.48206608,0.35217014,0.40914358,0.45248179,0.46327275,0.44214880,0.37684264,0.49203701,0.60533520,0.51035424,0.51213635,0.63317577,0.59981158,0.51780754,0.42876094,0.47189733,0.50461157,0.43368860,0.34865050,0.38513921,0.42600791,0.57633196,0.41754623,0.60183369,0.53082467,0.52522379,0.57510418,0.63811603,0.48636236,0.40811132,0.47440670,0.41577439,0.45672832,0.39975080,0.54613165,0.31167440,0.53752183,0.44671678,0.55075116,0.43425448,0.36302042,0.40644924,0.56358708,0.53912766,0.43338762,0.45592198,0.40719952,0.63281801,0.43108732,0.45536277,0.60196373,0.48149837,0.42034847,0.43823990,0.36666574,0.50149353,0.46542700,0.46360283,0.36769292,0.37178087,0.50507254,0.40978219,0.39114347,0.51294012,0.43962536,0.41272967,0.58012371,0.50533170,0.36445914,0.42283821,0.41164849,0.51949083,0.49797036,0.37293681,0.43854645,0.37110748,0.45475048,0.49450769,0.49663841,0.50377140,0.37502196,0.47392108,0.45703232,0.44522632,0.41729493,0.44494003,0.42879267,0.52004516,0.41890910,0.41553314,0.41765392,0.37426791,0.59169977,0.63281801,0.53437807,0.45877176,0.51082375,0.39144831,0.33394881,0.44200919,0.39424108,0.53828321,0.45092759,0.48016229,0.44027234,0.46367118,0.49210688,0.42017779,0.37018113,0.41899817,0.43536926
28012-A,0.53206334,0.50099746,0.59057527,0.36324780,0.63237050,0.55203955,0.50858482,0.56419139,0.51404142,0.41783099,0.43349419,0.50372865,0.51215920,0.63963497,0.50971501,0.46694715,0.70720307,0.66841554,0.42896545,0.55246760,0.58792320,0.64355981,0.57341690,0.74479303,0.47160164,0.64947567,0.46125927,0.58302678,0.50463323,0.65276273,0.62930762,0.65203565,0.68304902,0.47576218,0.50463006,0.50678305,0.00000000,0.36655912,0.42488883,0.58913357,0.49549638,0.69518780,0.56986993,0.60484546,0.48717013,0.50433534,0.67609417,0.66667110,0.47458230,0.44014193,0.53908584,0.62783916,0.61802300,0.54839934,0.55551859,0.59664972,0.55486537,0.63283024,0.64677900,0.58093109,0.67643217,0.63781782,0.63172945,0.69748224,0.65417350,0.68754185,0.71269652,0.47435825,0.59226627,0.60766839,0.51131938,0.48313840,0.60619604,0.69061975,0.53103684,0.61951205,0.57621224,0.58882383,0.34226363,0.53829406,0.45286947,0.63634502,0.64313979,0.54360608,0.52885905,0.60920454,0.66946541,0.45210943,0.62116628,0.67756544,0.59894143,0.63530920,0.56712749,0.61755066,0.54377829,0.49728505,0.63884020,0.62906554,0.58839718,0.70136745,0.68967224,0.64454288,0.57432989,0.63675517,0.43371878,0.64609451,0.62462982,0.55742859,0.59096567,0.57072836,0.57289626,0.68767078,0.59696682,0.71977757,0.51878583,0.58545439,0.70966794,0.51398646,0.51166543,0.63837297,0.56778109,0.58577267,0.60076511,0.57880285,0.61715048,0.61036194,0.61576239,0.55073283,0.65506282,0.55228207,0.61708116,0.57511410,0.61716696,0.68214448,0.63454090,0.62371333,0.43576911,0.62065477,0.59062867,0.70410001,0.72984526,0.72123112,0.53632844,0.41640440,0.58400912,0.71977757,0.51542215,0.65478738,0.68874140,0.59185177,0.62847876,0.55188575,0.66200877,0.59141863,0.70554223,0.62703410,0.61649239,0.66929422,0.67568690,0.49458107,0.69640945,0.53244847,0.62505494,0.67665574,0.69198595,0.67548121,0.59392455,0.69583898,0.70993957,0.70915226,0.50902361,0.67481693,0.64041249,0.67169669,0.63483762,0.62773688,0.62855376,0.60123659,0.41646030,0.50506111,0.66587160,0.57476725,0.59922042,0.57554356,0.57389755,0.55721832,0.61787328,0.57624535,0.55980019,0.65848053,0.66106696,0.74441462,0.53940459,0.70765557,0.69935948,0.64292271,0.54711386,0.61821071,0.61351518,0.57538352,0.45967385,0.55120186,0.63794595,0.66718602,0.51870852,0.65682730,0.68825020,0.67476288,0.70029859,0.75364429,0.62919956,0.59821628,0.66883890,0.58865196,0.53465228,0.67415365,0.68698863,0.42725372,0.68719366,0.66098255,0.69993683,0.50858482,0.59924524,0.57854831,0.72629393,0.66313197,0.45309258,0.63086061,0.57027792,0.68305321,0.66919716,0.64731031,0.67052020,0.60491578,0.61803546,0.41012013,0.53958565,0.56287959,0.57115884,0.62465317,0.63319972,0.59223010,0.62356287,0.67612558,0.64375624,0.55937363,0.70915226,0.55809021,0.71076448,0.56879716,0.59211315,0.68667077,0.55621045,0.67043973,0.67246151,0.62532637,0.60990962,0.55062206,0.56146524,0.73567067,0.67792574,0.69282549,0.60853254,0.65699047,0.70711697,0.71269769,0.65924353,0.54073111,0.59034125,0.77652867,0.53854890,0.56315626,0.64118639,0.54078159,0.73537590,0.68305321,0.66849498,0.69134530,0.72235621,0.55762897,0.56318148,0.51580263,0.66855195,0.65679101,0.48763898,0.31756580,0.45694778,0.41176797,0.70002005,0.67130473,0.56602318,0.65283972,0.69767448
28012,0.37607495,0.45531750,0.52878249,0.36960115,0.51974695,0.40555997,0.40532749,0.51152942,0.42669909,0.40017896,0.43409536,0.31653398,0.38863806,0.53065378,0.40372085,0.36645538,0.65197151,0.57585663,0.39939299,0.43559249,0.39344552,0.60424084,0.40857518,0.69732605,0.37110987,0.55332244,0.45892985,0.47779495,0.50437015,0.60241803,0.49384127,0.45664820,0.50342849,0.35093017,0.36442758,0.35854368,0.36655912,0.00000000,0.43402664,0.46046178,0.41597681,0.59625129,0.43345857,0.44509280,0.42633754,0.40799100,0.49771938,0.60241401,0.41345518,0.40205128,0.34532970,0.45043706,0.52233296,0.41766507,0.43864349,0.50066500,0.54081098,0.52789219,0.56850870,0.41396071,0.55184651,0.57141527,0.51029719,0.57691730,0.60454484,0.57229447,0.62959454,0.39322007,0.56234812,0.51311818,0.32854919,0.45800706,0.47638445,0.51498958,0.54309489,0.56645487,0.56016524,0.45828493,0.40701215,0.49332336,0.40365944,0.60147466,0.52348429,0.42250531,0.48885833,0.49335540,0.59078015,0.33015107,0.56639613,0.46391506,0.43125900,0.49881367,0.37966494,0.45110614,0.57672061,0.49621373,0.46730311,0.46987562,0.45976692,0.62954700,0.60908893,0.52342571,0.39258154,0.52202930,0.43878716,0.55821769,0.58415865,0.35783071,0.49817502,0.51680452,0.45154545,0.58034452,0.53066227,0.69237184,0.48073666,0.52159529,0.63285388,0.40668718,0.48194292,0.45905350,0.41579440,0.41051041,0.50854254,0.63532169,0.51221243,0.46869434,0.59800480,0.45076113,0.51007053,0.54123227,0.47499798,0.48219275,0.56752232,0.46698180,0.55583210,0.47916129,0.37756676,0.50000652,0.58253200,0.49489211,0.54116699,0.52228851,0.37884660,0.39143361,0.39296409,0.69237184,0.37118770,0.55306708,0.46620469,0.38669631,0.51173534,0.55011282,0.59055442,0.39710782,0.50778140,0.48495093,0.47190537,0.55851043,0.61953079,0.35256991,0.61581652,0.41686488,0.45266900,0.53625814,0.66444592,0.56673844,0.53065554,0.51248509,0.59745892,0.49400216,0.41943868,0.52319130,0.49930730,0.54980810,0.44781313,0.55096528,0.58808259,0.57166513,0.30452607,0.37110142,0.54538704,0.43188727,0.54979505,0.37786609,0.39643932,0.47909096,0.50157005,0.51532533,0.41495412,0.64331728,0.63692702,0.56306296,0.56739481,0.68332129,0.62815044,0.52537997,0.49341798,0.50497517,0.57654103,0.52644714,0.35014301,0.47976915,0.47726741,0.57325859,0.44041291,0.64950902,0.63206797,0.55899160,0.70991101,0.65354206,0.52305305,0.52488057,0.50639217,0.45716601,0.45872851,0.55709944,0.60953180,0.32145608,0.49647954,0.44394068,0.60888969,0.40532749,0.41284257,0.43276079,0.62778728,0.59350668,0.41788210,0.51411719,0.54661860,0.70758263,0.48523619,0.55946044,0.64732252,0.55609634,0.44564953,0.40603593,0.42129406,0.45971554,0.51344554,0.54705948,0.36711246,0.46997286,0.53950782,0.50262471,0.50370672,0.59988932,0.49400216,0.43281238,0.63029439,0.60931286,0.39738730,0.48079062,0.47352001,0.55466845,0.58401476,0.39071873,0.47807825,0.41943149,0.51123310,0.55536298,0.53488733,0.59928128,0.46617041,0.54153967,0.57104574,0.56877617,0.45558005,0.47119898,0.44973819,0.65635050,0.42901881,0.43231629,0.44622629,0.44740063,0.68830769,0.70758263,0.62989670,0.54084683,0.58999373,0.40096336,0.34724519,0.46293919,0.45707213,0.57298169,0.46755313,0.38231432,0.45017803,0.43351032,0.50767368,0.54671892,0.41673856,0.44917624,0.45670534
28020,0.46545472,0.48796424,0.51534712,0.33930036,0.58089121,0.50106786,0.48093983,0.56462301,0.47609954,0.28443699,0.25559395,0.37685108,0.46603586,0.52139844,0.45739755,0.46598891,0.58709938,0.60331115,0.38257442,0.51409041,0.57919055,0.61003681,0.53851082,0.72365125,0.46451790,0.60310791,0.43750069,0.53259507,0.34389797,0.66163135,0.48516570,0.56913766,0.63039776,0.36824110,0.50773723,0.49448164,0.42488883,0.43402664,0.00000000,0.47203647,0.32247411,0.55543027,0.52045998,0.55984377,0.47966689,0.42791100,0.57261243,0.63704872,0.46286070,0.46914726,0.49677073,0.58562512,0.44241820,0.50619675,0.51304388,0.55697270,0.54217819,0.53911035,0.59370139,0.57184974,0.62778559,0.71691603,0.57991538,0.64216722,0.61743326,0.65166443,0.68594071,0.39410305,0.52822426,0.50076654,0.51003294,0.48198937,0.56630498,0.62863088,0.54440489,0.63585868,0.56190204,0.61859268,0.38310909,0.62662379,0.35602007,0.62201595,0.55714330,0.54253994,0.55871014,0.53500673,0.58600398,0.44159030,0.57052612,0.71522856,0.58575004,0.51129726,0.51222898,0.51076134,0.46210706,0.42608303,0.61372318,0.61041597,0.59684578,0.61265274,0.62921502,0.58236700,0.55676094,0.65247409,0.45196273,0.56996499,0.58248450,0.53727652,0.54817065,0.45781157,0.47160912,0.62168877,0.47746786,0.73751941,0.45726672,0.60654561,0.65833355,0.57456870,0.53988920,0.52377158,0.50632993,0.55060269,0.60060906,0.49391221,0.51686837,0.52622458,0.51978809,0.44225614,0.56002238,0.48370333,0.56472244,0.56315842,0.57296329,0.66021608,0.71257429,0.56565672,0.34140185,0.63116175,0.51702078,0.61453380,0.65058520,0.74291774,0.53142389,0.40804590,0.50414531,0.73751941,0.38243277,0.55956812,0.64887759,0.53791285,0.64160871,0.54835473,0.60210743,0.65816091,0.69621619,0.57614024,0.55909484,0.61953436,0.64432273,0.53656014,0.67804515,0.47758800,0.60307440,0.68225420,0.73679720,0.72499711,0.59938722,0.64948376,0.68140798,0.68426179,0.45820167,0.66499536,0.58188432,0.63318117,0.63366986,0.57388196,0.58758327,0.57561896,0.41553895,0.49015586,0.67356064,0.52452684,0.56542420,0.53286516,0.52502913,0.52322894,0.67708321,0.53236327,0.55022040,0.62238660,0.63900783,0.68206328,0.47531702,0.76502010,0.61977932,0.61921966,0.58831872,0.58516054,0.57846452,0.50144403,0.42273107,0.40965031,0.59954449,0.58784840,0.45724528,0.59080486,0.66596881,0.64033807,0.71378400,0.69502586,0.61359949,0.49457406,0.67985064,0.47852623,0.52950377,0.61729794,0.67095753,0.36852158,0.66226620,0.63663558,0.67899502,0.48093983,0.56023131,0.47964572,0.63556300,0.58552434,0.45244882,0.64338173,0.47506560,0.63113115,0.65081986,0.69156555,0.66153886,0.56852042,0.59598093,0.42742903,0.45460917,0.51699248,0.47722825,0.68220591,0.57094986,0.55625506,0.66438537,0.64735364,0.65190490,0.61769525,0.68426179,0.37925324,0.58942949,0.62268666,0.53622792,0.64640947,0.55465609,0.63354876,0.65086681,0.56468832,0.59139233,0.50640713,0.51615682,0.76191515,0.71583421,0.74492172,0.61140174,0.66031111,0.67668655,0.65158118,0.61559247,0.46275714,0.48340506,0.70529480,0.58629134,0.52819012,0.62532105,0.52689883,0.66774066,0.63113115,0.63490761,0.62670018,0.70618182,0.54488144,0.53954882,0.46236865,0.65048728,0.60233816,0.41787374,0.41507283,0.28101832,0.44163230,0.64640541,0.68088223,0.54187130,0.61999115,0.63542478
28021,0.42161504,0.48917465,0.49690892,0.49455116,0.59198743,0.46905961,0.51151403,0.50061275,0.47278594,0.44891713,0.49710407,0.45742574,0.26329202,0.49967330,0.46921329,0.44458280,0.53602677,0.52130207,0.51142462,0.48772599,0.50324858,0.63682906,0.49213156,0.70623805,0.44554168,0.56439126,0.53784833,0.48764369,0.47146429,0.66608191,0.59339996,0.53534197,0.47500460,0.36726435,0.43174014,0.46117836,0.58913357,0.46046178,0.47203647,0.00000000,0.42224710,0.47489346,0.48644276,0.53326777,0.44650341,0.38169982,0.43277535,0.53771213,0.52481423,0.47232903,0.41069422,0.52273713,0.48889837,0.43386347,0.48986610,0.42578610,0.54479951,0.62613478,0.53285611,0.53664471,0.54204543,0.57508931,0.47975119,0.61969397,0.50523560,0.58147926,0.63500456,0.45438167,0.55329044,0.61750714,0.58198213,0.44381800,0.52563766,0.57560353,0.23074823,0.50836947,0.53111392,0.52235170,0.53269044,0.50538626,0.50025698,0.53433864,0.46731141,0.49726879,0.44929610,0.51238681,0.45869669,0.55852157,0.50192028,0.58806431,0.44477997,0.30511462,0.45531021,0.50174198,0.50403505,0.46713867,0.53019145,0.46087081,0.49206459,0.42203018,0.65712135,0.49975677,0.47575937,0.57479458,0.43981127,0.58849295,0.60221641,0.48902258,0.52450935,0.52063054,0.53579832,0.56189097,0.48984127,0.68482775,0.30836649,0.54526898,0.63196758,0.52573765,0.55030293,0.44049106,0.49559704,0.46220990,0.49575005,0.55414415,0.60528655,0.52891482,0.51492611,0.50468451,0.48184785,0.53739522,0.49850541,0.47299133,0.59786031,0.51335518,0.58580744,0.38961963,0.49824497,0.55026447,0.53663059,0.52929081,0.60110141,0.58664341,0.45871165,0.43169476,0.42172245,0.68482775,0.41644098,0.57782339,0.52374786,0.46398201,0.54667683,0.20646467,0.51887367,0.46571881,0.59586435,0.51260570,0.38696810,0.61709499,0.62210658,0.43253703,0.60100671,0.50279407,0.49042890,0.62107071,0.65078524,0.66537332,0.57966921,0.55623198,0.62092226,0.59572964,0.53270972,0.51327391,0.38689237,0.56578925,0.57215880,0.50208292,0.60643338,0.54390514,0.50640147,0.46779853,0.55733579,0.45267671,0.53600942,0.43047763,0.42135751,0.58354031,0.56409017,0.50354242,0.43884102,0.58707962,0.64372274,0.60676606,0.51803156,0.62574570,0.61289250,0.53944486,0.61382431,0.52714847,0.47629080,0.42305766,0.44065322,0.55880524,0.50552265,0.51129095,0.28283651,0.62129158,0.61365699,0.61166793,0.55576081,0.59430769,0.55118931,0.60249258,0.50597430,0.52970403,0.34562490,0.60597737,0.56917831,0.46636055,0.56394118,0.51999222,0.66767884,0.51151403,0.47179597,0.42757714,0.52961488,0.55157245,0.46708977,0.54843878,0.54021152,0.55815393,0.47811745,0.62536693,0.66807169,0.56234973,0.48218110,0.42735677,0.27519123,0.23372278,0.31467909,0.59429823,0.48117504,0.36758255,0.55978764,0.54326391,0.53644489,0.40788955,0.59572964,0.40531812,0.60900710,0.39921517,0.48655978,0.56016333,0.29405415,0.60672776,0.59247057,0.45205957,0.60899654,0.49461283,0.63083220,0.55686447,0.55425404,0.66475357,0.60475262,0.58708102,0.59296466,0.57169556,0.47365879,0.37372147,0.51889791,0.64012467,0.52700665,0.49094610,0.53680804,0.52117351,0.63752080,0.55815393,0.58880709,0.57743564,0.61626454,0.47168839,0.46106570,0.50408572,0.51574019,0.56129752,0.42357934,0.54908047,0.55988533,0.58714277,0.56138864,0.61282350,0.48137105,0.47678025,0.48750082
28024,0.42861079,0.41387970,0.49494720,0.35707628,0.54852023,0.45769118,0.43006414,0.42810974,0.38761053,0.34630308,0.30313496,0.35216478,0.33297815,0.39628229,0.37789570,0.37725863,0.56474882,0.52173825,0.41439743,0.41756415,0.41141590,0.52991484,0.44079177,0.59914984,0.37475594,0.47505553,0.45099096,0.47848058,0.35692424,0.58515483,0.44403330,0.47091844,0.49445241,0.37706292,0.45415451,0.38798826,0.49549638,0.41597681,0.32247411,0.42224710,0.00000000,0.49979623,0.43894941,0.37910017,0.40712362,0.28941456,0.41093560,0.51739882,0.39056004,0.39803047,0.39597400,0.44465415,0.29578610,0.39379134,0.41699787,0.43097211,0.44224160,0.41951088,0.44636201,0.43729181,0.52157652,0.50659309,0.36754955,0.49103859,0.50255490,0.52765018,0.54195314,0.28480775,0.43492066,0.41623234,0.45512824,0.35871466,0.48690350,0.55196666,0.46722322,0.55499321,0.45821814,0.45907807,0.41935210,0.49396038,0.34455939,0.52478590,0.39554578,0.42670907,0.50535566,0.29762467,0.55641937,0.39382629,0.47063812,0.53642454,0.48725045,0.49939695,0.43596633,0.35110206,0.39310319,0.29175781,0.51550532,0.44898042,0.48342546,0.49688799,0.49791136,0.38372569,0.43756924,0.50215228,0.36209984,0.43071003,0.45197356,0.38980552,0.43284739,0.33155973,0.45346454,0.46833115,0.45963409,0.58889975,0.38365606,0.59992309,0.54278600,0.45020997,0.37527977,0.37770020,0.36155633,0.37748092,0.46426812,0.36217748,0.39661644,0.37551402,0.43165455,0.34110917,0.47985246,0.26871374,0.42738543,0.48366264,0.50829525,0.44918960,0.53155261,0.46036057,0.36365244,0.46414551,0.32442249,0.47312348,0.54199669,0.56539131,0.42058265,0.43770871,0.37369065,0.58889975,0.25593225,0.38485760,0.43841802,0.39292561,0.46565135,0.46618052,0.51145493,0.50061460,0.53008367,0.43122558,0.45786738,0.39913677,0.50409205,0.38696413,0.51429788,0.30318443,0.43559389,0.52931385,0.61912205,0.56850690,0.47626757,0.48947226,0.53984148,0.54790912,0.39519060,0.45349153,0.47236981,0.46487941,0.49251931,0.50264483,0.45414602,0.51012882,0.48487483,0.42788674,0.54012431,0.41768518,0.45645504,0.41226114,0.38982065,0.37088092,0.52293764,0.49204534,0.42857358,0.48997133,0.51868006,0.54899223,0.35759341,0.61547620,0.52603260,0.46463448,0.45835927,0.43066645,0.45280683,0.34885234,0.37663576,0.25355731,0.40708435,0.51378280,0.32659128,0.47780770,0.47169324,0.48088275,0.54652514,0.63394549,0.47820360,0.26676327,0.47242946,0.37532377,0.49631131,0.36176020,0.48682739,0.37199132,0.51758927,0.51123443,0.55515972,0.43006414,0.39763807,0.36591234,0.51666150,0.43483642,0.38065777,0.46586649,0.30124139,0.49202039,0.45742893,0.51908150,0.52909363,0.48346382,0.42855369,0.38658063,0.35392391,0.48150371,0.39200597,0.56470514,0.45572515,0.46610033,0.54477402,0.49306463,0.46328296,0.50622679,0.54790912,0.32407067,0.44485837,0.52182537,0.45562939,0.48671895,0.41425323,0.47753059,0.49337873,0.44097622,0.55345892,0.38028856,0.45534858,0.53444912,0.52213742,0.63621990,0.50904000,0.51143175,0.52289493,0.46742117,0.48478880,0.35216363,0.45474337,0.55288955,0.42237886,0.44356178,0.51755539,0.41080908,0.52683404,0.49202039,0.45753497,0.53534382,0.58614409,0.38718771,0.39844820,0.36114158,0.47797238,0.50404171,0.39451065,0.44687325,0.35072644,0.45746865,0.54228679,0.53029798,0.43159239,0.48743748,0.51228128
28027,0.60144606,0.65835946,0.69978441,0.56121473,0.69128461,0.64610028,0.58343489,0.56166267,0.61449029,0.61476990,0.61267787,0.61149384,0.55023120,0.48870042,0.53846783,0.55173670,0.21011133,0.28555851,0.59009196,0.56839002,0.57961682,0.65100400,0.60802387,0.77154431,0.55577465,0.63082252,0.62772183,0.62656361,0.59244190,0.74006446,0.54443194,0.63226969,0.59814589,0.53910501,0.58273910,0.55255367,0.69518780,0.59625129,0.55543027,0.47489346,0.49979623,0.00000000,0.56936566,0.53844700,0.60797541,0.33416674,0.51706856,0.42872431,0.60266873,0.59784864,0.58908230,0.51538140,0.43964809,0.61565958,0.56622177,0.55903214,0.66150986,0.52160053,0.47007812,0.63554626,0.55607754,0.62983395,0.59987214,0.50340358,0.62335248,0.56377254,0.63913143,0.52735573,0.69500807,0.57977910,0.67265088,0.55836991,0.66687305,0.63889113,0.56186384,0.73036499,0.55405786,0.55475459,0.65056754,0.64991896,0.62388152,0.62018119,0.29432490,0.63668522,0.64662872,0.57031771,0.62914865,0.65250529,0.67622370,0.60483058,0.60867736,0.57626406,0.62827190,0.57193343,0.55666076,0.49524797,0.64129365,0.59964883,0.62920137,0.63559061,0.47933051,0.60436855,0.61592228,0.62078075,0.65035189,0.47693167,0.46829466,0.59403297,0.59804219,0.56915581,0.67112352,0.32804447,0.61880885,0.59483399,0.62565922,0.69197619,0.66466934,0.68478519,0.58110318,0.55893873,0.44498603,0.62800337,0.58804254,0.66153590,0.50091323,0.52260306,0.31648476,0.57449422,0.25333679,0.53658764,0.53207021,0.63103273,0.63512270,0.50646595,0.58071959,0.66005681,0.61315323,0.69779689,0.54743676,0.64207983,0.73413337,0.59841449,0.65247330,0.59177988,0.59026074,0.59483399,0.47779073,0.62345884,0.62816768,0.58116340,0.67219523,0.59115621,0.33585211,0.60219482,0.68933134,0.54296877,0.66026612,0.55711994,0.69861418,0.63683974,0.67375387,0.52355504,0.58242865,0.63259905,0.65486850,0.64434209,0.62780853,0.64576338,0.67777880,0.67348321,0.54027783,0.60791802,0.65543208,0.53175194,0.62504536,0.54557840,0.46920780,0.67499080,0.61230455,0.62106628,0.69452117,0.59502227,0.66847123,0.67158484,0.59041706,0.62352711,0.64723143,0.66289651,0.63510636,0.62754000,0.74790232,0.76800462,0.57915900,0.57513610,0.64868758,0.62247159,0.61751118,0.51651003,0.60144800,0.49932940,0.59052349,0.56832191,0.63246712,0.27518686,0.49930680,0.54338715,0.57400547,0.48871631,0.71982134,0.61056277,0.63165324,0.60065981,0.65047433,0.60480459,0.61807342,0.54856854,0.55551117,0.61418012,0.47668084,0.50041961,0.65371397,0.58343489,0.59330464,0.54669799,0.68567633,0.33311638,0.64969433,0.67406129,0.57649873,0.60638700,0.61991929,0.67593935,0.57689985,0.58112271,0.57947267,0.62820231,0.52222763,0.58599378,0.51533132,0.77948972,0.63383349,0.54999314,0.63118011,0.53205398,0.57988003,0.63187660,0.67348321,0.46037168,0.60408723,0.63942725,0.61124339,0.61120159,0.55218164,0.48619406,0.53477305,0.60649922,0.72902661,0.58202037,0.58750818,0.69588058,0.56817988,0.71054219,0.69081996,0.68917088,0.55635658,0.56753086,0.59598142,0.55480661,0.66168251,0.69634553,0.63407809,0.59614162,0.63173463,0.56275678,0.68884414,0.60638700,0.62673074,0.70496069,0.61854494,0.62334996,0.53850929,0.35860824,0.64714587,0.64953802,0.53968473,0.66849967,0.58538632,0.67970899,0.65308534,0.71502741,0.71816388,0.59698002,0.57239372
28040,0.35561628,0.39196788,0.41082052,0.42188669,0.48551819,0.10987374,0.43812415,0.45582455,0.48144005,0.53659078,0.49356988,0.40428881,0.41412204,0.48882591,0.32313585,0.29561062,0.67480669,0.57299683,0.40108586,0.35580150,0.32352435,0.48481687,0.34402345,0.63587266,0.30474485,0.51821759,0.34481473,0.38826123,0.43466819,0.55493289,0.46676883,0.36563495,0.45634409,0.44629573,0.44491526,0.41322670,0.56986993,0.43345857,0.52045998,0.48644276,0.43894941,0.56936566,0.00000000,0.44874341,0.24850375,0.44066119,0.54731928,0.46259212,0.41984358,0.44227269,0.36437637,0.39611635,0.56097793,0.30082046,0.35434280,0.47749755,0.59747142,0.47543436,0.42860682,0.37161620,0.40035548,0.60467122,0.47496205,0.53123644,0.59981433,0.51569493,0.60942568,0.41651710,0.52364999,0.59894689,0.44588844,0.39038278,0.35665467,0.47770217,0.47500679,0.65547522,0.52944781,0.46627787,0.54636633,0.55517387,0.44212269,0.53487278,0.41753629,0.43797198,0.46620172,0.47242087,0.50408805,0.38345654,0.59637716,0.36327819,0.45537951,0.47000295,0.39761135,0.40435809,0.55506082,0.45720234,0.41088619,0.44132087,0.50799729,0.49719602,0.57427081,0.47609475,0.34968142,0.50606286,0.41909031,0.51375678,0.56357223,0.38011089,0.39863040,0.51450113,0.43239717,0.52686618,0.44249576,0.52908521,0.40222917,0.49529173,0.55233825,0.46495047,0.48196294,0.47185135,0.40251833,0.40824347,0.37523933,0.51813077,0.44409707,0.41803659,0.52358631,0.43192439,0.53458143,0.50671958,0.36051990,0.32739702,0.44660101,0.42091181,0.44007032,0.43597221,0.55035255,0.46285022,0.52031108,0.43471449,0.49117744,0.53564840,0.40649500,0.48856990,0.35814337,0.52908521,0.38108514,0.57582976,0.45617499,0.31105066,0.48372507,0.48587473,0.49951400,0.35486678,0.48125237,0.36778433,0.43004956,0.47588279,0.52042375,0.33808089,0.59729792,0.40013088,0.40473186,0.42374936,0.49579879,0.46186953,0.46138747,0.39891987,0.51354089,0.47420504,0.39294592,0.39775051,0.44106072,0.43867106,0.45187195,0.42877910,0.55498948,0.39573572,0.59156993,0.32593443,0.49809873,0.38129168,0.40161114,0.32542732,0.42082796,0.58352742,0.44621601,0.30385606,0.31432261,0.50772870,0.61098251,0.53503504,0.56172681,0.55335243,0.59781436,0.55888031,0.44693222,0.43197843,0.41903057,0.48213980,0.31852634,0.51345530,0.50029821,0.56898101,0.46094909,0.55329348,0.47872470,0.46212073,0.56994467,0.60818477,0.50360827,0.51566332,0.48986037,0.49454736,0.40964208,0.48353082,0.46119685,0.42098501,0.54761226,0.48955066,0.56388851,0.43812415,0.20278080,0.43532963,0.52378900,0.45369626,0.43689235,0.48568226,0.50387120,0.68165296,0.48846521,0.51113738,0.57820099,0.46197004,0.40337197,0.47668658,0.40476034,0.52416756,0.46453574,0.51060849,0.38398116,0.38622255,0.44220759,0.48333502,0.46963808,0.41530205,0.47420504,0.44068070,0.63856544,0.44023762,0.28736532,0.39395894,0.46102270,0.46809769,0.44590702,0.32775730,0.50258864,0.33985867,0.51350958,0.50169911,0.48028569,0.50918509,0.37237723,0.51497461,0.47958764,0.42713512,0.42771349,0.46770603,0.41589059,0.58538849,0.45604659,0.36012530,0.38120842,0.35977017,0.61710858,0.68165296,0.57077475,0.43600961,0.52538158,0.43781727,0.32213407,0.39404559,0.38915663,0.44712352,0.42588475,0.56715213,0.49041860,0.48542569,0.39705972,0.46567835,0.37361153,0.43114508,0.36763489
28106,0.51719547,0.45788597,0.55683283,0.44464701,0.53607746,0.39979376,0.39392858,0.40905143,0.42749953,0.53466473,0.47856986,0.41894858,0.39795913,0.42242659,0.40822007,0.35900902,0.61602004,0.45420369,0.45782002,0.45610923,0.41801314,0.54376913,0.40064328,0.65797088,0.35929740,0.35419797,0.41959657,0.47350324,0.47812560,0.57640289,0.48707160,0.49306086,0.48281952,0.52194590,0.48536954,0.45818594,0.60484546,0.44509280,0.55984377,0.53326777,0.37910017,0.53844700,0.44874341,0.00000000,0.39200713,0.39913827,0.49410654,0.42102978,0.42175112,0.45722303,0.37938879,0.38227869,0.47288944,0.39881114,0.45848322,0.44559730,0.48759059,0.33814187,0.38231942,0.40575409,0.50899363,0.47286736,0.39509506,0.47073983,0.54864537,0.46740731,0.47294701,0.28081747,0.53465487,0.51293592,0.52276567,0.48232165,0.46876214,0.53276207,0.45804046,0.58647990,0.51013753,0.42281314,0.58561598,0.56441798,0.42608980,0.48197576,0.34876347,0.45404270,0.53489218,0.46509588,0.52440868,0.44694692,0.52900707,0.44920371,0.52812028,0.54503638,0.43333695,0.44489818,0.56277196,0.37368587,0.52086576,0.35360416,0.55820163,0.59255318,0.43402019,0.40382958,0.36103202,0.48027214,0.44935234,0.42307544,0.46999923,0.34637767,0.44537800,0.46216724,0.60664048,0.34164327,0.54088263,0.53761912,0.41491775,0.59660270,0.58692078,0.44344620,0.40691634,0.48633612,0.36017583,0.45425938,0.44171564,0.51794040,0.33152842,0.30693065,0.42820731,0.43684410,0.48897156,0.41657338,0.39838972,0.49227815,0.49671624,0.42267466,0.47365021,0.51681107,0.56396138,0.53907718,0.45264631,0.46549603,0.53348238,0.55653001,0.39242515,0.54990418,0.53051676,0.53761912,0.37739123,0.46432409,0.45524204,0.38361637,0.48679002,0.45010528,0.43937837,0.47620220,0.47971682,0.41274482,0.51113870,0.41336771,0.52030529,0.34442354,0.47068344,0.28332346,0.45107110,0.49715870,0.57283623,0.52335303,0.44925369,0.43738937,0.46592418,0.52774982,0.44355029,0.46906933,0.51712464,0.44738666,0.44937651,0.51700346,0.46540774,0.53004013,0.58731241,0.41613462,0.55903038,0.48297446,0.46566759,0.39939899,0.47346995,0.46659632,0.47517206,0.50700780,0.43701491,0.45959994,0.55891795,0.61788446,0.45918019,0.58017784,0.47016453,0.49420408,0.42534350,0.36607801,0.48440167,0.37236503,0.39880997,0.44023426,0.46099231,0.45053400,0.40345978,0.48020601,0.42653710,0.43159251,0.61497688,0.70454009,0.48875224,0.46545560,0.47105659,0.42517056,0.51375771,0.42492524,0.42514479,0.45085859,0.50949884,0.47753523,0.50558224,0.39392858,0.42408380,0.48109647,0.56312396,0.35039888,0.48789239,0.48836606,0.35244184,0.60000578,0.41808457,0.48421415,0.49590963,0.41938639,0.44090045,0.43833692,0.43873046,0.56742024,0.45187294,0.57281257,0.38735823,0.40730984,0.49415839,0.42543743,0.42455199,0.48595787,0.52774982,0.50661287,0.59132457,0.48475943,0.41623267,0.47442364,0.44157112,0.43585271,0.44358638,0.40652120,0.54724832,0.26908521,0.42999278,0.49017591,0.42764106,0.63958374,0.53650088,0.49873754,0.48796771,0.44147992,0.39142277,0.45239568,0.57275213,0.57452172,0.42587310,0.48124928,0.48819192,0.37920249,0.54675554,0.60000578,0.49645920,0.54279135,0.53592135,0.41676816,0.37593359,0.35475558,0.40827819,0.48741278,0.50035762,0.60343057,0.50774892,0.44434973,0.54528836,0.55046953,0.47390896,0.38556021,0.44686018
28623,0.25133831,0.24076466,0.31510353,0.32012795,0.43757388,0.21799445,0.37763165,0.41582225,0.38571386,0.41986947,0.44960608,0.32353692,0.36201681,0.45583527,0.24519018,0.15685561,0.63714112,0.53506003,0.34367264,0.29397906,0.27304665,0.41574515,0.30663941,0.58533533,0.15217618,0.46036810,0.21563894,0.30647539,0.38021240,0.54678400,0.50749869,0.34701797,0.44103806,0.35016792,0.40286430,0.32404631,0.48717013,0.42633754,0.47966689,0.44650341,0.40712362,0.60797541,0.24850375,0.39200713,0.00000000,0.42582504,0.54206957,0.42312670,0.34099197,0.32982130,0.24579260,0.42451920,0.54935900,0.23236538,0.29585258,0.38952312,0.54092165,0.39720731,0.42317091,0.30684299,0.40574832,0.54054785,0.46035153,0.48573194,0.55057472,0.50412097,0.54858343,0.33470317,0.41413810,0.56337010,0.40721946,0.32578539,0.31883436,0.42578471,0.42507892,0.56056676,0.48648337,0.43879901,0.45043145,0.51248401,0.36353366,0.49366378,0.37247809,0.39909450,0.38794530,0.42247003,0.40127578,0.34623440,0.52487185,0.42249927,0.39718103,0.47347298,0.27324726,0.40765281,0.49457614,0.44370166,0.36189411,0.38572684,0.47944976,0.51839648,0.60468700,0.46858131,0.29908279,0.51833478,0.40549185,0.51218447,0.56679523,0.35299594,0.39609485,0.50377036,0.44387694,0.48570293,0.34713277,0.51862538,0.27661069,0.40928577,0.55299651,0.41437427,0.47505477,0.47703266,0.37974433,0.37442976,0.33796123,0.42591275,0.41138439,0.41038677,0.48662330,0.40238480,0.54296698,0.44787957,0.36357803,0.31466346,0.37675399,0.44165740,0.39856377,0.37953656,0.48154659,0.40583945,0.49816442,0.42573541,0.46611122,0.50156915,0.25971634,0.41773829,0.35659423,0.51862538,0.38000854,0.53406813,0.45331604,0.29098326,0.48840769,0.43045022,0.47712638,0.37171316,0.47996388,0.37878508,0.37496695,0.47914135,0.50794546,0.28516875,0.59398899,0.36631349,0.38049186,0.39985596,0.47387788,0.43895072,0.45549084,0.35982440,0.42481871,0.42989129,0.35463271,0.41222855,0.38248448,0.43894268,0.44986923,0.45854208,0.56415834,0.45273620,0.50617721,0.29732953,0.47328758,0.33120690,0.41469175,0.28078037,0.30271645,0.49909951,0.43663874,0.28106862,0.33298829,0.49902961,0.55689829,0.51301333,0.52621464,0.53229050,0.61234870,0.49749240,0.45104238,0.47218305,0.42330728,0.41796497,0.27004051,0.43903002,0.45705906,0.53407223,0.41233867,0.50687190,0.44749289,0.45355123,0.52187345,0.59094089,0.53163679,0.46444928,0.42021607,0.42737832,0.33902790,0.45815034,0.45646385,0.31325797,0.54247303,0.48135486,0.59152104,0.37763165,0.23715198,0.44196240,0.49225129,0.43530674,0.44317013,0.48986141,0.43700848,0.64877571,0.46785451,0.49707398,0.56173526,0.40968365,0.37528409,0.39900463,0.31826781,0.43788307,0.42819232,0.52827428,0.28788662,0.28258303,0.44405297,0.46502557,0.42088946,0.40412902,0.42989129,0.46913363,0.62509275,0.39438620,0.31035905,0.40428411,0.43563069,0.45657526,0.42080873,0.28827997,0.43558986,0.27121229,0.41601316,0.50755391,0.44241871,0.49800137,0.32855832,0.52097744,0.48810743,0.42197084,0.39080721,0.41918989,0.41535924,0.61607684,0.44912472,0.35082267,0.35904636,0.26115817,0.62644142,0.64877571,0.57192829,0.45671771,0.57407152,0.42707931,0.30789638,0.34189478,0.40165944,0.44379066,0.35785930,0.45823941,0.42938804,0.38662447,0.43704641,0.42558393,0.27722647,0.39069878,0.39741357
28652,0.42204828,0.47855460,0.51845923,0.43876512,0.51777540,0.47756060,0.42652298,0.37817480,0.44108578,0.39090994,0.34543644,0.38791942,0.24378676,0.36188185,0.41059642,0.38142013,0.37995840,0.38515397,0.46093041,0.44964980,0.41107658,0.57199849,0.40551984,0.66894350,0.37940740,0.50219876,0.49445505,0.45006983,0.44513759,0.62007545,0.46379317,0.42209134,0.42474730,0.41067370,0.42678275,0.37818233,0.50433534,0.40799100,0.42791100,0.38169982,0.28941456,0.33416674,0.44066119,0.39913827,0.42582504,0.00000000,0.38754386,0.42330576,0.44781543,0.42410011,0.43056539,0.33723444,0.39097991,0.41862971,0.44838164,0.43558581,0.48383473,0.40420680,0.38906878,0.45337659,0.49932513,0.53593102,0.41384789,0.41184135,0.54194907,0.42717051,0.50603560,0.31402785,0.53977166,0.49709558,0.46732771,0.37258077,0.47878977,0.54290058,0.39653703,0.58216071,0.47326534,0.43944066,0.51005630,0.48515248,0.42177270,0.55437784,0.29593217,0.45846039,0.48842194,0.41860631,0.53726413,0.42786201,0.52632299,0.45689119,0.40823450,0.40908289,0.43965908,0.37779528,0.42329935,0.30196784,0.48877698,0.44106529,0.50423817,0.48624528,0.42278742,0.43042183,0.40010193,0.41237317,0.41120574,0.36928038,0.35045421,0.36804150,0.43485611,0.40574761,0.49040508,0.33909958,0.48943160,0.58696047,0.42175353,0.60521238,0.54294225,0.48457207,0.39320752,0.35883283,0.32582161,0.38660427,0.46725648,0.52040681,0.37950577,0.31286661,0.30571316,0.37707785,0.31938088,0.38941519,0.42470825,0.52415464,0.54759420,0.40882740,0.40637391,0.40689948,0.41383276,0.48208476,0.44068275,0.47097432,0.55124287,0.50943530,0.46404350,0.44897273,0.38411637,0.58696047,0.27244437,0.42173706,0.43445251,0.47190915,0.42833779,0.42430245,0.37751172,0.42687696,0.50548558,0.43484376,0.40494707,0.43678946,0.56545235,0.37887550,0.51679958,0.33178366,0.45357273,0.51090780,0.57232888,0.51326927,0.49522403,0.47623307,0.54181853,0.56114766,0.43788705,0.42832043,0.41461762,0.42982515,0.46124176,0.45983898,0.35273415,0.54052929,0.50359902,0.43570160,0.55609153,0.40599762,0.45431395,0.47400307,0.40012573,0.49172347,0.48266409,0.55021028,0.43619327,0.46238056,0.59326157,0.57407334,0.41427373,0.50529750,0.50928876,0.50824801,0.47180707,0.39743381,0.45713376,0.35297030,0.43871732,0.38818961,0.45289020,0.37178005,0.33732109,0.47663049,0.45689697,0.41385181,0.53005458,0.52284537,0.38717724,0.43993470,0.46979854,0.44695043,0.47639411,0.42391246,0.45488022,0.38385807,0.36087142,0.32765578,0.49564482,0.42652298,0.43122453,0.33901771,0.55732513,0.30212681,0.43843671,0.43009805,0.45799185,0.48679120,0.43098380,0.42995427,0.46442366,0.47099754,0.44573911,0.45252259,0.34718954,0.44754748,0.36171052,0.48679768,0.46949407,0.42567360,0.49341928,0.42690975,0.41999090,0.45873448,0.56114766,0.28371218,0.45805371,0.46625636,0.44884716,0.43285718,0.31974633,0.41100966,0.49060057,0.45782643,0.60459059,0.39283784,0.51743969,0.50571296,0.45106930,0.55882178,0.51930321,0.50363578,0.42530112,0.47737786,0.40464891,0.37567948,0.49481575,0.52533772,0.45172473,0.48268731,0.52081547,0.42486907,0.53958570,0.48679120,0.41944745,0.52257197,0.49150583,0.42675095,0.40601500,0.34722714,0.41153701,0.52212732,0.38844797,0.53487435,0.46642112,0.53422486,0.47567334,0.51115145,0.47617825,0.40749392,0.41546857
28659,0.52557980,0.64651342,0.65273898,0.54215946,0.55030303,0.60594388,0.61030769,0.50486533,0.55936559,0.54981913,0.60052512,0.43304500,0.43044974,0.58764213,0.52814957,0.52671299,0.54340819,0.58622615,0.64407186,0.55972218,0.49056722,0.69270540,0.58844541,0.72839019,0.52617850,0.66403202,0.61894399,0.56252626,0.51513836,0.70620836,0.62180523,0.54093067,0.50100866,0.52472614,0.57892364,0.47495318,0.67609417,0.49771938,0.57261243,0.43277535,0.41093560,0.51706856,0.54731928,0.49410654,0.54206957,0.38754386,0.00000000,0.50927481,0.63569967,0.63069033,0.52284507,0.52164245,0.47690066,0.55237376,0.55848027,0.58203824,0.55227253,0.51093520,0.51909026,0.60324323,0.66798657,0.37632529,0.27478500,0.43654403,0.44362641,0.50951265,0.57054848,0.48979057,0.67698095,0.43500197,0.57256375,0.58507800,0.60365024,0.72388438,0.48429558,0.57641467,0.63559134,0.56494562,0.59034823,0.66653295,0.58121874,0.40597291,0.48700007,0.54499356,0.56642448,0.45162163,0.54697833,0.55008121,0.58570355,0.46978985,0.53191729,0.48000824,0.50885123,0.48336458,0.53100341,0.43866797,0.65061651,0.45293350,0.62903444,0.63187133,0.63162253,0.28061286,0.43544207,0.51805582,0.48306823,0.52148654,0.51352285,0.46629140,0.58483519,0.47657300,0.59516839,0.54900569,0.67347768,0.65753602,0.55458749,0.62971548,0.65885412,0.61357417,0.47071405,0.38649217,0.46999074,0.48962167,0.56183128,0.58438046,0.48377632,0.48882120,0.57031251,0.48169824,0.48638840,0.48488917,0.55292083,0.62641932,0.64891383,0.36471241,0.54100675,0.46075939,0.52576487,0.59984580,0.57107459,0.55426248,0.59983781,0.66333267,0.56795414,0.59815600,0.48432442,0.65753602,0.45665006,0.59076964,0.33030179,0.58293244,0.57764304,0.49943764,0.58093458,0.51371047,0.56470037,0.56150518,0.45698063,0.47379435,0.61212199,0.51099345,0.51316269,0.49329346,0.59678881,0.61621568,0.62312712,0.63381037,0.62204428,0.57554448,0.65398826,0.60980300,0.56421760,0.56991402,0.47495159,0.52605032,0.56020209,0.61843584,0.51236093,0.64573004,0.62958148,0.55464982,0.59052513,0.52050778,0.63790055,0.55049860,0.43994806,0.53735678,0.60325577,0.64318427,0.49092781,0.54366388,0.66805414,0.62974670,0.57432427,0.67538415,0.62135497,0.63141361,0.60940231,0.54011930,0.58362660,0.30531238,0.55733931,0.53062649,0.35002418,0.58451176,0.45135247,0.58405165,0.63399351,0.59942535,0.65694196,0.63699006,0.51370907,0.45841574,0.33127272,0.50333184,0.53552138,0.54079557,0.63732277,0.57026356,0.52952712,0.50092255,0.59364082,0.61030769,0.55834971,0.46053627,0.58002647,0.54476968,0.50006347,0.57873214,0.47434270,0.59758626,0.48584022,0.59851893,0.67950383,0.60471698,0.59229092,0.55967996,0.43608223,0.48906884,0.46192684,0.54502395,0.54209335,0.53214806,0.59196719,0.47500743,0.50565889,0.58999878,0.60980300,0.41154284,0.58276579,0.61636028,0.50108223,0.55077640,0.48646671,0.59827221,0.53798464,0.54280358,0.69721363,0.46664692,0.63303822,0.50811796,0.54271055,0.64120544,0.59343954,0.57766504,0.52122058,0.51664265,0.41012554,0.44898010,0.61147048,0.55174492,0.61670664,0.61972720,0.66422502,0.54752441,0.63212104,0.59758626,0.58956159,0.51005971,0.57726442,0.49652099,0.46466817,0.51841004,0.53020309,0.57574431,0.51909328,0.60875258,0.59302764,0.62786500,0.58126489,0.56880763,0.59198754,0.41278830,0.50144323
28796,0.48272420,0.46725582,0.51977236,0.49501996,0.52998876,0.49006606,0.51253273,0.48442948,0.53901676,0.60978666,0.62892304,0.53843431,0.48383964,0.39330997,0.38199937,0.38109403,0.43179223,0.28415642,0.51856866,0.38234551,0.38755068,0.38833480,0.46428220,0.60302917,0.37935977,0.46924076,0.40776008,0.42102392,0.52033240,0.60749263,0.51619880,0.46188037,0.47235823,0.53766398,0.56022489,0.55797680,0.66667110,0.60241401,0.63704872,0.53771213,0.51739882,0.42872431,0.46259212,0.42102978,0.42312670,0.42330576,0.50927481,0.00000000,0.53826387,0.57147425,0.47621488,0.36388628,0.58813575,0.45045775,0.37985295,0.47462897,0.61739878,0.38515687,0.30573137,0.50030391,0.41240166,0.52491830,0.48687545,0.41859644,0.55550444,0.53805752,0.55280325,0.37903819,0.60072027,0.62727573,0.61513897,0.46454924,0.53907103,0.56253712,0.49386290,0.58949711,0.57400804,0.49437864,0.61842665,0.65103832,0.54726489,0.51487672,0.18589351,0.55462034,0.49470104,0.54451780,0.48729854,0.59666443,0.58041942,0.45328247,0.58326657,0.62007886,0.45489790,0.52159909,0.56586735,0.43725669,0.54283882,0.46708989,0.60502743,0.53945606,0.48838786,0.49414020,0.46633877,0.53799811,0.58891253,0.38539592,0.45328386,0.43484615,0.50310938,0.53956387,0.57563895,0.23308054,0.48579910,0.51939436,0.48751498,0.63235776,0.59887758,0.63090182,0.52330617,0.56141064,0.32268917,0.51732205,0.46158870,0.50705137,0.38805474,0.41158384,0.31891522,0.46139034,0.39910311,0.45236282,0.45584280,0.49237329,0.43824207,0.43908056,0.44305821,0.55100045,0.65585308,0.58948491,0.54575692,0.49249502,0.56832671,0.53042701,0.47573186,0.60943287,0.56361316,0.51939436,0.53014697,0.60435625,0.54207604,0.44719204,0.60851383,0.51061187,0.29256799,0.51359655,0.58926486,0.47374775,0.54756426,0.46450354,0.57695069,0.54129445,0.52629229,0.47433431,0.51193028,0.50226844,0.53165940,0.54097127,0.53725217,0.49613468,0.53359125,0.52276832,0.48953618,0.52447994,0.54344964,0.40479637,0.54144099,0.52045548,0.44887129,0.56446080,0.68213643,0.51665912,0.59191386,0.50982795,0.53169487,0.55686690,0.56487089,0.57007445,0.52240576,0.48659600,0.50445554,0.49308928,0.66461223,0.63271935,0.60450946,0.51078235,0.63243962,0.59834367,0.53896377,0.45189923,0.55555796,0.37378258,0.49467847,0.56689813,0.52483749,0.28657418,0.46645647,0.34556287,0.37416194,0.31977149,0.56635148,0.59375772,0.57414842,0.57253755,0.50302115,0.54499622,0.48869280,0.46549891,0.42070374,0.51737032,0.47491467,0.46368702,0.58764366,0.51253273,0.44609187,0.58953900,0.56923881,0.22157723,0.60091290,0.60932025,0.49171171,0.61747597,0.56507431,0.56352198,0.42932725,0.49494638,0.50751777,0.58820837,0.49529572,0.55423205,0.50640136,0.67324904,0.45296073,0.43594036,0.53191444,0.46347975,0.46589966,0.49218529,0.52276832,0.59793156,0.69227725,0.48695267,0.46432733,0.46993807,0.53752734,0.32238441,0.33853109,0.47319188,0.63623801,0.37299705,0.47517309,0.55872173,0.45037617,0.53934576,0.53076545,0.58702448,0.47455961,0.43201988,0.47427824,0.46772198,0.54033956,0.60462480,0.56414541,0.51952940,0.53807933,0.36136135,0.65773873,0.61747597,0.61875264,0.58171060,0.57954911,0.54024046,0.42708419,0.33430030,0.51170452,0.56052533,0.47530569,0.62489180,0.55760978,0.56912098,0.53252841,0.53995192,0.51766824,0.47856519,0.53059491
29227-A,0.42934600,0.31586861,0.40436650,0.42414722,0.47917528,0.38732069,0.36672611,0.54318568,0.50206235,0.48037141,0.39334239,0.47917315,0.39986113,0.49319927,0.26967830,0.26014028,0.67865992,0.56469749,0.39836938,0.40614389,0.41670923,0.48146169,0.34813080,0.65525509,0.25404383,0.52852712,0.34585126,0.44552034,0.45956958,0.58752497,0.56521281,0.50976462,0.59154481,0.33510450,0.42490739,0.41993209,0.47458230,0.41345518,0.46286070,0.52481423,0.39056004,0.60266873,0.41984358,0.42175112,0.34099197,0.44781543,0.63569967,0.53826387,0.00000000,0.17023357,0.28621448,0.52117630,0.51078625,0.39557333,0.40608511,0.48738713,0.54158373,0.50712507,0.49642539,0.34572123,0.49779422,0.60586852,0.58233139,0.56527597,0.65150983,0.59936093,0.60279050,0.38993779,0.60267698,0.60153606,0.46715543,0.36220520,0.46314405,0.41760323,0.49763650,0.65754740,0.49057028,0.47412795,0.49637325,0.51529020,0.30263348,0.62363980,0.49157767,0.49130645,0.45307384,0.54124322,0.54072529,0.40492615,0.59312398,0.55275117,0.46667118,0.56444507,0.39187294,0.48761062,0.56365838,0.42871384,0.42643328,0.49867806,0.52414945,0.59936346,0.58117108,0.59945282,0.42540472,0.53351030,0.43983258,0.54229096,0.55837981,0.42865164,0.39765502,0.55932339,0.54211013,0.49647925,0.39174472,0.60047581,0.37301129,0.53476045,0.68487748,0.45399538,0.51940491,0.50789086,0.47804369,0.47821855,0.42780645,0.50873701,0.50045187,0.49917616,0.51338560,0.51060940,0.61706058,0.52357385,0.44734490,0.40480982,0.45735782,0.56097174,0.50537438,0.54683723,0.51543348,0.51136505,0.51134273,0.53991720,0.57928993,0.56899421,0.36059729,0.44549673,0.46253907,0.60047581,0.37881196,0.53038823,0.58516018,0.32097458,0.52016998,0.48659000,0.56203420,0.48766294,0.56641012,0.46060572,0.54282443,0.49044247,0.57051560,0.36509568,0.63762106,0.31166900,0.40022007,0.52576166,0.58390315,0.53862848,0.47401352,0.49112490,0.47605146,0.55188608,0.41505028,0.52096441,0.56134360,0.47081705,0.52696902,0.55522504,0.55942899,0.51336418,0.49831407,0.40125502,0.56935035,0.45162577,0.48206758,0.32959131,0.40999275,0.53576051,0.49985950,0.41810656,0.48718051,0.56602230,0.57590643,0.59521741,0.49242408,0.59737073,0.56545186,0.54190554,0.41429595,0.51431923,0.50514720,0.51391375,0.40362505,0.46070868,0.55280797,0.56258862,0.42657905,0.59780411,0.51132101,0.53464832,0.66955752,0.66421740,0.54825977,0.55849452,0.56956694,0.53455429,0.47109745,0.48025796,0.53062854,0.38052992,0.59623667,0.54421397,0.63066755,0.36672611,0.38244545,0.58149916,0.62773903,0.47636872,0.47487812,0.52128074,0.47676477,0.70487534,0.53877599,0.57192983,0.57213458,0.46273639,0.39561320,0.45491804,0.42895845,0.53464943,0.47465575,0.60653256,0.43205674,0.43739081,0.51079242,0.54568667,0.54522626,0.50201928,0.55188608,0.50121362,0.65059829,0.49760064,0.43753445,0.51003543,0.51151164,0.53310216,0.54226972,0.41794719,0.43978348,0.40884373,0.38396748,0.62331503,0.57501887,0.61514076,0.45079806,0.56251859,0.61174086,0.51903542,0.55328973,0.49795324,0.52931740,0.70416825,0.43215100,0.36538478,0.46978916,0.35888374,0.62517533,0.70487534,0.55748422,0.59491023,0.64049213,0.50789691,0.39334335,0.38735915,0.52283153,0.58407975,0.44038019,0.50337818,0.44760004,0.40010415,0.57625985,0.53675456,0.40090179,0.55763378,0.59460925
29227-B,0.42872678,0.35410039,0.42049774,0.42549916,0.53114684,0.40359401,0.39921201,0.47341712,0.44386296,0.39349358,0.38713193,0.43084213,0.38105620,0.48985932,0.32743532,0.27381262,0.64124481,0.56059203,0.38811597,0.43125207,0.44042182,0.53172618,0.39500560,0.64512224,0.26771617,0.53109630,0.38076032,0.46164094,0.47041332,0.60953997,0.54760179,0.50360176,0.58064222,0.33913980,0.40957067,0.38049511,0.44014193,0.40205128,0.46914726,0.47232903,0.39803047,0.59784864,0.44227269,0.45722303,0.32982130,0.42410011,0.63069033,0.57147425,0.17023357,0.00000000,0.27707176,0.55591251,0.49337215,0.38948499,0.43119329,0.50095917,0.47830093,0.51393371,0.54052074,0.41261712,0.48548637,0.60669842,0.55398772,0.59999688,0.61025120,0.59103900,0.61372741,0.39257755,0.48812170,0.59089615,0.48107691,0.33097588,0.43598620,0.45828305,0.44535507,0.63652341,0.49217172,0.45987266,0.47000079,0.45922637,0.36958311,0.60983447,0.49857092,0.47841251,0.44800857,0.49653886,0.56714846,0.42654665,0.59616527,0.56711559,0.47944828,0.57990134,0.42164177,0.51149362,0.54384309,0.47627178,0.44350821,0.50116935,0.50632364,0.57187255,0.58039913,0.57357842,0.41407993,0.52807322,0.41904598,0.60281445,0.61064556,0.38776396,0.49511999,0.59668168,0.52976188,0.55088461,0.42928314,0.64772336,0.38575693,0.52893894,0.63815171,0.43877543,0.55524264,0.53148555,0.50120033,0.47318094,0.48564342,0.53737155,0.50726051,0.47806768,0.48737944,0.53570027,0.58664337,0.52249192,0.46316683,0.38492981,0.51702913,0.57067102,0.52666944,0.52061352,0.46425775,0.51909593,0.53069633,0.54781452,0.61293918,0.52015221,0.36364473,0.42700821,0.45181270,0.64772336,0.34751435,0.54154004,0.57188307,0.34063421,0.56947391,0.45519009,0.57775398,0.49523840,0.53246832,0.47642765,0.51798183,0.52679869,0.59507275,0.31536177,0.69696554,0.30625608,0.44013963,0.56239216,0.60835457,0.56319419,0.52869993,0.52231206,0.52599310,0.54999933,0.44628592,0.55183621,0.53582705,0.51552541,0.55473297,0.58622707,0.61169473,0.59051349,0.44281698,0.35231715,0.56424888,0.46295856,0.54028864,0.37118075,0.44670810,0.50848279,0.51832162,0.46321295,0.45183112,0.58544224,0.58230967,0.58850403,0.48535430,0.62919418,0.60815721,0.52252080,0.50299481,0.53182769,0.55742774,0.51112688,0.35582084,0.44354585,0.54409465,0.55683840,0.41463706,0.62680132,0.54902792,0.54509827,0.68233671,0.68589709,0.56719960,0.53914344,0.55705984,0.49437887,0.46024063,0.48756597,0.59687195,0.34464157,0.61720321,0.54884265,0.65162235,0.39921201,0.37807689,0.53372971,0.62644772,0.50657453,0.45338864,0.57058466,0.47977418,0.71467118,0.53295427,0.57944201,0.61397288,0.42501377,0.43553276,0.42853058,0.45532613,0.47916384,0.47009188,0.58953738,0.41991343,0.44219382,0.54737955,0.57503469,0.54260665,0.50349299,0.54999933,0.46472108,0.65205424,0.49907435,0.45272410,0.53585935,0.45180033,0.54355211,0.58526373,0.44605687,0.42669667,0.40850292,0.48545138,0.64231410,0.57110234,0.60935548,0.50357088,0.57830752,0.58439110,0.54601200,0.55057700,0.51174765,0.51201576,0.71571865,0.44952980,0.40526360,0.41222737,0.42518501,0.66407554,0.71467118,0.58787586,0.62038506,0.63551256,0.49875804,0.40788621,0.39829408,0.52756152,0.60172206,0.45004476,0.47700572,0.47297557,0.41902583,0.62787461,0.55513426,0.41819850,0.55492105,0.56755804
29227,0.32763798,0.31439192,0.41158981,0.40085369,0.46552468,0.32129204,0.40328731,0.45994305,0.40436428,0.42990697,0.48235849,0.32165902,0.35329284,0.43500316,0.28639867,0.20520189,0.64615735,0.51892968,0.38188201,0.36659741,0.30781564,0.49465536,0.36136393,0.59437095,0.19910544,0.49679589,0.34300859,0.38374291,0.45866444,0.58987843,0.51293055,0.40353619,0.46687135,0.32128246,0.42225883,0.35157323,0.53908584,0.34532970,0.49677073,0.41069422,0.39597400,0.58908230,0.36437637,0.37938879,0.24579260,0.43056539,0.52284507,0.47621488,0.28621448,0.27707176,0.00000000,0.44651401,0.54054087,0.29841784,0.36653863,0.44298010,0.50011603,0.48468389,0.47322876,0.36410920,0.48902760,0.54699342,0.48759580,0.51112055,0.57945783,0.53376025,0.54157103,0.34473232,0.47448083,0.53110364,0.45896215,0.39163398,0.43005063,0.43595856,0.46915372,0.55403453,0.51466340,0.45364290,0.51390738,0.50479410,0.36557539,0.54192072,0.41687564,0.47769694,0.41414092,0.47139468,0.47560891,0.41260884,0.52765443,0.47419231,0.36445645,0.51071804,0.29199892,0.42901539,0.55299545,0.49393606,0.38521719,0.33334291,0.47780746,0.50672652,0.59327342,0.49962504,0.31457803,0.52707714,0.40871228,0.54485342,0.60055578,0.30090940,0.42990916,0.52167904,0.50873857,0.48790313,0.42039588,0.57669367,0.36848991,0.49183037,0.58027937,0.43126415,0.49642197,0.46555133,0.43315685,0.34463912,0.38367864,0.54660132,0.47801069,0.44195408,0.53154647,0.43199221,0.58271296,0.46704622,0.43632328,0.41034819,0.47042021,0.44178683,0.47233631,0.43394566,0.48077058,0.43409947,0.52823691,0.42942563,0.48641435,0.51449094,0.11720563,0.45532908,0.41613613,0.57669367,0.34608522,0.49699293,0.45873157,0.29557519,0.50966865,0.45460252,0.53019932,0.35960841,0.45939706,0.44958410,0.42822523,0.49999001,0.53652489,0.28778913,0.57251397,0.34504298,0.39292453,0.47986967,0.57958091,0.50729846,0.48512401,0.38373088,0.46820908,0.42828395,0.45051726,0.45907835,0.43672665,0.44259192,0.43735875,0.50567921,0.60160496,0.53201411,0.47642956,0.28386052,0.50473288,0.37364654,0.48150420,0.25193052,0.27744389,0.45504257,0.46936253,0.40052232,0.39767948,0.53784622,0.55569919,0.50395771,0.54656141,0.57289043,0.56392156,0.49222797,0.48783368,0.49028090,0.48093636,0.45654143,0.31090680,0.44007594,0.45475269,0.51497245,0.39976033,0.57697319,0.50023146,0.51568882,0.58375008,0.68095089,0.54897168,0.51666550,0.42427188,0.47596123,0.38491052,0.49630063,0.52545584,0.31589313,0.55611816,0.50097758,0.58562359,0.40328731,0.29553698,0.49949736,0.50845847,0.48818708,0.43786113,0.51077940,0.46073645,0.70646239,0.46203693,0.49323692,0.64597801,0.47396186,0.38831766,0.41913321,0.34610017,0.42006014,0.46640055,0.56832655,0.28874142,0.33378666,0.45874783,0.47700478,0.48339964,0.44876046,0.42828395,0.45485766,0.62587987,0.44434182,0.37637823,0.39259613,0.42830071,0.51414267,0.50386892,0.30575420,0.45594816,0.31983373,0.44947282,0.52516065,0.50419854,0.53748396,0.43571019,0.50054890,0.51155245,0.49483569,0.36849028,0.47505609,0.46908512,0.58406317,0.43287450,0.38685568,0.42560560,0.38883869,0.61560313,0.70646239,0.55449936,0.50491578,0.58518308,0.40144750,0.31902030,0.39724630,0.44854461,0.48267163,0.42093853,0.52091231,0.46399245,0.43451795,0.47222634,0.46831986,0.33733212,0.37283434,0.43442744
30376,0.47769676,0.48516875,0.54879164,0.45573498,0.55310463,0.44850193,0.47508605,0.46164981,0.47915451,0.57696991,0.53328731,0.46318466,0.35800494,0.29931140,0.38612690,0.40130322,0.52528798,0.45675257,0.51177389,0.41699471,0.38565664,0.51305460,0.40042613,0.63415097,0.40431069,0.49199030,0.46209675,0.48678562,0.53728169,0.63591718,0.45373488,0.42114677,0.44022981,0.51497283,0.50677118,0.46376505,0.62783916,0.45043706,0.58562512,0.52273713,0.44465415,0.51538140,0.39611635,0.38227869,0.42451920,0.33723444,0.52164245,0.36388628,0.52117630,0.55591251,0.44651401,0.00000000,0.53007669,0.45056649,0.41761967,0.47258157,0.63996727,0.43661754,0.34032635,0.42723495,0.47554633,0.57232074,0.48440407,0.50209365,0.62884229,0.51029243,0.55299136,0.37756911,0.56479317,0.60735503,0.44441917,0.48374523,0.53156932,0.51586204,0.51929427,0.63098693,0.55773918,0.46936290,0.55692070,0.61609873,0.46932573,0.56032053,0.29739104,0.49380745,0.56942221,0.51108728,0.56954451,0.43133764,0.55843503,0.36964854,0.45952233,0.55724948,0.46718227,0.38265362,0.57577434,0.37334685,0.47236616,0.41227652,0.58280978,0.54093377,0.45375685,0.49232384,0.44762909,0.52221829,0.52188064,0.43815405,0.49967114,0.37735183,0.39193977,0.45351331,0.50690283,0.38085880,0.53593907,0.58958372,0.44688955,0.62036482,0.59571601,0.51113243,0.44806468,0.46949187,0.31010180,0.44158221,0.40343166,0.57061596,0.42297230,0.36769145,0.40173625,0.40990965,0.37919182,0.45642207,0.48339549,0.54684694,0.49483077,0.38579032,0.46992918,0.46743904,0.56565188,0.46892099,0.54285238,0.43403954,0.49642806,0.50394018,0.47121415,0.55495378,0.44501504,0.58958372,0.38069947,0.46549657,0.49143093,0.42792700,0.47110500,0.52035393,0.36989323,0.41757002,0.55588212,0.47702732,0.46095087,0.46946257,0.53876742,0.45933346,0.48648697,0.39304300,0.39522827,0.46572497,0.57234139,0.49432967,0.48663664,0.42978687,0.53868360,0.52202421,0.41086924,0.34789781,0.47131880,0.41373711,0.40519965,0.46066903,0.49934011,0.51979793,0.59190967,0.44597691,0.61010444,0.37164013,0.46679716,0.49565474,0.48700823,0.55607662,0.51572114,0.53145711,0.48571786,0.43532056,0.59767367,0.56445642,0.57610101,0.54439288,0.51034889,0.52599638,0.49183221,0.35114925,0.45905602,0.38680282,0.45753344,0.50502013,0.52302418,0.45312912,0.43862355,0.45003770,0.38236601,0.37095839,0.47906036,0.51930881,0.42640378,0.52983102,0.51497670,0.55103391,0.53242636,0.46011142,0.35312475,0.45301284,0.27004161,0.33259662,0.49603030,0.47508605,0.44000017,0.43768761,0.57880124,0.34656744,0.53826290,0.47314816,0.50987857,0.53284663,0.51267317,0.48294973,0.33983892,0.47386175,0.38896534,0.52621182,0.41927084,0.53163983,0.43320744,0.54261975,0.46709026,0.46210191,0.45012900,0.49146533,0.45339509,0.51340025,0.52202421,0.44037780,0.56074206,0.48819056,0.39776168,0.43251710,0.46811763,0.37408551,0.41871500,0.41581367,0.60334769,0.39844943,0.50497655,0.47805112,0.38881032,0.54169349,0.49899212,0.53990760,0.48250801,0.44991698,0.41434390,0.42215322,0.49513029,0.50699592,0.44475432,0.47169511,0.50237167,0.40995758,0.54499164,0.53284663,0.49541164,0.52821426,0.53087422,0.43949673,0.39870739,0.39334895,0.39430893,0.53061444,0.52268641,0.55539085,0.53165973,0.47908598,0.44404718,0.53493792,0.49621123,0.41153792,0.36948636
37085,0.57005728,0.59089475,0.64954411,0.44073035,0.70009294,0.58512052,0.54046860,0.45552910,0.50235625,0.45464491,0.43424068,0.48520516,0.48227788,0.47898827,0.44986743,0.50469227,0.50576554,0.58037938,0.51179524,0.52689468,0.49658820,0.61157142,0.53912307,0.67216370,0.50817850,0.61995255,0.58351513,0.62842969,0.38974472,0.72836944,0.47029522,0.59557692,0.60526079,0.46153661,0.52851870,0.43794848,0.61802300,0.52233296,0.44241820,0.48889837,0.29578610,0.43964809,0.56097793,0.47288944,0.54935900,0.39097991,0.47690066,0.58813575,0.51078625,0.49337215,0.54054087,0.53007669,0.00000000,0.56182061,0.52811645,0.45246188,0.46578741,0.45740122,0.50563408,0.54033971,0.58931975,0.60443650,0.43337591,0.53738449,0.54899796,0.57096981,0.62201434,0.45668769,0.59576671,0.38156789,0.51046756,0.50038690,0.61422186,0.64245758,0.55962721,0.64351927,0.45825446,0.50810581,0.51957515,0.59477791,0.50044523,0.58356538,0.48442231,0.54154359,0.63324781,0.35132409,0.65160729,0.49478625,0.59924486,0.58872061,0.61531881,0.48518216,0.56950543,0.40354079,0.48094795,0.33144123,0.62570273,0.51109999,0.60453258,0.61968392,0.53778064,0.44494516,0.52503215,0.59013134,0.47983573,0.49045461,0.48001944,0.50587568,0.51462486,0.40226134,0.51813065,0.53213703,0.54659849,0.63080964,0.56420101,0.63516531,0.65060087,0.50901530,0.42770562,0.42382875,0.43685472,0.54950431,0.58590447,0.47735466,0.45352993,0.45619741,0.49460483,0.45545006,0.43164134,0.33523602,0.47377785,0.58208174,0.60399318,0.50490541,0.59119785,0.64010684,0.45914964,0.58972135,0.31455926,0.58740983,0.65607546,0.58875513,0.56566669,0.51070051,0.48937712,0.63080964,0.32772782,0.50534187,0.50534953,0.51887290,0.53455785,0.57626069,0.59779946,0.58824079,0.59446330,0.48128351,0.63770774,0.43702462,0.53776087,0.51441647,0.62089857,0.33249992,0.52016479,0.60984966,0.63285311,0.63467366,0.58988360,0.61908735,0.66155408,0.63678927,0.42435642,0.53227930,0.65022744,0.52949583,0.56127999,0.54911106,0.49094183,0.58105512,0.51636331,0.49870453,0.64876645,0.52414161,0.52270026,0.57383642,0.55280775,0.42784025,0.60434239,0.61900893,0.50463997,0.54897165,0.57668330,0.60126307,0.31007995,0.65480570,0.51668504,0.49119717,0.57044651,0.43009785,0.56143555,0.49738308,0.46370931,0.34399229,0.45958419,0.56285266,0.40497869,0.51799918,0.56950000,0.54264919,0.65797931,0.63053357,0.49604318,0.34812701,0.58616504,0.44307137,0.63289905,0.41762030,0.57143165,0.48965758,0.52918383,0.49867772,0.60548310,0.54046860,0.55322552,0.37131487,0.60942876,0.51742415,0.46029253,0.53468356,0.36030029,0.50222295,0.55970334,0.63546233,0.62536406,0.52268012,0.51578931,0.44225610,0.41206685,0.54120064,0.44401723,0.65282188,0.56799927,0.53527698,0.62404811,0.51758121,0.58363269,0.61480413,0.63678927,0.33450076,0.47866555,0.62469756,0.52009490,0.59454338,0.50357552,0.53056517,0.57853533,0.57061447,0.57981508,0.51355930,0.53839213,0.63138477,0.56615135,0.71759269,0.59672188,0.60896030,0.58194272,0.53225840,0.57148278,0.45450268,0.53462277,0.58369132,0.50631099,0.53551401,0.59146550,0.50683063,0.53722031,0.50222295,0.49282918,0.64907734,0.57819197,0.43575466,0.47536989,0.47780967,0.61755661,0.60202495,0.54444583,0.54171412,0.42441159,0.50728043,0.63636861,0.67368426,0.64256351,0.57158037,0.56176751
37262,0.21232366,0.23874475,0.27382889,0.38910545,0.42907726,0.22047188,0.34313735,0.38484459,0.34777369,0.45021040,0.43134744,0.32922418,0.33024574,0.48273325,0.31442084,0.22329197,0.69211004,0.55617841,0.34408889,0.32618989,0.29308641,0.49017341,0.30921930,0.63590963,0.22628654,0.43144184,0.32625091,0.27067157,0.38220589,0.51287093,0.53384690,0.31136567,0.38752511,0.37404391,0.43532029,0.37742528,0.54839934,0.41766507,0.50619675,0.43386347,0.39379134,0.61565958,0.30082046,0.39881114,0.23236538,0.41862971,0.55237376,0.45045775,0.39557333,0.38948499,0.29841784,0.45056649,0.56182061,0.00000000,0.32952049,0.45404743,0.57336056,0.45977543,0.43382892,0.34218612,0.34719513,0.53776430,0.48768788,0.53001488,0.58508417,0.49518646,0.55044173,0.33216169,0.43476509,0.57552358,0.43055551,0.33145477,0.24213767,0.44261287,0.46175828,0.57496241,0.54383760,0.37807581,0.51326072,0.49085453,0.36752629,0.56174378,0.39493088,0.37817536,0.36906455,0.41832821,0.41179671,0.38295067,0.50955150,0.41501914,0.40973050,0.47848877,0.28657635,0.45248545,0.56296162,0.48783810,0.34710843,0.41156252,0.45544790,0.48774863,0.61642756,0.49037479,0.34236440,0.52496715,0.42307500,0.50395170,0.56793512,0.34692416,0.41935278,0.50812844,0.44788217,0.47810639,0.37384564,0.55358357,0.31148699,0.44414061,0.58458414,0.45801651,0.49866588,0.50451124,0.41503130,0.34658911,0.36336166,0.49485858,0.44248422,0.41611818,0.52455204,0.42798077,0.54778351,0.52969739,0.33912088,0.27094624,0.43908823,0.46021394,0.43403491,0.41585884,0.51465771,0.40774741,0.54558520,0.40942808,0.42512486,0.53981523,0.27594189,0.43210542,0.39063643,0.55358357,0.39021619,0.54246474,0.47236949,0.25157334,0.48653093,0.45561627,0.53880650,0.37657159,0.52620364,0.35287139,0.40872229,0.53041188,0.51815756,0.26968877,0.57856637,0.39622800,0.40630471,0.40595863,0.52634114,0.44962732,0.45762269,0.36533827,0.45443779,0.39072516,0.41275517,0.39554624,0.40939667,0.46939029,0.44833050,0.48630768,0.56640612,0.47197240,0.53932136,0.29538540,0.48548726,0.35132786,0.42037605,0.24027193,0.33568957,0.51692945,0.41207901,0.24251914,0.24751771,0.55480105,0.61815792,0.51251919,0.57165459,0.55387648,0.63258750,0.52071647,0.46098423,0.47210444,0.46969495,0.45102293,0.20211568,0.44581772,0.47357238,0.54576796,0.40510453,0.57616123,0.47646855,0.45356687,0.56524523,0.59189884,0.52380872,0.46552423,0.44226299,0.41942728,0.34111997,0.49559304,0.48121747,0.32966834,0.56965344,0.46571808,0.60734831,0.34313735,0.23810180,0.41953968,0.46031711,0.44267860,0.47045165,0.48917229,0.44904426,0.76073842,0.46177835,0.50431475,0.58045009,0.38574835,0.39456618,0.38575101,0.36912417,0.47540783,0.46270008,0.53296358,0.24466201,0.30220644,0.47734519,0.45162543,0.41303997,0.42103607,0.39072516,0.48315309,0.65618098,0.40425793,0.32047865,0.40537188,0.43634630,0.45358174,0.45210178,0.24717611,0.47040258,0.30895406,0.46993234,0.47843792,0.46269351,0.49338956,0.37088853,0.50898263,0.47699182,0.44539261,0.36359055,0.41493530,0.38376194,0.58966843,0.47245735,0.36094719,0.33940167,0.31353832,0.65160689,0.76073842,0.57214215,0.43400032,0.58837467,0.43843392,0.31277241,0.36649756,0.38411381,0.40665955,0.35943807,0.54283050,0.48292409,0.44623694,0.42611951,0.42547329,0.23306357,0.36644455,0.37897971
37635,0.34258390,0.30477704,0.41891045,0.39647551,0.49108915,0.31130276,0.41332470,0.47224648,0.45278807,0.51900457,0.54018634,0.42241836,0.43862589,0.42960884,0.27918935,0.26445940,0.58067511,0.50740293,0.37359024,0.00211079,0.18951911,0.23372369,0.33060798,0.58466159,0.26805253,0.45111237,0.28140895,0.37009383,0.42297612,0.51033629,0.51556330,0.41789766,0.45112225,0.34744049,0.43655775,0.39436186,0.55551859,0.43864349,0.51304388,0.48986610,0.41699787,0.56622177,0.35434280,0.45848322,0.29585258,0.44838164,0.55848027,0.37985295,0.40608511,0.43119329,0.36653863,0.41761967,0.52811645,0.32952049,0.00000000,0.43607585,0.59196908,0.47097952,0.37752013,0.28862925,0.40476246,0.62389415,0.51882483,0.48028041,0.59827941,0.55948519,0.60981830,0.37306364,0.52266288,0.59581092,0.43857826,0.35805841,0.45290486,0.44318692,0.53414431,0.59370577,0.47605529,0.43758013,0.45052637,0.49739521,0.43002442,0.57300084,0.36333956,0.48153291,0.43171409,0.48475657,0.45630252,0.43693333,0.55104201,0.44067516,0.38739157,0.56649082,0.37019350,0.44932488,0.49844037,0.43473952,0.39173407,0.50539732,0.44952957,0.54376617,0.55403535,0.52680514,0.41720393,0.56892825,0.53994222,0.47361495,0.52219409,0.43630734,0.39494966,0.53280304,0.46160418,0.45515107,0.39278572,0.46020673,0.40844228,0.48833063,0.58431113,0.53396040,0.49923126,0.50476389,0.33098300,0.46765411,0.35481085,0.39963460,0.46899821,0.45921801,0.48048596,0.41130264,0.45524685,0.44510972,0.31963942,0.39371134,0.29116224,0.46965494,0.46374346,0.50507564,0.49501732,0.37574865,0.48045744,0.46454302,0.53696079,0.48218505,0.34796427,0.46694794,0.43117258,0.46020673,0.41637291,0.57171939,0.53246489,0.32458130,0.53122630,0.53038893,0.47931333,0.39543324,0.55995005,0.34137193,0.50129739,0.48640132,0.52572647,0.44125025,0.59346783,0.43267986,0.36830065,0.37321883,0.46551824,0.44574346,0.42527829,0.42011760,0.44171270,0.39773449,0.35276578,0.43125094,0.50701714,0.42059009,0.43335835,0.45747532,0.51746964,0.44114718,0.52257072,0.41290513,0.55965050,0.32175882,0.42825390,0.38232217,0.36512991,0.50453863,0.42513318,0.33348694,0.43923837,0.54845505,0.61542641,0.51163539,0.54893479,0.50203337,0.65272950,0.54705503,0.42606445,0.42525950,0.43224368,0.44399295,0.34134525,0.47246309,0.52686971,0.50561961,0.42342930,0.41557954,0.39558935,0.36835675,0.56168693,0.52475615,0.53854426,0.52374721,0.52877564,0.52060276,0.40967796,0.41695591,0.39616005,0.36708993,0.46362371,0.41944016,0.60484144,0.41332470,0.30448544,0.48606382,0.55087127,0.42295821,0.53512146,0.53261288,0.49590060,0.60226065,0.52023258,0.56241751,0.49633214,0.42587960,0.36246343,0.50907557,0.38143189,0.49918269,0.49397627,0.62276720,0.36295521,0.33719865,0.43681112,0.44681486,0.49773245,0.42679436,0.39773449,0.48249378,0.63785315,0.41451162,0.38970427,0.42232595,0.50358629,0.37079259,0.36361634,0.33034345,0.48404400,0.39188852,0.26113641,0.55183497,0.44786954,0.50536140,0.38124115,0.58778520,0.51702404,0.43686661,0.46591689,0.43416667,0.43597322,0.62564115,0.51950621,0.38596852,0.43663832,0.20576573,0.66161671,0.60226065,0.58848298,0.57323890,0.58222215,0.46753389,0.29623757,0.37386657,0.51211019,0.49640433,0.42720765,0.46096218,0.43680800,0.42560245,0.46840269,0.45978802,0.38623446,0.46558827,0.48315961
37760,0.47493966,0.46101032,0.53481835,0.46576201,0.58831420,0.44375903,0.49010758,0.47579309,0.51738773,0.44482249,0.49337775,0.44814178,0.40613477,0.47713500,0.43948751,0.41196354,0.60091302,0.53250193,0.48243485,0.43135596,0.40741160,0.46700187,0.40147836,0.64277693,0.41525706,0.50734428,0.48355024,0.52196591,0.46075035,0.59355105,0.47695027,0.53454619,0.53867764,0.57288522,0.42795690,0.39524154,0.59664972,0.50066500,0.55697270,0.42578610,0.43097211,0.55903214,0.47749755,0.44559730,0.38952312,0.43558581,0.58203824,0.47462897,0.48738713,0.50095917,0.44298010,0.47258157,0.45246188,0.45404743,0.43607585,0.00000000,0.48342830,0.51164961,0.44928179,0.40164320,0.49235159,0.60549530,0.53521799,0.58480058,0.60102485,0.59594587,0.56615154,0.42709819,0.47942720,0.58857811,0.51789565,0.45005080,0.48420331,0.52100788,0.45360823,0.54808701,0.42748460,0.46980045,0.53429554,0.53870139,0.52804489,0.55860074,0.42210763,0.45902391,0.58422391,0.43234371,0.56507140,0.48481215,0.54990801,0.52440103,0.52629350,0.54379567,0.46169881,0.45993244,0.39478160,0.42790495,0.50167836,0.40778686,0.50684874,0.50690395,0.54040676,0.55345228,0.41895339,0.57297453,0.49458354,0.52469839,0.56693474,0.45853977,0.39300123,0.45514607,0.43792307,0.50652911,0.45215412,0.55116486,0.45009159,0.65344154,0.54414315,0.45388816,0.48768459,0.48004598,0.46431399,0.36187768,0.41424013,0.50047243,0.49918397,0.46091514,0.48282422,0.44180665,0.56450124,0.44144729,0.44122754,0.48453173,0.52344608,0.48889618,0.51173015,0.44067986,0.47593917,0.46976458,0.43730202,0.52656592,0.60214330,0.42215966,0.40847346,0.53741864,0.46581509,0.55116486,0.38062834,0.54015822,0.50618576,0.42316980,0.46333676,0.43675151,0.48931407,0.40298774,0.54578163,0.46233600,0.43845027,0.45784622,0.56127751,0.40221189,0.53574421,0.42447224,0.42979065,0.49203813,0.55639424,0.54461007,0.47039864,0.48534485,0.57912848,0.52344305,0.47632471,0.43612484,0.43184600,0.52775546,0.47329849,0.41438927,0.56701331,0.47642250,0.53343466,0.44776793,0.46819815,0.42586518,0.42160950,0.45141402,0.54472669,0.50688058,0.43546937,0.48764455,0.47491844,0.52038153,0.56179655,0.58142400,0.48451964,0.51172406,0.58566671,0.50787050,0.47291029,0.51483982,0.44626279,0.48282305,0.39880889,0.47445675,0.49408444,0.50844192,0.42778973,0.55167412,0.45246987,0.48487451,0.57865063,0.55302590,0.57841775,0.46984972,0.53277054,0.47897316,0.54876845,0.43611545,0.45586449,0.41288197,0.59836382,0.50270239,0.58561315,0.49010758,0.43540838,0.48328469,0.61005409,0.47637370,0.51116707,0.46581906,0.48448242,0.56473769,0.47904923,0.56404719,0.54200896,0.48999227,0.42321832,0.44724277,0.30220214,0.48292217,0.46150275,0.56313515,0.38597623,0.42476778,0.47465274,0.47072860,0.51382066,0.46250420,0.52344305,0.46886931,0.61209066,0.46133318,0.44466167,0.47132210,0.46698179,0.48387936,0.52234303,0.47796593,0.55599354,0.43528230,0.51330057,0.48268068,0.43573350,0.55652332,0.48998461,0.50546910,0.61192779,0.50088797,0.49163191,0.41858476,0.44145480,0.57059080,0.42308767,0.48429691,0.51808844,0.41886010,0.56937663,0.56473769,0.49289077,0.58107565,0.56596446,0.43578125,0.38539873,0.50343018,0.47212272,0.54769828,0.52803085,0.54748422,0.48074525,0.49005473,0.55654568,0.53492302,0.46263284,0.48334431,0.50793289
37925,0.58199894,0.59798763,0.65312641,0.46532561,0.68150073,0.57549538,0.55816013,0.51894621,0.50656355,0.37348112,0.43926327,0.46117135,0.46479608,0.60035109,0.52898436,0.51059689,0.69125207,0.64494880,0.51259489,0.59234929,0.56530095,0.67768852,0.59508538,0.67667916,0.51046716,0.61579316,0.58726692,0.58643356,0.51046682,0.67939558,0.56164992,0.64386546,0.61625161,0.54610400,0.53060531,0.48661180,0.55486537,0.54081098,0.54217819,0.54479951,0.44224160,0.66150986,0.59747142,0.48759059,0.54092165,0.48383473,0.55227253,0.61739878,0.54158373,0.47830093,0.50011603,0.63996727,0.46578741,0.57336056,0.59196908,0.48342830,0.00000000,0.59046261,0.65692520,0.59623850,0.71809173,0.53227360,0.47741203,0.59116606,0.53246945,0.54383899,0.58145644,0.43909767,0.49936754,0.51332340,0.59530730,0.54144831,0.64387114,0.70454062,0.47781838,0.55677514,0.52349418,0.57461337,0.51216279,0.55610622,0.50955745,0.49318892,0.60167825,0.53119234,0.51981014,0.47681332,0.63418425,0.53124875,0.57668382,0.62085914,0.66186538,0.61576710,0.56304912,0.55265507,0.51152663,0.43555862,0.67161980,0.48015975,0.62255813,0.64618091,0.62532071,0.49662116,0.49735432,0.55282913,0.39035628,0.55925908,0.54577698,0.49321889,0.62304083,0.48118606,0.55234501,0.64133125,0.66296667,0.70745992,0.57260411,0.67706930,0.60200555,0.46972514,0.43109419,0.51595625,0.54644724,0.51035016,0.62613869,0.55725237,0.57052859,0.53320416,0.55444872,0.49036845,0.65111731,0.44585340,0.61293281,0.64188405,0.69114848,0.57183254,0.63493894,0.55308859,0.44698314,0.70151049,0.48051548,0.67591147,0.73431746,0.69647065,0.51982924,0.55885478,0.56002273,0.70745992,0.43955650,0.59127631,0.55070435,0.57147721,0.52584663,0.48818362,0.64469016,0.57566733,0.62514491,0.63008562,0.54269657,0.53539986,0.59154668,0.44131040,0.57036245,0.42755894,0.62827553,0.65785511,0.69609635,0.65622761,0.57872025,0.64269048,0.70085725,0.69069978,0.52265770,0.62406695,0.54823929,0.64237648,0.55610168,0.61958701,0.54464585,0.60902830,0.51983681,0.52347509,0.40091179,0.64451913,0.58475343,0.57623814,0.62700461,0.49035998,0.57957972,0.64646420,0.55476192,0.55120976,0.57876916,0.66180243,0.43246871,0.68562954,0.60043322,0.53972096,0.56621953,0.56724895,0.63284946,0.48168250,0.48819880,0.42093908,0.48490843,0.62430049,0.48499472,0.57805815,0.66280945,0.68715448,0.62758128,0.77349091,0.55478004,0.46710345,0.53741030,0.28960514,0.53858569,0.51873899,0.67429648,0.45118930,0.71033756,0.68598254,0.63733604,0.55816013,0.60806133,0.45918829,0.64295721,0.59194449,0.41713004,0.52753499,0.36650312,0.64038486,0.53955932,0.57906450,0.73847884,0.63140373,0.62347989,0.44199663,0.44446996,0.50260245,0.55696828,0.61424487,0.57280944,0.58271348,0.62259069,0.61486893,0.62034176,0.54871928,0.69069978,0.53306342,0.67167450,0.56649212,0.58464147,0.60470092,0.48666392,0.68539908,0.69275903,0.62243884,0.60022722,0.51494603,0.64686633,0.53733132,0.62250911,0.66613846,0.62486695,0.50871748,0.59821141,0.66563016,0.58693930,0.47476724,0.56768039,0.61883579,0.59831146,0.60723592,0.63583224,0.60399047,0.61305697,0.64038486,0.56409818,0.68863280,0.60213495,0.43155404,0.55476290,0.56333359,0.58946321,0.65419119,0.50978028,0.54664876,0.49285543,0.55478236,0.67157612,0.63492267,0.58760065,0.58808625,0.63874915
39176,0.51987609,0.51024223,0.55962586,0.46131069,0.55393446,0.46966207,0.38853913,0.34470193,0.43256153,0.53455988,0.49926912,0.45926384,0.48521860,0.41916327,0.41418980,0.40342877,0.55728855,0.44225189,0.50153166,0.46912470,0.42015609,0.51352694,0.46783936,0.62011984,0.40566268,0.35524629,0.43924042,0.50941469,0.49975983,0.60807557,0.34481298,0.46747036,0.47794721,0.55281665,0.56444028,0.45747459,0.63283024,0.52789219,0.53911035,0.62613478,0.41951088,0.52160053,0.47543436,0.33814187,0.39720731,0.40420680,0.51093520,0.38515687,0.50712507,0.51393371,0.48468389,0.43661754,0.45740122,0.45977543,0.47097952,0.51164961,0.59046261,0.00000000,0.37875058,0.47222435,0.50603595,0.50468780,0.37280191,0.38627082,0.55121676,0.45054731,0.53265525,0.25941679,0.56799313,0.45217196,0.53370453,0.45373634,0.52394688,0.60347915,0.53757341,0.61981233,0.57981093,0.44433906,0.62722605,0.59003378,0.51653422,0.53247561,0.33685145,0.48702857,0.58026625,0.43239539,0.55274036,0.51305586,0.53819730,0.49060709,0.59305171,0.57789882,0.47544660,0.44749733,0.54661227,0.39657214,0.56653098,0.44042862,0.57211431,0.59821747,0.39351619,0.37874489,0.31892900,0.48376751,0.49490535,0.39074473,0.44051827,0.39802544,0.51701504,0.47673991,0.55204255,0.35064576,0.54746386,0.56811581,0.49441302,0.67248633,0.51958544,0.52103483,0.41329120,0.49013319,0.38688052,0.46174850,0.53217847,0.48964290,0.03223361,0.26298643,0.43053470,0.41355328,0.50490564,0.43053282,0.47804392,0.56634528,0.51923422,0.39859148,0.43479018,0.53019295,0.55384806,0.61268709,0.48709166,0.46820077,0.51826892,0.53173633,0.48799215,0.55977345,0.53318705,0.56811581,0.37684874,0.50730567,0.41269004,0.44926200,0.53980028,0.55707794,0.45090175,0.51932902,0.47757247,0.49116508,0.52981835,0.34033481,0.54361783,0.47160033,0.52297267,0.39366770,0.49995650,0.46895967,0.59434862,0.51870533,0.49998179,0.48591775,0.54135895,0.56098567,0.44176933,0.47699033,0.53550325,0.42796112,0.50773996,0.53471991,0.43891378,0.55836615,0.62233751,0.45411826,0.57331692,0.53180145,0.50569669,0.51097029,0.58116972,0.47101329,0.53038868,0.52741216,0.43480666,0.46022274,0.59595967,0.60345219,0.50193588,0.56100056,0.52026872,0.52874523,0.49585425,0.40693811,0.55512021,0.38841840,0.47746142,0.37224464,0.44063088,0.44588979,0.45222994,0.43944707,0.42237539,0.41996918,0.58064281,0.62713493,0.45737279,0.41951917,0.49544118,0.47886561,0.60138861,0.36060488,0.44907624,0.47899511,0.53716953,0.49165295,0.47614590,0.38853913,0.45833684,0.48185714,0.54725032,0.34134424,0.49422083,0.54161357,0.42317204,0.57033125,0.53794262,0.46703442,0.48969425,0.48856245,0.49530700,0.48171231,0.53845788,0.65407441,0.53146599,0.60714731,0.44682262,0.46022140,0.56611446,0.39912517,0.38263743,0.50210209,0.56098567,0.45691147,0.56673274,0.48691254,0.44445550,0.45810218,0.50747008,0.42109356,0.44227038,0.47905042,0.59066429,0.27184592,0.46384235,0.53214534,0.43954585,0.59071123,0.50245086,0.51890528,0.42179069,0.36043856,0.46278991,0.47211424,0.54119486,0.54876595,0.47438235,0.53470465,0.56651921,0.38635900,0.53903061,0.57033125,0.49801418,0.51096885,0.44812043,0.41478265,0.40050617,0.40025426,0.39739854,0.53276227,0.47799388,0.62955257,0.51187430,0.52637454,0.54593790,0.56860459,0.56360319,0.45910242,0.48235781
40720,0.51590492,0.47242516,0.52525639,0.47653678,0.48832397,0.46764471,0.44622522,0.44570877,0.50867126,0.61229960,0.56376779,0.52798158,0.43576423,0.32513846,0.36933566,0.40307672,0.51344132,0.44364540,0.55479219,0.37980751,0.35922895,0.40764836,0.41019040,0.56842141,0.40419821,0.47990875,0.41502517,0.45806803,0.50609985,0.52312878,0.48242739,0.45476928,0.48125817,0.55100868,0.54938147,0.49936298,0.64677900,0.56850870,0.59370139,0.53285611,0.44636201,0.47007812,0.42860682,0.38231942,0.42317091,0.38906878,0.51909026,0.30573137,0.49642539,0.54052074,0.47322876,0.34032635,0.50563408,0.43382892,0.37752013,0.44928179,0.65692520,0.37875058,0.00000000,0.45817727,0.39029931,0.55336426,0.46379043,0.38606537,0.60125038,0.46654801,0.50557384,0.39743243,0.60895214,0.59760783,0.57298830,0.45370570,0.49336203,0.51974871,0.53032855,0.58295055,0.54052299,0.43754034,0.62256567,0.56135993,0.50589885,0.55604893,0.26874777,0.48612312,0.55403727,0.47372486,0.47075164,0.53374105,0.48993734,0.38428161,0.52505854,0.53982562,0.45737805,0.41935077,0.53770531,0.39702341,0.49852924,0.45114459,0.53171962,0.50635051,0.40652778,0.47401115,0.44679388,0.42582864,0.55444806,0.30552175,0.36781585,0.40879847,0.38835525,0.47207950,0.53460133,0.32948012,0.46634297,0.38109601,0.46930222,0.60777056,0.49147485,0.54302923,0.45834603,0.47917538,0.30474940,0.47108011,0.40875183,0.51934106,0.37150538,0.38124109,0.42304140,0.39379641,0.41516182,0.44453021,0.34732585,0.49515209,0.42115587,0.40120574,0.37572594,0.53298653,0.59252400,0.52873567,0.49255249,0.41652337,0.48975653,0.43904941,0.46574605,0.60260926,0.48738293,0.38109601,0.44168646,0.49138287,0.48589644,0.37985158,0.51868987,0.53171512,0.39441894,0.46659991,0.51066012,0.34755857,0.53365910,0.37814556,0.50430783,0.48599954,0.51870208,0.43592389,0.40559652,0.37771369,0.41336803,0.41501237,0.38834756,0.40787551,0.43317883,0.45651480,0.40231374,0.37959990,0.52497974,0.33807639,0.41616267,0.48332355,0.36209896,0.49144208,0.67507486,0.47562896,0.55988894,0.39920352,0.43535256,0.52422835,0.51809158,0.53858125,0.43322829,0.47264599,0.48047184,0.36166532,0.59470903,0.55799537,0.55267006,0.39639911,0.52447821,0.57387707,0.40451360,0.31991930,0.45335804,0.41222539,0.49674742,0.51864042,0.51092858,0.45334949,0.44173254,0.38320428,0.11316587,0.21785268,0.51280694,0.47942091,0.47490960,0.51352924,0.53558215,0.53723678,0.53236388,0.36385472,0.33102062,0.53563465,0.42265052,0.32295399,0.52335429,0.44622522,0.41337510,0.50418088,0.52396781,0.31711250,0.57376270,0.52018034,0.49075772,0.59235230,0.46843377,0.43037851,0.37076126,0.37960131,0.40129735,0.57418367,0.45926814,0.61821121,0.43229798,0.56454423,0.45065587,0.40134956,0.45263982,0.41327411,0.38363715,0.45307431,0.45651480,0.49657778,0.52993444,0.45494040,0.40736717,0.37589146,0.50294429,0.22329636,0.23760674,0.42960367,0.58161713,0.36420449,0.43952281,0.52491525,0.39309938,0.53168410,0.47166918,0.49940736,0.43302552,0.37930168,0.42809718,0.51042090,0.50450706,0.51637301,0.39911163,0.47974556,0.49199665,0.33339219,0.54622116,0.59235230,0.51189297,0.46871331,0.48921156,0.50447693,0.35378533,0.36362905,0.41864189,0.44819961,0.49207727,0.62603908,0.53174230,0.50780964,0.44494848,0.50666249,0.53831309,0.42522467,0.45363978
41169,0.36673511,0.32987594,0.44282303,0.41126849,0.47112970,0.28316851,0.39422617,0.45828351,0.43514888,0.53627348,0.50402370,0.41442733,0.40274961,0.50972135,0.31949827,0.29556533,0.68907551,0.56743082,0.41603337,0.28385737,0.30104026,0.35941058,0.09568433,0.57035958,0.30087611,0.45833824,0.34485959,0.38608746,0.47946978,0.54077060,0.52503587,0.42395590,0.49548884,0.43713889,0.40012459,0.37344001,0.58093109,0.41396071,0.57184974,0.53664471,0.43729181,0.63554626,0.37161620,0.40575409,0.30684299,0.45337659,0.60324323,0.50030391,0.34572123,0.41261712,0.36410920,0.42723495,0.54033971,0.34218612,0.28862925,0.40164320,0.59623850,0.47222435,0.45817727,0.00000000,0.47254013,0.60236986,0.52311657,0.52614284,0.65726597,0.57107150,0.61045993,0.41046461,0.49022613,0.62775690,0.32288491,0.40862589,0.42815100,0.33430273,0.54241173,0.64953481,0.44311087,0.43996217,0.45633697,0.53902730,0.41923640,0.60421892,0.47405551,0.49986729,0.51415152,0.48598985,0.48732696,0.31881868,0.60223146,0.44724850,0.37543705,0.53564847,0.34122003,0.41973160,0.52002782,0.46047909,0.33383181,0.48812332,0.49057036,0.58461854,0.57876477,0.53764108,0.41540950,0.56400931,0.53796667,0.53649812,0.59262603,0.41858323,0.33565539,0.56242526,0.48702404,0.51561530,0.32393240,0.49586432,0.41764031,0.51184332,0.59250045,0.47395441,0.53220643,0.51094158,0.39637434,0.42113582,0.34129841,0.47889383,0.46411082,0.47005296,0.54448820,0.45685655,0.55238520,0.48952039,0.36664363,0.37436297,0.36953108,0.47077166,0.43008402,0.47289710,0.52844367,0.35867905,0.48008841,0.49511711,0.55054918,0.51224402,0.35320413,0.46794177,0.44292804,0.49586432,0.37583339,0.48562657,0.48584860,0.32209626,0.41704926,0.53917822,0.53250138,0.37795805,0.50393717,0.38369010,0.47036017,0.47444505,0.53365740,0.35316777,0.60383805,0.38969624,0.31398972,0.36440268,0.49391033,0.40597522,0.45623056,0.34159536,0.41360116,0.45656711,0.36705951,0.44370731,0.47731572,0.42654197,0.37311186,0.47057698,0.59217431,0.45003702,0.53513421,0.37649815,0.53493699,0.31867752,0.40297291,0.33400008,0.30679318,0.52714326,0.38954415,0.38139562,0.44142038,0.52768560,0.57066612,0.49985234,0.54179464,0.53750991,0.57385188,0.47698417,0.38498730,0.49503111,0.40612456,0.50336889,0.36921690,0.47154008,0.53172961,0.55743808,0.43239278,0.54398141,0.44867348,0.40285874,0.58700841,0.65177167,0.53124787,0.51043673,0.53445904,0.49547662,0.48606736,0.43440566,0.43276281,0.37825300,0.51020459,0.42378633,0.57846185,0.39422617,0.32344914,0.48470958,0.60887754,0.48547470,0.55068554,0.41955874,0.51465215,0.62964601,0.52572208,0.52617863,0.57002678,0.46720013,0.30555941,0.49550042,0.41106886,0.57890521,0.47436015,0.56725462,0.35534209,0.36543277,0.41397132,0.44557060,0.47186688,0.47053482,0.45656711,0.47590910,0.55544669,0.45875586,0.38609580,0.39284241,0.51918764,0.40342704,0.45719086,0.32817784,0.39871723,0.40404938,0.30497465,0.56787058,0.52610429,0.50833165,0.31891635,0.57280390,0.55774368,0.47345290,0.46380365,0.50873143,0.46633604,0.65120157,0.46181936,0.36518542,0.43343599,0.29823737,0.57154629,0.62964601,0.54296264,0.55285591,0.56752329,0.48197998,0.31451728,0.43154922,0.44176249,0.52964541,0.48615827,0.47301572,0.46880361,0.43826942,0.47757622,0.45378726,0.34777998,0.46172844,0.49326540
41588,0.45797055,0.44453843,0.44979455,0.54352053,0.53952321,0.39087700,0.49163941,0.50091302,0.55554384,0.61652804,0.58784265,0.55498624,0.52575657,0.50683571,0.40833474,0.38408822,0.62842140,0.51453308,0.53070716,0.40323521,0.35644050,0.45965523,0.43139956,0.65810260,0.38085196,0.54994825,0.40595830,0.42307470,0.53959795,0.58295827,0.53752272,0.39308210,0.45330537,0.50921522,0.52360804,0.50964334,0.67643217,0.55184651,0.62778559,0.54204543,0.52157652,0.55607754,0.40035548,0.50899363,0.40574832,0.49932513,0.66798657,0.41240166,0.49779422,0.48548637,0.48902760,0.47554633,0.58931975,0.34719513,0.40476246,0.49235159,0.71809173,0.50603595,0.39029931,0.47254013,0.00000000,0.65525901,0.60167444,0.58848507,0.62887016,0.59280962,0.62898704,0.47906257,0.57794908,0.67548812,0.56907919,0.40849754,0.36519710,0.51256494,0.60346378,0.63265982,0.52665310,0.47659695,0.65692100,0.58750181,0.58847370,0.68078525,0.38125150,0.52576574,0.54168008,0.53292434,0.51649641,0.60182917,0.60412340,0.50898646,0.53548871,0.60814024,0.43307285,0.53224836,0.64152389,0.55315808,0.47327888,0.53774718,0.53550211,0.52736809,0.56133704,0.60980795,0.48960069,0.54843509,0.60635403,0.51248715,0.58373961,0.46928574,0.49818067,0.59118740,0.51422449,0.42040540,0.46538412,0.57995052,0.45753494,0.58235507,0.59449077,0.58882102,0.56697823,0.57318926,0.40763839,0.50761745,0.45914948,0.59563837,0.50175035,0.46938652,0.52066372,0.52022294,0.53231036,0.60936409,0.27311392,0.32158557,0.44908243,0.50980899,0.48958319,0.54429909,0.68080788,0.53701039,0.56820159,0.47952437,0.53985408,0.42741975,0.47344863,0.60017894,0.52993316,0.57995052,0.51191112,0.61579120,0.59200374,0.33724189,0.59306637,0.60701857,0.44855338,0.50824312,0.56400719,0.28856657,0.54526985,0.53549552,0.61922534,0.50776290,0.66477999,0.50226126,0.45767455,0.47594713,0.53607095,0.48889527,0.51879243,0.47379610,0.51764198,0.49390835,0.49946211,0.50523093,0.54370028,0.49046539,0.53022121,0.53910442,0.58354367,0.56441171,0.68826381,0.50603262,0.59230404,0.47633053,0.53394573,0.36740724,0.54745199,0.61788160,0.52725741,0.34732709,0.42563259,0.56901786,0.65643901,0.61450338,0.64359896,0.51785241,0.69129194,0.58641919,0.53419737,0.46902485,0.53768866,0.54549469,0.33442117,0.57194408,0.57573681,0.52726249,0.51456977,0.52857240,0.44376899,0.39536889,0.65146852,0.54552058,0.61982026,0.57640628,0.58136140,0.58038846,0.49901682,0.48480724,0.51203983,0.50260630,0.56945397,0.45377987,0.65312580,0.49163941,0.23656946,0.54539484,0.58917438,0.39812681,0.60045539,0.59421105,0.59119583,0.70203716,0.55221368,0.58011399,0.50029283,0.36214657,0.45712470,0.60291360,0.53831163,0.66512510,0.54512637,0.68719233,0.32160760,0.36186927,0.58183275,0.49138125,0.46650139,0.53523056,0.49390835,0.57472999,0.69177083,0.53738093,0.45173936,0.50126288,0.56382559,0.39592806,0.43467388,0.43982444,0.59852444,0.39714908,0.47999753,0.56737925,0.48245067,0.59886575,0.49926803,0.60254399,0.52107107,0.43349343,0.51193264,0.57060859,0.43487930,0.64735235,0.49290932,0.41703017,0.34036625,0.36686735,0.70824532,0.70203716,0.65395413,0.57942172,0.58466752,0.56737409,0.43625083,0.38871825,0.52303476,0.54880116,0.49859405,0.63242956,0.55766586,0.52844243,0.56193577,0.53822015,0.42619217,0.50676972,0.53952926
41731-A,0.57822393,0.58785369,0.62603800,0.51392528,0.62440583,0.63774731,0.56643238,0.50502399,0.49547642,0.55246084,0.63522535,0.49189974,0.50065872,0.58450844,0.52129178,0.48507275,0.66025410,0.57594174,0.58466090,0.62416616,0.54998501,0.67152908,0.59411235,0.59411033,0.48622167,0.59933997,0.61545433,0.56782139,0.57852160,0.62314343,0.57127157,0.54264416,0.43216984,0.60567135,0.60603951,0.56273350,0.63781782,0.57141527,0.71691603,0.57508931,0.50659309,0.62983395,0.60467122,0.47286736,0.54054785,0.53593102,0.37632529,0.52491830,0.60586852,0.60669842,0.54699342,0.57232074,0.60443650,0.53776430,0.62389415,0.60549530,0.53227360,0.50468780,0.55336426,0.60236986,0.65525901,0.00000000,0.24400175,0.46543446,0.32144669,0.54285607,0.50894549,0.45219925,0.58738134,0.43807384,0.63249442,0.58927220,0.64625044,0.72690975,0.50625196,0.49754785,0.67349690,0.56429575,0.61762041,0.61775996,0.57814423,0.27269989,0.51345053,0.53938694,0.52149336,0.43766448,0.57602217,0.58203995,0.52630592,0.56186587,0.67729521,0.66709154,0.53520302,0.54189847,0.65003770,0.49514891,0.67034276,0.39418592,0.59192569,0.62941445,0.61189441,0.25707784,0.46753401,0.60209800,0.49841122,0.52344111,0.56775868,0.45496384,0.68335201,0.53895711,0.66955579,0.54805165,0.69143926,0.71693397,0.54833468,0.64509627,0.65727193,0.57181612,0.43804845,0.50207036,0.53289648,0.46130966,0.61866834,0.57619071,0.48051356,0.52764800,0.60461927,0.51379010,0.58978431,0.52231733,0.64787883,0.63917043,0.66111504,0.34117095,0.55145265,0.53655330,0.66423773,0.72143202,0.60663012,0.60518425,0.64282027,0.64740354,0.54254328,0.59333016,0.60994882,0.71693397,0.54799540,0.59842665,0.30491976,0.55453879,0.62800165,0.52281605,0.57022077,0.58354955,0.63906616,0.65725650,0.53518372,0.50730597,0.54174403,0.53297144,0.45698932,0.49084584,0.65063827,0.62963641,0.71095781,0.65695871,0.57823460,0.59671159,0.66062845,0.67482953,0.59437723,0.61478508,0.54690174,0.54484075,0.55789336,0.64238001,0.56044781,0.68424568,0.63578892,0.56296979,0.55114047,0.64964050,0.65837721,0.57248906,0.61024781,0.44233368,0.65070208,0.66004882,0.50879778,0.55263162,0.57668628,0.62095078,0.58412668,0.72058151,0.59608054,0.48404109,0.57377274,0.58265480,0.68781351,0.31741915,0.53454531,0.49817368,0.29743429,0.57760250,0.45771366,0.53347921,0.63027626,0.61667642,0.61688033,0.79183276,0.54243572,0.44457717,0.21249767,0.48343311,0.51256122,0.58847360,0.66684381,0.54855615,0.66697329,0.63061375,0.62277049,0.56643238,0.62568379,0.54915833,0.61831143,0.54727610,0.51987159,0.62941365,0.49673504,0.63825301,0.52022053,0.56156066,0.66884813,0.60686679,0.64601370,0.55074674,0.58104974,0.54122422,0.54696783,0.64120471,0.52735773,0.57476210,0.66987930,0.52407302,0.46070818,0.59076544,0.67482953,0.61950332,0.69244203,0.62089804,0.59248052,0.59596399,0.54029941,0.62118229,0.57236588,0.56016521,0.68553163,0.41879586,0.67778635,0.52225086,0.58181959,0.66339285,0.64689382,0.53253348,0.53859323,0.52266762,0.49232614,0.49784796,0.66893954,0.58834415,0.57882356,0.63403975,0.65386885,0.55552018,0.64994403,0.63825301,0.62050733,0.58456670,0.59424417,0.47365401,0.53727173,0.52762957,0.49901532,0.63303738,0.51440122,0.63991852,0.63487061,0.63007842,0.67853636,0.62988261,0.60754940,0.49468252,0.58048202
41731,0.51154737,0.55645299,0.57889172,0.46063973,0.55336269,0.52404122,0.49473677,0.41080032,0.44813038,0.52103190,0.50377236,0.39337764,0.40134276,0.45380467,0.44186628,0.43302496,0.59948179,0.58086090,0.51639418,0.51909684,0.43432613,0.62383058,0.50745378,0.59891404,0.43417388,0.52797439,0.55022902,0.52863050,0.44334230,0.61897913,0.49714339,0.45215720,0.37720569,0.54210968,0.53122523,0.44584021,0.63172945,0.51029719,0.57991538,0.47975119,0.36754955,0.59987214,0.47496205,0.39509506,0.46035153,0.41384789,0.27478500,0.48687545,0.58233139,0.55398772,0.48759580,0.48440407,0.43337591,0.48768788,0.51882483,0.53521799,0.47741203,0.37280191,0.46379043,0.52311657,0.60167444,0.24400175,0.00000000,0.36642592,0.29666550,0.43340680,0.45640150,0.33781163,0.52174310,0.37108747,0.51667537,0.52972203,0.57306842,0.64020411,0.43865458,0.45730555,0.56128329,0.49861118,0.52539401,0.60063198,0.49540934,0.28466925,0.42794483,0.49124787,0.50318149,0.32822718,0.49466887,0.47154657,0.43227961,0.45345354,0.61564621,0.48074752,0.46634640,0.41839027,0.54488018,0.37648639,0.57565560,0.33804037,0.55803991,0.56875518,0.50902843,0.01142201,0.36600408,0.49836437,0.41768782,0.44613510,0.49187437,0.38795741,0.55153757,0.42854008,0.52818905,0.51128131,0.56382257,0.69638728,0.45542917,0.56867821,0.56352983,0.46917903,0.32375195,0.37275452,0.39238766,0.40865117,0.53962513,0.43213804,0.34862768,0.38956405,0.54239016,0.34008716,0.53860772,0.38037481,0.52984932,0.57887345,0.59801280,0.26432245,0.51073275,0.42844920,0.50657206,0.62290749,0.47194139,0.46110367,0.52779206,0.63756242,0.50448252,0.55563912,0.47850102,0.69638728,0.41614988,0.52060981,0.15839785,0.48556590,0.51955089,0.46606431,0.54390217,0.51094928,0.48789419,0.53922699,0.42803048,0.37304367,0.45839532,0.41166524,0.41360958,0.37597524,0.53136124,0.57059164,0.65487099,0.61162862,0.50691154,0.51536898,0.59543852,0.60486901,0.47941003,0.50675152,0.43548793,0.43082442,0.48154417,0.56564078,0.48456349,0.58379970,0.59465627,0.44484687,0.51887195,0.52629556,0.52571822,0.49538242,0.52566041,0.41331132,0.57866226,0.59951471,0.40028741,0.45700171,0.55053326,0.53214279,0.48862040,0.67693914,0.49774541,0.49363688,0.51718361,0.43116218,0.55549710,0.21756426,0.45790380,0.37927123,0.15805837,0.58128802,0.37334412,0.44618448,0.55036807,0.55568117,0.52842164,0.72974592,0.40500997,0.33376389,0.22317524,0.43129262,0.48109417,0.44257241,0.56558756,0.48359164,0.57202144,0.56806141,0.45943904,0.49473677,0.51960326,0.43152020,0.48900753,0.47014837,0.42359213,0.52096289,0.37445867,0.52547961,0.44098679,0.48819997,0.59659485,0.54106282,0.52673667,0.43923585,0.43996611,0.48679653,0.42520564,0.54625787,0.48909241,0.46415032,0.59780653,0.41904499,0.37522606,0.50735062,0.60486901,0.44238177,0.53217174,0.53748322,0.44824071,0.51247862,0.43143478,0.56018704,0.45744696,0.48651022,0.58895565,0.30747005,0.60480743,0.43528857,0.49271135,0.57406630,0.55510344,0.41199857,0.43330066,0.40989340,0.37281489,0.40733679,0.53989998,0.47291765,0.49775298,0.54206687,0.55563425,0.49894267,0.48838463,0.52547961,0.49697509,0.44164409,0.49462123,0.36481353,0.41383081,0.44352902,0.39742195,0.49346796,0.44471431,0.54769212,0.48977659,0.52810330,0.55231566,0.53629943,0.54934463,0.37517127,0.45251271
42500,0.52352042,0.56862488,0.59630593,0.52221210,0.51993954,0.56348100,0.50377633,0.48791942,0.59352062,0.59674855,0.58840082,0.46919363,0.47322630,0.50658093,0.43408748,0.45018238,0.53542572,0.48929831,0.57605981,0.48234383,0.38978644,0.54290582,0.51680979,0.63701237,0.44927076,0.60831784,0.53107982,0.53051564,0.50216085,0.58869055,0.54715190,0.43013350,0.41227419,0.58469253,0.54415555,0.45586821,0.69748224,0.57691730,0.64216722,0.61969397,0.49103859,0.50340358,0.53123644,0.47073983,0.48573194,0.41184135,0.43654403,0.41859644,0.56527597,0.59999688,0.51112055,0.50209365,0.53738449,0.53001488,0.48028041,0.58480058,0.59116606,0.38627082,0.38606537,0.52614284,0.58848507,0.46543446,0.36642592,0.00000000,0.49416249,0.44549530,0.46544212,0.44358554,0.59365408,0.49545626,0.53047961,0.55238673,0.56796442,0.60635384,0.55569955,0.60094715,0.59924441,0.47276266,0.64152496,0.56672250,0.56672974,0.47421680,0.38467513,0.57080119,0.53456227,0.44509035,0.52136187,0.52258902,0.55187739,0.48601222,0.53365035,0.56564614,0.44921753,0.50032049,0.58369678,0.43619332,0.56112459,0.45634601,0.54348891,0.57936039,0.54092228,0.36562559,0.41905398,0.44922845,0.53492228,0.40200130,0.42668962,0.50274662,0.48526824,0.49829578,0.55230584,0.42502042,0.52331646,0.50862659,0.53950612,0.60384302,0.56278073,0.57664209,0.42474802,0.43022397,0.38089900,0.46359781,0.47784649,0.50397731,0.37151244,0.46835721,0.48826530,0.34970375,0.50076542,0.47235213,0.46492493,0.62061620,0.52229155,0.37458489,0.27946973,0.54440816,0.53605412,0.60326278,0.52650697,0.45136742,0.53176038,0.60692485,0.54679103,0.61207968,0.51902236,0.50862659,0.49254446,0.60682636,0.37076114,0.49114082,0.55108926,0.59028763,0.50057016,0.44714080,0.48145503,0.46697920,0.54064393,0.34852209,0.56602393,0.51650160,0.51975282,0.46651215,0.46017029,0.44189179,0.53341380,0.45256922,0.47579255,0.42903513,0.45673107,0.48666105,0.43640870,0.50133104,0.53919671,0.30692986,0.49865752,0.51053853,0.42420888,0.54989412,0.66312788,0.53548348,0.58070946,0.49630963,0.50747778,0.59578623,0.56681538,0.53529972,0.50360912,0.58020519,0.50730678,0.44518813,0.66687097,0.59825972,0.53915477,0.56155083,0.61590040,0.62790278,0.44258477,0.44036704,0.53933047,0.36084473,0.55780177,0.48000298,0.42167821,0.49394201,0.44898474,0.44400608,0.45190722,0.43456454,0.58333442,0.62077849,0.42084319,0.47448830,0.41836560,0.50350996,0.55996713,0.40890895,0.48799365,0.55636541,0.50007199,0.46530880,0.56226527,0.50377633,0.51542310,0.52041377,0.55454890,0.39652014,0.53396904,0.55209541,0.49918938,0.60429312,0.47902910,0.42806066,0.57500496,0.53511534,0.46007965,0.58322499,0.49551220,0.57944015,0.49464718,0.60315511,0.50682022,0.49690527,0.48482653,0.28477426,0.40773217,0.52321145,0.48666105,0.53599052,0.65057294,0.52596722,0.46384248,0.39368174,0.49939343,0.43658376,0.35690330,0.47544180,0.64880484,0.39887958,0.50238369,0.53777178,0.52143154,0.44683507,0.49253283,0.46005626,0.39531399,0.30725210,0.42388860,0.48933736,0.55107764,0.56802777,0.54191933,0.48624982,0.56480347,0.42818931,0.64027692,0.60429312,0.56816527,0.49867093,0.52688964,0.43966918,0.41748490,0.43548049,0.48592873,0.53328553,0.47513632,0.65434140,0.53374326,0.61038596,0.47906603,0.43172880,0.57828521,0.43289408,0.55447323
47240,0.55556626,0.59523122,0.58781501,0.53274313,0.61137014,0.62390215,0.56892139,0.53236311,0.52212057,0.53625401,0.58075469,0.50454751,0.51082095,0.57941174,0.55255598,0.54510120,0.63902316,0.60469568,0.56753347,0.59753452,0.56415058,0.64070360,0.62364205,0.67345798,0.54465640,0.60388454,0.59800817,0.55229174,0.55011165,0.69279644,0.55185113,0.61008829,0.52487505,0.55804092,0.59773249,0.55587585,0.65417350,0.60454484,0.61743326,0.50523560,0.50255490,0.62335248,0.59981433,0.54864537,0.55057472,0.54194907,0.44362641,0.55550444,0.65150983,0.61025120,0.57945783,0.62884229,0.54899796,0.58508417,0.59827941,0.60102485,0.53246945,0.55121676,0.60125038,0.65726597,0.62887016,0.32144669,0.29666550,0.49416249,0.00000000,0.66965405,0.62067930,0.47564176,0.58939805,0.48877001,0.62257849,0.57292631,0.64501716,0.72232446,0.47665772,0.43364844,0.62942482,0.61302961,0.57756181,0.67118360,0.58410392,0.25815747,0.52914049,0.60249088,0.48997919,0.42541074,0.54820161,0.59761707,0.46112192,0.68014594,0.69353991,0.56672194,0.51771592,0.56325598,0.60780137,0.49881287,0.67816475,0.53691705,0.62021783,0.59753509,0.64905434,0.29473854,0.55720925,0.67817488,0.50896577,0.55791406,0.58880803,0.51338055,0.64217458,0.48384940,0.64211930,0.60036005,0.63736623,0.72362486,0.49433853,0.55548263,0.67478511,0.61397475,0.50800935,0.50675572,0.53673388,0.57563515,0.63480208,0.48564058,0.52730245,0.55751979,0.58262345,0.44047192,0.64255071,0.49420033,0.59883662,0.60812502,0.67502364,0.44630699,0.64291822,0.58669112,0.59394819,0.73650833,0.58446447,0.60622121,0.67372974,0.67157784,0.59711083,0.60375947,0.60781431,0.72362486,0.54164242,0.65457597,0.40454375,0.55823431,0.67526949,0.51448100,0.60175296,0.66100578,0.68128284,0.62045877,0.57875191,0.53986878,0.56909326,0.57119188,0.52907106,0.52844227,0.65307194,0.69941128,0.69621980,0.71990788,0.63611124,0.63260874,0.67604345,0.67706823,0.54605311,0.60944267,0.59359026,0.54799756,0.63501075,0.63232525,0.58395981,0.67732324,0.61289144,0.58959801,0.59586684,0.62931021,0.67091251,0.60555545,0.63681051,0.51866414,0.73973860,0.63103879,0.55973306,0.63516812,0.63548808,0.66449489,0.56560816,0.74396244,0.65609964,0.57644170,0.63382776,0.61623676,0.65233563,0.33829976,0.53313233,0.48289803,0.31012686,0.59222585,0.44320099,0.55998284,0.67143688,0.64278654,0.65751137,0.72995308,0.60495185,0.45888002,0.28375773,0.49791143,0.45133125,0.58522784,0.67967626,0.55234347,0.72812482,0.68698484,0.66861787,0.56892139,0.62484510,0.52302923,0.55537162,0.56242043,0.51002839,0.67744271,0.50891985,0.60094861,0.57766033,0.69582400,0.68381229,0.62172692,0.64399021,0.49584446,0.54647932,0.48658524,0.50469125,0.69884827,0.55228358,0.55906996,0.72434779,0.48035997,0.54471463,0.57798130,0.67706823,0.54780796,0.68915006,0.58720004,0.58908179,0.66931170,0.53223256,0.64537362,0.58736628,0.61387491,0.67846798,0.45774088,0.68447944,0.60799118,0.61162029,0.69069020,0.70654456,0.64049004,0.64154487,0.51619307,0.53364023,0.44018973,0.63549666,0.67044257,0.60927305,0.60212996,0.64795232,0.58657002,0.68286583,0.60094861,0.66618917,0.60216920,0.65579077,0.51790579,0.58056828,0.52583628,0.58621025,0.62286340,0.47935163,0.60621348,0.54767058,0.61807325,0.66336134,0.68094960,0.63154619,0.53645869,0.62471764
48693-A,0.51776061,0.60811602,0.63207937,0.57511428,0.64617833,0.55857158,0.51985595,0.47413327,0.58135455,0.58502724,0.56984900,0.53406196,0.44699311,0.51645788,0.55079122,0.51008891,0.59217959,0.55940314,0.60740095,0.56022995,0.51471396,0.72701107,0.56546967,0.69812673,0.50257668,0.60526267,0.60504465,0.58264608,0.58363520,0.65443556,0.60793032,0.41991934,0.39549953,0.59212429,0.59612360,0.48142418,0.68754185,0.57229447,0.65166443,0.58147926,0.52765018,0.56377254,0.51569493,0.46740731,0.50412097,0.42717051,0.50951265,0.53805752,0.59936093,0.59103900,0.53376025,0.51029243,0.57096981,0.49518646,0.55948519,0.59594587,0.54383899,0.45054731,0.46654801,0.57107150,0.59280962,0.54285607,0.43340680,0.44549530,0.66965405,0.00000000,0.32288747,0.43557541,0.67077585,0.56047342,0.57165840,0.54904041,0.54298839,0.69517499,0.52968254,0.63654763,0.67550624,0.48302624,0.64603483,0.58236871,0.55964821,0.63740806,0.46837022,0.46481377,0.58202918,0.53125495,0.58891592,0.52565305,0.60285795,0.51080938,0.58497791,0.52069504,0.54129076,0.52848639,0.59638948,0.51078959,0.61537585,0.47367866,0.60368354,0.56251745,0.54101056,0.44559117,0.38892762,0.33116282,0.56890251,0.48210242,0.47985032,0.50934970,0.57604495,0.58608448,0.61993387,0.51236491,0.65641750,0.64823013,0.56994558,0.56436761,0.54124083,0.53519096,0.47438759,0.47574166,0.46210041,0.46495756,0.58674850,0.59056856,0.43490361,0.42873667,0.53818197,0.48046476,0.48856752,0.50797633,0.55158757,0.64032489,0.68053187,0.43156624,0.45609723,0.48364410,0.59145484,0.60414286,0.58757624,0.50040682,0.55341804,0.63948330,0.55321391,0.59017146,0.51037075,0.64823013,0.49491973,0.58321708,0.42019826,0.57437465,0.48474365,0.54435992,0.56082382,0.45268114,0.50875968,0.55905278,0.48565948,0.46084092,0.62897522,0.45327181,0.58181550,0.47612859,0.60722515,0.55591773,0.65414807,0.54375657,0.54444227,0.54439226,0.61181216,0.58121616,0.57150998,0.52466075,0.48412575,0.48531982,0.51576588,0.62275745,0.47501838,0.62187346,0.65471378,0.45004678,0.56164070,0.59042449,0.56165386,0.52205512,0.58592161,0.55713219,0.54333154,0.63923109,0.44721268,0.45520010,0.66360864,0.64112405,0.58500291,0.54422898,0.54636450,0.63473090,0.53146474,0.47082298,0.60618502,0.49666985,0.52779679,0.59349289,0.49729640,0.55912140,0.44816454,0.51850921,0.52610945,0.55565249,0.58744631,0.67923823,0.43095505,0.56090155,0.52726041,0.52769875,0.58690081,0.53618909,0.59042849,0.55824171,0.48913286,0.50362826,0.49273115,0.51985595,0.51648240,0.50319439,0.54551856,0.48179487,0.56189548,0.48588643,0.54319677,0.63933094,0.39201792,0.33480480,0.63183622,0.54511393,0.60494221,0.55790427,0.49461013,0.56913704,0.58177270,0.56147627,0.53742509,0.48848675,0.57423881,0.48972445,0.38242891,0.51622938,0.58121616,0.51026873,0.56054629,0.51778449,0.53164639,0.37914206,0.35622345,0.55969712,0.53362152,0.49768677,0.73161595,0.43092415,0.65811340,0.48641394,0.48111642,0.54150404,0.57452999,0.33720946,0.15541015,0.46647776,0.42095376,0.50246809,0.62069694,0.45142533,0.60484833,0.62120344,0.59220562,0.56441135,0.58787923,0.63933094,0.52442273,0.50192575,0.48001629,0.48922920,0.49939446,0.55398048,0.46482972,0.54639746,0.53677482,0.65997335,0.61405526,0.62372039,0.49841956,0.49845106,0.56253953,0.43183293,0.48765963
48693,0.61574319,0.60540639,0.63317852,0.55770462,0.56740446,0.61639153,0.51902568,0.48439074,0.56865715,0.62002337,0.60626652,0.52640483,0.50769444,0.49461119,0.47853373,0.49642740,0.65612855,0.59585510,0.56490854,0.61056306,0.54943648,0.67399392,0.60514091,0.65148930,0.48891517,0.61539367,0.62386164,0.58087649,0.60521940,0.53697444,0.59880402,0.46384996,0.40998898,0.62863142,0.55265887,0.49830297,0.71269652,0.62959454,0.68594071,0.63500456,0.54195314,0.63913143,0.60942568,0.47294701,0.54858343,0.50603560,0.57054848,0.55280325,0.60279050,0.61372741,0.54157103,0.55299136,0.62201434,0.55044173,0.60981830,0.56615154,0.58145644,0.53265525,0.50557384,0.61045993,0.62898704,0.50894549,0.45640150,0.46544212,0.62067930,0.32288747,0.00000000,0.44947194,0.64517945,0.57343712,0.65158103,0.60788098,0.59734731,0.65710820,0.59694596,0.57070719,0.64699454,0.41158837,0.69580707,0.50624129,0.55925020,0.59137657,0.49796039,0.42397049,0.59361785,0.54272025,0.57219624,0.59803190,0.54227271,0.58861373,0.66116498,0.66014272,0.53916393,0.56228685,0.69342404,0.58215810,0.64296582,0.41130196,0.48634779,0.61103498,0.58765507,0.45893757,0.47493320,0.34804404,0.59118679,0.48782741,0.53738705,0.47463356,0.57267225,0.55758368,0.65383360,0.56651508,0.61968527,0.67049284,0.55329249,0.64448165,0.58886879,0.52727176,0.49623042,0.57190172,0.54633413,0.49445598,0.55072029,0.64499967,0.51701155,0.46543062,0.59933550,0.48272764,0.62576458,0.55714761,0.57216240,0.65296720,0.64615897,0.49596816,0.52362821,0.56708754,0.63365829,0.68977587,0.60625447,0.49669950,0.52833908,0.64225752,0.55078618,0.62683122,0.60433245,0.67049284,0.55277250,0.58496955,0.49130330,0.55921925,0.59548803,0.60767069,0.55664525,0.51957934,0.63466400,0.57962761,0.56488834,0.49101164,0.64016826,0.52769637,0.50161549,0.52432247,0.56563843,0.58333626,0.65930859,0.59383163,0.43745950,0.53773122,0.53932183,0.60095627,0.61261864,0.59958890,0.55822544,0.43946046,0.49581440,0.62039259,0.53255512,0.60110251,0.70508479,0.52085699,0.47040883,0.62511636,0.60577318,0.59431900,0.61258313,0.58556712,0.57147900,0.64056134,0.52200753,0.45683469,0.66718295,0.65298285,0.64011122,0.65533288,0.63487469,0.62141563,0.46153875,0.53991551,0.62095645,0.49271454,0.55257071,0.51210164,0.48902794,0.59436071,0.52642031,0.60962801,0.53790156,0.61132444,0.56883001,0.80487731,0.57077900,0.55767532,0.53845359,0.56549515,0.59664171,0.53894352,0.60715170,0.54594151,0.67259813,0.63012148,0.50528775,0.51902568,0.57846110,0.62754600,0.53729407,0.53841959,0.60474297,0.59663082,0.54597445,0.71522601,0.39556874,0.33449398,0.68673042,0.60418951,0.56335549,0.58154567,0.56895709,0.59607400,0.56508581,0.57341691,0.55539135,0.52635807,0.59515164,0.49924163,0.45431913,0.60695557,0.60095627,0.65062319,0.67017206,0.60851068,0.54907224,0.49578816,0.47072976,0.61536907,0.53139247,0.52780448,0.67734835,0.42970910,0.64049609,0.48415946,0.55703179,0.57841685,0.62428679,0.31403908,0.40158028,0.45628069,0.43788252,0.54212448,0.63505505,0.50336505,0.54661346,0.58633933,0.59997442,0.58937104,0.64725807,0.71522601,0.60463777,0.48807001,0.61160949,0.49859368,0.52437976,0.53159540,0.53630766,0.50545116,0.59630277,0.70974559,0.60457442,0.60983429,0.56858614,0.54171128,0.58415644,0.44876168,0.58446660
57828,0.39991900,0.35890661,0.45061857,0.32940905,0.46588265,0.39076103,0.29826701,0.30950440,0.28009629,0.36230766,0.34032062,0.32975119,0.33682165,0.35835202,0.30848259,0.24963492,0.56360549,0.42933605,0.33147119,0.37096504,0.37211883,0.47976345,0.40470892,0.56216948,0.25347214,0.33097586,0.34773232,0.41884241,0.43862310,0.50609786,0.35138377,0.39131976,0.39963959,0.39943608,0.42367935,0.40474188,0.47435825,0.39322007,0.39410305,0.45438167,0.28480775,0.52735573,0.41651710,0.28081747,0.33470317,0.31402785,0.48979057,0.37903819,0.38993779,0.39257755,0.34473232,0.37756911,0.45668769,0.33216169,0.37306364,0.42709819,0.43909767,0.25941679,0.39743243,0.41046461,0.47906257,0.45219925,0.33781163,0.44358554,0.47564176,0.43557541,0.44947194,0.00000000,0.47879005,0.42714920,0.46941779,0.36678410,0.46480307,0.53444284,0.40565101,0.47420116,0.53077394,0.37357655,0.45401905,0.48231484,0.34215619,0.48176484,0.32013533,0.38678520,0.45232410,0.38365464,0.50122934,0.39969433,0.44120010,0.50603490,0.51085275,0.50397617,0.38805601,0.37155039,0.48873335,0.34931975,0.47956281,0.32499466,0.44900646,0.47393806,0.40189061,0.34789848,0.30853813,0.45874545,0.40134280,0.38034957,0.43641388,0.24968757,0.43694507,0.38999869,0.53313128,0.36009179,0.46460004,0.57730066,0.32971136,0.59370163,0.43578808,0.44072730,0.30726256,0.44631236,0.33058165,0.36027272,0.42020752,0.41045178,0.22951780,0.21415316,0.42421165,0.32418736,0.47207466,0.33431467,0.43892314,0.47077505,0.48548643,0.40780159,0.45039455,0.43881149,0.43058551,0.54942906,0.41420288,0.44471880,0.50928232,0.52861307,0.37175251,0.41218910,0.47172396,0.57730066,0.29564954,0.41318751,0.42811426,0.38090940,0.49014138,0.40388359,0.42404663,0.45057124,0.54680464,0.45829677,0.43555350,0.37575131,0.46780059,0.31888420,0.42440089,0.31299139,0.45841357,0.50769706,0.61198782,0.54652012,0.43807112,0.47508675,0.51982926,0.54757376,0.40440344,0.44705544,0.45032744,0.41634063,0.47193654,0.49772015,0.43102557,0.50170269,0.48603538,0.34005664,0.48567500,0.46983479,0.44889034,0.42733660,0.47011092,0.38200154,0.49129308,0.43351756,0.39341864,0.38288302,0.50331313,0.53872229,0.41931808,0.55559504,0.44725160,0.44382178,0.42377518,0.38060016,0.48026529,0.32929144,0.34251674,0.28918975,0.39120933,0.42909672,0.31807813,0.38297514,0.43181036,0.40373735,0.48433256,0.65907807,0.42395410,0.36529495,0.42956012,0.35666679,0.45537560,0.39424465,0.42632455,0.30887800,0.51909714,0.47451246,0.39493032,0.29826701,0.37447557,0.41988699,0.47344613,0.34593365,0.41093639,0.49289843,0.33020267,0.55411290,0.43866265,0.38938733,0.43422109,0.45509420,0.44929624,0.36896041,0.41019959,0.45726084,0.43284950,0.54625769,0.36083753,0.34772693,0.49386734,0.42893905,0.38213093,0.37453506,0.54757376,0.41537815,0.54710303,0.37431443,0.45097359,0.45502351,0.39143503,0.40671276,0.45241235,0.40179960,0.55792369,0.19727407,0.42206670,0.46066488,0.43285909,0.58083713,0.48751715,0.42699726,0.42161807,0.40862280,0.38525375,0.32849899,0.52250320,0.48461045,0.42405897,0.45773382,0.53526811,0.37626056,0.49670825,0.55411290,0.44411824,0.47980124,0.47807499,0.34781201,0.37286930,0.31599177,0.39619973,0.45291872,0.44587275,0.47278843,0.40978176,0.40177279,0.49344865,0.53214006,0.39418969,0.38884566,0.45266551
58348,0.48138294,0.46639052,0.50978037,0.45867175,0.57035211,0.49026617,0.57001073,0.52405361,0.46488362,0.41537887,0.49115754,0.37572697,0.49549803,0.54029042,0.48923311,0.46496658,0.76970597,0.64048784,0.47428524,0.51950299,0.48131802,0.59141853,0.47155788,0.60451151,0.46387128,0.52180555,0.52091326,0.47200693,0.50258669,0.64812981,0.54846672,0.51498534,0.52016160,0.57009290,0.52074845,0.47163840,0.59226627,0.56234812,0.52822426,0.55329044,0.43492066,0.69500807,0.52364999,0.53465487,0.41413810,0.53977166,0.67698095,0.60072027,0.60267698,0.48812170,0.47448083,0.56479317,0.59576671,0.43476509,0.52266288,0.47942720,0.49936754,0.56799313,0.60895214,0.49022613,0.57794908,0.58738134,0.52174310,0.59365408,0.58939805,0.67077585,0.64517945,0.47879005,0.00000000,0.64115107,0.57334594,0.50622134,0.53986998,0.50901251,0.54558632,0.60991577,0.52542900,0.58969528,0.51028652,0.64506215,0.54365821,0.54710644,0.50657488,0.58927689,0.53759904,0.47570239,0.61044721,0.52641513,0.59050675,0.53477971,0.57400524,0.63870261,0.46355755,0.53303166,0.53070166,0.50437690,0.46014087,0.50665244,0.61261796,0.53530002,0.66826958,0.53444850,0.51286163,0.70033470,0.52490417,0.61410821,0.68925892,0.48549535,0.54610318,0.50832228,0.44406918,0.63743432,0.48505711,0.66338475,0.47503169,0.60328676,0.61900077,0.52845012,0.56679513,0.62186552,0.52858518,0.45038903,0.50879129,0.52944235,0.56950100,0.57225456,0.54857743,0.48681963,0.69611109,0.51068391,0.52561632,0.50855008,0.59530253,0.54141460,0.59368682,0.50950598,0.47981736,0.55024129,0.52692595,0.58172715,0.62231025,0.59813201,0.43642829,0.59364204,0.46775238,0.66338475,0.43643981,0.56345160,0.53779673,0.49966800,0.59791035,0.56110207,0.60649853,0.50868521,0.51636083,0.53446137,0.50831769,0.59740373,0.58491186,0.41524247,0.63044098,0.51253195,0.47214282,0.54035817,0.65595520,0.59071726,0.62921728,0.54396532,0.59123379,0.59034504,0.51126567,0.53156248,0.50530473,0.56363759,0.56768892,0.52568054,0.68948049,0.61684936,0.58860880,0.43806016,0.60776786,0.51078097,0.51269982,0.49107308,0.56081629,0.47481812,0.55478680,0.51683114,0.54086338,0.64989607,0.63880785,0.61207234,0.57279538,0.68904847,0.69439898,0.54605539,0.61975564,0.59619921,0.52537817,0.50247782,0.43812179,0.40513723,0.54002107,0.62368300,0.48276491,0.58342598,0.55322619,0.56778832,0.56299779,0.73284278,0.64558787,0.47948822,0.54340614,0.47306087,0.50619538,0.50888471,0.53797421,0.40278792,0.68651323,0.65016511,0.69443832,0.57001073,0.48064928,0.50434378,0.66457996,0.55382965,0.54803234,0.59969461,0.54031573,0.70504561,0.62836819,0.67235891,0.66360266,0.57663969,0.46380906,0.52338261,0.48394162,0.57075045,0.52209481,0.65566310,0.44350064,0.52908318,0.58934747,0.56184468,0.55903473,0.57747932,0.59034504,0.55503684,0.63162487,0.57016219,0.49343318,0.50828610,0.55031761,0.56610216,0.58318715,0.47558989,0.56777094,0.46418585,0.65251371,0.60415041,0.59134209,0.60311411,0.52829488,0.59847327,0.61573841,0.56460778,0.54622538,0.50646758,0.41293848,0.68095187,0.57215968,0.49270689,0.47070757,0.52110903,0.67700885,0.70504561,0.63245689,0.61641523,0.64714128,0.48150612,0.47293240,0.51868783,0.48867190,0.63301818,0.42951518,0.54094292,0.50407543,0.55742786,0.59740132,0.53640149,0.49761410,0.55019709,0.53307501
58423,0.56230346,0.62712594,0.69424619,0.41159204,0.68370298,0.62153110,0.60728882,0.47023187,0.50903241,0.48497566,0.54728583,0.46213433,0.53858708,0.57930782,0.52756535,0.49085331,0.59377493,0.61543788,0.51854531,0.59641818,0.55296054,0.64516630,0.63888732,0.60547821,0.48934676,0.68344864,0.61125709,0.63949335,0.51676220,0.71423056,0.50600340,0.61818744,0.59116278,0.51047279,0.60855190,0.51940054,0.60766839,0.51311818,0.50076654,0.61750714,0.41623234,0.57977910,0.59894689,0.51293592,0.56337010,0.49709558,0.43500197,0.62727573,0.60153606,0.59089615,0.53110364,0.60735503,0.38156789,0.57552358,0.59581092,0.58857811,0.51332340,0.45217196,0.59760783,0.62775690,0.67548812,0.43807384,0.37108747,0.49545626,0.48877001,0.56047342,0.57343712,0.42714920,0.64115107,0.00000000,0.59378560,0.54310845,0.65599886,0.74017576,0.63029937,0.56670887,0.63566585,0.59053852,0.50238342,0.64731245,0.49782976,0.48974418,0.59479134,0.56122280,0.58602769,0.29425470,0.62668258,0.55368989,0.59255335,0.64036762,0.65170707,0.63892097,0.60431494,0.47097513,0.59745458,0.53174311,0.70583530,0.45626474,0.64693367,0.69788809,0.63975636,0.36768011,0.53817311,0.60310293,0.44203800,0.60373655,0.58821307,0.51610899,0.65695976,0.47303339,0.65945488,0.61998126,0.67973158,0.70010130,0.61681113,0.64239673,0.61443611,0.59763359,0.34800538,0.47644648,0.55197469,0.54621820,0.63522227,0.60531043,0.42464057,0.49196360,0.60753825,0.50769166,0.56311621,0.47705776,0.63641300,0.67643732,0.67219421,0.50016996,0.61535903,0.64886437,0.50707953,0.68090417,0.55520343,0.63065362,0.67632055,0.67846538,0.55167734,0.53484818,0.61509706,0.70010130,0.48068292,0.50558279,0.44232525,0.62001942,0.63536617,0.64899968,0.66490118,0.60046020,0.64291629,0.65466296,0.64596481,0.39359626,0.60918234,0.56874722,0.53580443,0.41937786,0.66997734,0.68748564,0.70612295,0.70145055,0.65766565,0.63457004,0.67632566,0.66131484,0.55290415,0.66274584,0.65680789,0.58409256,0.62698609,0.63146826,0.58309534,0.72069261,0.52286666,0.54683482,0.67523184,0.63425419,0.67020089,0.62067584,0.58655273,0.33585392,0.67005455,0.63739804,0.54125353,0.61521442,0.49875270,0.55922718,0.52345907,0.74091814,0.49390214,0.48199442,0.59450190,0.55296605,0.62971192,0.46231943,0.47745775,0.31586200,0.41201111,0.60638785,0.48304805,0.57697078,0.70672627,0.68044790,0.71188745,0.72633917,0.50326688,0.25250131,0.46927023,0.49016401,0.60585757,0.44024255,0.73942650,0.48668576,0.60794248,0.62751969,0.56675650,0.60728882,0.63388476,0.46703109,0.63636417,0.60844542,0.42840362,0.63626390,0.39857078,0.61964285,0.61352308,0.62428946,0.73166596,0.60073861,0.66190398,0.48390371,0.53747091,0.50905328,0.60603262,0.66457802,0.59442442,0.58201798,0.64959567,0.55841701,0.60572803,0.65809798,0.66131484,0.47197023,0.52680778,0.67097085,0.61787741,0.65412558,0.59699243,0.68276132,0.62146631,0.59067685,0.65843162,0.45017924,0.60086413,0.65040436,0.66948518,0.70393119,0.61990818,0.59644030,0.60320814,0.57011682,0.52495571,0.52172926,0.66989263,0.60530077,0.60057783,0.61964915,0.69638975,0.58699292,0.56042674,0.61964285,0.54231612,0.61060588,0.62533411,0.41180601,0.58022163,0.47764998,0.63134274,0.63774049,0.57358945,0.54267128,0.54563159,0.62265521,0.65937300,0.66014107,0.66348517,0.53326952,0.62446869
58437,0.38047118,0.44050849,0.48965446,0.47107979,0.51605749,0.40864919,0.46493238,0.53720681,0.48883560,0.52309500,0.46772794,0.39152183,0.44209615,0.58413436,0.45828152,0.41637390,0.70280508,0.66024662,0.46311939,0.43218887,0.36533548,0.55525870,0.34802828,0.67237681,0.42160296,0.58392520,0.47231478,0.48823057,0.40488976,0.62826271,0.53770974,0.45112294,0.50353542,0.47296827,0.45509530,0.38886285,0.51131938,0.32854919,0.51003294,0.58198213,0.45512824,0.67265088,0.44588844,0.52276567,0.40721946,0.46732771,0.57256375,0.61513897,0.46715543,0.48107691,0.45896215,0.44441917,0.51046756,0.43055551,0.43857826,0.51789565,0.59530730,0.53370453,0.57298830,0.32288491,0.56907919,0.63249442,0.51667537,0.53047961,0.62257849,0.57165840,0.65158103,0.46941779,0.57334594,0.59378560,0.00000000,0.51033770,0.47486690,0.52445390,0.61559609,0.68760115,0.52416546,0.52693955,0.42418723,0.58029948,0.46670750,0.58658414,0.53918021,0.50462204,0.56115760,0.49553234,0.56368173,0.12597826,0.63674499,0.45596726,0.47781583,0.51352964,0.41055893,0.45404103,0.58141277,0.45579087,0.47513122,0.55490047,0.51225467,0.60657882,0.60572387,0.52283696,0.44910289,0.54820687,0.53093687,0.55838419,0.58454021,0.45266415,0.43974062,0.52105759,0.42498556,0.63066273,0.46660538,0.66777759,0.47668648,0.51664700,0.63721979,0.46607816,0.52883552,0.49900011,0.40959514,0.47180841,0.50589196,0.47594311,0.53024718,0.51629616,0.61473229,0.45236144,0.55338791,0.52504525,0.47598173,0.49768722,0.52354530,0.44708166,0.54682515,0.49488797,0.43795468,0.44583078,0.53300589,0.52315150,0.56129650,0.61404487,0.45295090,0.49134260,0.43253908,0.66777759,0.40974017,0.58627776,0.45342764,0.42521295,0.46045235,0.61919055,0.61667279,0.46616435,0.50501821,0.48799607,0.48844603,0.57457316,0.55284300,0.40119628,0.70614950,0.45071243,0.42597714,0.47886094,0.61258004,0.48856056,0.52741183,0.43497957,0.58228449,0.53881996,0.34037527,0.50344103,0.50131901,0.52779792,0.36920354,0.57379194,0.58959372,0.55511709,0.51607297,0.42327974,0.59153969,0.37272724,0.51705479,0.44020492,0.39973991,0.56479635,0.52903880,0.52542975,0.44256291,0.65077673,0.66000906,0.53497593,0.57032993,0.70031386,0.62800361,0.54949155,0.47115951,0.53749995,0.56807022,0.53783625,0.39938085,0.50139799,0.49791005,0.65946553,0.48881823,0.61148638,0.60380694,0.52280629,0.67245681,0.67590939,0.51824676,0.51457610,0.50061833,0.48153116,0.55261194,0.55984768,0.57988732,0.41971420,0.53755911,0.47161008,0.61666013,0.46493238,0.45548658,0.43160315,0.63412454,0.59400293,0.51977914,0.46150977,0.53686308,0.64259881,0.52464295,0.52583399,0.66413819,0.54074844,0.41797353,0.43851428,0.43518787,0.54613652,0.49786277,0.55820061,0.44686323,0.48423779,0.57606232,0.47611687,0.47601268,0.60111092,0.53881996,0.43282495,0.62709426,0.59734820,0.38513194,0.45746486,0.52266897,0.51626486,0.56770706,0.44677406,0.47670160,0.45921314,0.44764002,0.61327235,0.57039309,0.59382584,0.41533006,0.58893745,0.53351081,0.49254317,0.51067466,0.49487175,0.44076512,0.69129033,0.54355803,0.44921484,0.46323195,0.41688195,0.63905545,0.64259881,0.62048566,0.52424898,0.60214164,0.48060328,0.35821428,0.48552718,0.47112080,0.54789098,0.51290236,0.40503243,0.31125008,0.39403585,0.47962108,0.52180021,0.42050588,0.51329684,0.48558416
60348,0.33242177,0.29919222,0.36208713,0.39037466,0.51350445,0.37107234,0.39067633,0.44177587,0.40197528,0.42033373,0.38740844,0.45563978,0.34931299,0.45724879,0.34166807,0.28061628,0.56726645,0.48588280,0.39720858,0.35595980,0.38923413,0.47173053,0.39752175,0.59348112,0.28445351,0.49442607,0.31526720,0.43502289,0.41642856,0.56672706,0.51044200,0.44124096,0.50488285,0.34740154,0.46452103,0.43523931,0.48313840,0.45800706,0.48198937,0.44381800,0.35871466,0.55836991,0.39038278,0.48232165,0.32578539,0.37258077,0.58507800,0.46454924,0.36220520,0.33097588,0.39163398,0.48374523,0.50038690,0.33145477,0.35805841,0.45005080,0.54144831,0.45373634,0.45370570,0.40862589,0.40849754,0.58927220,0.52972203,0.55238673,0.57292631,0.54904041,0.60788098,0.36678410,0.50622134,0.54310845,0.51033770,0.00000000,0.42528928,0.48376189,0.45272479,0.60719070,0.51614226,0.45872441,0.45894909,0.50082063,0.38598211,0.60147893,0.40585620,0.43918933,0.44543709,0.44623431,0.47696923,0.46808092,0.58737551,0.50549676,0.46142342,0.51021992,0.39133823,0.46470358,0.46372618,0.42048237,0.45312108,0.51985796,0.50778474,0.49661717,0.56386631,0.53912857,0.43792660,0.49105405,0.42585724,0.50233111,0.50726758,0.39448306,0.44883603,0.52119413,0.48053503,0.46621962,0.39353575,0.57305026,0.36909716,0.45932782,0.58354773,0.48777141,0.50847590,0.47396890,0.44222847,0.45343821,0.41949497,0.46745699,0.42383736,0.43414563,0.41599106,0.47836191,0.53611960,0.50586876,0.40471691,0.40313216,0.47368326,0.52446759,0.47242707,0.48695503,0.45052038,0.42172186,0.50796373,0.51352432,0.56030403,0.48875501,0.40950875,0.44612222,0.43378529,0.57305026,0.37589046,0.51103434,0.53550276,0.37739947,0.51562583,0.46310928,0.49310803,0.44106457,0.57080805,0.42409054,0.48520652,0.50828664,0.55030060,0.37006428,0.60751438,0.38110504,0.44422645,0.51501926,0.53709149,0.53640921,0.51128156,0.46829097,0.48732093,0.48166326,0.44393094,0.47997758,0.50047125,0.47744788,0.52904937,0.50099460,0.50187927,0.50590544,0.49007989,0.38304508,0.58781803,0.39387231,0.46251801,0.39923662,0.40960989,0.46464296,0.50867110,0.38277446,0.41883350,0.55707442,0.54258996,0.56653388,0.51586378,0.54740991,0.59321518,0.52365083,0.48062449,0.49797530,0.44851997,0.48320546,0.36742358,0.44917024,0.54001458,0.48191048,0.36617557,0.53430149,0.47185996,0.47258186,0.57371153,0.53819638,0.50511945,0.49788022,0.54846781,0.49840682,0.43685989,0.47208160,0.50934926,0.39992160,0.54353741,0.50343011,0.57817608,0.39067633,0.35119888,0.48426153,0.54499888,0.39749130,0.46254372,0.51838288,0.49245825,0.62180065,0.53024685,0.55081277,0.51957442,0.41575583,0.43510913,0.43404019,0.40717742,0.47296494,0.44585579,0.59177995,0.42297255,0.40708202,0.47731762,0.49498482,0.47961959,0.42519638,0.48166326,0.42848608,0.56767378,0.42497574,0.45266662,0.48614717,0.44849887,0.47555728,0.47873692,0.43500497,0.53859537,0.38420304,0.45414358,0.56494945,0.48613003,0.54141896,0.47057724,0.56773572,0.54464172,0.48374198,0.49820420,0.45934473,0.45954538,0.63617735,0.47310964,0.39228419,0.46028237,0.35724657,0.63950000,0.62180065,0.50818991,0.59186723,0.62113210,0.48627249,0.40354383,0.30928873,0.49933139,0.53936679,0.37848401,0.47771848,0.49235915,0.48432591,0.55150573,0.52039250,0.40225595,0.50179611,0.51431600
65094,0.35178883,0.39340387,0.41424212,0.53186806,0.48474197,0.30995403,0.46261404,0.47349953,0.52937731,0.51359326,0.48501243,0.41844551,0.39689467,0.59349018,0.44300799,0.35142464,0.72300407,0.61167199,0.48155676,0.44905686,0.41410206,0.56048985,0.41022824,0.72157326,0.35421521,0.55617960,0.40983333,0.34846315,0.43395228,0.58651148,0.58790501,0.41535670,0.50083811,0.49889137,0.49905232,0.42994312,0.60619604,0.47638445,0.56630498,0.52563766,0.48690350,0.66687305,0.35665467,0.46876214,0.31883436,0.47878977,0.60365024,0.53907103,0.46314405,0.43598620,0.43005063,0.53156932,0.61422186,0.24213767,0.45290486,0.48420331,0.64387114,0.52394688,0.49336203,0.42815100,0.36519710,0.64625044,0.57306842,0.56796442,0.64501716,0.54298839,0.59734731,0.46480307,0.53986998,0.65599886,0.47486690,0.42528928,0.00000000,0.52444902,0.49659951,0.62594837,0.57481942,0.48389056,0.63761452,0.52738799,0.49643957,0.61279078,0.47597249,0.44361911,0.46720392,0.49891409,0.48010858,0.43227070,0.55103032,0.47932887,0.48812407,0.50860883,0.35616652,0.51336069,0.58693451,0.52361196,0.43614763,0.53442005,0.53098533,0.55840618,0.64139424,0.56930509,0.40659075,0.49386447,0.47794935,0.56256701,0.58765372,0.45482741,0.48110754,0.54411266,0.49663255,0.54919780,0.44888552,0.57940344,0.38160172,0.49436143,0.64793269,0.51395621,0.59187708,0.53957940,0.47685248,0.45692672,0.44731526,0.55783126,0.51189180,0.47090377,0.55806294,0.50511052,0.58501482,0.61469681,0.32871066,0.30860229,0.54012017,0.52920521,0.45245209,0.50567632,0.53655940,0.47023667,0.64020831,0.49962694,0.52987226,0.54953187,0.42081676,0.54387246,0.47319752,0.57940344,0.47434653,0.62688948,0.53770152,0.35789175,0.50891389,0.50448685,0.59544217,0.43387348,0.57218823,0.33398271,0.49674382,0.57916305,0.64063258,0.36394187,0.68844356,0.45339038,0.49282605,0.45781090,0.49493496,0.46097124,0.49402749,0.40036554,0.49378503,0.44023362,0.46523014,0.49045201,0.50429476,0.54609649,0.47235335,0.54568609,0.58749445,0.50996069,0.63318490,0.45901037,0.54348958,0.42629991,0.47040138,0.33847032,0.46267046,0.62115277,0.44361338,0.36735338,0.30719847,0.61307293,0.67385502,0.58867957,0.63409172,0.62574328,0.68712014,0.61189503,0.48158482,0.54275298,0.54266264,0.52213735,0.29610080,0.59718279,0.54881906,0.60448978,0.50327139,0.67830832,0.51365495,0.49511018,0.68505763,0.59516049,0.57903636,0.54977165,0.51869948,0.45639333,0.44012537,0.56404174,0.54236363,0.47713405,0.62577329,0.49738779,0.66376682,0.46261404,0.24611597,0.49730649,0.55230556,0.50171903,0.53414944,0.51158637,0.53109969,0.74102245,0.49408210,0.50165239,0.59652829,0.39754940,0.48166362,0.47112830,0.42498383,0.55171988,0.49849551,0.53669561,0.31277888,0.36771564,0.51963180,0.50835681,0.46084941,0.49555695,0.44023362,0.54953600,0.73940892,0.47957305,0.37137808,0.43256290,0.49904597,0.49357218,0.52359109,0.39933568,0.55497311,0.40318988,0.51907365,0.57473476,0.53531545,0.56624564,0.46756262,0.60149239,0.53536081,0.49546988,0.45149004,0.49019764,0.41581544,0.66294696,0.49683127,0.44362186,0.36165659,0.40043705,0.71145719,0.74102245,0.63823286,0.49111668,0.62227910,0.50344112,0.39094159,0.48022173,0.42823927,0.48884997,0.44441386,0.65707017,0.56516637,0.52744185,0.46014115,0.51918185,0.29941743,0.45351920,0.46576524
66857,0.49018465,0.45195378,0.46831679,0.49642569,0.47052064,0.42309353,0.47380371,0.59824524,0.55309597,0.64006816,0.59079389,0.52219817,0.49286292,0.52989806,0.36312291,0.38300828,0.70665217,0.57295334,0.49217066,0.43915081,0.45437895,0.46708042,0.30556576,0.60959532,0.38597879,0.61309205,0.48140579,0.42952310,0.54654222,0.64181635,0.59607760,0.48859261,0.56724407,0.49301111,0.40468655,0.45306561,0.69061975,0.51498958,0.62863088,0.57560353,0.55196666,0.63889113,0.47770217,0.53276207,0.42578471,0.54290058,0.72388438,0.56253712,0.41760323,0.45828305,0.43595856,0.51586204,0.64245758,0.44261287,0.44318692,0.52100788,0.70454062,0.60347915,0.51974871,0.33430273,0.51256494,0.72690975,0.64020411,0.60635384,0.72232446,0.69517499,0.65710820,0.53444284,0.50901251,0.74017576,0.52445390,0.48376189,0.52444902,0.00000000,0.61736157,0.72481382,0.46122830,0.55325079,0.61411128,0.63512648,0.48169207,0.70399144,0.50549418,0.63351113,0.52698848,0.59126930,0.55170652,0.52186077,0.68580518,0.56061034,0.48107941,0.62910894,0.36584294,0.51625650,0.59349685,0.55933961,0.11644153,0.56427307,0.56814748,0.62715872,0.66800221,0.64756679,0.52042803,0.66443337,0.60918496,0.64239014,0.70449250,0.51088563,0.44030413,0.64306023,0.56181554,0.54973284,0.30925904,0.62640117,0.46124857,0.54403782,0.65349522,0.55432795,0.65995537,0.62345757,0.54174195,0.52486097,0.39513325,0.59837387,0.59621177,0.59583898,0.58650963,0.57689600,0.68802325,0.63622946,0.44891072,0.44846432,0.49414502,0.56675996,0.50442594,0.55882664,0.60513948,0.52537248,0.57900609,0.49107965,0.53482847,0.54964136,0.46337118,0.51498561,0.50637932,0.62640117,0.51223449,0.55625458,0.63050639,0.41247017,0.59640497,0.60664257,0.53609312,0.47331505,0.55208175,0.46502337,0.55698048,0.56995007,0.64177334,0.46139805,0.70115552,0.49141598,0.35395177,0.52199011,0.59785784,0.56313398,0.56133890,0.46142689,0.40631931,0.47799827,0.51300325,0.53132836,0.55577336,0.43838132,0.54772871,0.55014974,0.70518183,0.56001775,0.62220676,0.45845068,0.62963982,0.45661875,0.48994692,0.47469538,0.46420704,0.56590020,0.52388806,0.45755416,0.57267425,0.62778086,0.66056813,0.55173241,0.62560599,0.58996696,0.65242002,0.60305620,0.53228938,0.59873853,0.47759215,0.63253286,0.47183206,0.56144213,0.67905374,0.56214382,0.52415096,0.67202684,0.50137646,0.54760509,0.63378535,0.72238564,0.68863669,0.63024240,0.62201136,0.61621245,0.51546101,0.51881468,0.52709843,0.45807874,0.62295545,0.59247233,0.63278030,0.47380371,0.42751349,0.62532265,0.67688996,0.52776481,0.62677100,0.59864439,0.63447458,0.74589243,0.65973287,0.65810782,0.64103957,0.55153195,0.34394718,0.63876083,0.51435396,0.62794313,0.51655707,0.67846966,0.45586129,0.40401470,0.50353627,0.51580377,0.55460825,0.59601348,0.47799827,0.57840987,0.62605769,0.57492797,0.43273977,0.53417939,0.60512705,0.54720540,0.54706461,0.39222305,0.44581471,0.48974090,0.48466660,0.65454150,0.59991868,0.53314637,0.44404685,0.64924116,0.66881350,0.57365661,0.50821935,0.61312557,0.51008520,0.73960104,0.54374220,0.39323751,0.49068146,0.45289981,0.65904516,0.74589243,0.64515611,0.55769310,0.65475583,0.58309103,0.41426518,0.46231769,0.53918924,0.59182975,0.50780586,0.62257999,0.54793216,0.58121544,0.51611019,0.47324377,0.46209152,0.50704678,0.55597419
66858,0.48418579,0.51322271,0.47404895,0.49614072,0.53420666,0.44509626,0.48669907,0.49291570,0.51912153,0.41519509,0.42598899,0.44698431,0.23377031,0.49640171,0.48119510,0.43451639,0.57339935,0.48479247,0.51707861,0.53017006,0.51732230,0.65969022,0.50978771,0.71051554,0.43734921,0.54355356,0.49362833,0.47485100,0.44422061,0.64867919,0.58466099,0.56813376,0.49848191,0.48293714,0.50371913,0.49657539,0.53103684,0.54309489,0.54440489,0.23074823,0.46722322,0.56186384,0.47500679,0.45804046,0.42507892,0.39653703,0.48429558,0.49386290,0.49763650,0.44535507,0.46915372,0.51929427,0.55962721,0.46175828,0.53414431,0.45360823,0.47781838,0.53757341,0.53032855,0.54241173,0.60346378,0.50625196,0.43865458,0.55569955,0.47665772,0.52968254,0.59694596,0.40565101,0.54558632,0.63029937,0.61559609,0.45272479,0.49659951,0.61736157,0.00000000,0.50559752,0.54524145,0.55227002,0.54855241,0.50817992,0.49674859,0.47264005,0.43626907,0.53071633,0.40823408,0.51122574,0.49886800,0.54577373,0.48634078,0.54069472,0.51078182,0.36331225,0.47046980,0.52158491,0.50578269,0.38128023,0.57775443,0.45415782,0.56231053,0.45218263,0.61307621,0.45167156,0.42278617,0.53752729,0.37559794,0.52645922,0.52271009,0.48819648,0.49139390,0.48843208,0.55233700,0.50114719,0.51100994,0.64702147,0.27799110,0.51397835,0.63190569,0.50497239,0.49471829,0.47430634,0.50799767,0.45069929,0.49786804,0.49926462,0.51456642,0.50726088,0.45682125,0.49211663,0.57328584,0.48080210,0.48792548,0.49928715,0.61330046,0.51223881,0.51886154,0.41126079,0.50030498,0.56617130,0.53318867,0.55769073,0.63161962,0.63264283,0.49410736,0.47932247,0.48171921,0.64702147,0.44898130,0.59423718,0.49176606,0.49313076,0.51568503,0.04618004,0.47317960,0.47355811,0.61038312,0.50963508,0.40355833,0.55579408,0.62248944,0.41476079,0.54701975,0.44528046,0.51306464,0.59339150,0.57971889,0.58357852,0.53639548,0.54540659,0.62513413,0.63116042,0.50914839,0.47177354,0.41240606,0.52319391,0.56445739,0.49018854,0.52060369,0.51889066,0.52031153,0.51927135,0.55864644,0.47036911,0.46971286,0.47679031,0.53258818,0.58457455,0.53997685,0.53679473,0.41180859,0.50342213,0.61384262,0.66528647,0.45353314,0.59838973,0.57840589,0.58155079,0.54201192,0.53715524,0.49996980,0.36907050,0.47575318,0.55149569,0.47729441,0.47139078,0.28325213,0.57819392,0.56286561,0.56984326,0.56672001,0.60653872,0.50645788,0.58768036,0.44954793,0.49299914,0.35393676,0.58611398,0.52317826,0.46461097,0.61156004,0.57099961,0.61214378,0.48669907,0.50720437,0.45323186,0.55204999,0.47452110,0.43454379,0.51813428,0.48958405,0.56785890,0.47772966,0.55703455,0.58070837,0.54325749,0.50253143,0.43161029,0.33234494,0.31173798,0.32469887,0.53910052,0.46396636,0.45381925,0.49541928,0.48835943,0.50400377,0.36346635,0.63116042,0.50363940,0.69240938,0.35022197,0.49057674,0.51209882,0.27107435,0.57038223,0.55725059,0.52257048,0.62973673,0.45124820,0.63366827,0.54524904,0.55332986,0.60801237,0.59587706,0.55787594,0.56611774,0.53996458,0.46520716,0.35156753,0.54506052,0.64394775,0.53027552,0.49291936,0.57578679,0.51370670,0.63167277,0.56785890,0.55041311,0.59616596,0.60828363,0.45936232,0.49143874,0.49465363,0.49267125,0.58091055,0.42943635,0.57306574,0.56613085,0.57870064,0.55273619,0.57431633,0.49032195,0.46955408,0.54789729
66860,0.60091813,0.60559437,0.65635342,0.54182991,0.66234241,0.64120676,0.57236323,0.49967925,0.54273466,0.49160134,0.59839684,0.47796225,0.49689142,0.61979911,0.55731557,0.53669495,0.73889755,0.65731523,0.57536969,0.59189269,0.57653620,0.67760495,0.62485572,0.70375625,0.53727670,0.57057017,0.56520215,0.51734831,0.58100994,0.63672066,0.59097339,0.61429730,0.53624101,0.60467790,0.58069408,0.56857634,0.61951205,0.56645487,0.63585868,0.50836947,0.55499321,0.73036499,0.65547522,0.58647990,0.56056676,0.58216071,0.57641467,0.58949711,0.65754740,0.63652341,0.55403453,0.63098693,0.64351927,0.57496241,0.59370577,0.54808701,0.55677514,0.61981233,0.58295055,0.64953481,0.63265982,0.49754785,0.45730555,0.60094715,0.43364844,0.63654763,0.57070719,0.47420116,0.60991577,0.56670887,0.68760115,0.60719070,0.62594837,0.72481382,0.50559752,0.00000000,0.67940676,0.54303469,0.60906111,0.57889880,0.62834428,0.47561461,0.61682438,0.55054517,0.46853871,0.49272263,0.55541619,0.66628388,0.21928490,0.66905373,0.68473326,0.63448839,0.54629275,0.58037697,0.61652555,0.53260524,0.67867694,0.49188462,0.56862936,0.59774821,0.65663789,0.47630378,0.56470295,0.63686239,0.47785826,0.57566466,0.62325086,0.53465053,0.61565447,0.40708302,0.61633999,0.66949893,0.66876918,0.72095430,0.49427731,0.66154149,0.59201548,0.54068835,0.43027336,0.55874906,0.59483182,0.51723018,0.62235541,0.58904939,0.61926391,0.58743194,0.70299126,0.42163715,0.68691503,0.58561171,0.62890082,0.61447983,0.63171063,0.56644784,0.61672029,0.55393680,0.54176529,0.73360527,0.61587229,0.63131706,0.68149654,0.63701073,0.54261205,0.58715688,0.61831622,0.72095430,0.60858398,0.65952823,0.54724860,0.60419975,0.59636859,0.49827093,0.65648167,0.59586212,0.67943074,0.63346446,0.54971115,0.58364779,0.63157493,0.60457301,0.51069922,0.63692806,0.63798252,0.71657047,0.72541454,0.73206157,0.60198753,0.65132578,0.66333924,0.65626175,0.62789524,0.60949163,0.56348303,0.57672412,0.65214250,0.60898369,0.62616352,0.60314812,0.62982016,0.62852999,0.50168474,0.60647750,0.61543633,0.59491442,0.64078293,0.58736571,0.66386780,0.57712398,0.57460492,0.57301553,0.65014112,0.68402714,0.61852120,0.71736828,0.69743828,0.61533824,0.62348028,0.57464838,0.63464732,0.43132476,0.51212267,0.53157746,0.35602388,0.65536003,0.48639519,0.62907382,0.64909684,0.63036255,0.59803107,0.73041060,0.59576946,0.55165781,0.50887615,0.59367025,0.45399120,0.60401890,0.67844201,0.51801903,0.72525015,0.64890904,0.64170201,0.57236323,0.61613819,0.60030883,0.57953918,0.66219547,0.47860689,0.59701888,0.55370729,0.66114581,0.56294627,0.60768561,0.67119751,0.62404282,0.63158454,0.52338538,0.56596024,0.47901875,0.55632970,0.67843918,0.52870551,0.53945077,0.66242561,0.58373699,0.55371871,0.55542571,0.65626175,0.67501782,0.75160619,0.56731273,0.59414068,0.64561112,0.55803226,0.62548378,0.60757187,0.62076141,0.72995654,0.53855919,0.66508567,0.51899381,0.60089623,0.69586927,0.69510970,0.54174039,0.63559594,0.60699111,0.56438415,0.47591066,0.60254303,0.62567584,0.53986668,0.62791653,0.64976571,0.56761199,0.71843301,0.66114581,0.69731168,0.63613993,0.57096327,0.42264954,0.56250115,0.62045750,0.62663641,0.64097101,0.50212907,0.62592103,0.59675062,0.63111593,0.66164652,0.65352974,0.60370774,0.55808725,0.68161366
66870,0.59328662,0.53429333,0.58813247,0.46547217,0.58840197,0.50155186,0.55805822,0.60256605,0.58873238,0.53066540,0.50072287,0.55193710,0.48335688,0.53390923,0.44999469,0.47279210,0.58479023,0.55038136,0.51135424,0.47159075,0.49313818,0.52117360,0.42088627,0.68643887,0.47631005,0.64003907,0.50385274,0.50522193,0.38418068,0.63834505,0.54483562,0.58786046,0.63228075,0.54571362,0.46704435,0.41001014,0.57621224,0.56016524,0.56190204,0.53111392,0.45821814,0.55405786,0.52944781,0.51013753,0.48648337,0.47326534,0.63559134,0.57400804,0.49057028,0.49217172,0.51466340,0.55773918,0.45825446,0.54383760,0.47605529,0.42748460,0.52349418,0.57981093,0.54052299,0.44311087,0.52665310,0.67349690,0.56128329,0.59924441,0.62942482,0.67550624,0.64699454,0.53077394,0.52542900,0.63566585,0.52416546,0.51614226,0.57481942,0.46122830,0.54524145,0.67940676,0.00000000,0.56550915,0.56829783,0.53470500,0.54012894,0.58556315,0.52085271,0.60626350,0.52370578,0.50750494,0.52361713,0.53298588,0.66140598,0.62657481,0.56912533,0.58375649,0.46997533,0.54451598,0.48113640,0.41424397,0.51914780,0.58556234,0.55849954,0.55867874,0.60235348,0.58210982,0.57712650,0.62316302,0.53324332,0.62025204,0.62347345,0.52821642,0.48578446,0.55828425,0.55285392,0.56658204,0.39600381,0.60198790,0.47852232,0.59004571,0.65573215,0.53826255,0.55005496,0.53438290,0.53877038,0.56206160,0.49407427,0.51347401,0.57608266,0.56508755,0.50819562,0.54320847,0.61409138,0.48549334,0.45385078,0.48920549,0.50372251,0.58925342,0.58636778,0.58196038,0.53114569,0.57373885,0.38495964,0.59067050,0.64714597,0.59287148,0.50993199,0.54959094,0.56310289,0.60198790,0.44323881,0.58562245,0.61391523,0.49753719,0.58664976,0.53594133,0.51135586,0.58409487,0.60893232,0.46836805,0.58114422,0.48185674,0.59157593,0.49259330,0.68695247,0.45496229,0.50571737,0.56542888,0.58433826,0.60589491,0.52817773,0.53217131,0.50339597,0.58102303,0.49466345,0.58248640,0.57020355,0.48559997,0.57674356,0.53343763,0.62680243,0.55087181,0.58072974,0.54349524,0.58397257,0.50078065,0.49937417,0.55108491,0.55042155,0.54929560,0.52380900,0.52596037,0.56365037,0.63938347,0.63008960,0.61764705,0.41667205,0.61172848,0.67933217,0.61261894,0.52280568,0.57382282,0.52798634,0.52915148,0.49731334,0.48663837,0.62612639,0.53480968,0.46807052,0.65255265,0.54308906,0.58330020,0.64729526,0.72815783,0.63057278,0.53073441,0.61817096,0.53532898,0.53567427,0.42741191,0.59961950,0.52033191,0.65192305,0.59632123,0.60659295,0.55805822,0.49377233,0.50778047,0.65803095,0.52704416,0.53418204,0.58815616,0.49151084,0.61811966,0.61659230,0.64809571,0.63367737,0.56474019,0.49936117,0.54323777,0.45530120,0.59131149,0.46546321,0.63780184,0.53271954,0.44626141,0.58590469,0.58834060,0.57086472,0.59073009,0.58102303,0.50144725,0.60444745,0.59421596,0.53240055,0.59134121,0.54399004,0.58017730,0.59696727,0.53746790,0.53804049,0.49621209,0.48043008,0.66529202,0.62253650,0.62117402,0.50982322,0.65856722,0.66499484,0.60580289,0.63647420,0.54822855,0.54817809,0.72988668,0.50866752,0.48903689,0.54960220,0.47637806,0.66795464,0.61811966,0.60715952,0.64979659,0.66518839,0.56496800,0.48938175,0.45958643,0.61093971,0.58252198,0.52289877,0.56147143,0.41715401,0.54339709,0.61847121,0.53362075,0.53062642,0.63193331,0.66408425
69259,0.46886845,0.44637064,0.52676527,0.47183058,0.50976943,0.41358874,0.38339621,0.37781099,0.41705784,0.52113762,0.52698766,0.43673893,0.43232778,0.42887328,0.35973481,0.38762175,0.63331719,0.58134063,0.42831857,0.43460602,0.36636807,0.53300887,0.42560654,0.68746899,0.38847220,0.46425136,0.47252219,0.48042543,0.56285684,0.50867114,0.49264154,0.43016410,0.44598316,0.54306857,0.41710853,0.37453702,0.58882383,0.45828493,0.61859268,0.52235170,0.45907807,0.55475459,0.46627787,0.42281314,0.43879901,0.43944066,0.56494562,0.49437864,0.47412795,0.45987266,0.45364290,0.46936290,0.50810581,0.37807581,0.43758013,0.46980045,0.57461337,0.44433906,0.43754034,0.43996217,0.47659695,0.56429575,0.49861118,0.47276266,0.61302961,0.48302624,0.41158837,0.37357655,0.58969528,0.59053852,0.52693955,0.45872441,0.48389056,0.55325079,0.55227002,0.54303469,0.56550915,0.00000000,0.60039649,0.41001947,0.48925593,0.61485107,0.43829293,0.37353641,0.56292727,0.46485952,0.60506805,0.50134011,0.50627098,0.50801719,0.54324723,0.55489066,0.46738546,0.51961978,0.59913714,0.51505800,0.48947675,0.42961780,0.39828231,0.56156788,0.54248082,0.50944796,0.39931455,0.43074271,0.50432941,0.50081302,0.56305525,0.36543476,0.47034933,0.53004962,0.46831142,0.52638533,0.53119459,0.59202563,0.48684838,0.63514838,0.58040159,0.41619637,0.43771789,0.54382412,0.42117808,0.40243451,0.48136298,0.55862528,0.42671462,0.40810719,0.57821778,0.41098110,0.53612167,0.51819561,0.41967344,0.51537190,0.51697003,0.47256491,0.47009924,0.52980464,0.54803870,0.58419012,0.50482207,0.44786853,0.51737358,0.52029261,0.44806606,0.50686036,0.43115746,0.59202563,0.44035650,0.58421386,0.49560842,0.33413718,0.50510744,0.55746340,0.54237590,0.43104970,0.53876786,0.43523681,0.52776762,0.48892794,0.58875259,0.39619316,0.53960573,0.44613833,0.40928221,0.50258887,0.65150676,0.54158272,0.42105197,0.48859285,0.54444693,0.52596684,0.45567867,0.48250719,0.53398468,0.47399555,0.48117223,0.55107163,0.56095749,0.52407551,0.55638706,0.42797753,0.47962865,0.47042806,0.53137084,0.42820467,0.50984786,0.56112747,0.48049049,0.44957109,0.38709958,0.46748108,0.71418572,0.62904923,0.53378664,0.60635600,0.64593737,0.59023813,0.42604634,0.42258404,0.55123001,0.50825286,0.39834001,0.44191094,0.43486845,0.57412774,0.45472686,0.56339350,0.47462946,0.46535075,0.58481317,0.65637833,0.53190743,0.50362436,0.54502836,0.50900946,0.53658624,0.47458536,0.52665396,0.38440818,0.57569589,0.48345968,0.52005643,0.38339621,0.42414575,0.49843989,0.51401880,0.49387179,0.51009074,0.50841880,0.51541302,0.70424633,0.41838011,0.45886892,0.59738004,0.50267935,0.39818455,0.46646367,0.45905137,0.55672082,0.48931344,0.52221955,0.40803972,0.42796852,0.52371577,0.44909496,0.46017644,0.52687341,0.52596684,0.54116040,0.67231890,0.51625714,0.39566313,0.46042952,0.47310901,0.46669214,0.50350422,0.42763829,0.49673115,0.42557401,0.52004909,0.47864360,0.46459828,0.54208820,0.49013833,0.48500472,0.49645474,0.43779595,0.41844737,0.46479163,0.43915969,0.56233192,0.41607056,0.42297565,0.43326885,0.40136861,0.67043703,0.70424633,0.57253874,0.52137494,0.54327115,0.41364040,0.34498201,0.46991168,0.43722993,0.51280019,0.56353815,0.62603819,0.57997664,0.52238465,0.53855335,0.52090689,0.46053632,0.41664966,0.50177175
69430,0.44542677,0.45187266,0.53227292,0.27058208,0.57869252,0.50287543,0.46265790,0.52457812,0.42620887,0.39929179,0.42846358,0.44018078,0.49977681,0.58093204,0.43290962,0.42287281,0.65165716,0.66431420,0.37674821,0.44919433,0.50625296,0.54837873,0.48615182,0.65660545,0.41613915,0.60533448,0.45970496,0.59165113,0.46579580,0.61769207,0.59386355,0.58275575,0.61096727,0.39673233,0.50904183,0.47722169,0.34226363,0.40701215,0.38310909,0.53269044,0.41935210,0.65056754,0.54636633,0.58561598,0.45043145,0.51005630,0.59034823,0.61842665,0.49637325,0.47000079,0.51390738,0.55692070,0.51957515,0.51326072,0.45052637,0.53429554,0.51216279,0.62722605,0.62256567,0.45633697,0.65692100,0.61762041,0.52539401,0.64152496,0.57756181,0.64603483,0.69580707,0.45401905,0.51028652,0.50238342,0.42418723,0.45894909,0.63761452,0.61411128,0.54855241,0.60906111,0.56829783,0.60039649,0.00000000,0.59823495,0.32014270,0.59038806,0.58623331,0.49756294,0.53576119,0.50047026,0.55661130,0.37323996,0.61230146,0.60653941,0.55492724,0.56465379,0.49973794,0.48429335,0.47112690,0.45687555,0.56493040,0.59990785,0.54274366,0.65713795,0.65786599,0.54148115,0.58402386,0.65424868,0.44060090,0.57251635,0.58094831,0.52991689,0.50873949,0.50399251,0.50668332,0.65273059,0.45442349,0.68664515,0.47399169,0.53349047,0.64336477,0.51921320,0.46955544,0.54741192,0.46398135,0.54379992,0.51248133,0.46889441,0.60429995,0.58484233,0.57368587,0.47441209,0.56634475,0.46187142,0.57865443,0.56072506,0.53828028,0.59985687,0.65438530,0.54650451,0.39344887,0.55154261,0.54866191,0.65060522,0.68615153,0.70572012,0.50199186,0.38074441,0.46471581,0.68664515,0.45941688,0.53619239,0.59695207,0.54836517,0.60049198,0.57809302,0.64218674,0.58745083,0.69280355,0.58487117,0.54146541,0.64783999,0.63206176,0.51792356,0.65789765,0.50761567,0.56295626,0.60816820,0.66842172,0.65774431,0.60354382,0.65194445,0.66455641,0.68401525,0.39410454,0.64731975,0.55369865,0.61967832,0.56841463,0.55266249,0.59341637,0.61481745,0.31775247,0.45501882,0.63117276,0.50459761,0.52913510,0.55801609,0.48147156,0.46727818,0.61308591,0.54624317,0.54105020,0.63501413,0.59004455,0.64372695,0.56107885,0.69841388,0.62587472,0.56742480,0.54487636,0.56195053,0.51979001,0.50552151,0.38958054,0.43291363,0.57090958,0.65328029,0.45000044,0.52861884,0.65911482,0.59224241,0.67657934,0.69358043,0.56992471,0.47783571,0.62437680,0.52814821,0.51398319,0.59912424,0.62499502,0.35614135,0.56544029,0.58373148,0.65465243,0.46265790,0.57691701,0.50359654,0.66046979,0.60626994,0.43105896,0.60233078,0.49332403,0.56340899,0.64424689,0.71167381,0.65573797,0.58884517,0.55552513,0.42443660,0.43319553,0.43426096,0.49900491,0.65554282,0.57909264,0.56163122,0.58759629,0.61860046,0.65005030,0.61463469,0.68401525,0.47122871,0.53786274,0.61292258,0.53646250,0.61367828,0.56806089,0.57871126,0.59395589,0.55063129,0.52218446,0.53113320,0.49983505,0.71088090,0.66532365,0.58713500,0.50777204,0.64501503,0.68899559,0.63612074,0.60813440,0.43732115,0.52617675,0.74024629,0.56716760,0.48664029,0.62601979,0.48104457,0.61625898,0.56340899,0.64675735,0.69225750,0.66561026,0.48677961,0.50722211,0.46901154,0.66763109,0.61570588,0.46218135,0.04496906,0.32961845,0.32854670,0.63635921,0.59287030,0.54052071,0.61179138,0.61382583
69661,0.55162938,0.53086602,0.59862219,0.53627316,0.63462326,0.50909043,0.48338477,0.50564952,0.52583665,0.46228545,0.50561654,0.49944617,0.41099716,0.59951519,0.44754182,0.45113508,0.71268632,0.65057296,0.55086439,0.49649745,0.47494242,0.58508231,0.54034096,0.72184790,0.45198505,0.58351523,0.54493027,0.55971453,0.57112908,0.34843943,0.60810892,0.54355345,0.52621323,0.52830225,0.42798714,0.43839611,0.53829406,0.49332336,0.62662379,0.50538626,0.49396038,0.64991896,0.55517387,0.56441798,0.51248401,0.48515248,0.66653295,0.65103832,0.51529020,0.45922637,0.50479410,0.61609873,0.59477791,0.49085453,0.49739521,0.53870139,0.55610622,0.59003378,0.56135993,0.53902730,0.58750181,0.61775996,0.60063198,0.56672250,0.67118360,0.58236871,0.50624129,0.48231484,0.64506215,0.64731245,0.58029948,0.50082063,0.52738799,0.63512648,0.50817992,0.57889880,0.53470500,0.41001947,0.59823495,0.00000000,0.56443700,0.66391939,0.59455704,0.36665838,0.49815067,0.53407018,0.62616294,0.55606185,0.56156607,0.60536724,0.50947543,0.63901487,0.54220457,0.57418603,0.55935397,0.54428486,0.61019095,0.53570581,0.09913587,0.50823269,0.69673595,0.61622026,0.48789622,0.43456074,0.51889778,0.53590656,0.53095235,0.49445926,0.49914404,0.59139958,0.57492267,0.64097036,0.59282154,0.57669427,0.51115832,0.66658252,0.59600520,0.48424583,0.54028048,0.55785558,0.56406247,0.47490644,0.51127516,0.63478282,0.57158310,0.53996684,0.60672386,0.51196900,0.63077424,0.56921957,0.51033870,0.54158621,0.55819771,0.60939492,0.48425309,0.53922317,0.48896263,0.56813139,0.61608713,0.57462439,0.61804738,0.61015319,0.49567854,0.50738685,0.54760136,0.57669427,0.50601838,0.64180832,0.58716270,0.49496100,0.57151578,0.50199606,0.66534551,0.46065112,0.65789255,0.50149491,0.53716758,0.55387284,0.65491019,0.46902030,0.65693860,0.50280434,0.49909168,0.51829962,0.57745007,0.51910309,0.24613138,0.54984475,0.58523824,0.59941413,0.51539881,0.54160568,0.54059422,0.55570026,0.39923128,0.62737141,0.53957149,0.56785439,0.53644930,0.52373462,0.45261031,0.52844090,0.54924361,0.53053148,0.56061341,0.58992324,0.42016961,0.54270810,0.45479929,0.55195539,0.68292558,0.67872009,0.58142262,0.63254942,0.70892622,0.59851585,0.31621502,0.53258663,0.61644147,0.58863342,0.49648065,0.53449698,0.57252718,0.64615110,0.49878292,0.67300993,0.55086560,0.56054372,0.63874459,0.66355182,0.54993269,0.59057552,0.63564562,0.58400513,0.52867458,0.55189115,0.58605826,0.47237681,0.64484655,0.54309083,0.66526011,0.48338477,0.52394974,0.58902723,0.59735090,0.60926734,0.52745785,0.57364807,0.54943055,0.71958305,0.40534831,0.42503091,0.64065362,0.54343951,0.49986328,0.50895857,0.55406964,0.50001255,0.56540536,0.50825489,0.52305929,0.50905182,0.50052029,0.53879146,0.53734407,0.48096763,0.59941413,0.61643589,0.76003903,0.47893722,0.53941667,0.49291637,0.45072599,0.54972362,0.61040534,0.53148071,0.55151454,0.52737359,0.56474557,0.53559992,0.57361067,0.61590254,0.51639506,0.49545749,0.58871840,0.53367942,0.57061160,0.54983274,0.57103791,0.60672366,0.44414174,0.49132643,0.55470755,0.46568384,0.71636702,0.71958305,0.61443122,0.61727727,0.64069899,0.47733970,0.47184967,0.59919788,0.55363565,0.54812375,0.54353614,0.61738776,0.59703936,0.56037679,0.57622304,0.57331783,0.55680290,0.56686064,0.61127021
69731,0.41037013,0.34717459,0.38282935,0.28535760,0.47444019,0.42231730,0.34324676,0.48726287,0.38020965,0.40462545,0.32441321,0.40039137,0.36591089,0.42812937,0.30624090,0.30666941,0.65133856,0.60688461,0.26126575,0.42906596,0.47891421,0.54139190,0.40754993,0.61903991,0.30269536,0.55181788,0.41081388,0.45517449,0.37430181,0.60317625,0.57426487,0.48034066,0.54318761,0.31542000,0.46861984,0.42540116,0.45286947,0.40365944,0.35602007,0.50025698,0.34455939,0.62388152,0.44212269,0.42608980,0.36353366,0.42177270,0.58121874,0.54726489,0.30263348,0.36958311,0.36557539,0.46932573,0.50044523,0.36752629,0.43002442,0.52804489,0.50955745,0.51653422,0.50589885,0.41923640,0.58847370,0.57814423,0.49540934,0.56672974,0.58410392,0.55964821,0.55925020,0.34215619,0.54365821,0.49782976,0.46670750,0.38598211,0.49643957,0.48169207,0.49674859,0.62834428,0.54012894,0.48925593,0.32014270,0.56443700,0.00000000,0.59941382,0.48256665,0.40484872,0.46184896,0.47363178,0.49861556,0.36674173,0.53259127,0.55990059,0.47759754,0.54333299,0.41024595,0.47761820,0.55260467,0.42306426,0.45733235,0.47356611,0.53753606,0.57973544,0.61413197,0.50703175,0.47732342,0.52173980,0.35918812,0.55403710,0.57208098,0.41313692,0.44005812,0.49213863,0.51339623,0.55294491,0.36312817,0.63887457,0.35102051,0.51786581,0.65474293,0.43113984,0.46322303,0.42516507,0.45586113,0.44219535,0.44876424,0.46441687,0.49166057,0.45622084,0.50571519,0.43793172,0.58866841,0.46084211,0.49180950,0.47652534,0.50614574,0.56170825,0.58070374,0.50861661,0.46010343,0.52991936,0.50067484,0.48138521,0.50656687,0.66842813,0.39395738,0.34343287,0.41913977,0.63887457,0.38760376,0.48475595,0.57187186,0.41197861,0.50700936,0.49467041,0.54908210,0.51205944,0.60729233,0.50953763,0.49871313,0.55425630,0.56482741,0.37694030,0.57737794,0.37017440,0.47037232,0.56680603,0.66214259,0.62061786,0.54173793,0.54527881,0.54777016,0.58250261,0.39897035,0.57796367,0.51415781,0.47874462,0.54475715,0.53886095,0.56925897,0.49580148,0.35376189,0.34587463,0.56042245,0.47144178,0.48034234,0.43593982,0.43927605,0.42820586,0.56310697,0.46130106,0.46345444,0.52695302,0.62330390,0.62254103,0.49839495,0.66491745,0.56880837,0.57053437,0.48101519,0.48861896,0.46921298,0.47140465,0.33226176,0.39219425,0.51096169,0.59116417,0.36954558,0.53256640,0.53636043,0.56863335,0.58018857,0.73702364,0.51545879,0.46747395,0.55315586,0.47741264,0.45176736,0.53220394,0.57209366,0.28237556,0.55054649,0.58531151,0.59028064,0.34324676,0.45805572,0.50368492,0.58699147,0.51749736,0.39207884,0.50930471,0.42885806,0.68650511,0.51688286,0.59344872,0.58859834,0.49341912,0.46064974,0.41640864,0.39012289,0.41973724,0.43428979,0.61051170,0.47837475,0.46377882,0.53285318,0.54675708,0.57210030,0.54841083,0.58250261,0.45673456,0.55180337,0.54319297,0.44287551,0.54617803,0.49893477,0.56936495,0.56953528,0.43690704,0.47256414,0.39625537,0.44581139,0.61356991,0.61442753,0.59880727,0.45985798,0.52936364,0.61727623,0.57306191,0.48397733,0.40855237,0.50089457,0.63505831,0.48578277,0.40364482,0.52570595,0.42735147,0.63703016,0.68650511,0.61734477,0.55333781,0.66980897,0.47533848,0.44876194,0.39448176,0.54771203,0.54431091,0.42182589,0.37569302,0.35373139,0.38078949,0.55875162,0.54392575,0.41240256,0.49078697,0.53106582
69867,0.57550793,0.57421594,0.59460407,0.51190752,0.60508181,0.58114407,0.60685053,0.51119261,0.55472378,0.54553819,0.60274661,0.47532429,0.50487765,0.57907378,0.52962206,0.48622199,0.61790036,0.57913133,0.56581262,0.57327464,0.54765976,0.62855832,0.57716005,0.68694488,0.48559953,0.59441422,0.54173980,0.53332426,0.46921078,0.68233658,0.55550351,0.61279760,0.51443567,0.60860340,0.60292953,0.56821487,0.63634502,0.60147466,0.62201595,0.53433864,0.52478590,0.62018119,0.53487278,0.48197576,0.49366378,0.55437784,0.40597291,0.51487672,0.62363980,0.60983447,0.54192072,0.56032053,0.58356538,0.56174378,0.57300084,0.55860074,0.49318892,0.53247561,0.55604893,0.60421892,0.68078525,0.27269989,0.28466925,0.47421680,0.25815747,0.63740806,0.59137657,0.48176484,0.54710644,0.48974418,0.58658414,0.60147893,0.61279078,0.70399144,0.47264005,0.47561461,0.58556315,0.61485107,0.59038806,0.66391939,0.59941382,0.00000000,0.49323319,0.59504698,0.50173401,0.44874975,0.51391182,0.53719823,0.51148379,0.55231275,0.68970719,0.59787955,0.51539064,0.56109370,0.60595610,0.45260787,0.67808111,0.45404457,0.63622296,0.59374026,0.58506650,0.28481898,0.50979218,0.62625585,0.49635086,0.53396766,0.56814530,0.47972149,0.62333968,0.47793107,0.61296209,0.58104991,0.63435169,0.70627936,0.48811236,0.56525749,0.67694753,0.56725244,0.46850997,0.50307778,0.52874714,0.53981795,0.59451572,0.48829022,0.51558586,0.53797207,0.55525405,0.48362694,0.61802558,0.50328994,0.61403436,0.59633811,0.64971151,0.39932103,0.60285808,0.52383708,0.58730445,0.69648884,0.54548808,0.62292432,0.68469580,0.67311831,0.53899838,0.62428887,0.60785991,0.70627936,0.52976026,0.65138308,0.36354187,0.52939688,0.65503370,0.48027802,0.54774392,0.61049283,0.65379769,0.63011005,0.51744102,0.50067840,0.54353898,0.50991311,0.51816274,0.48640189,0.61497246,0.66072913,0.67429056,0.69212897,0.58185229,0.58409115,0.64115533,0.68516409,0.52905343,0.60085413,0.53045034,0.53922833,0.58565211,0.57861872,0.56363812,0.65151946,0.63512674,0.56501768,0.57104987,0.58448862,0.63568659,0.56894366,0.59382393,0.50815347,0.65705138,0.61887532,0.50958833,0.60043867,0.61743280,0.66585527,0.52237740,0.71569348,0.62287213,0.57104468,0.58884034,0.58499741,0.63112382,0.28916998,0.50564020,0.51029307,0.31235100,0.57418397,0.47642318,0.53707201,0.62103245,0.63860044,0.62840203,0.74446731,0.59418622,0.48526742,0.29830906,0.49337445,0.45573644,0.56940997,0.62681155,0.55054101,0.70087568,0.67493877,0.64056490,0.60685053,0.63050958,0.55378416,0.59115810,0.51945840,0.53636904,0.65487647,0.47312376,0.57680403,0.56195860,0.63814501,0.67576943,0.60525479,0.60858952,0.49820001,0.47810338,0.48976804,0.47409567,0.64454901,0.54091316,0.53465597,0.68235079,0.55872005,0.51612067,0.53579684,0.68516409,0.55793620,0.72029862,0.54965102,0.52121956,0.62113258,0.54738488,0.64035164,0.56641908,0.58505782,0.66161383,0.43610930,0.65683508,0.56616512,0.58596741,0.68404073,0.66267040,0.58864159,0.61263999,0.53394988,0.50426741,0.46185053,0.61890752,0.61128200,0.61219593,0.58912691,0.63888518,0.56324314,0.64165393,0.57680403,0.62848584,0.59247764,0.62355151,0.48032974,0.51708199,0.50892090,0.53121182,0.59939960,0.49599063,0.61287742,0.53478719,0.56650443,0.63750566,0.62391664,0.61801674,0.50565348,0.60523719
70155,0.43278853,0.42271324,0.46647648,0.44849406,0.50358312,0.45103609,0.46321679,0.41405605,0.46158702,0.55526789,0.51661715,0.44227607,0.41287779,0.25907626,0.35587730,0.34081542,0.29287616,0.20137684,0.47233542,0.36641062,0.34421915,0.42151184,0.43460370,0.58997456,0.33455621,0.44438023,0.41478785,0.41946136,0.48140578,0.58347116,0.44869778,0.40583414,0.39227532,0.50032002,0.50284327,0.46157188,0.64313979,0.52348429,0.55714330,0.46731141,0.39554578,0.29432490,0.41753629,0.34876347,0.37247809,0.29593217,0.48700007,0.18589351,0.49157767,0.49857092,0.41687564,0.29739104,0.48442231,0.39493088,0.36333956,0.42210763,0.60167825,0.33685145,0.26874777,0.47405551,0.38125150,0.51345053,0.42794483,0.38467513,0.52914049,0.46837022,0.49796039,0.32013533,0.50657488,0.59479134,0.53918021,0.40585620,0.47597249,0.50549418,0.43626907,0.61682438,0.52085271,0.43829293,0.58623331,0.59455704,0.48256665,0.49323319,0.00000000,0.49729778,0.49674342,0.44729804,0.48910627,0.49552793,0.54040512,0.38427106,0.51784647,0.54350194,0.41189666,0.41936004,0.51593795,0.37971001,0.45489345,0.40481197,0.53728637,0.45949245,0.37843493,0.42789136,0.38954188,0.49289947,0.54194534,0.32450410,0.39825911,0.39910159,0.45933853,0.44269793,0.48603129,0.15408780,0.44562280,0.51703635,0.41441082,0.58716099,0.57155048,0.54457446,0.44698613,0.49525168,0.23364336,0.43334856,0.41198096,0.45540968,0.33628446,0.33850600,0.23069646,0.38608187,0.30449923,0.37302007,0.38060342,0.46983436,0.46360524,0.35859660,0.42499532,0.46063452,0.55989837,0.54612922,0.46860720,0.39848442,0.49269841,0.46150351,0.45074132,0.58414638,0.48093536,0.51703635,0.40546313,0.50058123,0.44772593,0.39310086,0.53710924,0.45878460,0.17714689,0.45464605,0.52617422,0.39156048,0.45561818,0.42156576,0.51741657,0.46118699,0.51130880,0.35178316,0.40787299,0.43483506,0.51378333,0.49261240,0.46652193,0.43410978,0.50429380,0.49928035,0.40835017,0.42437267,0.44835349,0.39705880,0.46045039,0.44861913,0.39182772,0.53718660,0.60812018,0.44998665,0.55894478,0.44589997,0.48030521,0.48260354,0.51537099,0.50003541,0.49737671,0.48373056,0.45190568,0.44640630,0.61566068,0.59177903,0.52365229,0.46400520,0.57342787,0.51406040,0.48796544,0.36863487,0.51539290,0.34710948,0.45064436,0.45268013,0.46697800,0.20911660,0.41409559,0.32675208,0.31612644,0.28852878,0.50591592,0.54110347,0.49489583,0.47766406,0.44856815,0.45733150,0.47108398,0.39324243,0.34209330,0.45050311,0.41787275,0.39674046,0.53291008,0.46321679,0.39204030,0.46868291,0.51538186,0.15287473,0.55893472,0.53789814,0.44841388,0.55115564,0.49603603,0.51371587,0.38105016,0.44916850,0.40254196,0.51275293,0.40650803,0.52953069,0.41113546,0.62056605,0.39920377,0.39658615,0.50694684,0.39687071,0.40212185,0.45797606,0.49928035,0.47645223,0.59252769,0.45891113,0.39652096,0.41079380,0.43386614,0.29311735,0.32932617,0.42531167,0.59000209,0.32668065,0.48834931,0.50682340,0.37611825,0.55152439,0.50259129,0.53109614,0.40040387,0.36513827,0.38665630,0.38747752,0.45712505,0.56731399,0.47671129,0.44184731,0.46739301,0.34240339,0.59589658,0.55115564,0.53124773,0.52790262,0.52198607,0.47353654,0.34844129,0.25415756,0.41519499,0.51070493,0.43468587,0.59280210,0.49908429,0.51645495,0.47798013,0.51750761,0.49464327,0.38844623,0.42317299
70210,0.40249453,0.43992185,0.51013755,0.42085208,0.57229309,0.42658115,0.39496098,0.41285610,0.41668438,0.48907256,0.49511730,0.45819757,0.41455355,0.50058719,0.38485605,0.39858656,0.66553791,0.63149526,0.44599064,0.47659048,0.44282281,0.58267152,0.47891916,0.73972856,0.39791588,0.47752150,0.46635170,0.50173372,0.52477298,0.45786937,0.57726491,0.45593813,0.45275179,0.46093658,0.45403805,0.39667386,0.54360608,0.42250531,0.54253994,0.49726879,0.42670907,0.63668522,0.43797198,0.45404270,0.39909450,0.45846039,0.54499356,0.55462034,0.49130645,0.47841251,0.47769694,0.49380745,0.54154359,0.37817536,0.48153291,0.45902391,0.53119234,0.48702857,0.48612312,0.49986729,0.52576574,0.53938694,0.49124787,0.57080119,0.60249088,0.46481377,0.42397049,0.38678520,0.58927689,0.56122280,0.50462204,0.43918933,0.44361911,0.63351113,0.53071633,0.55054517,0.60626350,0.37353641,0.49756294,0.36665838,0.40484872,0.59504698,0.49729778,0.00000000,0.50528853,0.45434388,0.55308446,0.45622981,0.50986361,0.50247064,0.57706383,0.55675051,0.46374510,0.53570798,0.57014216,0.53088681,0.56801664,0.43654271,0.34413289,0.53868734,0.61626373,0.50841427,0.41617601,0.42191929,0.49309666,0.48334800,0.51571319,0.42801785,0.54719556,0.51552499,0.53615695,0.60235981,0.56187549,0.62413654,0.45854702,0.58699907,0.57618734,0.41067233,0.48358804,0.48786354,0.48194894,0.41570065,0.51689443,0.57064615,0.48737751,0.42854877,0.58006867,0.45151680,0.53893658,0.52385701,0.51511778,0.50173852,0.53256172,0.49395266,0.52320612,0.48248720,0.53172291,0.54120100,0.57188957,0.50092789,0.53766256,0.55034743,0.44339126,0.40943068,0.44478986,0.62413654,0.43779745,0.60951664,0.51170264,0.45805267,0.52313092,0.53807929,0.58354167,0.47082595,0.61088519,0.51796336,0.47588157,0.54282177,0.61223025,0.41580716,0.56066976,0.51215561,0.55066427,0.52994058,0.62519679,0.56760554,0.34312751,0.54861967,0.63391521,0.54909260,0.49106575,0.47988024,0.48486462,0.55819251,0.44224090,0.61502265,0.51331639,0.54236602,0.50244812,0.42991795,0.38815077,0.51286466,0.54392680,0.41986324,0.50483599,0.55319281,0.47837256,0.45765917,0.35891348,0.55098661,0.70448048,0.66250986,0.59433282,0.67066552,0.68447799,0.60817434,0.40357854,0.49097663,0.58405043,0.48294574,0.37442732,0.51975672,0.48704152,0.63279577,0.46895492,0.61287296,0.54877846,0.56533067,0.59817538,0.64716331,0.53433773,0.50508591,0.53849346,0.47471500,0.48007354,0.54098253,0.58583164,0.40194262,0.59836485,0.52957332,0.62770369,0.39496098,0.44041222,0.48744978,0.53193492,0.58016408,0.51849369,0.52465544,0.48627500,0.69096806,0.28515121,0.44728935,0.62318575,0.48979598,0.54855799,0.44051956,0.42739650,0.47371332,0.52089308,0.51753408,0.43520464,0.46382189,0.59970022,0.48780718,0.43805687,0.54637902,0.54909260,0.50986316,0.68265363,0.54281263,0.42385280,0.49680715,0.46158422,0.56517033,0.57244377,0.44420799,0.59625608,0.41898189,0.56092652,0.44450201,0.46515450,0.58557791,0.49757467,0.42551437,0.51444571,0.47355376,0.45051784,0.46273019,0.52054798,0.53088633,0.44993729,0.52641019,0.50439365,0.42468145,0.69340420,0.69096806,0.63093280,0.54147901,0.59427611,0.43050293,0.43503606,0.52159104,0.44442621,0.50975752,0.51429534,0.50509236,0.53666077,0.46897505,0.56479332,0.53279998,0.43966546,0.45131263,0.44183426
70219,0.37902513,0.39439998,0.35474889,0.43563546,0.45073995,0.43925129,0.50605941,0.54861586,0.50738978,0.44063471,0.48584064,0.44464101,0.33731842,0.58436113,0.40191123,0.33504703,0.64343958,0.55022514,0.44704824,0.43274533,0.45496674,0.59859660,0.46912443,0.67678372,0.33405856,0.63597078,0.40722699,0.24471627,0.40918603,0.55161905,0.57753917,0.49057439,0.49000428,0.35831869,0.49601280,0.46977573,0.52885905,0.48885833,0.55871014,0.44929610,0.50535566,0.64662872,0.46620172,0.53489218,0.38794530,0.48842194,0.56642448,0.49470104,0.45307384,0.44800857,0.41414092,0.56942221,0.63324781,0.36906455,0.43171409,0.58422391,0.51981014,0.58026625,0.55403727,0.51415152,0.54168008,0.52149336,0.50318149,0.53456227,0.48997919,0.58202918,0.59361785,0.45232410,0.53759904,0.58602769,0.56115760,0.44543709,0.46720392,0.52698848,0.40823408,0.46853871,0.52370578,0.56292727,0.53576119,0.49815067,0.46184896,0.50173401,0.49674342,0.50528853,0.00000000,0.51811961,0.42018556,0.51216045,0.48908597,0.58025988,0.53053539,0.53151169,0.39237508,0.56092690,0.59092556,0.45112960,0.51000173,0.52933334,0.48511716,0.49770444,0.68659835,0.52309734,0.46244387,0.57162492,0.42609457,0.59274024,0.61926482,0.47745467,0.52027270,0.55224320,0.54163311,0.54182377,0.44119139,0.65657401,0.31853477,0.40163347,0.66917606,0.51405385,0.52401646,0.52477900,0.52199602,0.47622610,0.50965770,0.54314858,0.58075449,0.58134726,0.57088968,0.47326099,0.60953219,0.57450076,0.49770962,0.40922883,0.55252350,0.55606189,0.48585257,0.50884857,0.52509498,0.61157143,0.58314783,0.55466757,0.60971707,0.63030357,0.41769130,0.46893368,0.51211476,0.65657401,0.51845109,0.65588451,0.55172378,0.44861030,0.61287089,0.40212264,0.52633583,0.48300829,0.60947422,0.49939096,0.49993380,0.58797291,0.60041005,0.45676305,0.59749508,0.49525297,0.50519186,0.55683211,0.58437359,0.58758370,0.53881675,0.52207328,0.53558315,0.57700078,0.47497093,0.55284974,0.50507285,0.49215794,0.55114332,0.58483525,0.61940165,0.52310174,0.54351537,0.46985238,0.48789032,0.50986459,0.50848705,0.46964505,0.50979127,0.59611162,0.56223498,0.39667526,0.41541884,0.62157558,0.66967413,0.62318533,0.55980939,0.66544505,0.72670185,0.64126757,0.52073854,0.57481648,0.54851919,0.42625846,0.38781562,0.54530961,0.49274312,0.54242277,0.40218656,0.61465412,0.58891480,0.53904380,0.64750741,0.69672442,0.60120213,0.56687659,0.46048314,0.49901759,0.15148294,0.62727251,0.60376576,0.41111870,0.64193870,0.58061111,0.67714969,0.50605941,0.45103146,0.54518962,0.55844786,0.52841354,0.45543834,0.61403910,0.50484166,0.74799448,0.52866006,0.59709601,0.66963816,0.53502896,0.50378475,0.48536862,0.48547660,0.41354881,0.46369963,0.60551027,0.42206927,0.43575932,0.56756620,0.54457664,0.53492952,0.48568574,0.57700078,0.58079410,0.75318699,0.46741564,0.47328511,0.53551923,0.46629306,0.53876009,0.56923340,0.48035592,0.58936278,0.44559300,0.56515716,0.58544110,0.58555868,0.59938107,0.54041768,0.55318417,0.58060201,0.53880927,0.53333626,0.44161433,0.50892481,0.72432232,0.56710347,0.41231101,0.53871508,0.45041266,0.77851889,0.74799448,0.69717194,0.57939038,0.69562428,0.49615223,0.49054432,0.46690831,0.55731474,0.58433525,0.28206383,0.54871253,0.51400884,0.59587288,0.54176165,0.52282027,0.42771339,0.53900995,0.62443268
70226,0.43698279,0.46106022,0.52350015,0.37895307,0.53382813,0.47950350,0.51846059,0.39441308,0.45001236,0.44946266,0.50734100,0.39351592,0.43103148,0.49927738,0.40948828,0.41061958,0.59883423,0.57091069,0.46748709,0.48437994,0.40065182,0.54136737,0.49116182,0.55368879,0.41149597,0.57830850,0.53429443,0.51254707,0.43022988,0.57034541,0.41629674,0.50053975,0.46840528,0.51931865,0.45715151,0.36785349,0.60920454,0.49335540,0.53500673,0.51238681,0.29762467,0.57031771,0.47242087,0.46509588,0.42247003,0.41860631,0.45162163,0.54451780,0.54124322,0.49653886,0.47139468,0.51108728,0.35132409,0.41832821,0.48475657,0.43234371,0.47681332,0.43239539,0.47372486,0.48598985,0.53292434,0.43766448,0.32822718,0.44509035,0.42541074,0.53125495,0.54272025,0.38365464,0.47570239,0.29425470,0.49553234,0.44623431,0.49891409,0.59126930,0.51122574,0.49272263,0.50750494,0.46485952,0.50047026,0.53407018,0.47363178,0.44874975,0.44729804,0.45434388,0.51811961,0.00000000,0.51809027,0.47036956,0.46240156,0.50802237,0.57754620,0.56397169,0.45794433,0.36536823,0.49345413,0.42535017,0.53551500,0.37917502,0.48798281,0.54473212,0.55238936,0.33692556,0.41513414,0.57440078,0.42074736,0.49899358,0.53536694,0.41898349,0.53267654,0.37107401,0.50555950,0.55358378,0.50134343,0.59343926,0.46044423,0.56778452,0.53225336,0.47245610,0.33772626,0.43009480,0.45706398,0.38512686,0.49576755,0.46904577,0.41619482,0.43252007,0.52202681,0.37722558,0.57014608,0.38836312,0.50483024,0.49686028,0.53035355,0.41158380,0.52507177,0.48593747,0.47521965,0.56364827,0.43377797,0.50239649,0.57625919,0.54207194,0.46924311,0.47800474,0.45968676,0.59343926,0.36251337,0.45896919,0.36905286,0.46194452,0.47811722,0.53118262,0.52272115,0.48788880,0.53957110,0.51356977,0.48146320,0.36957614,0.50076685,0.42582082,0.47954943,0.34175666,0.50539973,0.52794715,0.59132592,0.58481007,0.51113250,0.49790703,0.56959651,0.53023034,0.45649824,0.44041034,0.49744868,0.49081510,0.49710808,0.54066069,0.53289222,0.60540075,0.51692129,0.42990430,0.51493943,0.45873868,0.50956008,0.47045987,0.52982652,0.31043111,0.51819127,0.49540623,0.39985998,0.51477185,0.50784373,0.49196739,0.46208185,0.62422182,0.52171752,0.44210521,0.48820246,0.46887094,0.52824901,0.37441288,0.40379488,0.24664836,0.33814332,0.56118015,0.41929487,0.52417252,0.52087943,0.51315765,0.54767750,0.67851050,0.45149153,0.09482865,0.40200707,0.39191408,0.51820525,0.30095006,0.54243741,0.43008097,0.60003308,0.53103771,0.57562850,0.51846059,0.44833422,0.36236115,0.55256834,0.50285440,0.42777569,0.47836120,0.32237849,0.57113251,0.48865551,0.55516633,0.62129549,0.51240548,0.49672127,0.46172151,0.42023938,0.49839442,0.49141664,0.59019740,0.41552194,0.46490421,0.58194606,0.46536812,0.47330294,0.54058911,0.53023034,0.43141445,0.51315182,0.54358646,0.46782112,0.50358244,0.49981627,0.51403263,0.51785653,0.47456739,0.55271582,0.39952583,0.58522738,0.48564985,0.49023998,0.59378590,0.50482151,0.53490312,0.52087374,0.46248604,0.42925753,0.41864959,0.50297051,0.50912215,0.44489916,0.50859084,0.53821661,0.43158722,0.52593776,0.57113251,0.49383158,0.54470204,0.52972629,0.34417910,0.43498086,0.44105421,0.48520672,0.53299948,0.46794793,0.52835898,0.46788258,0.54397608,0.53496557,0.52374198,0.49794792,0.43424712,0.49624762
72671,0.42584966,0.41043498,0.39969866,0.47053830,0.46197193,0.46833295,0.53416418,0.57108497,0.57254139,0.60262491,0.59157780,0.52057817,0.45057434,0.56842138,0.42911705,0.38530263,0.60797465,0.55343451,0.49958000,0.45279301,0.46720511,0.56770564,0.45799970,0.63888884,0.38648860,0.60732311,0.42143479,0.41959567,0.44435770,0.58791598,0.63352530,0.50240277,0.51222348,0.48613899,0.53388138,0.49760737,0.66946541,0.59078015,0.58600398,0.45869669,0.55641937,0.62914865,0.50408805,0.52440868,0.40127578,0.53726413,0.54697833,0.48729854,0.54072529,0.56714846,0.47560891,0.56954451,0.65160729,0.41179671,0.45630252,0.56507140,0.63418425,0.55274036,0.47075164,0.48732696,0.51649641,0.57602217,0.49466887,0.52136187,0.54820161,0.58891592,0.57219624,0.50122934,0.61044721,0.62668258,0.56368173,0.47696923,0.48010858,0.55170652,0.49886800,0.55541619,0.52361713,0.60506805,0.55661130,0.62616294,0.49861556,0.51391182,0.48910627,0.55308446,0.42018556,0.51809027,0.00000000,0.56081530,0.52459374,0.56721073,0.56007162,0.53993586,0.36109385,0.55038223,0.59081247,0.52697272,0.55322208,0.54737809,0.56491745,0.57444828,0.66575726,0.50108987,0.54059434,0.60785962,0.56235828,0.58218107,0.62647648,0.51113607,0.50974729,0.54925764,0.57158658,0.55029292,0.35771263,0.61828316,0.35583201,0.43312829,0.64516944,0.58708602,0.59172776,0.57272519,0.49929805,0.58036191,0.47165907,0.55128801,0.55383138,0.56619374,0.58454349,0.47273486,0.61338756,0.61214508,0.46864731,0.43291207,0.47941174,0.54665181,0.55268641,0.52140556,0.58968731,0.58492088,0.63121993,0.49251498,0.54991862,0.66729816,0.47232804,0.54408741,0.53933001,0.61828316,0.55294169,0.61097319,0.55725014,0.47083241,0.63886811,0.48467452,0.52216408,0.55280260,0.67289822,0.48071942,0.51460059,0.59383766,0.59621558,0.54189742,0.63836768,0.54247250,0.53868539,0.54377937,0.53147462,0.59329462,0.54688605,0.43972549,0.42023042,0.50233990,0.51234634,0.60100727,0.51699405,0.48033670,0.56223403,0.55290676,0.62895491,0.56958332,0.63201281,0.49486220,0.54430175,0.50113209,0.54676319,0.49581082,0.44352355,0.58230306,0.58055901,0.43329373,0.50005249,0.57567531,0.64713430,0.56465179,0.65757801,0.67677686,0.67566723,0.62927770,0.54308340,0.57380555,0.54691666,0.43908279,0.47205005,0.56933464,0.51644863,0.55062927,0.45684946,0.60038488,0.52584961,0.55981532,0.64505123,0.68087514,0.61556495,0.55132316,0.52278229,0.52353995,0.37184829,0.56896497,0.59468885,0.53276486,0.66283042,0.59114619,0.66277796,0.53416418,0.49552571,0.56130377,0.51524494,0.52044419,0.60659227,0.63975536,0.50242938,0.68779451,0.58589783,0.60423606,0.65791419,0.51284923,0.53363586,0.52849281,0.48771942,0.49704434,0.41947539,0.63796664,0.46859692,0.40225300,0.57530154,0.52418864,0.50182998,0.50950470,0.50233990,0.56213173,0.63393145,0.48962266,0.47519194,0.55260492,0.55686472,0.55784823,0.46584851,0.46266096,0.56959839,0.43694336,0.50153202,0.64417056,0.62150620,0.60474867,0.51612811,0.60168965,0.59994890,0.51204836,0.49114723,0.52573754,0.53963045,0.65250067,0.58026171,0.45501254,0.54396805,0.43163680,0.65677133,0.68779451,0.68663429,0.48888947,0.67826722,0.58181251,0.51554720,0.43477469,0.54110045,0.47062680,0.42817027,0.56298550,0.52895527,0.55267363,0.51669536,0.48520535,0.48050841,0.50037198,0.57790852
72778,0.36213883,0.38927682,0.44349620,0.40023379,0.49705267,0.37113771,0.41642624,0.48431644,0.45129918,0.45732105,0.37987234,0.34613534,0.39505566,0.53479148,0.42516115,0.35861446,0.66544953,0.60908179,0.38698024,0.43498411,0.36955027,0.56078635,0.32600798,0.66842385,0.36364021,0.56067384,0.40284211,0.45054209,0.36266717,0.60958212,0.51308361,0.46569302,0.52474123,0.44568671,0.44839894,0.37852957,0.45210943,0.33015107,0.44159030,0.55852157,0.39382629,0.65250529,0.38345654,0.44694692,0.34623440,0.42786201,0.55008121,0.59666443,0.40492615,0.42654665,0.41260884,0.43133764,0.49478625,0.38295067,0.43693333,0.48481215,0.53124875,0.51305586,0.53374105,0.31881868,0.60182917,0.58203995,0.47154657,0.52258902,0.59761707,0.52565305,0.59803190,0.39969433,0.52641513,0.55368989,0.12597826,0.46808092,0.43227070,0.52186077,0.54577373,0.66628388,0.53298588,0.50134011,0.37323996,0.55606185,0.36674173,0.53719823,0.49552793,0.45622981,0.51216045,0.47036956,0.56081530,0.00000000,0.61647700,0.43002671,0.48842115,0.50213952,0.40960704,0.43007529,0.55106451,0.40776144,0.46624309,0.50019190,0.51035315,0.59391478,0.56816069,0.48189997,0.38708271,0.52799493,0.44012681,0.52551134,0.54942384,0.39397892,0.42256804,0.48566495,0.41645290,0.57401037,0.45209671,0.64165443,0.41740551,0.50139536,0.61451418,0.42643822,0.47697171,0.47678300,0.36194937,0.43873829,0.48062359,0.42823343,0.49275180,0.47215186,0.54902512,0.44394603,0.51852616,0.42383934,0.44458782,0.46310386,0.51931143,0.42292120,0.53057170,0.45614845,0.41531035,0.44115929,0.47762749,0.54119548,0.57451278,0.63395824,0.40980235,0.43883805,0.39999791,0.64165443,0.37677931,0.52619848,0.42913320,0.40411138,0.42706837,0.55059101,0.60167544,0.45100504,0.49838718,0.45823400,0.44982107,0.55098477,0.52637554,0.32526981,0.66326775,0.36673903,0.42832665,0.46527882,0.59279401,0.51013300,0.48697304,0.44592219,0.58674295,0.56983283,0.31590059,0.50036966,0.46260435,0.51478229,0.36846593,0.58739979,0.54518627,0.51983545,0.45726423,0.35025849,0.56204609,0.37563656,0.50517721,0.40171695,0.39877603,0.50249553,0.49815727,0.49149201,0.38530936,0.59904821,0.61014794,0.54587192,0.49759142,0.67243542,0.57530536,0.52813256,0.42585126,0.51352184,0.55148627,0.49962861,0.33744461,0.46367949,0.47243203,0.60480919,0.45438314,0.55856815,0.56381299,0.52133240,0.64359416,0.70014521,0.50812753,0.47807478,0.48845223,0.43434672,0.50490324,0.54500581,0.56289441,0.36263506,0.53524938,0.49192010,0.59090858,0.41642624,0.43171720,0.42900839,0.62170361,0.54520118,0.45883112,0.42814295,0.45947128,0.61663270,0.50520514,0.48670932,0.64462719,0.49477075,0.41778277,0.38770948,0.39723638,0.51014746,0.46478413,0.51107005,0.43011937,0.44428597,0.55023665,0.49230158,0.48836870,0.55611396,0.56983283,0.42985190,0.59148687,0.55198252,0.37476679,0.45407119,0.47212293,0.52303564,0.54317386,0.44023112,0.46770196,0.40925526,0.45501379,0.58631712,0.54247304,0.59148829,0.42361029,0.53181554,0.51484758,0.51322576,0.49972981,0.47641532,0.42842496,0.66356511,0.51310023,0.44674723,0.44185884,0.40697043,0.59764985,0.61663270,0.58318849,0.50161519,0.59415371,0.44098582,0.33204491,0.45398088,0.43646853,0.54665098,0.47817506,0.40496501,0.32611068,0.38540975,0.49365073,0.53797701,0.37887904,0.50297665,0.47095915
72787,0.55334862,0.53381010,0.57441977,0.53268813,0.56490171,0.58413440,0.51659773,0.52056317,0.54237848,0.52276546,0.51192692,0.48356571,0.43781833,0.52813766,0.52355543,0.50941753,0.72046618,0.64418883,0.55683268,0.55053879,0.53600273,0.64670230,0.58121074,0.71435922,0.51197779,0.52925828,0.54578395,0.51295076,0.50899626,0.58957312,0.57923123,0.56726607,0.52396240,0.58844793,0.59628664,0.53986328,0.62116628,0.56639613,0.57052612,0.50192028,0.47063812,0.67622370,0.59637716,0.52900707,0.52487185,0.52632299,0.58570355,0.58041942,0.59312398,0.59616527,0.52765443,0.55843503,0.59924486,0.50955150,0.55104201,0.54990801,0.57668382,0.53819730,0.48993734,0.60223146,0.60412340,0.52630592,0.43227961,0.55187739,0.46112192,0.60285795,0.54227271,0.44120010,0.59050675,0.59255335,0.63674499,0.58737551,0.55103032,0.68580518,0.48634078,0.21928490,0.66140598,0.50627098,0.61230146,0.56156607,0.53259127,0.51148379,0.54040512,0.50986361,0.48908597,0.46240156,0.52459374,0.61647700,0.00000000,0.62065753,0.64403000,0.58088304,0.51599953,0.53970975,0.56917921,0.45970856,0.63648787,0.50792751,0.54326948,0.59635723,0.58508059,0.44567105,0.54221259,0.59713907,0.45008612,0.49998640,0.55503461,0.51447950,0.52205474,0.31896438,0.55648212,0.59370741,0.60192127,0.70652340,0.43552940,0.65427669,0.64048517,0.51603875,0.42242442,0.47632160,0.50968330,0.47171430,0.58194734,0.49218904,0.52503850,0.51056609,0.59903700,0.33889944,0.65793737,0.51839480,0.57175477,0.57146730,0.59363939,0.54506433,0.62043740,0.53251840,0.50835486,0.68532136,0.60418482,0.57601228,0.60914660,0.64177803,0.51121106,0.57361319,0.55697100,0.70652340,0.54245653,0.62856096,0.53791947,0.50511567,0.56493931,0.48511869,0.60876745,0.58999804,0.65977285,0.57899937,0.52397586,0.57756657,0.61325801,0.56901078,0.49987467,0.57334829,0.55588387,0.65258045,0.71077502,0.67847652,0.51242111,0.56890248,0.60162289,0.63058415,0.54677683,0.55132127,0.54264016,0.55751957,0.58432997,0.57179757,0.55684359,0.57364534,0.65000910,0.59108269,0.46805206,0.54415010,0.54977734,0.55245432,0.62179024,0.60442444,0.62905817,0.56398259,0.53252648,0.51893763,0.68205206,0.68099063,0.60087999,0.71000789,0.67611532,0.63383718,0.54122349,0.47637034,0.61215059,0.36450119,0.49843186,0.47940273,0.35204989,0.63759540,0.46789760,0.57063184,0.55277816,0.57840224,0.58191716,0.68558450,0.54913327,0.49952673,0.49583382,0.57423330,0.46942220,0.55888956,0.57464532,0.53883863,0.68315573,0.60726985,0.60446075,0.51659773,0.55962942,0.58527112,0.52904189,0.55930874,0.47568165,0.56538382,0.48698138,0.61972747,0.49545895,0.56646436,0.60773792,0.55174905,0.55036755,0.51615152,0.50920236,0.52182257,0.48494205,0.65686258,0.51990061,0.53161394,0.63746753,0.56659864,0.53021265,0.54090863,0.63058415,0.62256163,0.72505407,0.54625226,0.50957122,0.60280809,0.52075251,0.57378218,0.55072442,0.55556580,0.65116506,0.51115552,0.60016054,0.50491129,0.56762937,0.68492975,0.60953049,0.49281880,0.58514738,0.56006989,0.54826765,0.45184777,0.52905139,0.59050684,0.47660788,0.53683110,0.59342428,0.52243267,0.68140870,0.61972747,0.65954654,0.56764883,0.56299016,0.41469084,0.50858298,0.56456235,0.53274712,0.58195489,0.44983415,0.63201035,0.53826686,0.54444084,0.60673059,0.62602570,0.55615372,0.54779212,0.59966221
72796,0.44825154,0.52292823,0.53817242,0.54677378,0.50233458,0.40029164,0.51811051,0.52136330,0.54932524,0.65629898,0.60421885,0.43255715,0.44650954,0.48469189,0.43728191,0.42825213,0.64166075,0.56780940,0.58708951,0.44314814,0.32433024,0.55778843,0.43000957,0.67211985,0.43162765,0.56887362,0.52993250,0.52632353,0.54062158,0.61807666,0.59104443,0.42146147,0.44029915,0.59919312,0.52979638,0.43271090,0.67756544,0.46391506,0.71522856,0.58806431,0.53642454,0.60483058,0.36327819,0.44920371,0.42249927,0.45689119,0.46978985,0.45328247,0.55275117,0.56711559,0.47419231,0.36964854,0.58872061,0.41501914,0.44067516,0.52440103,0.62085914,0.49060709,0.38428161,0.44724850,0.50898646,0.56186587,0.45345354,0.48601222,0.68014594,0.51080938,0.58861373,0.50603490,0.53477971,0.64036762,0.45596726,0.50549676,0.47932887,0.56061034,0.54069472,0.66905373,0.62657481,0.50801719,0.60653941,0.60536724,0.55990059,0.55231275,0.38427106,0.50247064,0.58025988,0.50802237,0.56721073,0.43002671,0.62065753,0.00000000,0.45910191,0.51147799,0.45416315,0.44842470,0.59798236,0.46717673,0.47761492,0.44428812,0.57496863,0.57930816,0.53154474,0.46454162,0.35690216,0.51392997,0.53470123,0.42236677,0.46090099,0.42451970,0.42432426,0.51529762,0.46634851,0.48737582,0.56104133,0.52090988,0.51605803,0.58116709,0.62227836,0.49203120,0.50604188,0.50084307,0.36245498,0.45587927,0.44178975,0.59797401,0.49030436,0.47061591,0.52998053,0.47524403,0.49132487,0.53447616,0.36352788,0.51180490,0.53461056,0.35575577,0.42456741,0.45665359,0.58296648,0.42432768,0.57505101,0.49236520,0.49297177,0.53932001,0.48476188,0.62115273,0.41588002,0.52090988,0.47007525,0.59199297,0.40986280,0.43111643,0.49608924,0.56401485,0.53224569,0.34394976,0.40687421,0.37969032,0.45269732,0.50130673,0.52494134,0.39700287,0.59680176,0.44750099,0.41324328,0.40358832,0.46228749,0.42175330,0.48988531,0.42131801,0.54744863,0.50097111,0.44416563,0.38019503,0.45381081,0.44077767,0.37746394,0.49855343,0.45631815,0.54509709,0.68591211,0.44541465,0.58883245,0.39345059,0.43754059,0.41467110,0.46570240,0.61534672,0.43478739,0.50070813,0.39189303,0.51156722,0.66817501,0.59167920,0.62465137,0.48391888,0.60288593,0.63002014,0.48333642,0.40133995,0.47680556,0.45978953,0.48567272,0.59099205,0.47441607,0.56809505,0.50879105,0.53588432,0.42059358,0.42347075,0.58336587,0.52042421,0.49045136,0.55732483,0.47802287,0.56848398,0.54857918,0.48478956,0.43501920,0.49595647,0.39168662,0.35757079,0.56313411,0.51811051,0.41159433,0.51679715,0.62709340,0.45054286,0.55862299,0.49751327,0.56055635,0.67308529,0.45833582,0.49516608,0.52818201,0.47683487,0.40568758,0.57298609,0.43275648,0.63136826,0.49643050,0.49854556,0.43273199,0.47740675,0.44454503,0.41382754,0.43186209,0.54408748,0.50097111,0.53435443,0.63998230,0.54110710,0.33648844,0.34280877,0.50981858,0.42391064,0.35885081,0.42476701,0.56498313,0.43065895,0.57363649,0.43751590,0.38071191,0.48170634,0.40223074,0.49188451,0.45541590,0.46129111,0.41395698,0.55265946,0.46450628,0.52569283,0.48211027,0.48630954,0.43534214,0.42240878,0.60224160,0.67308529,0.55508849,0.47016497,0.49982812,0.45982069,0.30238167,0.47303210,0.35643158,0.53997921,0.52041225,0.61841555,0.59542233,0.53008119,0.42924401,0.45422867,0.48367304,0.41125968,0.35684952
72938,0.41462588,0.46114434,0.51802946,0.53961439,0.51238199,0.41398829,0.47180106,0.53977148,0.54230441,0.55433988,0.57791560,0.47343486,0.37397606,0.57313186,0.42109771,0.38059742,0.64708227,0.60413204,0.54596441,0.38391376,0.37176864,0.54109246,0.38875410,0.71371011,0.37757501,0.60153427,0.49775975,0.48568938,0.52709051,0.60934611,0.64601414,0.43223174,0.48064646,0.39254940,0.46713665,0.43227289,0.59894143,0.43125900,0.58575004,0.44477997,0.48725045,0.60867736,0.45537951,0.52812028,0.39718103,0.40823450,0.53191729,0.58326657,0.46667118,0.47944828,0.36445645,0.45952233,0.61531881,0.40973050,0.38739157,0.52629350,0.66186538,0.59305171,0.52505854,0.37543705,0.53548871,0.67729521,0.61564621,0.53365035,0.69353991,0.58497791,0.66116498,0.51085275,0.57400524,0.65170707,0.47781583,0.46142342,0.48812407,0.48107941,0.51078182,0.68473326,0.56912533,0.54324723,0.55492724,0.50947543,0.47759754,0.68970719,0.51784647,0.57706383,0.53053539,0.57754620,0.56007162,0.48842115,0.64403000,0.45910191,0.00000000,0.49794819,0.37091317,0.49817598,0.57277743,0.55388269,0.40621424,0.53450094,0.51500293,0.60695077,0.69634296,0.62257198,0.44745311,0.56995823,0.51737487,0.60161390,0.60085129,0.46596299,0.32017076,0.61443068,0.55165490,0.56266484,0.43969061,0.45763584,0.42917804,0.54449172,0.64734816,0.56450789,0.56781661,0.46339542,0.48511903,0.45025687,0.26598001,0.63127974,0.58522434,0.54196519,0.58799018,0.51646639,0.54822077,0.57078691,0.38388398,0.49898382,0.50285473,0.53916689,0.41874965,0.47935406,0.52500297,0.37797919,0.61508515,0.49021195,0.50822191,0.59917493,0.41349596,0.50267051,0.44413796,0.45763584,0.45308330,0.55598704,0.57282600,0.43172286,0.49585806,0.50935249,0.61523569,0.23838242,0.54593436,0.37161138,0.47764462,0.57763927,0.63527510,0.41731135,0.66592693,0.49139656,0.26557762,0.36451472,0.49875662,0.41696193,0.53029780,0.37313987,0.44914312,0.45596845,0.45437921,0.45877205,0.48917903,0.47072672,0.41610742,0.44613355,0.60555925,0.47132914,0.55353116,0.45473556,0.60713122,0.33718674,0.42238186,0.39776684,0.29365165,0.62044411,0.42513229,0.48900984,0.48002332,0.56771210,0.66129260,0.57390807,0.59798743,0.52253421,0.62748403,0.59259926,0.49506524,0.50864982,0.33646780,0.56755539,0.47844528,0.57589403,0.60601899,0.60032927,0.45388956,0.65570177,0.50029896,0.46695386,0.66072631,0.56175435,0.52583095,0.62615833,0.54982850,0.60108295,0.53115773,0.54781476,0.43002154,0.45465044,0.43307072,0.36295672,0.64815218,0.47180106,0.40469588,0.51738388,0.62891746,0.56397870,0.50992006,0.49780672,0.62515589,0.69841542,0.52446538,0.58071654,0.61992498,0.54768956,0.25543537,0.55504602,0.40265992,0.49208154,0.52071710,0.57567850,0.43169634,0.42520665,0.27573918,0.43921572,0.54632364,0.44731061,0.45596845,0.48154266,0.61670983,0.41333483,0.47933445,0.35841582,0.47167925,0.46587250,0.51586949,0.36085581,0.52912644,0.47372471,0.46372312,0.59575181,0.58388982,0.46938902,0.38471742,0.60008035,0.56596115,0.49670899,0.43093637,0.51457678,0.53932700,0.69516070,0.53605020,0.34838842,0.50506041,0.40271202,0.67396294,0.69841542,0.57636883,0.53027634,0.59328534,0.50003161,0.40131998,0.48817467,0.50781557,0.49388645,0.49840056,0.55665860,0.57903818,0.57769062,0.41283550,0.43029953,0.41319271,0.42425122,0.45866796
72939,0.44809340,0.56269562,0.55185425,0.56010456,0.51138331,0.44621262,0.50407158,0.55329739,0.55412107,0.51716743,0.47580049,0.45874602,0.33252045,0.56302777,0.54997625,0.51597069,0.62175917,0.62756764,0.57024190,0.56371193,0.49527558,0.71426219,0.50898956,0.78620053,0.51591275,0.60330177,0.56179449,0.52456901,0.46480519,0.71228865,0.57138926,0.51801334,0.53005756,0.49662881,0.52534076,0.49972783,0.63530920,0.49881367,0.51129726,0.30511462,0.49939695,0.57626406,0.47000295,0.54503638,0.47347298,0.40908289,0.48000824,0.62007886,0.56444507,0.57990134,0.51071804,0.55724948,0.48518216,0.47848877,0.56649082,0.54379567,0.61576710,0.57789882,0.53982562,0.53564847,0.60814024,0.66709154,0.48074752,0.56564614,0.56672194,0.52069504,0.66014272,0.50397617,0.63870261,0.63892097,0.51352964,0.51021992,0.50860883,0.62910894,0.36331225,0.63448839,0.58375649,0.55489066,0.56465379,0.63901487,0.54333299,0.59787955,0.54350194,0.55675051,0.53151169,0.56397169,0.53993586,0.50213952,0.58088304,0.51147799,0.49794819,0.00000000,0.42651277,0.49034688,0.55726231,0.42110695,0.55470639,0.56945434,0.62920477,0.54659807,0.60897449,0.48223093,0.46191931,0.54449164,0.48563373,0.55208629,0.54559688,0.51972750,0.49877313,0.53481237,0.52943410,0.59365142,0.51435067,0.69951359,0.41460076,0.51201951,0.66370151,0.57687687,0.58781797,0.44629477,0.49690023,0.51408881,0.53862650,0.56648701,0.56046754,0.54142717,0.61514703,0.49010114,0.55416479,0.53949545,0.48752884,0.56353118,0.63654515,0.49121408,0.55436029,0.44612840,0.50165797,0.58567092,0.53063577,0.52379483,0.56486675,0.64716019,0.56222124,0.51665011,0.43243411,0.69951359,0.41656805,0.60111854,0.49470178,0.50719497,0.48916552,0.37211700,0.62774544,0.49536833,0.53584259,0.50309390,0.44154560,0.61273387,0.61945928,0.44459915,0.66394900,0.52291082,0.53010065,0.60715353,0.66910519,0.62613468,0.61041943,0.52438030,0.59043882,0.58028185,0.53099505,0.48311214,0.44728053,0.56758285,0.57486752,0.50498186,0.55795856,0.57511745,0.61806596,0.48303666,0.64817906,0.48217809,0.49724043,0.46788662,0.46956189,0.67697569,0.61389322,0.56302724,0.44067604,0.60888144,0.71552107,0.64456572,0.49377583,0.66129557,0.58548795,0.69346951,0.60821391,0.52723141,0.49072068,0.52093823,0.49171052,0.59212943,0.52297014,0.60846002,0.39322330,0.64816045,0.64419955,0.62567272,0.66733533,0.58124443,0.49816458,0.62322994,0.50751175,0.54451518,0.46249903,0.62643364,0.60317843,0.51288395,0.55490981,0.43965043,0.59308911,0.50407158,0.50213946,0.41614173,0.53753898,0.55970248,0.48483733,0.49157379,0.60802327,0.58913779,0.47310527,0.57997501,0.70151826,0.62480482,0.52051760,0.45545527,0.35222051,0.42881649,0.37820293,0.52497516,0.52291122,0.44549277,0.56640312,0.52737541,0.48396600,0.47419346,0.58028185,0.37706682,0.59522243,0.46165634,0.46662159,0.51306239,0.38743407,0.61283913,0.57605678,0.50961219,0.64247619,0.51452994,0.64532607,0.60371696,0.57208577,0.60229089,0.55027289,0.59226912,0.55744704,0.58343684,0.43764849,0.42978837,0.51854168,0.64600003,0.59304753,0.52198163,0.53964158,0.56883154,0.62892292,0.58913779,0.56717344,0.51810877,0.58823322,0.51964860,0.44347262,0.54696927,0.47183268,0.52040780,0.47509550,0.58915198,0.52904688,0.59631984,0.45462877,0.57901448,0.50503076,0.43850139,0.49549355
72940,0.29901727,0.31562426,0.34917182,0.42314387,0.32315607,0.32534151,0.38838715,0.49924981,0.43027763,0.49004309,0.48471163,0.35932765,0.36133561,0.49335052,0.32090103,0.26855292,0.66245784,0.52362338,0.39858530,0.36543802,0.32415916,0.47426691,0.31231683,0.61618832,0.26928650,0.52424740,0.35763309,0.32695519,0.41051357,0.56803888,0.51265194,0.34328094,0.41550633,0.36269827,0.39201726,0.36704169,0.56712749,0.37966494,0.51222898,0.45531021,0.43596633,0.62827190,0.39761135,0.43333695,0.27324726,0.43965908,0.50885123,0.45489790,0.39187294,0.42164177,0.29199892,0.46718227,0.56950543,0.28657635,0.37019350,0.46169881,0.56304912,0.47544660,0.45737805,0.34122003,0.43307285,0.53520302,0.46634640,0.44921753,0.51771592,0.54129076,0.53916393,0.38805601,0.46355755,0.60431494,0.41055893,0.39133823,0.35616652,0.36584294,0.47046980,0.54629275,0.46997533,0.46738546,0.49973794,0.54220457,0.41024595,0.51539064,0.41189666,0.46374510,0.39237508,0.45794433,0.36109385,0.40960704,0.51599953,0.45416315,0.37091317,0.42651277,0.00000000,0.42680576,0.51788520,0.44450875,0.32773556,0.43600200,0.47592370,0.52357140,0.63949779,0.46737763,0.35404554,0.51649807,0.47594956,0.48506578,0.54153118,0.33315042,0.38871182,0.49302037,0.43258778,0.49637642,0.28969178,0.52761948,0.33934731,0.37887304,0.58973170,0.48284819,0.54359273,0.47180929,0.41529104,0.40104120,0.33061595,0.53765688,0.47770665,0.48275436,0.55138337,0.39309601,0.60335556,0.53827834,0.35716344,0.36734707,0.42995135,0.44447454,0.40532808,0.41696056,0.47642966,0.46063745,0.54618351,0.35776091,0.38518997,0.53725560,0.31591870,0.45215030,0.40672322,0.52761948,0.40091078,0.54334851,0.45099663,0.31193945,0.51342010,0.49216858,0.50139264,0.38254588,0.50985268,0.35773332,0.41148294,0.50356252,0.52455783,0.34259408,0.59186002,0.41076234,0.35884739,0.41228658,0.51290742,0.46025727,0.48404793,0.26855310,0.30197621,0.33029968,0.42069889,0.44997543,0.42309412,0.40776443,0.42175951,0.43533519,0.55749738,0.49772713,0.54371463,0.39162134,0.48616905,0.36657790,0.42515797,0.31464553,0.32366656,0.51429814,0.48392929,0.35406272,0.39944771,0.56364296,0.62683401,0.51172340,0.58371986,0.57613177,0.61603894,0.54178136,0.46626324,0.52921974,0.44273243,0.45130380,0.36848776,0.47531071,0.43907285,0.52354577,0.43532920,0.60537307,0.47880734,0.47711081,0.61267812,0.62676745,0.55561345,0.49505538,0.39061282,0.40638517,0.36212021,0.49051519,0.49364944,0.36464540,0.57245281,0.45980945,0.59186199,0.38838715,0.33771366,0.43824951,0.42810702,0.46992686,0.50434827,0.51416676,0.51654880,0.69163983,0.46800245,0.50606192,0.63177754,0.47865146,0.35549334,0.42800139,0.36871077,0.48383695,0.42912607,0.54632812,0.30591851,0.31341876,0.45612756,0.38578709,0.39946036,0.47801559,0.33029968,0.46880494,0.63149123,0.46083941,0.33142899,0.37793285,0.46347684,0.46192890,0.42184771,0.27791261,0.45455598,0.32673026,0.45972353,0.53391406,0.51190029,0.47125974,0.34933748,0.51936186,0.51809000,0.45028399,0.33900404,0.46901860,0.38713729,0.64051507,0.49836424,0.29767700,0.40331261,0.34842396,0.62015635,0.69163983,0.58075986,0.40602202,0.56632243,0.42470857,0.30468746,0.39224429,0.39221032,0.36922290,0.32435759,0.49673458,0.44059225,0.47553775,0.35389047,0.36679111,0.30509857,0.33862634,0.45894061
72942,0.46776607,0.47691644,0.54440867,0.41732602,0.52718936,0.42205932,0.48258958,0.44223197,0.42520785,0.48706050,0.49233574,0.36535227,0.41646363,0.44365170,0.38292488,0.36931259,0.62124649,0.52066320,0.50791891,0.45050475,0.36358147,0.53819263,0.42086634,0.32549591,0.37206282,0.54679015,0.46992809,0.51194665,0.47895707,0.60005085,0.45743829,0.43526565,0.47281213,0.49691278,0.46153949,0.39892296,0.61755066,0.45110614,0.51076134,0.50174198,0.35110206,0.57193343,0.40435809,0.44489818,0.40765281,0.37779528,0.48336458,0.52159909,0.48761062,0.51149362,0.42901539,0.38265362,0.40354079,0.45248545,0.44932488,0.45993244,0.55265507,0.44749733,0.41935077,0.41973160,0.53224836,0.54189847,0.41839027,0.50032049,0.56325598,0.52848639,0.56228685,0.37155039,0.53303166,0.47097513,0.45404103,0.46470358,0.51336069,0.51625650,0.52158491,0.58037697,0.54451598,0.51961978,0.48429335,0.57418603,0.47761820,0.56109370,0.41936004,0.53570798,0.56092690,0.36536823,0.55038223,0.43007529,0.53970975,0.44842470,0.49817598,0.49034688,0.42680576,0.00000000,0.49284188,0.38313279,0.45494756,0.43978451,0.52355309,0.55919582,0.51125656,0.42684202,0.40399398,0.55681210,0.47361859,0.46287950,0.51268886,0.39461455,0.42454311,0.41379103,0.50556164,0.47349164,0.47510339,0.55943914,0.45693144,0.61291963,0.44059091,0.51095861,0.39235792,0.48092150,0.37909158,0.42976464,0.41580959,0.51079131,0.43321732,0.42465535,0.53183006,0.39503356,0.51624212,0.39308945,0.45019714,0.49411967,0.48231983,0.40641509,0.49555185,0.48372652,0.48490135,0.51435203,0.43678907,0.47135661,0.53432532,0.52701112,0.46535277,0.54111293,0.40696262,0.55943914,0.31072782,0.23559011,0.43753856,0.46846027,0.48580833,0.52304606,0.49812917,0.44164722,0.51011370,0.44950570,0.48258848,0.44716941,0.35165710,0.44468956,0.47849707,0.28201103,0.44078630,0.47292073,0.54048688,0.51098434,0.51271452,0.48656864,0.55828500,0.54472368,0.42476024,0.44976631,0.49404627,0.46713367,0.46444972,0.45783213,0.52236896,0.51357638,0.60685260,0.42719417,0.56936893,0.43187729,0.41547490,0.47035084,0.47549878,0.45261309,0.48470466,0.53587355,0.46883270,0.46669359,0.24177583,0.22799594,0.48059075,0.59344967,0.29079657,0.24808003,0.49475435,0.43532694,0.48594844,0.44696199,0.44592219,0.35815203,0.46763921,0.51502751,0.39761651,0.47625176,0.44555303,0.43863493,0.57800253,0.60228965,0.48111868,0.35256624,0.48108109,0.39694744,0.54702732,0.42549276,0.44177469,0.42904834,0.50676278,0.44691473,0.44684396,0.48258958,0.39707171,0.34672563,0.55113726,0.46255717,0.46002900,0.48691458,0.40391426,0.50359732,0.56317042,0.47744946,0.54519760,0.50608442,0.43576040,0.42727945,0.39632320,0.53477857,0.44166061,0.55652538,0.44293834,0.43857253,0.47828238,0.48096908,0.45895884,0.48581178,0.54472368,0.37604808,0.31934387,0.48253151,0.41902926,0.46874537,0.46600530,0.42813949,0.47837091,0.45770659,0.50356391,0.38805330,0.49905300,0.53385900,0.50434385,0.60480738,0.43022000,0.56729105,0.47834167,0.46287908,0.43156259,0.42253226,0.49324762,0.51501239,0.42826478,0.48266892,0.52525725,0.39623778,0.28917861,0.50359732,0.32216072,0.52697850,0.49223214,0.37675809,0.37435094,0.41016180,0.44857616,0.54152075,0.50694621,0.50179017,0.46690087,0.48144569,0.48788766,0.53963485,0.50508498,0.43489558,0.44746651
72945,0.56542212,0.55893100,0.60800392,0.47772237,0.63736618,0.55343254,0.58678651,0.58471452,0.58367386,0.41626739,0.44732928,0.53485707,0.43141127,0.56403690,0.52340471,0.52190056,0.58203367,0.56102018,0.57918245,0.49761385,0.52470116,0.53086395,0.49979693,0.69758203,0.52457245,0.57016000,0.53824423,0.58975997,0.46328549,0.66966321,0.57152956,0.63788044,0.64025930,0.58032405,0.56859718,0.51628675,0.54377829,0.57672061,0.46210706,0.50403505,0.39310319,0.55666076,0.55506082,0.56277196,0.49457614,0.42329935,0.53100341,0.56586735,0.56365838,0.54384309,0.55299545,0.57577434,0.48094795,0.56296162,0.49844037,0.39478160,0.51152663,0.54661227,0.53770531,0.52002782,0.64152389,0.65003770,0.54488018,0.58369678,0.60780137,0.59638948,0.69342404,0.48873335,0.53070166,0.59745458,0.58141277,0.46372618,0.58693451,0.59349685,0.50578269,0.61652555,0.48113640,0.59913714,0.47112690,0.55935397,0.55260467,0.60595610,0.51593795,0.57014216,0.59092556,0.49345413,0.59081247,0.55106451,0.56917921,0.59798236,0.57277743,0.55726231,0.51788520,0.49284188,0.00000000,0.39692815,0.57716112,0.60419696,0.55945769,0.56593248,0.60469387,0.57373989,0.53711161,0.63580315,0.47569328,0.55117339,0.53334481,0.60176104,0.48810591,0.45307497,0.43868435,0.57288443,0.50870050,0.61785065,0.52723633,0.67040769,0.62230719,0.59565260,0.53894350,0.50228703,0.48567749,0.48955575,0.51530416,0.47646774,0.53209706,0.56341489,0.46938129,0.44725084,0.56194550,0.45855903,0.55091261,0.59421163,0.56977924,0.59206899,0.60008871,0.50173634,0.30910217,0.52911856,0.47141029,0.65070350,0.69263134,0.65025014,0.56209392,0.54111141,0.47799957,0.61785065,0.43032155,0.58136570,0.60923295,0.58156616,0.56614360,0.50005817,0.55279064,0.55099076,0.61521952,0.55411338,0.50494222,0.56429023,0.62509112,0.54372674,0.60019033,0.51226002,0.56748537,0.60116817,0.56814988,0.63652080,0.57531713,0.58863246,0.61416762,0.64599111,0.51010555,0.50243215,0.50801546,0.59786242,0.57035133,0.50466547,0.54604866,0.56315920,0.55068022,0.52970200,0.56584764,0.49220045,0.44414867,0.60501138,0.58933244,0.55840297,0.54837585,0.59212715,0.60689647,0.57749308,0.59252571,0.67378590,0.48500771,0.56855218,0.61747046,0.60003796,0.56058277,0.55575418,0.50734338,0.48866706,0.55015443,0.50053298,0.59860687,0.54105607,0.43328393,0.52223565,0.55163270,0.55528931,0.62779391,0.58974241,0.55203909,0.51318317,0.63093284,0.55028333,0.57897176,0.53432191,0.54838251,0.50730089,0.55794764,0.53735388,0.64236582,0.58678651,0.56969830,0.49453017,0.64113082,0.53345349,0.47771894,0.56780111,0.50728927,0.48691291,0.60087880,0.66030908,0.61230814,0.59093715,0.56114007,0.46583084,0.39251123,0.52083203,0.47956596,0.63356690,0.60033930,0.53850588,0.55670696,0.59587099,0.60592030,0.50705280,0.64599111,0.44525585,0.58250125,0.51615925,0.55564226,0.55561485,0.49865635,0.54134498,0.53991899,0.58402343,0.65031285,0.56970855,0.57981525,0.63607760,0.58513681,0.62893308,0.58288854,0.64538960,0.62806997,0.61453117,0.61797868,0.45385591,0.46731632,0.62512963,0.54326970,0.55791025,0.64321320,0.50884873,0.59905384,0.48691291,0.55134912,0.63881720,0.58602766,0.48303059,0.49488421,0.53800812,0.62030201,0.63094607,0.46140934,0.48463373,0.45799159,0.54003564,0.61724172,0.59761499,0.61744407,0.61420616,0.62244914
73025,0.51991580,0.49128255,0.51243530,0.43423298,0.52134078,0.48372819,0.44387356,0.45898080,0.49906990,0.39722080,0.31945764,0.43807111,0.31432836,0.41515588,0.43916742,0.42433393,0.53788115,0.49370609,0.48367668,0.43489819,0.43447151,0.56369302,0.44544703,0.65040743,0.42604175,0.50297600,0.43276447,0.48415984,0.30501070,0.62234226,0.46944916,0.52881724,0.52362365,0.46847742,0.49246836,0.44883480,0.49728505,0.49621373,0.42608303,0.46713867,0.29175781,0.49524797,0.45720234,0.37368587,0.44370166,0.30196784,0.43866797,0.43725669,0.42871384,0.47627178,0.49393606,0.37334685,0.33144123,0.48783810,0.43473952,0.42790495,0.43555862,0.39657214,0.39702341,0.46047909,0.55315808,0.49514891,0.37648639,0.43619332,0.49881287,0.51078959,0.58215810,0.34931975,0.50437690,0.53174311,0.45579087,0.42048237,0.52361196,0.55933961,0.38128023,0.53260524,0.41424397,0.51505800,0.45687555,0.54428486,0.42306426,0.45260787,0.37971001,0.53088681,0.45112960,0.42535017,0.52697272,0.40776144,0.45970856,0.46717673,0.55388269,0.42110695,0.44450875,0.38313279,0.39692815,0.00000000,0.54085587,0.49200966,0.56781945,0.49164710,0.44631706,0.39460771,0.43903637,0.49214991,0.37854084,0.37257667,0.36829878,0.41589387,0.37073136,0.29208341,0.44942309,0.41089592,0.46468281,0.60107542,0.37126490,0.58440120,0.58316236,0.46190176,0.35566128,0.34076520,0.33584905,0.44264598,0.49835298,0.37359088,0.38626666,0.40095342,0.37455649,0.34926261,0.45587433,0.33951026,0.43415579,0.53633379,0.52920793,0.43231395,0.46878020,0.47993201,0.41063521,0.53217840,0.33357257,0.55153773,0.60287371,0.58183511,0.50324311,0.49832296,0.43892921,0.60107542,0.32018253,0.44863400,0.44391643,0.45261935,0.42321974,0.38704143,0.46077948,0.51689729,0.50872519,0.43959487,0.47579805,0.42100227,0.47953696,0.43200269,0.49102418,0.32900083,0.46438495,0.53302531,0.56265270,0.54860980,0.48596975,0.51782335,0.55350759,0.61963150,0.38027516,0.44604271,0.48870540,0.43627638,0.47312887,0.46395811,0.37999330,0.48224133,0.56214869,0.49786016,0.54301394,0.44291081,0.38353993,0.50918183,0.50364647,0.45393938,0.53187643,0.54256957,0.48622656,0.44095469,0.57489740,0.60326812,0.32535891,0.57176194,0.48121633,0.54336438,0.45191825,0.36356729,0.46338077,0.31353947,0.45921110,0.38124310,0.42952036,0.47955821,0.32810843,0.40441432,0.42371032,0.44389663,0.52306984,0.59790021,0.41590311,0.42253416,0.44736951,0.42925332,0.46758483,0.42392502,0.44681848,0.45270438,0.46057517,0.43872540,0.48831326,0.44387356,0.48941187,0.39547632,0.60882537,0.35512286,0.39113757,0.42424617,0.36747498,0.41635409,0.47416980,0.50630352,0.42054426,0.46188616,0.45997078,0.41806019,0.38520207,0.49807191,0.33403712,0.53257187,0.51770911,0.47585123,0.52357863,0.47184498,0.46304933,0.46280939,0.61963150,0.37534554,0.50862112,0.47167967,0.42935115,0.47966357,0.41300186,0.43059027,0.46661919,0.55378616,0.57571895,0.41459496,0.46550122,0.49890054,0.44186414,0.58856439,0.54455799,0.50779441,0.51204293,0.46574559,0.51542414,0.37171506,0.46292353,0.57062138,0.44873430,0.47899785,0.54947037,0.43051963,0.49453958,0.41635409,0.43439730,0.56025923,0.50974320,0.38099225,0.39972039,0.39795868,0.46641609,0.56091326,0.35199290,0.47976254,0.36464600,0.42776341,0.55248847,0.54764748,0.48994215,0.51576102,0.53242381
73149,0.40566857,0.40732788,0.45066063,0.48888734,0.47953596,0.38415354,0.44144244,0.50520211,0.49497086,0.59165309,0.56774581,0.43891859,0.45218146,0.50152433,0.34145192,0.33267849,0.70840391,0.58249337,0.43942779,0.38872101,0.37609421,0.49092595,0.30509484,0.61338490,0.33819906,0.58433178,0.47608545,0.41150301,0.51994760,0.63391735,0.58580357,0.40762893,0.46656582,0.45668087,0.38546897,0.39687773,0.63884020,0.46730311,0.61372318,0.53019145,0.51550532,0.64129365,0.41088619,0.52086576,0.36189411,0.48877698,0.65061651,0.54283882,0.42643328,0.44350821,0.38521719,0.47236616,0.62570273,0.34710843,0.39173407,0.50167836,0.67161980,0.56653098,0.49852924,0.33383181,0.47327888,0.67034276,0.57565560,0.56112459,0.67816475,0.61537585,0.64296582,0.47956281,0.46014087,0.70583530,0.47513122,0.45312108,0.43614763,0.11644153,0.57775443,0.67867694,0.51914780,0.48947675,0.56493040,0.61019095,0.45733235,0.67808111,0.45489345,0.56801664,0.51000173,0.53551500,0.55322208,0.46624309,0.63648787,0.47761492,0.40621424,0.55470639,0.32773556,0.45494756,0.57716112,0.54085587,0.00000000,0.49136768,0.54361445,0.58005088,0.65743582,0.58391635,0.41553015,0.62212097,0.55104947,0.60150466,0.66360701,0.46303877,0.43958213,0.60674326,0.49977243,0.52145169,0.32686809,0.59736233,0.45583695,0.51694433,0.62388042,0.53156902,0.58432074,0.57231435,0.48339912,0.45226496,0.34435360,0.56453173,0.55799348,0.55200029,0.59018965,0.49122861,0.62516187,0.57893833,0.40742489,0.44110854,0.49491829,0.48357377,0.41585861,0.48440324,0.55472416,0.47795477,0.57861930,0.42308801,0.47432242,0.54287223,0.42569879,0.47757380,0.41946193,0.59736233,0.46169769,0.54966382,0.56047750,0.38421774,0.49867494,0.56703543,0.56089719,0.38674047,0.49644936,0.42494344,0.48262036,0.57196259,0.57812382,0.39290358,0.65485178,0.45938420,0.33529397,0.43714219,0.58840172,0.49147559,0.54962731,0.44195130,0.44340418,0.43757370,0.48106844,0.45895489,0.48250180,0.44982900,0.49752059,0.49520656,0.66187355,0.51577920,0.59399434,0.37117743,0.59154450,0.40889296,0.42775495,0.39787915,0.43663334,0.55089059,0.44031753,0.43834694,0.47646741,0.59754531,0.66239770,0.50770550,0.62530320,0.56619929,0.61344872,0.56673221,0.52367398,0.53741281,0.43831169,0.60217139,0.40144803,0.53344411,0.58647001,0.57749942,0.49505601,0.62849929,0.48451328,0.50597835,0.59491226,0.64054690,0.61969891,0.58692832,0.52557951,0.55156799,0.49691308,0.51949461,0.47629273,0.38599296,0.57011528,0.52252708,0.59126039,0.44144244,0.33099279,0.52388450,0.62193165,0.49974876,0.56884327,0.50040248,0.62808939,0.71542477,0.58392518,0.59428774,0.61487844,0.50475387,0.32710445,0.54967162,0.44086394,0.57923539,0.53487252,0.62971179,0.40963861,0.35525332,0.44176637,0.45744913,0.47490159,0.50689690,0.43757370,0.52823940,0.62185664,0.48713527,0.38714891,0.44578310,0.51772609,0.50696982,0.52396636,0.33560731,0.45899163,0.42761744,0.50782159,0.57339065,0.53760262,0.47113219,0.38353293,0.60324891,0.57649400,0.50114091,0.41548988,0.52678897,0.44864038,0.65696287,0.51538091,0.39733805,0.42759433,0.40852633,0.62022912,0.71542477,0.55923551,0.49286097,0.58892032,0.51346102,0.35066478,0.45285386,0.46165860,0.52652899,0.48844924,0.57103440,0.53893661,0.55578861,0.44238635,0.41030239,0.38516965,0.41842962,0.44849515
73273,0.47570515,0.47389375,0.53538993,0.41109075,0.54979573,0.46876145,0.49095520,0.37469019,0.43372318,0.49879680,0.54785752,0.36229874,0.40713962,0.42471718,0.37483728,0.34551439,0.66651057,0.56639757,0.45727367,0.50524219,0.37556810,0.55469852,0.46616639,0.55470820,0.34861852,0.50640695,0.49617369,0.49649085,0.53343078,0.59556219,0.47298300,0.43461138,0.40202278,0.52643571,0.43914412,0.42493726,0.62906554,0.46987562,0.61041597,0.46087081,0.44898042,0.59964883,0.44132087,0.35360416,0.38572684,0.44106529,0.45293350,0.46708989,0.49867806,0.50116935,0.33334291,0.41227652,0.51109999,0.41156252,0.50539732,0.40778686,0.48015975,0.44042862,0.45114459,0.48812332,0.53774718,0.39418592,0.33804037,0.45634601,0.53691705,0.47367866,0.41130196,0.32499466,0.50665244,0.45626474,0.55490047,0.51985796,0.53442005,0.56427307,0.45415782,0.49188462,0.58556234,0.42961780,0.59990785,0.53570581,0.47356611,0.45404457,0.40481197,0.43654271,0.52933334,0.37917502,0.54737809,0.50019190,0.50792751,0.44428812,0.53450094,0.56945434,0.43600200,0.43978451,0.60419696,0.49200966,0.49136768,0.00000000,0.50094247,0.49707315,0.52228017,0.35238324,0.29818360,0.48502252,0.46235015,0.46812718,0.53965124,0.29512516,0.48983537,0.45588854,0.50762373,0.52308921,0.56162764,0.59645413,0.45084597,0.60630762,0.51073584,0.41950428,0.37906201,0.46270367,0.43998818,0.33045605,0.43605289,0.58205907,0.42036383,0.37146681,0.56268909,0.41456179,0.58905153,0.45669676,0.52216798,0.53574099,0.53381366,0.33764432,0.46997773,0.37552136,0.55682954,0.52718009,0.48860957,0.43133598,0.49490951,0.54074902,0.35816500,0.54101863,0.47644691,0.59645413,0.40894971,0.49238643,0.33465001,0.41827514,0.48332537,0.44797089,0.51170778,0.38799073,0.49070377,0.53038049,0.36293376,0.40490782,0.50969655,0.33284675,0.32984942,0.36686852,0.42644947,0.52563420,0.60387145,0.55604918,0.44953363,0.46532249,0.56217167,0.53401932,0.50986317,0.43134673,0.37080063,0.45088478,0.41929804,0.50606565,0.53281743,0.52752946,0.57572249,0.35338062,0.47208322,0.45458649,0.48130099,0.41637221,0.47930917,0.43694080,0.48503946,0.49934077,0.41280784,0.38797821,0.52444129,0.54565767,0.52567564,0.56629952,0.50700763,0.43019711,0.47657805,0.44662957,0.46756636,0.39763719,0.41684325,0.41806494,0.34028447,0.56718905,0.43845143,0.50906162,0.47267539,0.53398895,0.46493988,0.68268161,0.44381795,0.42554908,0.38529804,0.46809956,0.50369822,0.44606339,0.48075993,0.40925416,0.59232016,0.53161822,0.50155078,0.49095520,0.42925551,0.48141713,0.52183218,0.48575839,0.49121853,0.48498358,0.46539407,0.61122781,0.40548123,0.41658197,0.62102186,0.52224476,0.42283707,0.50060973,0.39382465,0.46639169,0.45507282,0.51942771,0.37033377,0.40212631,0.47533207,0.44304082,0.41457558,0.45818106,0.53401932,0.51914508,0.60049077,0.47466606,0.39111204,0.43841649,0.42430891,0.53883837,0.49216543,0.40929306,0.57110562,0.30390153,0.60911154,0.32876405,0.40620917,0.57204893,0.51109603,0.38612998,0.48064235,0.44811431,0.32270155,0.45506960,0.49789697,0.43353610,0.42870581,0.50574895,0.52177450,0.44818585,0.51655282,0.61122781,0.46349493,0.47668423,0.47920050,0.32615587,0.36363178,0.45752947,0.36834948,0.47649680,0.52371205,0.60740327,0.58348407,0.53309737,0.50300647,0.52917721,0.48916965,0.32180644,0.38813533
73302,0.47809673,0.47060944,0.54308706,0.48689961,0.54979859,0.46933922,0.46681786,0.49886714,0.49667274,0.50671648,0.56025700,0.45545062,0.45520487,0.57789382,0.40953837,0.41535689,0.70222935,0.62968593,0.49547525,0.44855644,0.41619109,0.52139723,0.48652060,0.67951452,0.41621827,0.54723914,0.50910803,0.51531356,0.57794214,0.25436861,0.54913895,0.48255659,0.46521637,0.52182005,0.42484972,0.42002712,0.58839718,0.45976692,0.59684578,0.49206459,0.48342546,0.62920137,0.50799729,0.55820163,0.47944976,0.50423817,0.62903444,0.60502743,0.52414945,0.50632364,0.47780746,0.58280978,0.60453258,0.45544790,0.44952957,0.50684874,0.62255813,0.57211431,0.53171962,0.49057036,0.53550211,0.59192569,0.55803991,0.54348891,0.62021783,0.60368354,0.48634779,0.44900646,0.61261796,0.64693367,0.51225467,0.50778474,0.53098533,0.56814748,0.56231053,0.56862936,0.55849954,0.39828231,0.54274366,0.09913587,0.53753606,0.63622296,0.53728637,0.34413289,0.48511716,0.48798281,0.56491745,0.51035315,0.54326948,0.57496863,0.51500293,0.62920477,0.47592370,0.52355309,0.55945769,0.56781945,0.54361445,0.50094247,0.00000000,0.47967022,0.65388547,0.57041066,0.47774271,0.47894739,0.57053002,0.52296052,0.57926264,0.46233381,0.44879952,0.56464111,0.52182464,0.61633169,0.52020495,0.55145803,0.49596856,0.64983666,0.56523488,0.49783851,0.55041823,0.57282567,0.52192448,0.44229014,0.44969221,0.58312902,0.55431971,0.53278899,0.62448279,0.45945561,0.62202897,0.54372240,0.48600692,0.49231153,0.50136815,0.54922146,0.49949459,0.48828402,0.51853597,0.55497342,0.59494139,0.50782709,0.55477097,0.57752784,0.46717136,0.51212908,0.49323345,0.55145803,0.50122424,0.63272401,0.53905969,0.45422113,0.57306225,0.55942999,0.61234554,0.42950606,0.63173196,0.47580739,0.48638775,0.55394910,0.64334797,0.49105681,0.62844017,0.53770980,0.43544589,0.45994519,0.56716930,0.52547358,0.21844316,0.51914623,0.55008975,0.54261878,0.47350047,0.51927295,0.49089962,0.52050333,0.33427122,0.61028827,0.58924510,0.54112257,0.53321993,0.47608406,0.43430464,0.47467190,0.51904989,0.48994547,0.53117718,0.56993250,0.42364972,0.49355356,0.43511005,0.57976560,0.69279184,0.64348948,0.65089596,0.63695013,0.71500965,0.56830723,0.25447223,0.53530094,0.56695510,0.55715420,0.47013638,0.50072803,0.53469320,0.62537045,0.50282659,0.63630186,0.52861816,0.50212412,0.62977860,0.67183906,0.58168948,0.54342848,0.58308328,0.56377710,0.49701081,0.54765724,0.51791136,0.44036379,0.65277900,0.55331508,0.63988536,0.46681786,0.48371747,0.57545549,0.54725830,0.58012035,0.57674563,0.57514646,0.56315894,0.71361060,0.40376028,0.46577131,0.64394203,0.55836406,0.43639474,0.52711342,0.53695221,0.50420281,0.54884410,0.56639729,0.46925134,0.45922320,0.51672503,0.46539721,0.51621688,0.51612135,0.54261878,0.58307064,0.72069330,0.51323473,0.49998009,0.47708616,0.51501850,0.49013809,0.54722111,0.46201575,0.53922976,0.48794379,0.54138461,0.52416172,0.55694569,0.58339925,0.45267492,0.48778981,0.58122327,0.45559183,0.52372155,0.51572228,0.51331805,0.60762009,0.42785337,0.42572425,0.53057006,0.42828255,0.69303969,0.71361060,0.65642437,0.54863394,0.62222209,0.48751049,0.42901011,0.55123252,0.52275025,0.48498692,0.51840305,0.56099443,0.53503083,0.52729448,0.51255194,0.54472016,0.52746812,0.51919886,0.54386466
73435,0.50950617,0.52335829,0.46910070,0.59075526,0.57675543,0.51804380,0.60063910,0.57220330,0.56830518,0.57301725,0.56339349,0.54408777,0.42609673,0.43503700,0.51210143,0.51060110,0.66801142,0.57642209,0.55750233,0.54346050,0.52848158,0.58699346,0.56004237,0.59094877,0.51415532,0.56553844,0.58812084,0.47735610,0.53291068,0.65060304,0.59571347,0.50975978,0.45081774,0.57450354,0.55242922,0.54838016,0.70136745,0.62954700,0.61265274,0.42203018,0.49688799,0.63559061,0.49719602,0.59255318,0.51839648,0.48624528,0.63187133,0.53945606,0.59936346,0.57187255,0.50672652,0.54093377,0.61968392,0.48774863,0.54376617,0.50690395,0.64618091,0.59821747,0.50635051,0.58461854,0.52736809,0.62941445,0.56875518,0.57936039,0.59753509,0.56251745,0.61103498,0.47393806,0.53530002,0.69788809,0.60657882,0.49661717,0.55840618,0.62715872,0.45218263,0.59774821,0.55867874,0.56156788,0.65713795,0.50823269,0.57973544,0.59374026,0.45949245,0.53868734,0.49770444,0.54473212,0.57444828,0.59391478,0.59635723,0.57930816,0.60695077,0.54659807,0.52357140,0.55919582,0.56593248,0.49164710,0.58005088,0.49707315,0.47967022,0.00000000,0.62878695,0.58695047,0.50580954,0.54564319,0.58123007,0.56339596,0.62635465,0.48742632,0.52268607,0.54632119,0.45056002,0.61373135,0.49528959,0.66609920,0.42437641,0.62952993,0.63412844,0.55493066,0.60576351,0.52730937,0.53679178,0.43667182,0.53807285,0.48218497,0.58409904,0.54261006,0.56207691,0.49020180,0.63204028,0.53967758,0.52889798,0.51098635,0.62536180,0.54176026,0.55466618,0.45218733,0.62407309,0.59278231,0.53055550,0.52092548,0.59408923,0.56630412,0.52342410,0.61118122,0.47790453,0.66609920,0.46720380,0.61405329,0.55171370,0.50399297,0.57002671,0.44566010,0.51097294,0.54110548,0.55066240,0.53037130,0.44484229,0.55692358,0.57811851,0.50924972,0.64072011,0.57733489,0.52100368,0.59755684,0.65815013,0.61920520,0.55656558,0.55106057,0.63384022,0.62387210,0.58392266,0.46849710,0.44177330,0.51656322,0.56223987,0.57203078,0.62591801,0.57929077,0.66595303,0.51360172,0.59975514,0.50840139,0.53038392,0.52043348,0.59868932,0.57209114,0.56144943,0.52347435,0.52372676,0.57542926,0.66953857,0.65713021,0.56697222,0.63386807,0.68700243,0.61818624,0.58374149,0.58383507,0.55630396,0.51086093,0.53244530,0.56997456,0.54464779,0.57041061,0.39400168,0.53021238,0.48451689,0.53190258,0.41388695,0.64963452,0.53077666,0.58986074,0.55109920,0.58133398,0.45990531,0.56974386,0.54494643,0.52875824,0.65498389,0.60619241,0.63245780,0.60063910,0.48413922,0.55961412,0.56183416,0.49764345,0.60008287,0.57085921,0.61792899,0.63190766,0.47360571,0.52730420,0.59767189,0.59820349,0.52262704,0.62721551,0.48642853,0.46342881,0.41786178,0.58887444,0.49689922,0.48780363,0.62360568,0.56297839,0.50544849,0.47805020,0.62387210,0.53207294,0.67250462,0.48388467,0.52255571,0.46216349,0.36609705,0.53156924,0.58251772,0.54055703,0.70736840,0.50748917,0.69249854,0.55581802,0.58278814,0.62459190,0.57590631,0.53694732,0.52942845,0.52825052,0.55057626,0.46341987,0.43277212,0.56689399,0.56241640,0.52528120,0.56490550,0.57384912,0.67494624,0.63190766,0.57711861,0.59007936,0.62123990,0.54738726,0.48164266,0.58399681,0.49438774,0.59758750,0.49745472,0.66855764,0.59213352,0.64625082,0.52343205,0.54923916,0.51328474,0.54862197,0.57985135
75198,0.65476821,0.61722520,0.67226456,0.55272384,0.64297218,0.62145556,0.46407416,0.42520673,0.56758997,0.61351144,0.54057722,0.57845381,0.54724959,0.42969030,0.53044129,0.50015514,0.54530067,0.50375616,0.56009465,0.55670174,0.51499655,0.58375778,0.55826410,0.67171560,0.50453696,0.49246408,0.55820342,0.64994126,0.62830343,0.64984264,0.35717128,0.58715786,0.58362368,0.67953557,0.62087587,0.57569433,0.68967224,0.60908893,0.62921502,0.65712135,0.49791136,0.47933051,0.57427081,0.43402019,0.60468700,0.42278742,0.63162253,0.48838786,0.58117108,0.58039913,0.59327342,0.45375685,0.53778064,0.61642756,0.55403535,0.54040676,0.62532071,0.39351619,0.40652778,0.57876477,0.56133704,0.61189441,0.50902843,0.54092228,0.64905434,0.54101056,0.58765507,0.40189061,0.66826958,0.63975636,0.60572387,0.56386631,0.64139424,0.66800221,0.61307621,0.65663789,0.60235348,0.54248082,0.65786599,0.69673595,0.61413197,0.58506650,0.37843493,0.61626373,0.68659835,0.55238936,0.66575726,0.56816069,0.58508059,0.53154474,0.69634296,0.60897449,0.63949779,0.51125656,0.60469387,0.44631706,0.65743582,0.52228017,0.65388547,0.62878695,0.00000000,0.52657460,0.52675460,0.57322058,0.60630722,0.39780935,0.44486827,0.45703462,0.56567324,0.48501980,0.61651427,0.41370182,0.62267718,0.61060897,0.58959384,0.75689576,0.57465075,0.59254432,0.48166631,0.58502883,0.42119658,0.57009903,0.59386570,0.58058094,0.38844101,0.31775876,0.48497056,0.46655898,0.50219424,0.52096733,0.55479117,0.62081042,0.59312215,0.43307950,0.59390594,0.57980226,0.62474351,0.66670058,0.49568775,0.59897004,0.67983455,0.48204583,0.61394949,0.66074646,0.61626381,0.61060897,0.46724385,0.53698483,0.52081523,0.53792852,0.61944085,0.61770152,0.46838273,0.61112876,0.62550076,0.55638168,0.57850128,0.49218283,0.58007814,0.57089213,0.57719753,0.46943146,0.53953018,0.60118081,0.65001372,0.63532170,0.51273259,0.58064722,0.61354463,0.70109625,0.50593550,0.53956535,0.58151451,0.51901854,0.54601978,0.61717780,0.44047241,0.64735172,0.68261442,0.56030957,0.65672030,0.56894570,0.58169081,0.65129314,0.67870324,0.58483377,0.64395065,0.67660466,0.59556544,0.54418709,0.63269559,0.68236816,0.55278097,0.56248678,0.54887123,0.59843707,0.53344788,0.44134094,0.58508309,0.45624742,0.58439780,0.51940131,0.55277646,0.49964748,0.56517982,0.47545094,0.45083873,0.45173124,0.63651534,0.64563049,0.58255188,0.54293981,0.59939903,0.57297291,0.67446520,0.46655593,0.47236819,0.59629274,0.54865272,0.50635118,0.48075065,0.46407416,0.56991469,0.54315708,0.66450236,0.35171585,0.60698849,0.62075294,0.55283246,0.54482855,0.59073902,0.55772814,0.49717890,0.58180337,0.53868392,0.57774751,0.55361980,0.68915243,0.53296781,0.68239701,0.60354161,0.58120779,0.65471294,0.58593409,0.46002305,0.59785658,0.70109625,0.51813785,0.57840535,0.60209084,0.55290603,0.58267969,0.59411368,0.45456498,0.49757387,0.62967068,0.68496105,0.45582022,0.57310236,0.60405396,0.49005963,0.68866476,0.67463896,0.59370977,0.52065891,0.53707030,0.55818650,0.55479932,0.62455763,0.64694602,0.52577066,0.62049071,0.58144141,0.50486057,0.54027745,0.54482855,0.53220726,0.65933732,0.36369282,0.55433330,0.47042448,0.41503788,0.50837992,0.61903136,0.61198662,0.67155274,0.57170826,0.56963099,0.67945763,0.70491880,0.66389685,0.54707436,0.57380129
75835,0.51153903,0.56001964,0.57370699,0.47515994,0.55023364,0.52209092,0.50343285,0.42039995,0.46466781,0.53976214,0.51961028,0.39260412,0.42306302,0.46265440,0.45250078,0.43863201,0.60243251,0.58721230,0.51713149,0.52731705,0.44529495,0.63162905,0.52541553,0.60097301,0.43949280,0.53651145,0.55461814,0.53129031,0.45206759,0.62744579,0.50532471,0.45541406,0.38046255,0.55478228,0.54587228,0.45646980,0.64454288,0.52342571,0.58236700,0.49975677,0.38372569,0.60436855,0.47609475,0.40382958,0.46858131,0.43042183,0.28061286,0.49414020,0.59945282,0.57357842,0.49962504,0.49232384,0.44494516,0.49037479,0.52680514,0.55345228,0.49662116,0.37874489,0.47401115,0.53764108,0.60980795,0.25707784,0.01142201,0.36562559,0.29473854,0.44559117,0.45893757,0.34789848,0.53444850,0.36768011,0.52283696,0.53912857,0.56930509,0.64756679,0.45167156,0.47630378,0.58210982,0.50944796,0.54148115,0.61622026,0.50703175,0.28481898,0.42789136,0.50841427,0.52309734,0.33692556,0.50108987,0.48189997,0.44567105,0.46454162,0.62257198,0.48223093,0.46737763,0.42684202,0.57373989,0.39460771,0.58391635,0.35238324,0.57041066,0.58695047,0.52657460,0.00000000,0.37678530,0.50531250,0.43384087,0.45661182,0.50457998,0.40042369,0.55838439,0.43792946,0.54273365,0.51774573,0.57216871,0.70451040,0.46324087,0.55752064,0.57883722,0.48756607,0.33449889,0.39502933,0.40063707,0.43570284,0.54158317,0.44126949,0.34959817,0.40175755,0.55605519,0.35625344,0.54803126,0.39937491,0.53423930,0.57902555,0.60740063,0.27636235,0.51906743,0.45554092,0.52177958,0.63600368,0.49509882,0.45995368,0.52647558,0.65206173,0.51922673,0.57712301,0.50276468,0.70451040,0.42932915,0.52840530,0.16252540,0.49170216,0.53676328,0.48486503,0.54906040,0.52552801,0.50282663,0.54543751,0.45329736,0.37883878,0.46314281,0.42825332,0.43394722,0.38799944,0.53991305,0.58096843,0.66379705,0.61526315,0.51642272,0.50604523,0.58968391,0.59759450,0.48895091,0.52453484,0.45909210,0.43990927,0.49050448,0.56840501,0.49680514,0.59428202,0.61054990,0.46139477,0.53580486,0.53848912,0.54688550,0.50553647,0.52495130,0.41514545,0.59975615,0.60093239,0.40876385,0.47078809,0.56168553,0.53219126,0.50631067,0.69387679,0.50242077,0.50041019,0.52332499,0.44151571,0.56950521,0.22605618,0.46781025,0.38564595,0.16264581,0.58749503,0.39379450,0.45987964,0.56591341,0.57105281,0.54145905,0.74438657,0.41442411,0.34140985,0.21326267,0.43297860,0.49102924,0.45218368,0.57890882,0.49527352,0.58816352,0.58461938,0.46238926,0.50343285,0.52709135,0.44512429,0.48544556,0.47351222,0.44169936,0.53834418,0.38569940,0.54804488,0.45716531,0.49732115,0.61016746,0.54539845,0.53469991,0.44827807,0.45638549,0.50018691,0.43770983,0.56278772,0.49875796,0.47715421,0.60811013,0.42091148,0.38293029,0.51601649,0.59759450,0.45066496,0.54108681,0.54646070,0.45233157,0.52163796,0.45235555,0.57557122,0.45997519,0.49409052,0.59500165,0.31526731,0.61138501,0.45291775,0.50914206,0.57979041,0.55333998,0.42533795,0.44033235,0.41389587,0.36062225,0.42186806,0.55082288,0.48407096,0.52008640,0.54009228,0.55762820,0.51226572,0.49616492,0.54804488,0.50691458,0.43870017,0.51064474,0.37996146,0.42148086,0.44375045,0.40315978,0.48404864,0.45344954,0.56590293,0.50092899,0.53420587,0.54807003,0.54683390,0.55866584,0.36381466,0.45606498
75969,0.36273419,0.41818095,0.45843865,0.45747086,0.44385038,0.32946507,0.40257013,0.37990821,0.44611590,0.45184318,0.49215774,0.29702719,0.35896622,0.47641366,0.34057742,0.30549549,0.64702386,0.51525642,0.44371220,0.41566339,0.31269691,0.54643851,0.39934190,0.58788737,0.30732907,0.46060510,0.44544504,0.41139452,0.46248326,0.55173443,0.43552566,0.39007283,0.38756524,0.45662881,0.38733060,0.32644840,0.57432989,0.39258154,0.55676094,0.47575937,0.43756924,0.61592228,0.34968142,0.36103202,0.29908279,0.40010193,0.43544207,0.46633877,0.42540472,0.41407993,0.31457803,0.44762909,0.52503215,0.34236440,0.41720393,0.41895339,0.49735432,0.31892900,0.44679388,0.41540950,0.48960069,0.46753401,0.36600408,0.41905398,0.55720925,0.38892762,0.47493320,0.30853813,0.51286163,0.53817311,0.44910289,0.43792660,0.40659075,0.52042803,0.42278617,0.56470295,0.57712650,0.39931455,0.58402386,0.48789622,0.47732342,0.50979218,0.38954188,0.41617601,0.46244387,0.41513414,0.54059434,0.38708271,0.54221259,0.35690216,0.44745311,0.46191931,0.35404554,0.40399398,0.53711161,0.43903637,0.41553015,0.29818360,0.47774271,0.50580954,0.52675460,0.37678530,0.00000000,0.44127360,0.40409529,0.45551919,0.50921102,0.31158102,0.47209610,0.50402222,0.45145243,0.46819991,0.49610619,0.55862496,0.40340090,0.55326146,0.51061271,0.43372107,0.43068128,0.46442288,0.39606439,0.31349695,0.41864171,0.53363225,0.32581059,0.35185139,0.54541420,0.37684128,0.54783462,0.46476038,0.43145124,0.43966055,0.50782446,0.28558161,0.36628081,0.30745543,0.48907558,0.47760018,0.48469930,0.41701142,0.43773924,0.50581368,0.34745935,0.46059217,0.42161223,0.55862496,0.34246956,0.52267144,0.28040254,0.35899970,0.43979287,0.42645076,0.51478205,0.31736596,0.33317551,0.44664333,0.30498565,0.42668044,0.51261769,0.26676622,0.51458922,0.34318328,0.43094165,0.42878236,0.54692610,0.47225539,0.42285004,0.39544533,0.51732775,0.49280613,0.46889418,0.40696210,0.31406631,0.43635880,0.37179456,0.49361767,0.50505893,0.48738384,0.55100624,0.28903019,0.46769440,0.41902414,0.43838138,0.32151047,0.44742733,0.48716271,0.43868760,0.43340749,0.29000388,0.42330887,0.54429012,0.48207364,0.47612421,0.54401712,0.51800503,0.47535751,0.43787193,0.44821726,0.48263393,0.43542377,0.36017960,0.44421193,0.37574884,0.52000751,0.43511693,0.52586297,0.48109278,0.48371073,0.56828903,0.61379056,0.42443917,0.46594121,0.35681638,0.41103201,0.45983657,0.44017672,0.49613535,0.36869722,0.56289992,0.44938504,0.49872369,0.40257013,0.30869093,0.42110846,0.50827293,0.45266355,0.43395299,0.44179653,0.46952971,0.64865563,0.39213148,0.37080835,0.62179228,0.50388861,0.42550002,0.43275993,0.38059179,0.48157059,0.47895598,0.43410548,0.29000196,0.37247098,0.45915659,0.38870949,0.35750976,0.41100435,0.49280613,0.45652947,0.64540644,0.40208175,0.28593314,0.33685215,0.35907217,0.48589257,0.46724052,0.35512324,0.50557197,0.25455170,0.55785098,0.41400027,0.40164429,0.46033043,0.41617207,0.43246746,0.36375347,0.39131338,0.30491898,0.43333021,0.43774058,0.48237511,0.42405292,0.48217397,0.45611897,0.37714617,0.54972297,0.64865563,0.46022782,0.42710686,0.44903065,0.31613058,0.24768966,0.43757021,0.26892094,0.49384105,0.45458691,0.59268707,0.55383770,0.51811542,0.45332602,0.42632283,0.39029043,0.30655210,0.36207252
76011,0.56932063,0.59643925,0.61441594,0.58434921,0.56770082,0.53502701,0.48481000,0.50123746,0.57534288,0.57823586,0.50830716,0.52560055,0.40593682,0.49887724,0.52384459,0.50412982,0.65375368,0.59768878,0.62088280,0.56887910,0.49213460,0.64986661,0.55340629,0.73181194,0.50058790,0.62491210,0.55668101,0.54855483,0.58910104,0.54595008,0.58788177,0.46120436,0.44629104,0.54613007,0.56365199,0.51105668,0.63675517,0.52202930,0.65247409,0.57479458,0.50215228,0.62078075,0.50606286,0.48027214,0.51833478,0.41237317,0.51805582,0.53799811,0.53351030,0.52807322,0.52707714,0.52221829,0.59013134,0.52496715,0.56892825,0.57297453,0.55282913,0.48376751,0.42582864,0.56400931,0.54843509,0.60209800,0.49836437,0.44922845,0.67817488,0.33116282,0.34804404,0.45874545,0.70033470,0.60310293,0.54820687,0.49105405,0.49386447,0.66443337,0.53752729,0.63686239,0.62316302,0.43074271,0.65424868,0.43456074,0.52173980,0.62625585,0.49289947,0.42191929,0.57162492,0.57440078,0.60785962,0.52799493,0.59713907,0.51392997,0.56995823,0.54449164,0.51649807,0.55681210,0.63580315,0.49214991,0.62212097,0.48502252,0.47894739,0.54564319,0.57322058,0.50531250,0.44127360,0.00000000,0.50194608,0.42524958,0.42371371,0.46499810,0.51185727,0.58087753,0.58114821,0.54661685,0.62050210,0.63913507,0.53257662,0.63503085,0.55818533,0.50074186,0.49869958,0.44502897,0.47685526,0.45750860,0.56034808,0.65598420,0.46105907,0.44438757,0.55345995,0.47888364,0.57698124,0.57743709,0.48288361,0.61346626,0.62978456,0.49269220,0.45425499,0.52056280,0.53996647,0.61698659,0.60628819,0.44804695,0.49249323,0.58802054,0.55949325,0.61189472,0.51876118,0.63913507,0.47769216,0.57722479,0.48819830,0.50021315,0.50547429,0.54657415,0.56576753,0.48149680,0.54297574,0.48416017,0.51649689,0.43886780,0.66936414,0.46610036,0.58975601,0.48136002,0.49835407,0.51356900,0.61712394,0.48556876,0.44919000,0.48710943,0.52302254,0.55806378,0.52417339,0.50711343,0.52077521,0.47002142,0.44285155,0.61921756,0.41947319,0.55892672,0.65130103,0.50368614,0.47687337,0.53539499,0.54642951,0.54396352,0.56294915,0.60323449,0.49052631,0.62775300,0.45814299,0.48895896,0.69807617,0.67353597,0.59598191,0.59051578,0.63862480,0.67878361,0.42495974,0.50027303,0.59065902,0.52824212,0.53297950,0.57006573,0.52027634,0.60371778,0.50340188,0.61900376,0.46278571,0.50732249,0.60262360,0.63039955,0.48988414,0.61756218,0.57069014,0.55748837,0.58948735,0.47720297,0.58234119,0.52764589,0.56443374,0.50065358,0.54788119,0.48481000,0.48383253,0.54859193,0.55273658,0.49243183,0.52524383,0.50689738,0.57672341,0.67899440,0.37771922,0.31998211,0.61655252,0.55530362,0.50370560,0.56646825,0.51779320,0.55402538,0.53186610,0.50219541,0.51933486,0.53456740,0.54222283,0.47546916,0.42960270,0.51177500,0.55806378,0.54321198,0.66307821,0.54019984,0.48810424,0.41476807,0.41170125,0.50747416,0.50164459,0.51986964,0.69268437,0.44124091,0.59058106,0.46215616,0.52207612,0.58121478,0.54784647,0.34740605,0.39275769,0.43993647,0.47892933,0.53487158,0.56840953,0.49675229,0.48057810,0.52544232,0.55325570,0.51647561,0.67679787,0.67899440,0.56630779,0.49986494,0.57117974,0.49314731,0.45930445,0.52481207,0.47876566,0.52497827,0.55683624,0.66088307,0.60277598,0.57166989,0.49731805,0.51914815,0.54977144,0.48910619,0.54590970
77780,0.47353305,0.50021394,0.49684022,0.37644747,0.52120440,0.41817161,0.43880915,0.43727999,0.46211521,0.35397574,0.35999955,0.39448337,0.31157480,0.54803786,0.41716239,0.38734899,0.66957890,0.62532864,0.43075628,0.53837236,0.49360482,0.65445029,0.50195926,0.67718720,0.38836719,0.60519457,0.49564395,0.46895453,0.37967563,0.64931286,0.52150412,0.53016762,0.55144892,0.43416126,0.46927846,0.44210122,0.43371878,0.43878716,0.45196273,0.43981127,0.36209984,0.65035189,0.41909031,0.44935234,0.40549185,0.41120574,0.48306823,0.58891253,0.43983258,0.41904598,0.40871228,0.52188064,0.47983573,0.42307500,0.53994222,0.49458354,0.39035628,0.49490535,0.55444806,0.53796667,0.60635403,0.49841122,0.41768782,0.53492228,0.50896577,0.56890251,0.59118679,0.40134280,0.52490417,0.44203800,0.53093687,0.42585724,0.47794935,0.60918496,0.37559794,0.47785826,0.53324332,0.50432941,0.44060090,0.51889778,0.35918812,0.49635086,0.54194534,0.49309666,0.42609457,0.42074736,0.56235828,0.44012681,0.45008612,0.53470123,0.51737487,0.48563373,0.47594956,0.47361859,0.47569328,0.37854084,0.55104947,0.46235015,0.57053002,0.58123007,0.60630722,0.43384087,0.40409529,0.50194608,0.00000000,0.58038293,0.57327809,0.41912472,0.48246190,0.40927420,0.49129398,0.60073433,0.52414781,0.66392540,0.35240033,0.60377887,0.62732269,0.35393313,0.32506889,0.42116270,0.48062614,0.42358519,0.51969366,0.52088032,0.47663552,0.45451152,0.52760920,0.40759533,0.59886360,0.46243215,0.46991237,0.49796218,0.61859473,0.55710805,0.54418055,0.50737473,0.39791855,0.58736620,0.51138908,0.55856048,0.59898295,0.62878020,0.45997526,0.41078280,0.44446464,0.66392540,0.41562489,0.53885363,0.51094119,0.41096849,0.50657047,0.37778895,0.59333764,0.48291045,0.58663588,0.48844877,0.49911552,0.51208511,0.56460587,0.39401733,0.54266231,0.37340581,0.48958413,0.60499250,0.62847115,0.61462880,0.55829441,0.55438310,0.63648609,0.66607784,0.43014334,0.53532292,0.51369687,0.54608399,0.55157734,0.50797301,0.56974904,0.51301605,0.47252620,0.42499338,0.48512267,0.50282898,0.47700689,0.47972005,0.47547394,0.46192328,0.54566294,0.51779492,0.37948361,0.50266078,0.56166653,0.61591554,0.45819834,0.66050706,0.60482062,0.58738810,0.52125763,0.47252094,0.49014304,0.39854913,0.36765062,0.38674807,0.42274379,0.60816534,0.37430288,0.59788958,0.60544274,0.61940060,0.62212972,0.68806900,0.47701102,0.43325046,0.45834272,0.45344080,0.44060373,0.53773222,0.60425473,0.39895577,0.60279386,0.58302183,0.60329944,0.43880915,0.47212257,0.41919184,0.58655802,0.56285260,0.05284481,0.50805009,0.41764150,0.65305071,0.54076268,0.57995158,0.64209231,0.52519329,0.48331194,0.33969064,0.38117497,0.40781270,0.43382362,0.54816479,0.48390931,0.48912396,0.51258885,0.55623279,0.56589072,0.47295116,0.66607784,0.46659754,0.64755698,0.47606257,0.43842713,0.55626683,0.42280706,0.62103387,0.57210560,0.50979577,0.50090713,0.41613589,0.59249644,0.53190486,0.56102027,0.59811870,0.54557227,0.52283411,0.60024042,0.53738815,0.49984116,0.39618985,0.47962240,0.62251850,0.37326970,0.44961255,0.54383164,0.48370214,0.65366759,0.65305071,0.57480525,0.55362418,0.59336723,0.34861295,0.44264263,0.47505374,0.52988962,0.56282226,0.42879090,0.47769576,0.46381578,0.47451136,0.57658625,0.57525414,0.43307071,0.50335491,0.55564042
77933,0.51162216,0.50571624,0.60899941,0.49644944,0.58279630,0.53819342,0.41090933,0.44028204,0.53964970,0.56932108,0.49408111,0.51263685,0.48101456,0.41686174,0.42000144,0.44763647,0.58682767,0.47389112,0.57787670,0.47821541,0.43031247,0.53308212,0.53204036,0.68390937,0.45133609,0.48568902,0.48475388,0.55343415,0.53687867,0.53988233,0.48184727,0.43350433,0.43571456,0.58048681,0.54176685,0.53433533,0.64609451,0.55821769,0.56996499,0.58849295,0.43071003,0.47693167,0.51375678,0.42307544,0.51218447,0.36928038,0.52148654,0.38539592,0.54229096,0.60281445,0.54485342,0.43815405,0.49045461,0.50395170,0.47361495,0.52469839,0.55925908,0.39074473,0.30552175,0.53649812,0.51248715,0.52344111,0.44613510,0.40200130,0.55791406,0.48210242,0.48782741,0.38034957,0.61410821,0.60373655,0.55838419,0.50233111,0.56256701,0.64239014,0.52645922,0.57566466,0.62025204,0.50081302,0.57251635,0.53590656,0.55403710,0.53396766,0.32450410,0.48334800,0.59274024,0.49899358,0.58218107,0.52551134,0.49998640,0.42236677,0.60161390,0.55208629,0.48506578,0.46287950,0.55117339,0.37257667,0.60150466,0.46812718,0.52296052,0.56339596,0.39780935,0.45661182,0.45551919,0.42524958,0.58038293,0.00000000,0.04473609,0.45003790,0.45988125,0.38328409,0.54644695,0.35074026,0.57816902,0.49884181,0.53434673,0.64057270,0.52867332,0.55089833,0.39952514,0.47253469,0.34086935,0.47798823,0.49847942,0.53723759,0.37049744,0.37173454,0.43065838,0.37450180,0.42032724,0.42843981,0.44430296,0.57421253,0.51047389,0.39065273,0.44583542,0.52391180,0.54400092,0.56920170,0.50188099,0.49932786,0.55811708,0.53504128,0.51754747,0.60186801,0.55330798,0.49884181,0.44789341,0.53538947,0.46139177,0.49448146,0.52179916,0.56873757,0.45755070,0.53547006,0.58099100,0.44075449,0.52319396,0.44629735,0.57257573,0.51725063,0.52346165,0.46417754,0.47794057,0.47370108,0.54210154,0.48027619,0.39181836,0.51154961,0.56071789,0.56258848,0.40583790,0.42720746,0.51732773,0.42901052,0.41308099,0.49930597,0.05111829,0.54879371,0.66663559,0.53583587,0.54016759,0.47017613,0.46830793,0.55677360,0.55653705,0.55623302,0.49098122,0.58976784,0.48068743,0.40138787,0.65236242,0.65478709,0.53821837,0.43358936,0.57629340,0.58787500,0.42542123,0.38321489,0.54797444,0.37680991,0.54573256,0.48670272,0.45484199,0.47341529,0.50014823,0.42251899,0.34604001,0.34760295,0.55815005,0.55782818,0.47692706,0.52445554,0.52861288,0.48298925,0.57131043,0.43055185,0.38009548,0.53243887,0.47571724,0.38809921,0.54310653,0.41090933,0.49467105,0.50406954,0.52751219,0.33705486,0.57608391,0.52337907,0.47913083,0.55649949,0.46360306,0.42244077,0.46720081,0.50554054,0.47803684,0.54887550,0.50660982,0.66056108,0.49152702,0.61250794,0.50762381,0.52788821,0.52331668,0.39840196,0.40758753,0.49845908,0.56258848,0.53504859,0.61182016,0.52382109,0.49850977,0.39512544,0.52214735,0.33489422,0.36268867,0.51678079,0.64831786,0.40809367,0.52883237,0.47949084,0.44078689,0.59405575,0.56138962,0.42495709,0.42668143,0.43303921,0.45567531,0.51155770,0.53894006,0.47221638,0.47280968,0.53454880,0.59871936,0.42216926,0.55954268,0.55649949,0.51661247,0.55341655,0.44185514,0.43979670,0.42081262,0.43139528,0.45373398,0.47404604,0.47304523,0.59313318,0.46723159,0.49917647,0.49305197,0.56127291,0.55174418,0.45654519,0.50252283
78096,0.55115038,0.57382928,0.67176937,0.54811723,0.64406136,0.60187210,0.46121447,0.48245151,0.60505441,0.55922337,0.46797480,0.57527348,0.46742616,0.50265669,0.49953814,0.50184978,0.56797749,0.51622593,0.63295771,0.52679455,0.51223070,0.61644102,0.59804119,0.77221664,0.50554939,0.56418668,0.52871451,0.62298938,0.53027727,0.60979389,0.55458815,0.52581924,0.52802947,0.57560755,0.58241861,0.56525889,0.62462982,0.58415865,0.58248450,0.60221641,0.45197356,0.46829466,0.56357223,0.46999923,0.56679523,0.35045421,0.51352285,0.45328386,0.55837981,0.61064556,0.60055578,0.49967114,0.48001944,0.56793512,0.52219409,0.56693474,0.54577698,0.44051827,0.36781585,0.59262603,0.58373961,0.56775868,0.49187437,0.42668962,0.58880803,0.47985032,0.53738705,0.43641388,0.68925892,0.58821307,0.58454021,0.50726758,0.58765372,0.70449250,0.52271009,0.62325086,0.62347345,0.56305525,0.58094831,0.53095235,0.57208098,0.56814530,0.39825911,0.51571319,0.61926482,0.53536694,0.62647648,0.54942384,0.55503461,0.46090099,0.60085129,0.54559688,0.54153118,0.51268886,0.53334481,0.36829878,0.66360701,0.53965124,0.57926264,0.62635465,0.44486827,0.50457998,0.50921102,0.42371371,0.57327809,0.04473609,0.00000000,0.51558487,0.50792105,0.40924227,0.61370947,0.39718966,0.64632780,0.51852655,0.57569961,0.63955504,0.57726392,0.57994462,0.41717393,0.43814230,0.40285413,0.54546880,0.56248318,0.58649276,0.42027099,0.40330135,0.42318794,0.43889623,0.41880172,0.45434350,0.47535347,0.64579699,0.58697716,0.46788602,0.45445028,0.57810430,0.52410109,0.57044294,0.54140352,0.57305041,0.63053050,0.58207277,0.58001749,0.59987083,0.57745235,0.51852655,0.48370495,0.57641868,0.52551928,0.56644780,0.53647327,0.56625359,0.52623265,0.57122182,0.62895501,0.47180499,0.57969081,0.48209498,0.63764112,0.54157292,0.57797327,0.46632095,0.55539599,0.54049927,0.54161133,0.50543941,0.45265662,0.56748593,0.59989992,0.61523672,0.44595273,0.48619299,0.57833550,0.48098732,0.46053144,0.53324678,0.00638220,0.59375672,0.66266288,0.60321974,0.60083825,0.52060410,0.52023087,0.61733345,0.56790107,0.59739595,0.50911827,0.65391790,0.52472853,0.45771222,0.68361434,0.71850236,0.52418376,0.42599771,0.59742000,0.65493918,0.45356563,0.42739735,0.57623558,0.43159700,0.60346052,0.55185000,0.52106371,0.51575010,0.50883941,0.49637379,0.42078636,0.42474427,0.64128755,0.54472128,0.47843441,0.56063876,0.58077483,0.53381588,0.61388215,0.47838298,0.44957125,0.58609982,0.44260794,0.39406877,0.57291675,0.46121447,0.56447759,0.52629776,0.58673397,0.38441633,0.57227247,0.53805318,0.50744016,0.55502921,0.47566018,0.45358033,0.49847788,0.52088265,0.55549226,0.56208303,0.50093967,0.64343000,0.51109020,0.61621635,0.59630571,0.57799167,0.53002594,0.43574822,0.45503028,0.52493720,0.61523672,0.51721523,0.61103039,0.55029921,0.55381554,0.44078784,0.51840351,0.41203554,0.42495102,0.59487876,0.70221545,0.48234998,0.54990486,0.52771483,0.48903523,0.62309034,0.62746868,0.47758250,0.47785014,0.50378688,0.51555050,0.54176394,0.62535240,0.51768252,0.54100955,0.59726001,0.65150625,0.48938941,0.59627629,0.55502921,0.51604247,0.60806225,0.47839787,0.48270788,0.49564862,0.46378884,0.53246248,0.51773200,0.49884003,0.60156514,0.49190303,0.55670288,0.54340926,0.60962359,0.59454768,0.51642038,0.54964582
78510,0.39542364,0.36797478,0.43775020,0.40603916,0.41439688,0.38306403,0.36267916,0.30896481,0.32816753,0.42067526,0.44030436,0.33988268,0.34812773,0.42101337,0.30193737,0.27079932,0.65057359,0.53732067,0.38622653,0.43420874,0.33995836,0.52953658,0.37518722,0.53544526,0.27463654,0.44884637,0.38447308,0.41719932,0.51143457,0.54196178,0.37820144,0.37160112,0.45118583,0.43780975,0.40931450,0.40042648,0.55742859,0.35783071,0.53727652,0.48902258,0.38980552,0.59403297,0.38011089,0.34637767,0.35299594,0.36804150,0.46629140,0.43484615,0.42865164,0.38776396,0.30090940,0.37735183,0.50587568,0.34692416,0.43630734,0.45853977,0.49321889,0.39802544,0.40879847,0.41858323,0.46928574,0.45496384,0.38795741,0.50274662,0.51338055,0.50934970,0.47463356,0.24968757,0.48549535,0.51610899,0.45266415,0.39448306,0.45482741,0.51088563,0.48819648,0.53465053,0.52821642,0.36543476,0.52991689,0.49445926,0.41313692,0.47972149,0.39910159,0.42801785,0.47745467,0.41898349,0.51113607,0.39397892,0.51447950,0.42451970,0.46596299,0.51972750,0.33315042,0.39461455,0.60176104,0.41589387,0.46303877,0.29512516,0.46233381,0.48742632,0.45703462,0.40042369,0.31158102,0.46499810,0.41912472,0.45003790,0.51558487,0.00000000,0.42941695,0.48939665,0.49534601,0.49153117,0.45766060,0.61952231,0.41086989,0.57561361,0.46986485,0.40399248,0.42722531,0.44304220,0.40079978,0.36739325,0.41028317,0.55241036,0.36812645,0.26630448,0.50555357,0.42232539,0.56048029,0.47309051,0.44119090,0.41324652,0.48412867,0.39586733,0.48676802,0.43829897,0.50717550,0.49288194,0.51581606,0.44493961,0.50304863,0.46923462,0.31566682,0.46938433,0.42559121,0.61952231,0.33989265,0.44640734,0.39627210,0.32051149,0.52252651,0.49754894,0.50375892,0.40091132,0.50865756,0.46056453,0.43496976,0.47290563,0.48714487,0.26690023,0.48921304,0.32991671,0.40963486,0.51562419,0.59773957,0.53717041,0.48023425,0.41549011,0.49276504,0.49805141,0.42476951,0.44453483,0.44778986,0.41119422,0.41651330,0.54039696,0.51019656,0.52703119,0.52297972,0.29174475,0.50448475,0.42444549,0.49238650,0.41161433,0.36683977,0.43716555,0.50257254,0.42656678,0.37153686,0.44537311,0.52529811,0.48806288,0.53764472,0.60749457,0.49926172,0.44474011,0.48065581,0.43611551,0.49388517,0.42060374,0.33009677,0.39556580,0.36660929,0.53521158,0.42969101,0.52519010,0.43838653,0.46109229,0.54729935,0.69170145,0.50448038,0.41983673,0.39165713,0.43409099,0.47521191,0.45308339,0.52407048,0.33348957,0.57521136,0.47797443,0.43230234,0.36267916,0.34437610,0.45374621,0.52952023,0.43345306,0.45040201,0.52528357,0.46563869,0.66931461,0.43948001,0.41955621,0.56583244,0.45130270,0.40051753,0.43065377,0.43661903,0.48829057,0.45071725,0.46382686,0.32805318,0.36650857,0.47959996,0.46600059,0.39969930,0.48861468,0.49805141,0.45424769,0.55426885,0.48839405,0.37269861,0.42394702,0.45973387,0.46406771,0.50039954,0.43022326,0.48607891,0.24162087,0.50970338,0.45301562,0.43804351,0.56207688,0.45973423,0.46404439,0.48526769,0.44316266,0.37185684,0.45741760,0.47134462,0.55240403,0.39523497,0.41172939,0.45350235,0.39471968,0.52138473,0.66931461,0.47830069,0.47373321,0.50713873,0.38948308,0.33824821,0.37447919,0.38525495,0.44687799,0.49511959,0.54868628,0.51796918,0.47776922,0.50231537,0.50909565,0.38941906,0.37544875,0.38788027
78778,0.48336246,0.43196527,0.46760087,0.47542040,0.45187416,0.39268587,0.41864946,0.50214876,0.54072945,0.57109241,0.45856556,0.46706442,0.38033525,0.46243708,0.36892550,0.36990536,0.68972872,0.59024107,0.48837056,0.39207425,0.36894063,0.45440225,0.32801293,0.65913125,0.37332710,0.54100383,0.41226799,0.44402816,0.46120874,0.51503229,0.55342697,0.44379242,0.49459318,0.50538772,0.46193429,0.42987770,0.59096567,0.49817502,0.54817065,0.52450935,0.43284739,0.59804219,0.39863040,0.44537800,0.39609485,0.43485611,0.58483519,0.50310938,0.39765502,0.49511999,0.42990916,0.39193977,0.51462486,0.41935278,0.39494966,0.39300123,0.62304083,0.51701504,0.38835525,0.33565539,0.49818067,0.68335201,0.55153757,0.48526824,0.64217458,0.57604495,0.57267225,0.43694507,0.54610318,0.65695976,0.43974062,0.44883603,0.48110754,0.44030413,0.49139390,0.61565447,0.48578446,0.47034933,0.50873949,0.49914404,0.44005812,0.62333968,0.45933853,0.54719556,0.52027270,0.53267654,0.50974729,0.42256804,0.52205474,0.42432426,0.32017076,0.49877313,0.38871182,0.42454311,0.48810591,0.37073136,0.43958213,0.48983537,0.44879952,0.52268607,0.56567324,0.55838439,0.47209610,0.51185727,0.48246190,0.45988125,0.50792105,0.42941695,0.00000000,0.43335660,0.45503790,0.50944722,0.38058650,0.42127004,0.39076352,0.56999092,0.60525369,0.45019991,0.50482255,0.44544769,0.40199447,0.43356209,0.22177375,0.48938388,0.50335524,0.46666245,0.51126462,0.37964012,0.60034768,0.46394087,0.32557334,0.45099536,0.41185772,0.52981067,0.44357259,0.49526807,0.50829745,0.39421703,0.46131307,0.50290271,0.53850934,0.55269306,0.44810669,0.54827051,0.40888566,0.42127004,0.39556873,0.47519619,0.55216700,0.33406983,0.42798041,0.50243915,0.53104322,0.29135284,0.54729880,0.32251052,0.49237821,0.43982632,0.54744073,0.41817207,0.58136155,0.42398676,0.20474641,0.34910596,0.42479096,0.38442583,0.40296209,0.36685948,0.42807345,0.47654408,0.33108198,0.35965082,0.49390962,0.35160888,0.37221973,0.37474369,0.52293837,0.29634060,0.63065669,0.45350053,0.53785913,0.29362679,0.26525220,0.45080816,0.42843170,0.58910464,0.35644748,0.40082360,0.46845267,0.44166719,0.61313836,0.59255233,0.53421658,0.45784075,0.56356239,0.60139731,0.33559342,0.41227341,0.28311043,0.48598867,0.47430814,0.46627032,0.53890812,0.57114787,0.43536180,0.56157295,0.35978759,0.36829257,0.56658048,0.56586622,0.49260016,0.54368301,0.56492268,0.54733832,0.54099373,0.44826444,0.30637743,0.45644734,0.51609518,0.39872946,0.56214241,0.41864946,0.40640226,0.54315879,0.56326687,0.46026362,0.50079544,0.43093738,0.49064325,0.59464017,0.50487180,0.51227727,0.49970836,0.47905992,0.19363995,0.52559898,0.40917770,0.57502703,0.42222914,0.57040193,0.43407633,0.43356974,0.25982350,0.40202116,0.51600978,0.44565253,0.47654408,0.46501422,0.55015783,0.41830580,0.39550787,0.36676753,0.49307186,0.35462748,0.41070683,0.42048143,0.49090968,0.44569105,0.37131000,0.54869775,0.51160439,0.47546984,0.32557732,0.47048924,0.56872881,0.39259588,0.47595585,0.46334753,0.44678101,0.60793780,0.39515874,0.25682311,0.48113284,0.37145405,0.52393294,0.59464017,0.50803821,0.49598277,0.52324403,0.44452597,0.35301434,0.43167106,0.47645738,0.45609489,0.48133750,0.52114804,0.43191418,0.42220229,0.37479146,0.43165710,0.44113042,0.46979881,0.48777836
78779,0.51895243,0.52502837,0.57446124,0.43732052,0.58749029,0.56498881,0.52155151,0.45354873,0.52595461,0.46029881,0.41915212,0.41000882,0.43536045,0.47160581,0.49187134,0.47953728,0.63900199,0.58773829,0.52585826,0.53351965,0.49575551,0.61885743,0.55533998,0.69550123,0.48060818,0.57018139,0.52620937,0.55611746,0.42681605,0.66649021,0.52373400,0.56244864,0.53465146,0.55524157,0.52167299,0.47293801,0.57072836,0.51680452,0.45781157,0.52063054,0.33155973,0.56915581,0.51450113,0.46216724,0.50377036,0.40574761,0.47657300,0.53956387,0.55932339,0.59668168,0.52167904,0.45351331,0.40226134,0.50812844,0.53280304,0.45514607,0.48118606,0.47673991,0.47207950,0.56242526,0.59118740,0.53895711,0.42854008,0.49829578,0.48384940,0.58608448,0.55758368,0.38999869,0.50832228,0.47303339,0.52105759,0.52119413,0.54411266,0.64306023,0.48843208,0.40708302,0.55828425,0.53004962,0.50399251,0.59139958,0.49213863,0.47793107,0.44269793,0.51552499,0.55224320,0.37107401,0.54925764,0.48566495,0.31896438,0.51529762,0.61443068,0.53481237,0.49302037,0.41379103,0.45307497,0.29208341,0.60674326,0.45588854,0.56464111,0.54632119,0.48501980,0.43792946,0.50402222,0.58087753,0.40927420,0.38328409,0.40924227,0.48939665,0.43335660,0.00000000,0.46978537,0.52891704,0.59046439,0.59957456,0.44259189,0.62293616,0.61246076,0.46684246,0.31006250,0.41707320,0.40154202,0.48655348,0.53142314,0.46389993,0.45818115,0.44998043,0.49959387,0.29782686,0.52135579,0.36161077,0.48902142,0.60300528,0.58859085,0.48187324,0.57242235,0.50961457,0.39686263,0.57490558,0.44972208,0.54921389,0.59340102,0.62009995,0.53316648,0.58059195,0.48657216,0.59957456,0.40078856,0.50285908,0.50942659,0.50569072,0.42636590,0.49044491,0.54353146,0.54082969,0.60730551,0.48679449,0.49994288,0.47201596,0.53349206,0.51781635,0.48810821,0.43544796,0.50990368,0.58109821,0.58612532,0.59257391,0.49240152,0.52686035,0.59088146,0.62226847,0.42259779,0.48962990,0.51931682,0.53096816,0.50947198,0.50418166,0.42582988,0.52934773,0.60941396,0.54679745,0.54409284,0.48080750,0.46475278,0.54394208,0.54336351,0.44933350,0.55425908,0.58231650,0.52588969,0.48008317,0.60218046,0.64712840,0.47547421,0.62767532,0.58432825,0.57032652,0.48456419,0.42429343,0.54539815,0.36617334,0.47422140,0.34487644,0.38209977,0.57703554,0.41837970,0.49362428,0.50572639,0.52127052,0.55546433,0.62458895,0.49286573,0.37045033,0.50150156,0.43309101,0.53013128,0.45816102,0.50265164,0.48867775,0.55550401,0.49057437,0.57022179,0.52155151,0.52726212,0.43790252,0.56680795,0.49009058,0.41781743,0.42711851,0.37415085,0.44212272,0.51131280,0.56406054,0.54670860,0.54995697,0.50418852,0.44036681,0.43172113,0.54817537,0.40284744,0.59441481,0.54407331,0.53523283,0.58812513,0.50559582,0.51126179,0.54250191,0.62226847,0.42743431,0.56060967,0.56173852,0.46574035,0.52064526,0.50344678,0.50324075,0.49318504,0.55601017,0.62983845,0.45052515,0.55154302,0.51846389,0.53894947,0.64483587,0.60077961,0.53287855,0.57889342,0.53340054,0.51655665,0.38918012,0.47327209,0.55858751,0.46106327,0.53825808,0.58519391,0.49958849,0.54783108,0.44212272,0.54243141,0.53270623,0.49397609,0.34782318,0.44258137,0.45598448,0.51545042,0.53449318,0.45282386,0.52525742,0.40476977,0.44234942,0.57581381,0.62143098,0.53927956,0.51331798,0.53830781
78810,0.44214503,0.48251369,0.47614921,0.49037020,0.54859723,0.43434032,0.54828544,0.57723382,0.51786911,0.47452988,0.43715753,0.39619475,0.44203819,0.45033971,0.44805502,0.47937746,0.71057837,0.68896120,0.45513040,0.45976614,0.38938505,0.51368965,0.45278619,0.62438581,0.48365566,0.57500395,0.49469692,0.47355296,0.44375577,0.60734348,0.51120341,0.45924823,0.49922262,0.52632599,0.50775989,0.42697242,0.57289626,0.45154545,0.47160912,0.53579832,0.45346454,0.67112352,0.43239717,0.60664048,0.44387694,0.49040508,0.59516839,0.57563895,0.54211013,0.52976188,0.50873857,0.50690283,0.51813065,0.44788217,0.46160418,0.43792307,0.55234501,0.55204255,0.53460133,0.48702404,0.51422449,0.66955579,0.52818905,0.55230584,0.64211930,0.61993387,0.65383360,0.53313128,0.44406918,0.65945488,0.42498556,0.48053503,0.49663255,0.56181554,0.55233700,0.61633999,0.55285392,0.46831142,0.50668332,0.57492267,0.51339623,0.61296209,0.48603129,0.53615695,0.54163311,0.50555950,0.57158658,0.41645290,0.55648212,0.46634851,0.55165490,0.52943410,0.43258778,0.50556164,0.43868435,0.44942309,0.49977243,0.50762373,0.52182464,0.45056002,0.61651427,0.54273365,0.45145243,0.58114821,0.49129398,0.54644695,0.61370947,0.49534601,0.45503790,0.46978537,0.00000000,0.66330698,0.42519285,0.68721149,0.51104245,0.58565879,0.65201981,0.41734260,0.55426054,0.50348453,0.43753551,0.40362536,0.52034117,0.46713523,0.54125410,0.57626196,0.60045797,0.39406575,0.61897187,0.55037681,0.44223758,0.50039910,0.57446557,0.49695277,0.60389272,0.44439011,0.36115949,0.52538862,0.54231102,0.48442148,0.52278305,0.62943422,0.48736991,0.57738441,0.32564143,0.68721149,0.42285431,0.64114249,0.48289408,0.38789110,0.52930071,0.56218782,0.60894215,0.46755710,0.50820698,0.43734250,0.44028727,0.59526212,0.61062099,0.46112717,0.67998856,0.49389417,0.41526290,0.50425461,0.62540342,0.57832418,0.52737261,0.47524448,0.62473826,0.53108268,0.40866037,0.45856668,0.44441734,0.56126538,0.44211474,0.51146892,0.62448618,0.50701776,0.52463602,0.43313259,0.56941586,0.42325636,0.46718365,0.41768725,0.54120860,0.54821900,0.51005841,0.49621004,0.45891081,0.60286264,0.69474002,0.62516297,0.57414514,0.71347033,0.73566500,0.59135667,0.53904687,0.53151298,0.55758188,0.52803046,0.43651097,0.50296678,0.45707753,0.67093833,0.47557898,0.53215992,0.49548527,0.54063843,0.55008189,0.57961170,0.56304910,0.54059640,0.56326180,0.50790665,0.52582517,0.56174703,0.55418874,0.40574738,0.60401219,0.55892278,0.65750670,0.54828544,0.46286762,0.44780327,0.60869926,0.53174874,0.48714568,0.53093789,0.58783681,0.64118014,0.55262749,0.61571431,0.65645964,0.58216542,0.40854827,0.51438987,0.42546187,0.56083196,0.44639622,0.55516322,0.44228642,0.55784314,0.57577740,0.54064071,0.52974372,0.60061532,0.53108268,0.45844666,0.66702733,0.60747832,0.36964995,0.42468133,0.50387968,0.53008819,0.52816702,0.49137228,0.52968420,0.50249630,0.61926162,0.54579972,0.56732894,0.55760510,0.47312382,0.55020858,0.59613245,0.52684512,0.50629313,0.49340471,0.03402408,0.64056482,0.52163509,0.38860761,0.40555664,0.46185371,0.68688433,0.64118014,0.64854039,0.51721667,0.58944577,0.43365227,0.35179190,0.54885327,0.41974943,0.55517993,0.38269985,0.52078928,0.43424513,0.51326530,0.50543567,0.54492748,0.49110410,0.50220472,0.47584092
79194,0.54345091,0.50875458,0.58416709,0.53095094,0.55913076,0.53397750,0.48482458,0.49260449,0.54896257,0.61230227,0.56943824,0.55684838,0.46685855,0.39103473,0.44090862,0.41320854,0.31332953,0.14292597,0.55330499,0.45746883,0.44591401,0.51545157,0.49584283,0.69341625,0.40950044,0.50831952,0.46917752,0.48430487,0.54982017,0.62168217,0.53276878,0.49291005,0.49957755,0.55905066,0.59083731,0.55905984,0.68767078,0.58034452,0.62168877,0.56189097,0.46833115,0.32804447,0.52686618,0.34164327,0.48570293,0.33909958,0.54900569,0.23308054,0.49647925,0.55088461,0.48790313,0.38085880,0.53213703,0.47810639,0.45515107,0.50652911,0.64133125,0.35064576,0.32948012,0.51561530,0.42040540,0.54805165,0.51128131,0.42502042,0.60036005,0.51236491,0.56651508,0.36009179,0.63743432,0.61998126,0.63066273,0.46621962,0.54919780,0.54973284,0.50114719,0.66949893,0.56658204,0.52638533,0.65273059,0.64097036,0.55294491,0.58104991,0.15408780,0.60235981,0.54182377,0.55358378,0.55029292,0.57401037,0.59370741,0.48737582,0.56266484,0.59365142,0.49637642,0.47349164,0.57288443,0.41089592,0.52145169,0.52308921,0.61633169,0.61373135,0.41370182,0.51774573,0.46819991,0.54661685,0.60073433,0.35074026,0.39718966,0.49153117,0.50944722,0.52891704,0.66330698,0.00000000,0.53522151,0.52487909,0.50245157,0.66646534,0.61946256,0.65326203,0.49253693,0.54313385,0.30781273,0.53154212,0.47631177,0.55382383,0.34696164,0.40190262,0.25167256,0.48266315,0.33835039,0.44013229,0.41801727,0.54342371,0.50905466,0.44798770,0.43756643,0.59046785,0.64438318,0.64845240,0.50666084,0.53744804,0.61563040,0.53463616,0.50821939,0.58892582,0.59898064,0.52487909,0.45515598,0.51091666,0.56062492,0.48328455,0.56915502,0.51788644,0.29494638,0.54197341,0.60129539,0.42925921,0.59113799,0.43973977,0.57170043,0.53979075,0.55899126,0.38994173,0.50502772,0.47582801,0.56480309,0.50969754,0.51867059,0.52198697,0.53437606,0.58925427,0.49524777,0.51402502,0.57780233,0.43464932,0.53849032,0.51220720,0.39225751,0.60352989,0.68494640,0.56512690,0.61810603,0.55596222,0.53514207,0.53819652,0.60627457,0.54514689,0.53418676,0.54653535,0.52964958,0.47379404,0.65177211,0.65195603,0.54278395,0.46613706,0.51407747,0.57966019,0.51488432,0.43166650,0.56901140,0.41029859,0.51396168,0.50492713,0.58081908,0.15329599,0.44413491,0.39666968,0.38549655,0.32745467,0.65220620,0.56490523,0.57282338,0.56082577,0.55791244,0.53259257,0.54807610,0.43851529,0.40387579,0.55163594,0.43201779,0.40917083,0.57380872,0.48482458,0.46797177,0.55960531,0.61138930,0.11849396,0.61283085,0.56986586,0.42428955,0.57212291,0.59070825,0.55588288,0.39871991,0.47748929,0.50060514,0.57860059,0.53076396,0.63437966,0.50998899,0.66837846,0.46650123,0.45328214,0.52891844,0.43439006,0.48209780,0.50595680,0.58925427,0.55273714,0.62967698,0.50606494,0.53768786,0.48737990,0.50439796,0.33067259,0.38959920,0.50774424,0.64735803,0.38406446,0.45215923,0.58833582,0.44743113,0.62866435,0.58619227,0.59652787,0.45526784,0.44061252,0.48520525,0.47113204,0.63482853,0.60974561,0.53627625,0.52966943,0.57326708,0.38611037,0.60155859,0.57212291,0.53990922,0.62683752,0.55898594,0.54267403,0.44968756,0.29727605,0.53157262,0.61243940,0.50324790,0.65840907,0.56228203,0.58368139,0.56729002,0.59151596,0.57385501,0.49119075,0.56634672
81609,0.39696952,0.31827326,0.31807556,0.39980031,0.36152680,0.37215166,0.43516586,0.54141634,0.48843499,0.53421283,0.48356127,0.46745539,0.41449649,0.47734800,0.30837313,0.31585788,0.63838541,0.59083606,0.38240125,0.38743172,0.40039404,0.42079711,0.28618876,0.52662075,0.31782373,0.55342345,0.37605858,0.37515345,0.37694195,0.55751312,0.54063506,0.43146566,0.52728875,0.41206692,0.43569052,0.41004581,0.59696682,0.53066227,0.47746786,0.48984127,0.45963409,0.61880885,0.44249576,0.54088263,0.34713277,0.48943160,0.67347768,0.48579910,0.39174472,0.42928314,0.42039588,0.53593907,0.54659849,0.37384564,0.39278572,0.45215412,0.66296667,0.54746386,0.46634297,0.32393240,0.46538412,0.69143926,0.56382257,0.52331646,0.63736623,0.65641750,0.61968527,0.46460004,0.48505711,0.67973158,0.46660538,0.39353575,0.44888552,0.30925904,0.51100994,0.66876918,0.39600381,0.53119459,0.45442349,0.59282154,0.36312817,0.63435169,0.44562280,0.56187549,0.44119139,0.50134343,0.35771263,0.45209671,0.60192127,0.56104133,0.43969061,0.51435067,0.28969178,0.47510339,0.50870050,0.46468281,0.32686809,0.56162764,0.52020495,0.49528959,0.62267718,0.57216871,0.49610619,0.62050210,0.52414781,0.57816902,0.64632780,0.45766060,0.38058650,0.59046439,0.42519285,0.53522151,0.00000000,0.58457621,0.32715785,0.46254340,0.59901314,0.52389383,0.59374588,0.56370369,0.46165051,0.49513327,0.34523419,0.39758763,0.55006729,0.54711396,0.53282328,0.44035201,0.64967162,0.55206958,0.38269940,0.35161375,0.41549621,0.56174154,0.49242632,0.51200674,0.53427336,0.48124209,0.50746665,0.44940718,0.49091475,0.59419124,0.42220417,0.47160337,0.45755996,0.58457621,0.44387836,0.53805286,0.57759069,0.38422911,0.58063366,0.52601221,0.50167469,0.48848884,0.58958196,0.39311865,0.50556399,0.57163566,0.53734903,0.44098529,0.64790534,0.47393673,0.36479823,0.46784524,0.53622394,0.52488308,0.51621960,0.37910397,0.37522137,0.45992129,0.39587326,0.51190964,0.50457559,0.40979921,0.51143778,0.48669803,0.64891964,0.47621293,0.52022484,0.39405744,0.58084986,0.38411805,0.40351321,0.45242597,0.44227000,0.55047082,0.52247893,0.36274307,0.49226264,0.55647563,0.59988686,0.48643505,0.54923718,0.61320566,0.62230842,0.57204856,0.50223039,0.53024643,0.43621493,0.50819349,0.40287635,0.48159640,0.58714929,0.58183741,0.42888086,0.51826650,0.42848959,0.43468115,0.56733272,0.66378818,0.60559456,0.52005175,0.56269964,0.51232583,0.44513829,0.50822832,0.47606079,0.39600933,0.64260696,0.56578865,0.57651188,0.43516586,0.39416775,0.52870904,0.56607886,0.45255162,0.54034436,0.58155277,0.54033566,0.67646750,0.60337170,0.62794291,0.58766410,0.49029792,0.35882976,0.50755967,0.41086814,0.51904116,0.40720383,0.63636825,0.39537763,0.38355697,0.47741866,0.47497404,0.52080116,0.51220022,0.45992129,0.48365026,0.57215537,0.48759590,0.40858215,0.47392957,0.54323020,0.43321791,0.47613056,0.38959599,0.44300486,0.41385914,0.44029699,0.66839337,0.62651609,0.53154037,0.35597144,0.61712597,0.61987191,0.48391685,0.49726529,0.46912280,0.39221835,0.74352919,0.50035316,0.28945675,0.46413236,0.35290361,0.60535418,0.67646750,0.60987863,0.52519260,0.67975894,0.55628679,0.42124521,0.38330880,0.54782430,0.48332596,0.38769453,0.46419808,0.40996555,0.48704205,0.45391761,0.44278500,0.38531724,0.50195525,0.57526156
81610,0.60555127,0.58283902,0.65967491,0.55649216,0.62550682,0.53978248,0.60387735,0.55625179,0.64395388,0.69184579,0.73076951,0.64863177,0.63757822,0.61574064,0.50703128,0.52381311,0.69594621,0.55807576,0.64207940,0.45760700,0.48196530,0.49166543,0.52703168,0.68800751,0.53026625,0.62053770,0.54014665,0.60914472,0.64772642,0.51738218,0.65908763,0.61852890,0.63110708,0.62700199,0.59966268,0.58148344,0.71977757,0.69237184,0.73751941,0.68482775,0.58889975,0.59483399,0.52908521,0.53761912,0.51862538,0.58696047,0.65753602,0.51939436,0.60047581,0.64772336,0.57669367,0.58958372,0.63080964,0.55358357,0.46020673,0.55116486,0.70745992,0.56811581,0.38109601,0.49586432,0.57995052,0.71693397,0.69638728,0.50862659,0.72362486,0.64823013,0.67049284,0.57730066,0.66338475,0.70010130,0.66777759,0.57305026,0.57940344,0.62640117,0.64702147,0.72095430,0.60198790,0.59202563,0.68664515,0.57669427,0.63887457,0.70627936,0.51703635,0.62413654,0.65657401,0.59343926,0.61828316,0.64165443,0.70652340,0.52090988,0.45763584,0.69951359,0.52761948,0.55943914,0.61785065,0.60107542,0.59736233,0.59645413,0.55145803,0.66609920,0.61060897,0.70451040,0.55862496,0.63913507,0.66392540,0.49884181,0.51852655,0.61952231,0.42127004,0.59957456,0.68721149,0.52487909,0.58457621,0.00000000,0.64266647,0.66875350,0.62702648,0.72034411,0.59396394,0.68904034,0.52457049,0.63540880,0.34008732,0.65303861,0.56686208,0.58717225,0.58405897,0.51954163,0.60568904,0.53691075,0.38221247,0.58573377,0.48629545,0.60244962,0.41151707,0.66202644,0.71128987,0.53710810,0.59912669,0.59383835,0.62859469,0.59536693,0.56856387,0.68398365,0.65266074,0.00000000,0.60072533,0.62589846,0.67065185,0.57439767,0.60402410,0.66985098,0.59136623,0.39779969,0.66379833,0.33870712,0.66245904,0.51171892,0.64607826,0.59978982,0.63774885,0.59884543,0.43395289,0.25944701,0.19966794,0.30459039,0.44662377,0.46599152,0.45286103,0.46915298,0.42259408,0.49877459,0.66002462,0.45469552,0.41103538,0.53483427,0.52067493,0.47618085,0.78095316,0.62277722,0.64757025,0.49695827,0.44797438,0.61210625,0.59232788,0.64567348,0.35012467,0.52965565,0.58211416,0.51543510,0.67633054,0.71051137,0.67470939,0.41881832,0.64403197,0.64608733,0.38901019,0.52608812,0.43515950,0.65859262,0.63051614,0.63294902,0.71126886,0.56024946,0.60328869,0.58142644,0.32658457,0.35112525,0.70048542,0.59561399,0.64299803,0.61900549,0.70718826,0.62763052,0.66633255,0.48560414,0.29701205,0.64082477,0.60513095,0.50780610,0.71776577,0.60387735,0.52814766,0.63954917,0.61262145,0.54013164,0.68133331,0.60610036,0.58477714,0.69390268,0.65179499,0.61680272,0.62298476,0.58910121,0.43206328,0.64692615,0.57980368,0.73527693,0.64620365,0.67031671,0.57808989,0.53109387,0.32203190,0.45968983,0.58659871,0.48267004,0.46915298,0.68717889,0.69555048,0.46417647,0.57964517,0.36810937,0.68575611,0.35500050,0.37566647,0.50569641,0.66122959,0.55768585,0.48256001,0.65765502,0.60449342,0.54682993,0.47419824,0.70825980,0.62328418,0.49926620,0.55561994,0.65000044,0.66875894,0.68897282,0.59720797,0.53543203,0.62272656,0.44800512,0.65524428,0.69390268,0.60413938,0.64222893,0.56841001,0.59949037,0.50621795,0.52884070,0.59536668,0.48947413,0.63335809,0.69524801,0.64405861,0.66450992,0.46450311,0.55021744,0.66018921,0.55010188,0.60866508
81612,0.33604446,0.30711347,0.30510676,0.36952398,0.39836794,0.35672313,0.39731174,0.45952080,0.44687484,0.44101502,0.38772681,0.41205563,0.25259844,0.45691071,0.33797166,0.28904923,0.63082814,0.52716995,0.42569402,0.40555405,0.42618716,0.54573645,0.40276238,0.63047072,0.28805431,0.47993445,0.33569927,0.34378519,0.32611462,0.57785742,0.55635478,0.40576017,0.44204482,0.36997305,0.37936204,0.38543214,0.51878583,0.48073666,0.45726672,0.30836649,0.38365606,0.62565922,0.40222917,0.41491775,0.27661069,0.42175353,0.55458749,0.48751498,0.37301129,0.38575693,0.36848991,0.44688955,0.56420101,0.31148699,0.40844228,0.45009159,0.57260411,0.49441302,0.46930222,0.41764031,0.45753494,0.54833468,0.45542917,0.53950612,0.49433853,0.56994558,0.55329249,0.32971136,0.47503169,0.61681113,0.47668648,0.36909716,0.38160172,0.46124857,0.27799110,0.49427731,0.47852232,0.48684838,0.47399169,0.51115832,0.35102051,0.48811236,0.41441082,0.45854702,0.31853477,0.46044423,0.35583201,0.41740551,0.43552940,0.51605803,0.42917804,0.41460076,0.33934731,0.45693144,0.52723633,0.37126490,0.45583695,0.45084597,0.49596856,0.42437641,0.58959384,0.46324087,0.40340090,0.53257662,0.35240033,0.53434673,0.57569961,0.41086989,0.39076352,0.44259189,0.51104245,0.50245157,0.32715785,0.64266647,0.00000000,0.40014222,0.60672674,0.42505014,0.47398972,0.46178215,0.42012316,0.44397892,0.42548503,0.41157125,0.48791578,0.45855306,0.48558858,0.41996473,0.58142657,0.47979488,0.39890385,0.34842783,0.46904488,0.51919149,0.49546056,0.41658010,0.49771467,0.47905884,0.50325921,0.47904101,0.51204200,0.59875880,0.37758204,0.39150118,0.44092120,0.64266647,0.40737576,0.50468429,0.52130140,0.34153348,0.51491258,0.26039038,0.45512408,0.47288203,0.56097113,0.41522569,0.40400241,0.52740173,0.53733105,0.35056918,0.57560042,0.39720607,0.41431300,0.53129581,0.56716799,0.55544166,0.49044875,0.43427800,0.47216258,0.56249920,0.39805355,0.48021388,0.41105219,0.44735393,0.50924019,0.47135182,0.57521858,0.48412069,0.53592201,0.41939992,0.51507012,0.38472473,0.44540112,0.37453570,0.38950034,0.54725139,0.56904561,0.35509088,0.37022173,0.47268841,0.56446639,0.56240290,0.49726513,0.63559001,0.58971379,0.57381505,0.47619809,0.49390860,0.44415716,0.34639657,0.33979557,0.46053101,0.47649045,0.51758206,0.27849836,0.56926281,0.49652596,0.51598156,0.53253590,0.65807573,0.51503595,0.50238586,0.45287519,0.48804096,0.27515129,0.54201902,0.50600170,0.39491125,0.58344930,0.51004747,0.59517091,0.39731174,0.37484413,0.46795558,0.49384260,0.47280823,0.40550999,0.51637340,0.41724417,0.58825224,0.47845937,0.53095536,0.53864167,0.43524960,0.40863884,0.38886902,0.31879886,0.33282537,0.26990921,0.51892044,0.37505090,0.34801949,0.49796785,0.48215548,0.47327056,0.37732600,0.56249920,0.47956227,0.63484551,0.37375421,0.38317470,0.50202299,0.33091960,0.51647738,0.47945609,0.39667393,0.47737345,0.35665274,0.46676810,0.54709242,0.51993274,0.58954445,0.47901715,0.52074018,0.54474791,0.45823732,0.46609966,0.35068643,0.46564949,0.65044589,0.43924615,0.36247574,0.46832873,0.37490830,0.62920321,0.58825224,0.57017450,0.49101367,0.62224891,0.44085459,0.40255277,0.37270171,0.44469061,0.49925820,0.35969901,0.48568380,0.43861234,0.40580322,0.51261503,0.49275462,0.30177584,0.46822493,0.51312397
81672,0.37778701,0.42351305,0.40073234,0.51269283,0.53952552,0.47664368,0.55636096,0.62910501,0.59134187,0.61350944,0.58779172,0.52425869,0.48653460,0.61538733,0.48633994,0.41814388,0.70481257,0.69439514,0.51006282,0.48278069,0.52877630,0.66521549,0.49810437,0.71862340,0.42055148,0.72112923,0.47347222,0.44788920,0.47181459,0.71416440,0.68494042,0.54331284,0.56092855,0.41493840,0.55668048,0.50291792,0.58545439,0.52159529,0.60654561,0.54526898,0.59992309,0.69197619,0.49529173,0.59660270,0.40928577,0.60521238,0.62971548,0.63235776,0.53476045,0.52893894,0.49183037,0.62036482,0.63516531,0.44414061,0.48833063,0.65344154,0.67706930,0.67248633,0.60777056,0.51184332,0.58235507,0.64509627,0.56867821,0.60384302,0.55548263,0.56436761,0.64448165,0.59370163,0.60328676,0.64239673,0.51664700,0.45932782,0.49436143,0.54403782,0.51397835,0.66154149,0.59004571,0.63514838,0.53349047,0.66658252,0.51786581,0.56525749,0.58716099,0.58699907,0.40163347,0.56778452,0.43312829,0.50139536,0.65427669,0.58116709,0.54449172,0.51201951,0.37887304,0.61291963,0.67040769,0.58440120,0.51694433,0.60630762,0.64983666,0.62952993,0.75689576,0.55752064,0.55326146,0.63503085,0.60377887,0.64057270,0.63955504,0.57561361,0.56999092,0.62293616,0.58565879,0.66646534,0.46254340,0.66875350,0.40014222,0.00000000,0.75559942,0.56404457,0.62353820,0.58319423,0.56835795,0.62187411,0.53708063,0.60895044,0.66621201,0.65407677,0.65392118,0.55102696,0.66176470,0.64860167,0.50562480,0.44938839,0.61698536,0.59429299,0.55804921,0.58798587,0.59084228,0.54644122,0.64684978,0.56851330,0.60877474,0.71062882,0.49548134,0.51188852,0.55106686,0.66875350,0.56518398,0.68265776,0.57678789,0.49926018,0.63377186,0.55175244,0.64206295,0.55281409,0.66099620,0.52102970,0.57933517,0.65358286,0.66109134,0.50864693,0.74888359,0.54518843,0.57405238,0.56365027,0.59559155,0.55621783,0.62554164,0.49912575,0.49343825,0.52804012,0.53233293,0.58218539,0.59764524,0.55836477,0.58343279,0.60452737,0.64047402,0.63850681,0.56309191,0.50046038,0.68010413,0.50366122,0.60605400,0.47912083,0.45588140,0.61412552,0.62936570,0.47676006,0.49347702,0.71017351,0.72432058,0.63611053,0.63291242,0.67853514,0.70531546,0.68283733,0.58627562,0.63249713,0.57977188,0.57006541,0.46293370,0.67535486,0.57234889,0.69194502,0.49683766,0.69930520,0.65490407,0.64648721,0.68743929,0.67969068,0.60834575,0.63599345,0.52813564,0.57491631,0.36674685,0.67148263,0.67238789,0.52552765,0.63408309,0.61241186,0.69611276,0.55636096,0.51313056,0.57081639,0.58815179,0.61512287,0.62902080,0.63555751,0.62054391,0.71484917,0.60714901,0.65780515,0.77320713,0.51742044,0.56436692,0.54948881,0.48360848,0.50938870,0.50051182,0.66576253,0.48663171,0.50173496,0.62362791,0.55347676,0.56766154,0.57862333,0.52804012,0.54687865,0.66006491,0.57117104,0.48153485,0.54330972,0.56989690,0.64634860,0.59095705,0.49776299,0.60220989,0.54384911,0.58115584,0.64325695,0.61495110,0.59775837,0.53389501,0.61168359,0.62916582,0.61348175,0.51850266,0.59104864,0.56183173,0.74353587,0.66834709,0.47575081,0.52350391,0.52916180,0.72115117,0.71484917,0.70045539,0.57316214,0.71461075,0.58404875,0.52782546,0.47869846,0.58172026,0.58188314,0.41224460,0.54496892,0.54708197,0.55352644,0.56335340,0.55236105,0.47168362,0.52523835,0.57224816
81676,0.60901947,0.63059944,0.69967393,0.52041255,0.61950655,0.57311376,0.56205394,0.48474577,0.54085856,0.57595589,0.63743619,0.55019217,0.60536836,0.59809270,0.55553797,0.54163769,0.73180718,0.62546734,0.61653236,0.58349168,0.52111368,0.62746751,0.58075873,0.48795305,0.54140952,0.59839300,0.58640253,0.65990939,0.65901016,0.58223618,0.51147533,0.54405357,0.56594289,0.67293965,0.56709805,0.52843059,0.70966794,0.63285388,0.65833355,0.63196758,0.54278600,0.66466934,0.55233825,0.58692078,0.55299651,0.54294225,0.65885412,0.59887758,0.68487748,0.63815171,0.58027937,0.59571601,0.65060087,0.58458414,0.58431113,0.54414315,0.60200555,0.51958544,0.49147485,0.59250045,0.59449077,0.65727193,0.56352983,0.56278073,0.67478511,0.54124083,0.58886879,0.43578808,0.61900077,0.61443611,0.63721979,0.58354773,0.64793269,0.65349522,0.63190569,0.59201548,0.65573215,0.58040159,0.64336477,0.59600520,0.65474293,0.67694753,0.57155048,0.57618734,0.66917606,0.53225336,0.64516944,0.61451418,0.64048517,0.62227836,0.64734816,0.66370151,0.58973170,0.44059091,0.62230719,0.58316236,0.62388042,0.51073584,0.56523488,0.63412844,0.57465075,0.57883722,0.51061271,0.55818533,0.62732269,0.52867332,0.57726392,0.46986485,0.60525369,0.61246076,0.65201981,0.61946256,0.59901314,0.62702648,0.60672674,0.75559942,0.00000000,0.60166724,0.51230433,0.64263860,0.54660944,0.55171663,0.57206998,0.62893850,0.50193596,0.51621803,0.66461949,0.52229777,0.66151423,0.58039777,0.61270314,0.60857935,0.59300718,0.55135369,0.55971273,0.59051671,0.61139351,0.66426088,0.54070613,0.58669783,0.63785052,0.61091106,0.58174491,0.62528002,0.59879208,0.62702648,0.50461815,0.47318541,0.56654556,0.60625032,0.63054504,0.63217290,0.59682512,0.55491516,0.65363152,0.61942757,0.59455628,0.53656977,0.57249321,0.55175314,0.53975282,0.54603156,0.59994904,0.59407704,0.67035522,0.63471938,0.56754510,0.60840993,0.63213946,0.68335767,0.62080576,0.59089544,0.59611975,0.54326064,0.58664857,0.58518889,0.57334707,0.62072190,0.69513832,0.51629994,0.58715455,0.61603180,0.58174872,0.62745993,0.66525380,0.58578277,0.60661851,0.60732325,0.56660318,0.44058347,0.47858399,0.47613372,0.59217986,0.60304569,0.48298649,0.49623583,0.59336302,0.56039012,0.55153034,0.59427439,0.57491809,0.53441874,0.60449553,0.62797772,0.56876991,0.54039245,0.52861857,0.52368610,0.57051275,0.71047894,0.61399306,0.51955717,0.64535013,0.53707360,0.65642982,0.51241562,0.55334759,0.57517558,0.66770864,0.57471194,0.48912592,0.56205394,0.53854951,0.54672017,0.63120030,0.59633414,0.59766758,0.63239702,0.59798579,0.61235643,0.61021868,0.42273557,0.62674753,0.63154710,0.59393325,0.57181387,0.60368333,0.67367579,0.65399921,0.58234040,0.56718557,0.53110522,0.57219507,0.57802975,0.50416493,0.53374227,0.68335767,0.56913675,0.51688234,0.55150132,0.65449927,0.56166361,0.58195010,0.52564689,0.54316077,0.58683183,0.71944882,0.45793251,0.64311349,0.58240566,0.56492527,0.62420621,0.60491928,0.55236313,0.49510218,0.55366375,0.56736481,0.60188605,0.65724382,0.54394282,0.55638749,0.65878306,0.67950819,0.57114763,0.45814699,0.61235643,0.51607474,0.59302808,0.55398663,0.55666085,0.57417406,0.57305139,0.56759339,0.59264674,0.63961021,0.65073280,0.61976976,0.66375444,0.60517787,0.60285198,0.65686283,0.57288136,0.59240923
81678,0.47543426,0.48978529,0.52158920,0.44939534,0.55448182,0.45886825,0.40641031,0.47095112,0.47460954,0.51222208,0.44657837,0.46435777,0.39846239,0.52331960,0.41290236,0.41999417,0.70826336,0.69044769,0.45542029,0.52971990,0.47766464,0.63789144,0.46927239,0.68327875,0.41660609,0.56213521,0.50873283,0.48889526,0.49789982,0.62842266,0.58019327,0.48097037,0.50994239,0.51979219,0.39265965,0.34973830,0.51398646,0.40668718,0.57456870,0.52573765,0.45020997,0.68478519,0.46495047,0.44344620,0.41437427,0.48457207,0.61357417,0.63090182,0.45399538,0.43877543,0.43126415,0.51113243,0.50901530,0.45801651,0.53396040,0.45388816,0.46972514,0.52103483,0.54302923,0.47395441,0.58882102,0.57181612,0.46917903,0.57664209,0.61397475,0.53519096,0.52727176,0.44072730,0.52845012,0.59763359,0.46607816,0.48777141,0.51395621,0.55432795,0.50497239,0.54068835,0.53826255,0.41619637,0.51921320,0.48424583,0.43113984,0.56725244,0.54457446,0.41067233,0.51405385,0.47245610,0.58708602,0.42643822,0.51603875,0.49203120,0.56450789,0.57687687,0.48284819,0.51095861,0.59565260,0.46190176,0.53156902,0.41950428,0.49783851,0.55493066,0.59254432,0.48756607,0.43372107,0.50074186,0.35393313,0.55089833,0.57994462,0.40399248,0.45019991,0.46684246,0.41734260,0.65326203,0.52389383,0.72034411,0.42505014,0.56404457,0.60166724,0.00000000,0.39255729,0.45032467,0.45394315,0.40755768,0.52971888,0.55269506,0.52854211,0.45736012,0.61986112,0.46517776,0.61990782,0.53618126,0.47127463,0.51180456,0.62816017,0.50895536,0.56633296,0.49241294,0.48127063,0.55214160,0.52473825,0.52974639,0.55228449,0.57990280,0.44629343,0.48025461,0.37699617,0.72034411,0.42387512,0.58119994,0.47573772,0.34376412,0.49496826,0.50249517,0.58540723,0.48171714,0.51944539,0.47534215,0.48480901,0.53920394,0.54413293,0.37375899,0.60954225,0.39371236,0.41621179,0.57862240,0.67959449,0.58858329,0.47300760,0.50028865,0.61103161,0.60607142,0.45580172,0.49508407,0.49520358,0.50158168,0.47915192,0.54589290,0.58452576,0.48415995,0.50834670,0.41026080,0.44871477,0.48220681,0.48559352,0.42290374,0.48924978,0.49406853,0.50691364,0.51822759,0.39750985,0.54259448,0.64883520,0.64360415,0.52805761,0.67847451,0.66472063,0.59539269,0.47150816,0.46810463,0.55033382,0.49650794,0.41268988,0.46748677,0.44672951,0.69351044,0.43806829,0.63716560,0.55390682,0.59980677,0.59395736,0.72943337,0.50783175,0.50915808,0.53590714,0.49738360,0.52240933,0.54969920,0.59999702,0.38764523,0.59982360,0.56610675,0.55632846,0.40641031,0.49083650,0.50745535,0.62607857,0.60154677,0.35826089,0.49696168,0.48463241,0.68909096,0.46745147,0.50378707,0.62061093,0.51218448,0.41027853,0.43034648,0.41605276,0.56415819,0.41869184,0.55092129,0.43494201,0.52462165,0.58782949,0.52335754,0.45187202,0.56737908,0.60607142,0.49665893,0.64342627,0.56791725,0.38226722,0.49988431,0.46711595,0.59608804,0.57247088,0.50418728,0.44900756,0.43425059,0.57233723,0.43444028,0.48319898,0.61067765,0.53900679,0.41143019,0.57074109,0.51059544,0.52587999,0.49312874,0.41981841,0.58297494,0.33246379,0.40837873,0.45421895,0.48901096,0.63299257,0.68909096,0.62919620,0.51890853,0.56905644,0.38083723,0.40288515,0.52423270,0.44382354,0.55738873,0.49271609,0.51824785,0.48882424,0.41963188,0.58427342,0.56289036,0.42498473,0.51945992,0.47895694
81683,0.54537962,0.55960938,0.63744263,0.37275784,0.61487942,0.53389595,0.44425795,0.35137026,0.45010853,0.47240770,0.47092303,0.44852704,0.45156275,0.46570036,0.41161764,0.40261593,0.61882354,0.57187872,0.47373745,0.49958487,0.46901087,0.62055382,0.54925463,0.59485364,0.40498685,0.54758148,0.50634048,0.57882363,0.48130175,0.58472239,0.49396501,0.49160010,0.46338999,0.51270084,0.49157407,0.44569977,0.51166543,0.48194292,0.53988920,0.55030293,0.37527977,0.58110318,0.48196294,0.40691634,0.47505477,0.39320752,0.47071405,0.52330617,0.51940491,0.55524264,0.49642197,0.44806468,0.42770562,0.49866588,0.49923126,0.48768459,0.43109419,0.41329120,0.45834603,0.53220643,0.56697823,0.43804845,0.32375195,0.42474802,0.50800935,0.47438759,0.49623042,0.30726256,0.56679513,0.34800538,0.52883552,0.50847590,0.59187708,0.65995537,0.49471829,0.43027336,0.55005496,0.43771789,0.46955544,0.54028048,0.46322303,0.46850997,0.44698613,0.48358804,0.52401646,0.33772626,0.59172776,0.47697171,0.42242442,0.50604188,0.56781661,0.58781797,0.54359273,0.39235792,0.53894350,0.35566128,0.58432074,0.37906201,0.55041823,0.60576351,0.48166631,0.33449889,0.43068128,0.49869958,0.32506889,0.39952514,0.41717393,0.42722531,0.50482255,0.31006250,0.55426054,0.49253693,0.59374588,0.59396394,0.47398972,0.62353820,0.51230433,0.39255729,0.00000000,0.42507029,0.36469441,0.44779153,0.49734424,0.47494579,0.38752212,0.37549020,0.54555537,0.33544292,0.49039129,0.36914941,0.50016814,0.60729188,0.59312160,0.42040504,0.47327407,0.53684991,0.45842049,0.64003234,0.41893047,0.54974051,0.59054873,0.59711580,0.52867312,0.50322084,0.53694640,0.59396394,0.41339322,0.47138183,0.40832913,0.52243395,0.46273023,0.50028547,0.52291165,0.48061636,0.56755963,0.50958018,0.53571771,0.39457447,0.45161707,0.48267241,0.39681119,0.37393741,0.50021266,0.53528408,0.60325642,0.53935031,0.46984472,0.56851885,0.59378378,0.66555432,0.42048241,0.50982562,0.54578867,0.48043877,0.48589044,0.50388815,0.41151950,0.51974443,0.53575234,0.48020642,0.48955241,0.52953071,0.46374029,0.53880387,0.55182424,0.38107266,0.52195857,0.58990564,0.48512618,0.37274472,0.51187967,0.55965339,0.41784486,0.55563265,0.46459064,0.48429532,0.42864213,0.27746217,0.48478070,0.36255244,0.45231231,0.32434181,0.34944656,0.57321060,0.40187005,0.38219017,0.50600466,0.49136343,0.52154713,0.65073265,0.33811107,0.32974228,0.46818424,0.42663499,0.54384847,0.41695337,0.48000532,0.43181517,0.50449985,0.49897598,0.45042113,0.44425795,0.52472522,0.42526162,0.58994475,0.47609044,0.28226889,0.46365621,0.34303939,0.50840433,0.52620530,0.49667824,0.52259412,0.52590907,0.49715552,0.36987499,0.44094543,0.51183010,0.49256336,0.57457533,0.54795534,0.47753084,0.51558146,0.47599624,0.48432164,0.44195891,0.66555432,0.47808512,0.55455641,0.46854370,0.49851522,0.50914393,0.49578721,0.49498661,0.48104887,0.54096974,0.57645122,0.38052427,0.53548697,0.42692412,0.46821766,0.58021100,0.53163606,0.45365648,0.47233125,0.45809485,0.45591975,0.40170098,0.56851135,0.50578291,0.37776570,0.53300244,0.60615517,0.45872912,0.48635763,0.50840433,0.47352449,0.54235314,0.42880618,0.20437249,0.46641772,0.44632077,0.49708807,0.52676093,0.47747110,0.48866458,0.46476643,0.45231988,0.55708157,0.57225091,0.54961903,0.45922437,0.52591998
81917,0.49770235,0.56065470,0.56588770,0.54798610,0.57534773,0.55209303,0.47166174,0.52426725,0.56323328,0.49963366,0.44012422,0.48170051,0.31755917,0.47843883,0.48251504,0.46870627,0.54206201,0.61203466,0.58959070,0.50625069,0.48336399,0.66271130,0.51136289,0.72867189,0.47311626,0.62139986,0.56325257,0.57043876,0.41801692,0.70059379,0.56893033,0.50124101,0.50441412,0.44362506,0.56940734,0.47338830,0.63837297,0.45905350,0.52377158,0.44049106,0.37770020,0.55893873,0.47185135,0.48633612,0.47703266,0.35883283,0.38649217,0.56141064,0.50789086,0.53148555,0.46555133,0.46949187,0.42382875,0.50451124,0.50476389,0.48004598,0.51595625,0.49013319,0.47917538,0.51094158,0.57318926,0.50207036,0.37275452,0.43022397,0.50675572,0.47574166,0.57190172,0.44631236,0.62186552,0.47644648,0.49900011,0.47396890,0.53957940,0.62345757,0.47430634,0.55874906,0.53438290,0.54382412,0.54741192,0.55785558,0.42516507,0.50307778,0.49525168,0.48786354,0.52477900,0.43009480,0.57272519,0.47678300,0.47632160,0.50084307,0.46339542,0.44629477,0.47180929,0.48092150,0.50228703,0.34076520,0.57231435,0.46270367,0.57282567,0.52730937,0.58502883,0.39502933,0.46442288,0.44502897,0.42116270,0.47253469,0.43814230,0.44304220,0.44544769,0.41707320,0.50348453,0.54313385,0.56370369,0.68904034,0.46178215,0.58319423,0.64263860,0.45032467,0.42507029,0.00000000,0.43053384,0.36919894,0.53675029,0.51784043,0.46240259,0.40431012,0.49747476,0.39428960,0.49804669,0.44280227,0.47323436,0.58815499,0.61999460,0.44806270,0.50829196,0.42224364,0.45750600,0.53659960,0.49325011,0.51148654,0.56477736,0.54242463,0.48258524,0.48686333,0.38646181,0.68904034,0.40030778,0.56414773,0.41541517,0.44677276,0.42988636,0.47684123,0.59694501,0.47831785,0.50347871,0.47996253,0.42526486,0.45180414,0.59285450,0.42586700,0.55130710,0.42422481,0.48370749,0.59773567,0.66772148,0.59811473,0.55454156,0.53634649,0.61294813,0.58776522,0.48317122,0.49149831,0.43876085,0.46827975,0.52051414,0.48364061,0.43363157,0.52904561,0.51974913,0.50018301,0.54101163,0.45777555,0.50007330,0.51197080,0.47110346,0.50062507,0.55251894,0.57426306,0.50075502,0.50691570,0.66787280,0.64465831,0.45375517,0.59514240,0.55500341,0.60960187,0.52371386,0.43044569,0.47973194,0.41204081,0.47657644,0.48117860,0.38923087,0.60758070,0.29791041,0.54603914,0.55753993,0.57990536,0.53335752,0.61873159,0.38119630,0.47612912,0.44245729,0.52055275,0.51137721,0.50236921,0.59045564,0.50988114,0.42259954,0.44161661,0.55816616,0.47166174,0.46975894,0.43425483,0.60444551,0.50899398,0.40384224,0.43090091,0.47576157,0.49441398,0.36885764,0.52907581,0.58458669,0.50049323,0.48604029,0.51647258,0.36585525,0.41596705,0.39789011,0.56926700,0.50990600,0.49162761,0.54191966,0.47768729,0.52589571,0.54410915,0.58776522,0.36205915,0.53568208,0.57616460,0.46522903,0.48552126,0.40083927,0.57781434,0.54386099,0.51535378,0.62288409,0.45867994,0.56361085,0.47010873,0.51545304,0.58465551,0.58280970,0.39198257,0.50667310,0.49341604,0.49102904,0.39993236,0.52487607,0.51320217,0.47514412,0.49587348,0.55719458,0.52710995,0.60497097,0.49441398,0.54124169,0.51771667,0.51626357,0.40234231,0.44162512,0.48081977,0.48668241,0.56621680,0.46240426,0.56579207,0.48937330,0.56708721,0.54181550,0.55954226,0.47356793,0.49179028,0.48297520
81932,0.42479009,0.44366592,0.51723705,0.42588445,0.50147136,0.41659809,0.40167209,0.42674327,0.45066704,0.52545000,0.48545423,0.40433249,0.39869509,0.35462666,0.35011316,0.36532680,0.43895857,0.38568116,0.50187320,0.33417277,0.28528933,0.44116804,0.39186941,0.59480563,0.36751583,0.47449941,0.40274843,0.46983157,0.45226138,0.58402340,0.46679163,0.39530935,0.40523560,0.44652159,0.46039884,0.43357651,0.56778109,0.41579440,0.50632993,0.49559704,0.36155633,0.44498603,0.40251833,0.36017583,0.37974433,0.32582161,0.46999074,0.32268917,0.47804369,0.50120033,0.43315685,0.31010180,0.43685472,0.41503130,0.33098300,0.46431399,0.54644724,0.38688052,0.30474940,0.39637434,0.40763839,0.53289648,0.39238766,0.38089900,0.53673388,0.46210041,0.54633413,0.33058165,0.52858518,0.55197469,0.40959514,0.44222847,0.47685248,0.54174195,0.50799767,0.59483182,0.53877038,0.42117808,0.46398135,0.56406247,0.45586113,0.52874714,0.23364336,0.48194894,0.52199602,0.45706398,0.49929805,0.36194937,0.50968330,0.36245498,0.48511903,0.49690023,0.41529104,0.37909158,0.48567749,0.33584905,0.48339912,0.43998818,0.52192448,0.53679178,0.42119658,0.40063707,0.39606439,0.47685526,0.48062614,0.34086935,0.40285413,0.40079978,0.40199447,0.40154202,0.43753551,0.30781273,0.46165051,0.52457049,0.42012316,0.56835795,0.54660944,0.45394315,0.36469441,0.43053384,0.00000000,0.43318863,0.42971779,0.39172573,0.38375414,0.37546373,0.35535325,0.33115076,0.26582842,0.32048048,0.32034760,0.49445574,0.41067847,0.35023216,0.43919135,0.47683151,0.46443386,0.48611352,0.43325964,0.45185877,0.52222638,0.51147407,0.46082739,0.53039816,0.42767097,0.52457049,0.38523451,0.47293629,0.43363684,0.35789480,0.46813648,0.51847786,0.37890526,0.42485232,0.44537299,0.32445020,0.47404052,0.42725216,0.47405003,0.42732554,0.53117270,0.34192941,0.37339262,0.40432572,0.49124298,0.44892846,0.45351874,0.45106864,0.52921128,0.52907905,0.29663778,0.40988803,0.47505324,0.41855566,0.38488898,0.48408369,0.39858081,0.51571934,0.55691088,0.41200161,0.53794642,0.38558000,0.46208684,0.46443417,0.45516481,0.48230600,0.49558995,0.50070068,0.44187683,0.42964554,0.58284352,0.54781930,0.49074134,0.50230430,0.54630843,0.50707524,0.44690901,0.26799724,0.50377889,0.35782566,0.39389211,0.43174045,0.43710483,0.39295609,0.38426504,0.21755501,0.35874969,0.28273567,0.51153420,0.52878779,0.41116801,0.45432903,0.49328261,0.42801170,0.48392712,0.40385912,0.38602242,0.41184173,0.29828085,0.30077785,0.50430854,0.40167209,0.37422774,0.42093876,0.53133185,0.29536125,0.46435853,0.46936914,0.41307518,0.48406020,0.47596835,0.49780176,0.40018556,0.41511801,0.37081255,0.47339914,0.38760506,0.53959667,0.40034285,0.53594479,0.41873487,0.37982236,0.49165535,0.41634739,0.44118854,0.48670256,0.52907905,0.44872891,0.54131877,0.48837881,0.37290720,0.38350749,0.42875929,0.28615877,0.25449042,0.40457052,0.50582815,0.34553931,0.40986530,0.48839018,0.37455500,0.52590846,0.43328720,0.49126143,0.38332339,0.39292717,0.42705609,0.38352554,0.41867967,0.53624253,0.43455076,0.41000212,0.42911804,0.30880820,0.56951209,0.48406020,0.51784112,0.52452921,0.48653725,0.38194467,0.28697831,0.32333248,0.43251602,0.51308514,0.42140049,0.46447937,0.43110482,0.40241031,0.48523756,0.53006134,0.47875180,0.42123421,0.44048223
81934,0.40157433,0.45065396,0.46953566,0.47286736,0.49970118,0.38669082,0.41876652,0.43615866,0.42997777,0.43623468,0.47467680,0.33504713,0.33042852,0.42973477,0.39404148,0.38541552,0.66302544,0.57292250,0.47247697,0.46745903,0.35169774,0.55417641,0.41555108,0.62128115,0.38786843,0.48631951,0.52982844,0.43010880,0.48030059,0.53135232,0.44053430,0.38018767,0.35848370,0.48912987,0.47170257,0.38114786,0.58577267,0.41051041,0.55060269,0.46220990,0.37748092,0.62800337,0.40824347,0.45425938,0.37442976,0.38660427,0.48962167,0.51732205,0.47821855,0.47318094,0.34463912,0.44158221,0.54950431,0.34658911,0.46765411,0.36187768,0.51035016,0.46174850,0.47108011,0.42113582,0.50761745,0.46130966,0.40865117,0.46359781,0.57563515,0.46495756,0.49445598,0.36027272,0.45038903,0.54621820,0.47180841,0.45343821,0.45692672,0.52486097,0.45069929,0.51723018,0.56206160,0.40243451,0.54379992,0.47490644,0.44219535,0.53981795,0.43334856,0.41570065,0.47622610,0.38512686,0.58036191,0.43873829,0.47171430,0.45587927,0.45025687,0.51408881,0.40104120,0.42976464,0.48955575,0.44264598,0.45226496,0.33045605,0.44229014,0.43667182,0.57009903,0.43570284,0.31349695,0.45750860,0.42358519,0.47798823,0.54546880,0.36739325,0.43356209,0.48655348,0.40362536,0.53154212,0.49513327,0.63540880,0.44397892,0.62187411,0.55171663,0.40755768,0.44779153,0.36919894,0.43318863,0.00000000,0.42079249,0.54573397,0.43469290,0.41317265,0.55868871,0.36063357,0.58162951,0.47648827,0.47939474,0.49961227,0.55470434,0.35942484,0.44574767,0.28508151,0.44996083,0.47708586,0.52275796,0.41896961,0.45756108,0.49937051,0.33998306,0.47387844,0.36061920,0.63540880,0.34031962,0.50979532,0.32585438,0.38134557,0.41747995,0.45657163,0.51609643,0.33951396,0.44723237,0.48379274,0.28804455,0.44165555,0.56339871,0.29957544,0.47837410,0.41294355,0.38167526,0.45297645,0.64088890,0.49077412,0.45208089,0.42780185,0.55960229,0.47741026,0.48561424,0.36010811,0.29218634,0.46889017,0.41233616,0.46452217,0.54494745,0.49143729,0.52266381,0.35231035,0.39362974,0.39828352,0.40992780,0.35968027,0.47729132,0.45892547,0.43799801,0.50529890,0.38840970,0.47568745,0.60529812,0.54790227,0.54719300,0.53635169,0.57911832,0.50095979,0.45201753,0.49213290,0.48411950,0.42136721,0.38388943,0.41242553,0.36296587,0.56408843,0.42078430,0.55375823,0.47876989,0.49576243,0.48245115,0.63422958,0.42628410,0.43660717,0.39338539,0.46431271,0.48666622,0.46167783,0.51261066,0.33286149,0.56031523,0.48052429,0.55099082,0.41876652,0.37013367,0.41786180,0.53589147,0.49880785,0.42859032,0.41969152,0.49967340,0.67637387,0.38860525,0.43868922,0.59361261,0.54853718,0.37861638,0.49098263,0.39491767,0.48135545,0.48090708,0.47464794,0.30224858,0.42752448,0.46995612,0.42936594,0.42330305,0.45346079,0.47741026,0.46815175,0.63253661,0.46296565,0.39810923,0.35417625,0.38523826,0.49483445,0.51867542,0.35934860,0.54300221,0.37754224,0.60697909,0.38049817,0.45766387,0.47873387,0.43573846,0.35176476,0.45261682,0.43440288,0.35286837,0.42237553,0.38858150,0.46822895,0.39430414,0.44195830,0.48007325,0.44019486,0.61014624,0.67637387,0.49355955,0.46045330,0.48701668,0.34228715,0.34030871,0.51170330,0.32956443,0.48504534,0.44938318,0.56326857,0.50608728,0.52974317,0.43349010,0.41709627,0.40811489,0.33615356,0.41549273
81940,0.42673034,0.38796804,0.45947585,0.42837026,0.44713613,0.35906930,0.42075562,0.45383805,0.49216176,0.56421549,0.55993698,0.45783512,0.43865417,0.49037391,0.31056081,0.29065215,0.67248891,0.52845232,0.42982753,0.35023278,0.31885561,0.42591743,0.33843450,0.57879108,0.29610681,0.52229021,0.40897998,0.42182544,0.49954124,0.50201052,0.53318925,0.41172936,0.44825599,0.47828978,0.44989951,0.43863497,0.60076511,0.50854254,0.60060906,0.49575005,0.46426812,0.58804254,0.37523933,0.44171564,0.33796123,0.46725648,0.56183128,0.46158870,0.42780645,0.48564342,0.38367864,0.40343166,0.58590447,0.36336166,0.35481085,0.41424013,0.62613869,0.53217847,0.40875183,0.34129841,0.45914948,0.61866834,0.53962513,0.47784649,0.63480208,0.58674850,0.55072029,0.42020752,0.50879129,0.63522227,0.50589196,0.41949497,0.44731526,0.39513325,0.49786804,0.62235541,0.49407427,0.48136298,0.51248133,0.51127516,0.44876424,0.59451572,0.41198096,0.51689443,0.50965770,0.49576755,0.47165907,0.48062359,0.58194734,0.44178975,0.26598001,0.53862650,0.33061595,0.41580959,0.51530416,0.49835298,0.34435360,0.43605289,0.44969221,0.53807285,0.59386570,0.54158317,0.41864171,0.56034808,0.51969366,0.49847942,0.56248318,0.41028317,0.22177375,0.53142314,0.52034117,0.47631177,0.34523419,0.34008732,0.42548503,0.53708063,0.57206998,0.52971888,0.49734424,0.53675029,0.42971779,0.42079249,0.00000000,0.51111213,0.51788472,0.48563002,0.53666064,0.41003175,0.59579931,0.49523038,0.32993648,0.39429651,0.36385776,0.47328359,0.38212213,0.45702241,0.55576810,0.40587652,0.52154843,0.44138435,0.46750938,0.53540489,0.40895073,0.50753038,0.46446452,0.34008732,0.43321024,0.51101430,0.53553797,0.39236563,0.49117706,0.51162259,0.50047416,0.22335795,0.57570656,0.31444283,0.45483958,0.45863306,0.51713395,0.41526030,0.54046769,0.45147118,0.21873176,0.28700634,0.35288469,0.35665475,0.39686888,0.31713358,0.33236830,0.38917768,0.35482991,0.36722689,0.45563919,0.34157455,0.37680494,0.36435865,0.56251470,0.34088074,0.61981793,0.39417520,0.51454547,0.30230413,0.29570759,0.43878440,0.41698625,0.53288199,0.32078443,0.36898012,0.44393952,0.43577655,0.58435701,0.52112406,0.58195511,0.44644660,0.54744272,0.51624443,0.37184513,0.44027183,0.26792175,0.50193088,0.44238138,0.46901466,0.56201404,0.52387693,0.46316380,0.53299126,0.36352837,0.37526128,0.56978439,0.58265758,0.51928550,0.51978450,0.51388344,0.50813657,0.49629541,0.43846970,0.29131907,0.43148317,0.54796241,0.45224143,0.55258736,0.42075562,0.36277825,0.53132062,0.49567079,0.45227575,0.53196224,0.49398080,0.49071166,0.67501410,0.52650931,0.54053195,0.54611684,0.49261637,0.20706721,0.52240854,0.38605578,0.53827147,0.47613049,0.59388092,0.39206305,0.33501895,0.20671186,0.40345942,0.47145890,0.38650840,0.38917768,0.51537615,0.59911139,0.34678598,0.40639672,0.35730442,0.51675930,0.37901799,0.37213460,0.32560694,0.51353148,0.38489916,0.42769384,0.53005739,0.50426607,0.38685502,0.32350854,0.53167389,0.55027483,0.40264429,0.38746568,0.45416646,0.49086211,0.59658445,0.43320617,0.26802511,0.46490934,0.33043544,0.54396265,0.67501410,0.50669466,0.47590964,0.53329341,0.46136340,0.37167064,0.38879066,0.47576626,0.39687112,0.48461775,0.51869238,0.49874588,0.47853305,0.36313529,0.37483074,0.43577643,0.37940316,0.45265016
81942,0.50497960,0.45054939,0.48809401,0.45369604,0.56673324,0.51810407,0.51917150,0.55797964,0.54314850,0.55133080,0.50397286,0.50523150,0.50531036,0.47698152,0.46273248,0.45818235,0.65873770,0.62443076,0.50124259,0.39908926,0.44401068,0.47925911,0.50212634,0.59916108,0.45650458,0.48352001,0.43587984,0.52621916,0.33373753,0.61599801,0.59544493,0.55116207,0.54857126,0.54354150,0.59815963,0.50771166,0.57880285,0.63532169,0.49391221,0.55414415,0.36217748,0.66153590,0.51813077,0.51794040,0.42591275,0.52040681,0.58438046,0.50705137,0.50873701,0.53737155,0.54660132,0.57061596,0.47735466,0.49485858,0.39963460,0.50047243,0.55725237,0.48964290,0.51934106,0.47889383,0.59563837,0.57619071,0.43213804,0.50397731,0.48564058,0.59056856,0.64499967,0.41045178,0.52944235,0.60531043,0.47594311,0.46745699,0.55783126,0.59837387,0.49926462,0.58904939,0.51347401,0.55862528,0.46889441,0.63478282,0.46441687,0.48829022,0.45540968,0.57064615,0.54314858,0.46904577,0.55128801,0.42823343,0.49218904,0.59797401,0.63127974,0.56648701,0.53765688,0.51079131,0.47646774,0.37359088,0.56453173,0.58205907,0.58312902,0.48218497,0.58058094,0.44126949,0.53363225,0.65598420,0.52088032,0.53723759,0.58649276,0.55241036,0.48938388,0.46389993,0.46713523,0.55382383,0.39758763,0.65303861,0.41157125,0.60895044,0.62893850,0.55269506,0.47494579,0.51784043,0.39172573,0.54573397,0.51111213,0.00000000,0.48098940,0.51334676,0.51161544,0.40268183,0.60551296,0.31975061,0.47905656,0.51349829,0.48642113,0.52541855,0.59538397,0.55005911,0.52992157,0.55201755,0.39646762,0.59611190,0.64361257,0.65206475,0.53940744,0.60353155,0.51928331,0.65303861,0.49871765,0.60544611,0.52585469,0.49840532,0.56611995,0.51263006,0.57031809,0.59777106,0.57990952,0.49537787,0.54458021,0.52252052,0.48054654,0.54107580,0.59594997,0.49599426,0.52446263,0.58003842,0.63707038,0.64663788,0.53738133,0.59241101,0.61662572,0.63341398,0.42567624,0.53810004,0.55416433,0.51914653,0.60819334,0.57678170,0.58129303,0.52255601,0.63031493,0.52585699,0.61587614,0.49162244,0.48405109,0.54282749,0.57361812,0.51848519,0.58397453,0.51877122,0.55738264,0.53762026,0.61642795,0.64631457,0.42563052,0.67345219,0.64923626,0.61571940,0.53490978,0.49050396,0.55722587,0.38667901,0.47839537,0.46993160,0.49037059,0.61580261,0.37475898,0.33029663,0.50200732,0.52195797,0.51277120,0.69677872,0.56391230,0.45249879,0.52812112,0.48183632,0.53014500,0.50494370,0.50654999,0.51153572,0.65267110,0.63651788,0.58736649,0.51917150,0.50525005,0.54872709,0.57250343,0.46111164,0.53968704,0.56490808,0.41386562,0.47338231,0.56449845,0.62287064,0.52743793,0.54729818,0.51870152,0.51123935,0.43136742,0.55602065,0.44153256,0.65851512,0.53506758,0.48330489,0.61819525,0.53765237,0.54345658,0.49679624,0.63341398,0.52901722,0.61519844,0.50270386,0.52046021,0.56913698,0.50439148,0.52378625,0.48070950,0.55164677,0.61577792,0.46200377,0.45879652,0.61497635,0.58653477,0.61634770,0.50286005,0.60591075,0.55256011,0.50631234,0.60135339,0.37589901,0.47146863,0.64451448,0.59077497,0.51758099,0.55003891,0.41672390,0.62793208,0.47338231,0.61058144,0.60141602,0.63856744,0.51908865,0.46569838,0.48852819,0.58653628,0.58210587,0.43448719,0.48729354,0.34438709,0.44205619,0.60773041,0.58039641,0.51217338,0.60772746,0.63204064
82202-A,0.50348915,0.49385529,0.54323892,0.43785530,0.54902482,0.45203763,0.37091469,0.32707749,0.41493709,0.51078622,0.47549546,0.43549018,0.46221162,0.41464780,0.40804225,0.39728123,0.55360444,0.43856777,0.47665800,0.46642279,0.41677652,0.51082503,0.45972583,0.60881607,0.40152888,0.35268309,0.44617503,0.51816126,0.49291242,0.57820442,0.32638049,0.44017887,0.45065572,0.54855752,0.55253090,0.44556521,0.61715048,0.51221243,0.51686837,0.60528655,0.39661644,0.50091323,0.44409707,0.33152842,0.41138439,0.37950577,0.48377632,0.38805474,0.50045187,0.50726051,0.47801069,0.42297230,0.45352993,0.44248422,0.46899821,0.49918397,0.57052859,0.03223361,0.37150538,0.46411082,0.50175035,0.48051356,0.34862768,0.37151244,0.52730245,0.43490361,0.51701155,0.22951780,0.56950100,0.42464057,0.53024718,0.42383736,0.51189180,0.59621177,0.51456642,0.61926391,0.57608266,0.42671462,0.60429995,0.57158310,0.49166057,0.51558586,0.33628446,0.48737751,0.58075449,0.41619482,0.55383138,0.49275180,0.52503850,0.49030436,0.58522434,0.56046754,0.47770665,0.43321732,0.53209706,0.38626666,0.55799348,0.42036383,0.55431971,0.58409904,0.38844101,0.34959817,0.32581059,0.46105907,0.47663552,0.37049744,0.42027099,0.36812645,0.50335524,0.45818115,0.54125410,0.34696164,0.55006729,0.56686208,0.48791578,0.66621201,0.50193596,0.52854211,0.38752212,0.46240259,0.38375414,0.43469290,0.51788472,0.48098940,0.00000000,0.23075281,0.42842911,0.40581900,0.50139864,0.41749526,0.48416165,0.54995834,0.54046456,0.38502593,0.43889462,0.51697196,0.53455779,0.60409805,0.47440930,0.45925246,0.51175989,0.52967657,0.48600606,0.55746563,0.52255679,0.56686208,0.35892407,0.49718238,0.38266726,0.44421814,0.51905844,0.53407095,0.43123051,0.50470980,0.48537988,0.50180908,0.51644477,0.32668014,0.53276372,0.44615444,0.49832134,0.38236007,0.49878186,0.47603394,0.60142289,0.51679170,0.47868442,0.48418044,0.53962163,0.55924835,0.42736543,0.46370669,0.51784004,0.41983044,0.49948368,0.51755709,0.41571091,0.54486845,0.59925280,0.43891706,0.56738907,0.52405375,0.49793008,0.50225539,0.57245482,0.44626644,0.51593246,0.53332070,0.42846351,0.43227948,0.57715573,0.59214842,0.48843948,0.56488418,0.50021155,0.50868805,0.46441957,0.40381657,0.53664899,0.37216195,0.46464323,0.35255230,0.41603456,0.43944685,0.42922296,0.42642730,0.42472293,0.42231671,0.56999571,0.62039332,0.43710520,0.40451407,0.48133247,0.45769673,0.58806277,0.35022055,0.44617359,0.46675347,0.53400133,0.49690308,0.44624692,0.37091469,0.44283404,0.46539886,0.52924632,0.33270777,0.47191516,0.52200022,0.40513070,0.56197563,0.51944535,0.45275574,0.48402707,0.49362620,0.49047480,0.46863815,0.52899123,0.63475698,0.51433252,0.58776784,0.45556919,0.46208460,0.55265874,0.39348419,0.38749902,0.47189304,0.55924835,0.43936950,0.56025443,0.47390783,0.44407083,0.45746061,0.49223850,0.42467574,0.43814011,0.46636661,0.59316137,0.26823066,0.45876957,0.51071873,0.45050687,0.58556016,0.50228130,0.49431751,0.41040567,0.36020336,0.44455322,0.46152937,0.53458710,0.52004866,0.46211385,0.53068629,0.58873308,0.40708247,0.52104605,0.56197563,0.47797209,0.48296649,0.43009591,0.39422361,0.39262155,0.38475145,0.38241076,0.51665008,0.46200185,0.62059265,0.50645743,0.51843943,0.53640952,0.56465480,0.56119113,0.44729255,0.46737003
82202,0.48649857,0.48841304,0.55814381,0.45262587,0.54850555,0.45705033,0.34101908,0.22726143,0.38864071,0.49411563,0.45918394,0.44148503,0.39285361,0.38903667,0.38474429,0.35882983,0.55241686,0.49524878,0.47777985,0.45664259,0.41555289,0.55959356,0.45132557,0.63800745,0.36307748,0.36166882,0.44133245,0.50240747,0.50212076,0.57960969,0.36089060,0.42529854,0.45029330,0.49353110,0.52283254,0.44170978,0.61036194,0.46869434,0.52622458,0.52891482,0.37551402,0.52260306,0.41803659,0.30693065,0.41038677,0.31286661,0.48882120,0.41158384,0.49917616,0.47806768,0.44195408,0.36769145,0.45619741,0.41611818,0.45921801,0.46091514,0.53320416,0.26298643,0.38124109,0.47005296,0.46938652,0.52764800,0.38956405,0.46835721,0.55751979,0.42873667,0.46543062,0.21415316,0.57225456,0.49196360,0.51629616,0.43414563,0.47090377,0.59583898,0.50726088,0.58743194,0.56508755,0.40810719,0.58484233,0.53996684,0.45622084,0.53797207,0.33850600,0.42854877,0.58134726,0.43252007,0.56619374,0.47215186,0.51056609,0.47061591,0.54196519,0.54142717,0.48275436,0.42465535,0.56341489,0.40095342,0.55200029,0.37146681,0.53278899,0.54261006,0.31775876,0.40175755,0.35185139,0.44438757,0.45451152,0.37173454,0.40330135,0.26630448,0.46666245,0.44998043,0.57626196,0.40190262,0.54711396,0.58717225,0.45855306,0.65407677,0.51621803,0.45736012,0.37549020,0.40431012,0.37546373,0.41317265,0.48563002,0.51334676,0.23075281,0.00000000,0.42455156,0.41314880,0.46554811,0.42735577,0.46004761,0.48558003,0.55354044,0.40024330,0.47345218,0.47468747,0.54368282,0.54003239,0.49486470,0.44986615,0.50528585,0.39980567,0.45505226,0.53810601,0.47483481,0.58717225,0.37748121,0.49661723,0.43044776,0.42396404,0.50959634,0.52159561,0.43526065,0.46384608,0.53645301,0.47769503,0.47187592,0.42223365,0.54266712,0.39570686,0.52865604,0.35908130,0.49393833,0.53326708,0.60323848,0.54783172,0.47728049,0.48540356,0.55357763,0.55013845,0.45371114,0.47602912,0.48300875,0.42359093,0.48063881,0.54776510,0.39874127,0.55997152,0.58615801,0.39986422,0.54879558,0.48894078,0.52452613,0.49579064,0.50919430,0.50318889,0.51675613,0.49795795,0.40140205,0.43318028,0.58762961,0.59034822,0.50897418,0.54457615,0.52775875,0.52991273,0.47816040,0.36586205,0.50174441,0.39909060,0.41430341,0.41681221,0.44353611,0.49527467,0.41900431,0.48420751,0.43256504,0.45310563,0.54963623,0.63933927,0.43161034,0.44465637,0.48443781,0.47082895,0.55943224,0.41455246,0.47343628,0.45859431,0.50022587,0.45117010,0.42292017,0.34101908,0.39852002,0.46233200,0.53198642,0.35752897,0.46382182,0.51253812,0.42271620,0.58392712,0.45612727,0.41181057,0.47464701,0.46545789,0.48563128,0.47170964,0.45262384,0.54398236,0.47969559,0.55189881,0.43461483,0.42346618,0.52950644,0.45492593,0.38023527,0.49007416,0.55013845,0.43300497,0.55327199,0.49208895,0.39899254,0.46298385,0.47377142,0.45546466,0.47247041,0.44144493,0.60894287,0.27795170,0.49898265,0.47181431,0.44748876,0.59039646,0.54576926,0.45380526,0.43609797,0.42218118,0.39686682,0.43500246,0.56829896,0.51713425,0.44291124,0.52233122,0.52046356,0.43768272,0.54521265,0.58392712,0.48675258,0.47656477,0.37870783,0.40139239,0.40094747,0.38058040,0.38150950,0.47118187,0.51952904,0.60113504,0.50489069,0.48631270,0.52842596,0.56734914,0.45176946,0.39960615,0.38649848
84339,0.55547341,0.53269356,0.57018430,0.50732500,0.62028751,0.55813891,0.53608332,0.50881132,0.55630198,0.52877629,0.46587985,0.55984603,0.43055460,0.38301521,0.48324463,0.46633304,0.31531229,0.23034260,0.56676087,0.48174399,0.52978762,0.54170921,0.50050624,0.69734978,0.46349230,0.51435603,0.48762516,0.53963500,0.47955676,0.69946051,0.54230497,0.58421140,0.58098627,0.52107056,0.58703359,0.56896584,0.61576239,0.59800480,0.51978809,0.51492611,0.43165455,0.31648476,0.52358631,0.42820731,0.48662330,0.30571316,0.57031251,0.31891522,0.51338560,0.48737944,0.53154647,0.40173625,0.49460483,0.52455204,0.48048596,0.48282422,0.55444872,0.43053470,0.42304140,0.54448820,0.52066372,0.60461927,0.54239016,0.48826530,0.58262345,0.53818197,0.59933550,0.42421165,0.54857743,0.60753825,0.61473229,0.41599106,0.55806294,0.58650963,0.45682125,0.70299126,0.50819562,0.57821778,0.57368587,0.60672386,0.50571519,0.55525405,0.23069646,0.58006867,0.57088968,0.52202681,0.58454349,0.54902512,0.59903700,0.52998053,0.58799018,0.61514703,0.55138337,0.53183006,0.46938129,0.37455649,0.59018965,0.56268909,0.62448279,0.56207691,0.48497056,0.55605519,0.54541420,0.55345995,0.52760920,0.43065838,0.42318794,0.50555357,0.51126462,0.49959387,0.60045797,0.25167256,0.53282328,0.58405897,0.48558858,0.65392118,0.66461949,0.61986112,0.54555537,0.49747476,0.35535325,0.55868871,0.53666064,0.51161544,0.42842911,0.42455156,0.00000000,0.51542099,0.34519354,0.42808947,0.47676279,0.56754795,0.53894058,0.55436794,0.53464992,0.60627104,0.55469422,0.59557987,0.52550632,0.60429135,0.68778252,0.55674288,0.54115406,0.56934262,0.56858535,0.58405897,0.44205685,0.55154538,0.60695060,0.51054391,0.58370631,0.48671875,0.32224296,0.57088109,0.62642852,0.48757561,0.60440746,0.50992407,0.64041676,0.52389296,0.61493136,0.38160635,0.56157254,0.56175363,0.55728518,0.59362074,0.59728458,0.59471282,0.61033698,0.63320885,0.47679640,0.52711318,0.60952418,0.50036560,0.58145691,0.51955421,0.41979580,0.62204890,0.61131747,0.56226882,0.62564568,0.52812264,0.55184146,0.60588746,0.60062674,0.57073002,0.56867717,0.57494857,0.56486289,0.55398777,0.64287562,0.70229100,0.52887269,0.53923977,0.62348494,0.60413289,0.57603169,0.48227882,0.57824802,0.41437084,0.52090126,0.52124556,0.62148529,0.21650744,0.41545912,0.45596965,0.44612351,0.43600553,0.60744953,0.58271192,0.55998866,0.54373119,0.61518968,0.55632926,0.55731769,0.46385934,0.47930136,0.53431013,0.46031037,0.49417092,0.65748730,0.53608332,0.52793793,0.55852234,0.65069996,0.21898296,0.57305437,0.58592124,0.46898573,0.54868762,0.58798397,0.61738817,0.44808242,0.48040698,0.55217290,0.56066318,0.46246010,0.54179460,0.46114364,0.68935692,0.55144291,0.52538767,0.55975474,0.51812100,0.58823907,0.54072319,0.63320885,0.50460573,0.61374015,0.53418309,0.55290947,0.52582652,0.47103150,0.43778642,0.48561056,0.57924371,0.62337443,0.48624574,0.51983927,0.63945297,0.51483372,0.62206862,0.62730277,0.65417151,0.52347678,0.52156528,0.58147000,0.46878394,0.59178383,0.65779010,0.56863150,0.52871878,0.57501493,0.46424881,0.67056297,0.54868762,0.57387336,0.70218308,0.61849958,0.56348981,0.50564021,0.34522055,0.60071567,0.62488703,0.49992421,0.59345105,0.49983645,0.53898039,0.60272117,0.62402017,0.59691702,0.58527900,0.57683127
84401,0.41631861,0.44380786,0.47688139,0.39498586,0.49047989,0.44569932,0.44062988,0.41724514,0.42570743,0.45422354,0.43012106,0.36253481,0.39078911,0.39125089,0.37974812,0.39262602,0.61302210,0.56068938,0.42777928,0.41224015,0.37619991,0.49973799,0.42872922,0.62152456,0.39110823,0.48675052,0.46471424,0.47037657,0.40342966,0.47613895,0.42040221,0.41611555,0.40546681,0.48195836,0.46092984,0.39746554,0.55073283,0.45076113,0.44225614,0.50468451,0.34110917,0.57449422,0.43192439,0.43684410,0.40238480,0.37707785,0.48169824,0.46139034,0.51060940,0.53570027,0.43199221,0.40990965,0.45545006,0.42798077,0.41130264,0.44180665,0.49036845,0.41355328,0.39379641,0.45685655,0.52022294,0.51379010,0.34008716,0.34970375,0.44047192,0.48046476,0.48272764,0.32418736,0.48681963,0.50769166,0.45236144,0.47836191,0.50511052,0.57689600,0.49211663,0.42163715,0.54320847,0.41098110,0.47441209,0.51196900,0.43793172,0.48362694,0.38608187,0.45151680,0.47326099,0.37722558,0.47273486,0.44394603,0.33889944,0.47524403,0.51646639,0.49010114,0.39309601,0.39503356,0.44725084,0.34926261,0.49122861,0.41456179,0.45945561,0.49020180,0.46655898,0.35625344,0.37684128,0.47888364,0.40759533,0.37450180,0.43889623,0.42232539,0.37964012,0.29782686,0.39406575,0.48266315,0.44035201,0.51954163,0.41996473,0.55102696,0.52229777,0.46517776,0.33544292,0.39428960,0.33115076,0.36063357,0.41003175,0.40268183,0.40581900,0.41314880,0.51542099,0.00000000,0.53036958,0.36395966,0.42964592,0.53159591,0.48517667,0.40129731,0.41919230,0.40401834,0.41808916,0.53631739,0.43812806,0.37575716,0.44286191,0.59467339,0.45120309,0.50356837,0.40630304,0.51954163,0.35731422,0.50661350,0.39060832,0.42004744,0.42137477,0.51373399,0.50730090,0.41598155,0.53115486,0.42595129,0.39902210,0.41055569,0.50475327,0.43748306,0.45711848,0.42284124,0.38732309,0.42190700,0.53224921,0.45645068,0.38836174,0.43488995,0.49543967,0.48777691,0.34956572,0.40087825,0.40721223,0.38602655,0.39489011,0.44165562,0.43899284,0.41155412,0.53203300,0.40600827,0.43119728,0.42151978,0.37893412,0.48388161,0.52711656,0.48767196,0.46549168,0.48449815,0.45541488,0.40216467,0.59977888,0.55558139,0.47506089,0.55082557,0.54942974,0.52553841,0.39380087,0.36595937,0.44600451,0.34884661,0.42049830,0.36884360,0.33056298,0.55512077,0.40641674,0.41862325,0.42014767,0.40347886,0.50911530,0.61057437,0.41209576,0.37224120,0.41353121,0.38613475,0.47531366,0.42568592,0.40568581,0.39322154,0.54072431,0.46289550,0.52215675,0.44062988,0.43225412,0.37856462,0.42385132,0.43345426,0.39818264,0.42291776,0.41029616,0.52814908,0.42523372,0.47438500,0.54856100,0.53099364,0.39451301,0.40984681,0.38979584,0.49145320,0.42710751,0.55720283,0.44609935,0.44441134,0.46719687,0.40775469,0.43368091,0.46597028,0.48777691,0.41054748,0.55731724,0.46547549,0.37538109,0.38541333,0.44763099,0.40406985,0.40782160,0.41415436,0.56259244,0.36241188,0.50893834,0.46957578,0.48102406,0.49176540,0.44527235,0.40512772,0.46349800,0.38420450,0.37522801,0.36193612,0.39573566,0.51642384,0.39543395,0.42820089,0.52042234,0.40668207,0.52548691,0.52814908,0.48789544,0.44615183,0.46886113,0.34008808,0.36550845,0.40822791,0.42033859,0.43724446,0.40984997,0.48448280,0.37453336,0.44322765,0.43150716,0.44602555,0.47957999,0.37565461,0.46243215
84530,0.49962729,0.60906295,0.68277556,0.53166149,0.71639737,0.58761730,0.54196547,0.49628232,0.55350550,0.57080594,0.59781853,0.55880168,0.48609868,0.45105622,0.50265540,0.51377760,0.25559929,0.34368034,0.58488523,0.45911033,0.47704556,0.61051114,0.54629952,0.77263940,0.51298838,0.59778928,0.56353445,0.59909300,0.57554764,0.73315977,0.56103767,0.54255293,0.51353838,0.47905514,0.57208977,0.54238163,0.65506282,0.51007053,0.56002238,0.48184785,0.47985246,0.25333679,0.53458143,0.48897156,0.54296698,0.31938088,0.48638840,0.39910311,0.61706058,0.58664337,0.58271296,0.37919182,0.43164134,0.54778351,0.45524685,0.56450124,0.65111731,0.50490564,0.41516182,0.55238520,0.53231036,0.58978431,0.53860772,0.50076542,0.64255071,0.48856752,0.62576458,0.47207466,0.69611109,0.56311621,0.55338791,0.53611960,0.58501482,0.68802325,0.57328584,0.68691503,0.61409138,0.53612167,0.56634475,0.63077424,0.58866841,0.61802558,0.30449923,0.53893658,0.60953219,0.57014608,0.61338756,0.51852616,0.65793737,0.49132487,0.54822077,0.55416479,0.60335556,0.51624212,0.56194550,0.45587433,0.62516187,0.58905153,0.62202897,0.63204028,0.50219424,0.54803126,0.54783462,0.57698124,0.59886360,0.42032724,0.41880172,0.56048029,0.60034768,0.52135579,0.61897187,0.33835039,0.64967162,0.60568904,0.58142657,0.66176470,0.66151423,0.61990782,0.49039129,0.49804669,0.26582842,0.58162951,0.59579931,0.60551296,0.50139864,0.46554811,0.34519354,0.53036958,0.00000000,0.45206693,0.47079982,0.61139624,0.58947938,0.44427816,0.52334561,0.61819748,0.56874221,0.57997126,0.56699703,0.61935950,0.70419200,0.58020698,0.61713740,0.54125182,0.54006325,0.60568904,0.47765836,0.61502068,0.57525498,0.56158369,0.57751270,0.58759632,0.41203694,0.55253529,0.62157356,0.47445527,0.61714191,0.56350587,0.63796317,0.58828664,0.64629774,0.48833036,0.58152663,0.55109246,0.61120845,0.57299794,0.60731124,0.62553282,0.71427743,0.65424985,0.46731879,0.54411346,0.62521796,0.55919226,0.53621833,0.56286274,0.42213880,0.66086076,0.55328265,0.54929267,0.67545100,0.53894968,0.62421196,0.61919543,0.50865529,0.59494473,0.61126367,0.64487352,0.54471396,0.57477903,0.72602684,0.70647733,0.57287368,0.58047190,0.63732470,0.60425742,0.60164304,0.39607663,0.60336531,0.45402104,0.50314478,0.60515798,0.57862531,0.34262029,0.45338581,0.42734290,0.53890980,0.39909698,0.66171041,0.56605248,0.49440145,0.59986404,0.61541264,0.55530011,0.56976952,0.56011081,0.51889941,0.54655773,0.26498509,0.32661635,0.64591236,0.54196547,0.54013323,0.45258533,0.68434517,0.36709154,0.58905163,0.57814060,0.56754429,0.55396690,0.53381466,0.60493414,0.47402064,0.51062227,0.57746847,0.56213312,0.47197279,0.56013697,0.52044377,0.69730210,0.59807541,0.50838888,0.62223620,0.53659541,0.54408140,0.59246068,0.65424985,0.45852804,0.61121522,0.60084789,0.56273474,0.52513942,0.49557794,0.39483415,0.44948894,0.54802218,0.70989080,0.51836528,0.54383997,0.63703889,0.49307684,0.66658884,0.65002332,0.65491471,0.45783899,0.55073959,0.54890159,0.49269686,0.61318112,0.63412033,0.58831703,0.62037188,0.59451037,0.47627428,0.68780188,0.55396690,0.62236373,0.68261504,0.58707953,0.53526854,0.45909255,0.42892261,0.59515443,0.63528260,0.54741194,0.57654588,0.58786542,0.60475844,0.61722146,0.69046142,0.62782075,0.54840231,0.52845188
84531,0.50960794,0.51219075,0.60569248,0.39750567,0.62545154,0.54462711,0.52710596,0.46062050,0.46910236,0.46327986,0.44465489,0.43572215,0.45368097,0.42389167,0.45662550,0.44812682,0.55590040,0.50535815,0.49003040,0.44780425,0.43938404,0.53965442,0.50909786,0.59605583,0.44308650,0.50376330,0.49173045,0.58005687,0.40511073,0.63652410,0.52309194,0.54137005,0.52926791,0.53013816,0.54153356,0.46612747,0.55228207,0.54123227,0.48370333,0.53739522,0.26871374,0.53658764,0.50671958,0.41657338,0.44787957,0.38941519,0.48488917,0.45236282,0.52357385,0.52249192,0.46704622,0.45642207,0.33523602,0.52969739,0.44510972,0.44144729,0.44585340,0.43053282,0.44453021,0.48952039,0.60936409,0.52231733,0.38037481,0.47235213,0.49420033,0.50797633,0.55714761,0.33431467,0.51068391,0.47705776,0.52504525,0.50586876,0.61469681,0.63622946,0.48080210,0.58561171,0.48549334,0.51819561,0.46187142,0.56921957,0.46084211,0.50328994,0.37302007,0.52385701,0.57450076,0.38836312,0.61214508,0.42383934,0.51839480,0.53447616,0.57078691,0.53949545,0.53827834,0.39308945,0.45855903,0.33951026,0.57893833,0.45669676,0.54372240,0.53967758,0.52096733,0.39937491,0.46476038,0.57743709,0.46243215,0.42843981,0.45434350,0.47309051,0.46394087,0.36161077,0.55037681,0.44013229,0.55206958,0.53691075,0.47979488,0.64860167,0.58039777,0.53618126,0.36914941,0.44280227,0.32048048,0.47648827,0.49523038,0.31975061,0.41749526,0.42735577,0.42808947,0.36395966,0.45206693,0.00000000,0.47905759,0.60260371,0.53334762,0.45233003,0.53619831,0.52498328,0.48549191,0.55454730,0.29067226,0.56390088,0.63729616,0.59968626,0.47746620,0.53933328,0.47611260,0.53691075,0.38259847,0.46088398,0.47198493,0.51018794,0.47543596,0.49124973,0.49907187,0.51568579,0.51107243,0.48437519,0.52156375,0.43812996,0.50937134,0.45033112,0.51600597,0.35024314,0.50433409,0.53055493,0.58626374,0.58821746,0.51879743,0.58867946,0.64014915,0.63109796,0.41542662,0.50198626,0.53227928,0.47509743,0.51251322,0.52012832,0.45635176,0.55027846,0.55338201,0.47094495,0.57772859,0.49028395,0.49593694,0.56354943,0.55016928,0.44678258,0.51794929,0.59878861,0.51010851,0.44893812,0.53618707,0.58983573,0.31670757,0.54257709,0.52602947,0.49752046,0.50815601,0.40466304,0.53501548,0.39439188,0.47053325,0.38396954,0.44276277,0.49562116,0.37862803,0.30282048,0.46238727,0.46179167,0.54052903,0.68048315,0.49369855,0.37069226,0.51277695,0.43101700,0.56619071,0.43192513,0.44152493,0.45201304,0.51172459,0.52612414,0.58483917,0.52710596,0.49911910,0.45731748,0.55859096,0.42905344,0.46911559,0.47398239,0.34559088,0.45119105,0.49568314,0.53571622,0.51175114,0.54795958,0.49982951,0.44473127,0.40199548,0.51524642,0.45844981,0.59126525,0.52184002,0.48056816,0.53602145,0.49542850,0.53949027,0.47955744,0.63109796,0.45158442,0.50556662,0.49890193,0.54275985,0.49784742,0.44607575,0.45770166,0.44312790,0.51628906,0.58748852,0.41719601,0.52095202,0.55111505,0.49730431,0.58362649,0.53693605,0.53778223,0.47873408,0.49795552,0.50994696,0.36244651,0.56072429,0.51831502,0.50877968,0.56296344,0.59860580,0.45944820,0.49853085,0.45119105,0.46678485,0.60031218,0.52127584,0.40743222,0.44641147,0.45628861,0.54927393,0.56617672,0.50853994,0.48727537,0.40003701,0.46538260,0.55151804,0.55847999,0.55593796,0.51524726,0.53333518
85189,0.42907263,0.43958797,0.43534229,0.50093736,0.45386912,0.33426730,0.42973305,0.47907304,0.51164869,0.55411164,0.48367486,0.45623804,0.40087332,0.48298657,0.36923411,0.34633244,0.60496666,0.50876665,0.50131409,0.31798909,0.30492645,0.44764751,0.35627350,0.66711941,0.35195938,0.54819243,0.38352181,0.41018593,0.43218483,0.55495004,0.54142198,0.40574723,0.44946228,0.43821117,0.46456418,0.42327532,0.61708116,0.47499798,0.56472244,0.49850541,0.42738543,0.53207021,0.36051990,0.39838972,0.36357803,0.42470825,0.55292083,0.45584280,0.44734490,0.46316683,0.43632328,0.48339549,0.47377785,0.33912088,0.31963942,0.44122754,0.61293281,0.47804392,0.34732585,0.36664363,0.27311392,0.64787883,0.52984932,0.46492493,0.59883662,0.55158757,0.57216240,0.43892314,0.52561632,0.63641300,0.47598173,0.40471691,0.32871066,0.44891072,0.48792548,0.62890082,0.45385078,0.41967344,0.57865443,0.51033870,0.49180950,0.61403436,0.38060342,0.51511778,0.49770962,0.50483024,0.46864731,0.44458782,0.57175477,0.36352788,0.38388398,0.48752884,0.35716344,0.45019714,0.55091261,0.43415579,0.40742489,0.52216798,0.48600692,0.52889798,0.55479117,0.53423930,0.43145124,0.48288361,0.46991237,0.44430296,0.47535347,0.44119090,0.32557334,0.48902142,0.44223758,0.41801727,0.38269940,0.38221247,0.39890385,0.50562480,0.61270314,0.47127463,0.50016814,0.47323436,0.32034760,0.47939474,0.32993648,0.47905656,0.48416165,0.46004761,0.47676279,0.42964592,0.47079982,0.47905759,0.00000000,0.36732809,0.41207726,0.47559422,0.40961400,0.54054063,0.54006753,0.44342625,0.48901649,0.46109531,0.50931321,0.49734546,0.44810740,0.54117002,0.40179444,0.38221247,0.42969358,0.56005286,0.54457892,0.28753939,0.49373186,0.51220915,0.53559825,0.37326827,0.49224430,0.02842286,0.53597547,0.47498728,0.56696815,0.41481209,0.64577473,0.40019008,0.30826254,0.31367130,0.34209419,0.33077914,0.43354836,0.38033951,0.42189482,0.41941109,0.30162335,0.41964167,0.53619864,0.39382061,0.38627145,0.44623991,0.47054458,0.41321699,0.64830781,0.45078557,0.55999813,0.36637284,0.36130229,0.38377785,0.42736565,0.57151623,0.35872863,0.38338039,0.40045799,0.49949625,0.64890412,0.58689257,0.54482019,0.45789154,0.63169983,0.59463191,0.38610642,0.39814578,0.41491709,0.50408802,0.34517045,0.50836830,0.52622594,0.49976866,0.41597862,0.51699929,0.35407925,0.32481080,0.65936964,0.53305459,0.55389422,0.53561992,0.53338848,0.47838889,0.47766949,0.43546369,0.37921464,0.44011965,0.47002873,0.36402286,0.58699718,0.42973305,0.26929840,0.47324275,0.55091781,0.39816760,0.48071783,0.49568996,0.49501885,0.65128519,0.49370341,0.52487691,0.49227786,0.34972029,0.29778532,0.51126715,0.40351780,0.60905806,0.39747620,0.57961144,0.33041739,0.31816516,0.36823739,0.36580162,0.44821820,0.45972917,0.41941109,0.47889291,0.60548844,0.44549941,0.36594355,0.33855177,0.48207818,0.32850323,0.31621313,0.39280090,0.48871671,0.37141857,0.38929411,0.54206610,0.46932255,0.52618832,0.39283904,0.53648973,0.49278928,0.38678866,0.47897289,0.49198049,0.38129177,0.62213115,0.44758505,0.29697410,0.31362866,0.30449192,0.65277670,0.65128519,0.56831047,0.49276963,0.55976896,0.49204139,0.31545157,0.38403010,0.47342918,0.44233179,0.44758207,0.58149451,0.47463174,0.50721715,0.41995610,0.47284648,0.38664949,0.46998143,0.49563508
85285,0.34880181,0.31799298,0.33600343,0.44199300,0.43698069,0.28094775,0.46084297,0.48268161,0.50279434,0.52937650,0.51941653,0.45068758,0.46911865,0.56713485,0.33077749,0.30086929,0.69188068,0.57270561,0.39609676,0.38994377,0.36025840,0.48037887,0.34731681,0.60061759,0.30446995,0.54231660,0.35845450,0.31864041,0.43155161,0.57024266,0.54427698,0.42242942,0.53703925,0.45397225,0.44482047,0.44072129,0.57511410,0.48219275,0.56315842,0.47299133,0.48366264,0.63103273,0.32739702,0.49227815,0.31466346,0.52415464,0.62641932,0.49237329,0.40480982,0.38492981,0.41034819,0.54684694,0.58208174,0.27094624,0.39371134,0.48453173,0.64188405,0.56634528,0.49515209,0.37436297,0.32158557,0.63917043,0.57887345,0.62061620,0.60812502,0.64032489,0.65296720,0.47077505,0.50855008,0.67643732,0.49768722,0.40313216,0.30860229,0.44846432,0.49928715,0.61447983,0.48920549,0.51537190,0.56072506,0.54158621,0.47652534,0.59633811,0.46983436,0.50173852,0.40922883,0.49686028,0.43291207,0.46310386,0.57146730,0.51180490,0.49898382,0.56353118,0.36734707,0.49411967,0.59421163,0.53633379,0.44110854,0.53574099,0.49231153,0.51098635,0.62081042,0.57902555,0.43966055,0.61346626,0.49796218,0.57421253,0.64579699,0.41324652,0.45099536,0.60300528,0.50039910,0.54342371,0.35161375,0.58573377,0.34842783,0.44938839,0.60857935,0.51180456,0.60729188,0.58815499,0.49445574,0.49961227,0.39429651,0.51349829,0.54995834,0.48558003,0.56754795,0.53159591,0.61139624,0.60260371,0.36732809,0.00000000,0.40279651,0.53971412,0.53732455,0.53515595,0.60567919,0.46289719,0.53332126,0.54814389,0.58524538,0.47982962,0.37621094,0.48675247,0.48305911,0.58573377,0.47422156,0.60659739,0.55434606,0.31338890,0.62654119,0.51226948,0.52630793,0.47314890,0.55294227,0.38614723,0.52541872,0.57712960,0.54834543,0.39639169,0.68963604,0.46825806,0.43582141,0.50051504,0.53920993,0.52959684,0.52373453,0.43743448,0.49147092,0.50546934,0.44551321,0.53220252,0.52580677,0.48697330,0.51947011,0.53899026,0.64479331,0.51982592,0.59347476,0.42343483,0.56136957,0.40602473,0.49943980,0.34976026,0.41893457,0.60797691,0.50538969,0.24596276,0.33312655,0.59992074,0.60646969,0.51816457,0.58218862,0.61155697,0.66927928,0.51594588,0.52114462,0.55721012,0.48008844,0.50909287,0.27980281,0.53079084,0.55630520,0.56833371,0.46980933,0.63362673,0.52477218,0.48748866,0.64772828,0.65846914,0.66744736,0.53368564,0.52180368,0.51988429,0.39277809,0.53153187,0.53969019,0.45637138,0.69209717,0.57835971,0.65333891,0.46084297,0.25835745,0.53686216,0.57361022,0.50337434,0.54404941,0.62864347,0.51039678,0.74784309,0.59160856,0.61116401,0.60696845,0.39713648,0.42447045,0.49796385,0.47649746,0.53335699,0.49769651,0.63676185,0.28777841,0.38405933,0.54851316,0.53267742,0.53246053,0.51143071,0.50546934,0.56245207,0.68808483,0.49396906,0.35646434,0.51486212,0.54610958,0.48702097,0.52179655,0.39834015,0.46350958,0.40931080,0.48138480,0.62156948,0.56277836,0.61655621,0.42444514,0.60751083,0.58405463,0.51092719,0.49263378,0.52119307,0.44114083,0.74228769,0.48385194,0.34235647,0.34990624,0.35506272,0.66715651,0.74784309,0.66866063,0.55661067,0.64806490,0.54960128,0.36976850,0.42324695,0.49308681,0.52410052,0.42993563,0.57560151,0.52469818,0.49613368,0.55144327,0.52999010,0.31133426,0.49730601,0.52601989
85301,0.49165524,0.38821633,0.51158828,0.41168902,0.51735816,0.39990124,0.47343186,0.51928996,0.53858876,0.59657682,0.60961366,0.51202380,0.52715584,0.51040641,0.33208518,0.34585591,0.66066212,0.55151425,0.46713514,0.28898557,0.26276160,0.31257549,0.37444267,0.58366713,0.35056705,0.50163888,0.30925959,0.47497909,0.50125531,0.52067740,0.57310783,0.46624250,0.53770678,0.51399728,0.48958167,0.47244304,0.61716696,0.56752232,0.57296329,0.59786031,0.50829525,0.63512270,0.44660101,0.49671624,0.37675399,0.54759420,0.64891383,0.43824207,0.45735782,0.51702913,0.47042021,0.49483077,0.60399318,0.43908823,0.29116224,0.52344608,0.69114848,0.51923422,0.42115587,0.36953108,0.44908243,0.66111504,0.59801280,0.52229155,0.67502364,0.68053187,0.64615897,0.48548643,0.59530253,0.67219421,0.52354530,0.47368326,0.54012017,0.49414502,0.61330046,0.63171063,0.50372251,0.51697003,0.53828028,0.55819771,0.50614574,0.64971151,0.46360524,0.53256172,0.55252350,0.53035355,0.47941174,0.51931143,0.59363939,0.53461056,0.50285473,0.63654515,0.42995135,0.48231983,0.56977924,0.52920793,0.49491829,0.53381366,0.50136815,0.62536180,0.59312215,0.60740063,0.50782446,0.62978456,0.61859473,0.51047389,0.58697716,0.48412867,0.41185772,0.58859085,0.57446557,0.50905466,0.41549621,0.48629545,0.46904488,0.61698536,0.59300718,0.62816017,0.59312160,0.61999460,0.41067847,0.55470434,0.36385776,0.48642113,0.54046456,0.55354044,0.53894058,0.48517667,0.58947938,0.53334762,0.41207726,0.40279651,0.00000000,0.53830157,0.50652526,0.60232659,0.61034864,0.49020588,0.51116424,0.55255987,0.60885983,0.53647806,0.43765211,0.55276549,0.55278415,0.48629545,0.52174299,0.60784473,0.62586794,0.41493756,0.62995279,0.61106000,0.53273755,0.48215576,0.57680492,0.42998695,0.59584193,0.53465951,0.53902542,0.54205062,0.58498462,0.52881178,0.43210780,0.44369655,0.49198517,0.52027618,0.44345821,0.45456051,0.45627157,0.51700468,0.41786026,0.50879956,0.60350748,0.44300498,0.52276123,0.52282854,0.58470184,0.46572979,0.63563913,0.49161859,0.61070706,0.36105635,0.46016272,0.51293795,0.47236448,0.61683292,0.51495379,0.35117641,0.52501929,0.52311214,0.61250040,0.54811616,0.60417737,0.57112236,0.67223763,0.59076026,0.47697757,0.49998818,0.46753263,0.51725737,0.44127102,0.50781401,0.62075442,0.55066154,0.52871271,0.50490805,0.44520323,0.40326032,0.60130548,0.62482622,0.62589941,0.53505550,0.63185377,0.60292163,0.54227199,0.45304847,0.48722939,0.46757431,0.62419046,0.48185561,0.66246748,0.47343186,0.37249233,0.59929747,0.61185003,0.49640209,0.62829144,0.63151467,0.54214119,0.67140967,0.61039812,0.57432462,0.57159988,0.50406044,0.42466256,0.60898346,0.50400579,0.62223270,0.54220904,0.64422023,0.44431014,0.38034132,0.47730681,0.49465239,0.53069479,0.52364391,0.51700468,0.61304976,0.68833931,0.50520083,0.46416369,0.52158833,0.60415364,0.40450952,0.40556184,0.41500846,0.48995096,0.43785460,0.31423875,0.63446770,0.56071951,0.58205559,0.37691234,0.65447969,0.58059793,0.48516704,0.53340985,0.54212430,0.54515748,0.66443179,0.52408576,0.44457310,0.43961893,0.16453213,0.66350808,0.67140967,0.62901536,0.64257429,0.63618500,0.55459914,0.39040541,0.43054209,0.57275343,0.55555468,0.53305947,0.53569540,0.48668897,0.47016478,0.56442576,0.51321691,0.48557553,0.52498574,0.61036557
85445,0.45535364,0.53162983,0.56135463,0.50284425,0.53937745,0.47891733,0.46247093,0.44966820,0.50514842,0.58583696,0.59834366,0.39990372,0.43044955,0.43469989,0.41590385,0.40951589,0.58356411,0.51901866,0.54399924,0.47042249,0.32358163,0.56204279,0.45320397,0.61504673,0.41661864,0.54510249,0.54040717,0.49782705,0.52199131,0.60404252,0.43057466,0.37753454,0.34314078,0.55019110,0.49106349,0.41405719,0.68214448,0.46698180,0.66021608,0.51335518,0.44918960,0.50646595,0.42091181,0.42267466,0.44165740,0.40882740,0.36471241,0.43908056,0.56097174,0.57067102,0.44178683,0.38579032,0.50490541,0.46021394,0.46965494,0.48889618,0.57183254,0.39859148,0.40120574,0.47077166,0.50980899,0.34117095,0.26432245,0.37458489,0.44630699,0.43156624,0.49596816,0.40780159,0.54141460,0.50016996,0.44708166,0.52446759,0.52920521,0.56675996,0.51223881,0.56644784,0.58925342,0.47256491,0.59985687,0.60939492,0.56170825,0.39932103,0.35859660,0.49395266,0.55606189,0.41158380,0.54665181,0.42292120,0.54506433,0.35575577,0.53916689,0.49121408,0.44447454,0.40641509,0.59206899,0.43231395,0.48357377,0.33764432,0.54922146,0.54176026,0.43307950,0.27636235,0.28558161,0.49269220,0.55710805,0.39065273,0.46788602,0.39586733,0.52981067,0.48187324,0.49695277,0.44798770,0.56174154,0.60244962,0.51919149,0.59429299,0.55135369,0.50895536,0.42040504,0.44806270,0.35023216,0.35942484,0.47328359,0.52541855,0.38502593,0.40024330,0.55436794,0.40129731,0.44427816,0.45233003,0.47559422,0.53971412,0.53830157,0.00000000,0.41548160,0.33116659,0.55984498,0.54050950,0.49230011,0.42658648,0.44962066,0.53292210,0.46963829,0.59316675,0.44554945,0.60244962,0.42766087,0.54469719,0.14030628,0.44980999,0.47112514,0.53112273,0.50728256,0.40966038,0.37809061,0.48092192,0.32484386,0.42456816,0.49942781,0.39822799,0.48680323,0.44177452,0.44230702,0.46478489,0.59350495,0.50892653,0.47155646,0.45113364,0.58184566,0.51298229,0.47545241,0.43038582,0.33564237,0.40346938,0.38953915,0.53111579,0.46060038,0.56439876,0.61606174,0.40046170,0.51864751,0.43468708,0.51940995,0.43871393,0.50815656,0.50033267,0.54306446,0.57548635,0.40439587,0.48446674,0.58636634,0.53864823,0.54487154,0.58304041,0.53437039,0.48449631,0.50773842,0.41968589,0.52702125,0.33631260,0.45211901,0.47381388,0.29640299,0.52030975,0.47004121,0.45803748,0.46193134,0.43615021,0.54556209,0.62565256,0.42929519,0.45746326,0.28522860,0.45208782,0.51981883,0.44650108,0.49211515,0.48434697,0.49589239,0.43204954,0.48333061,0.46247093,0.41525676,0.41932523,0.54064273,0.40576894,0.55800002,0.47247007,0.50152028,0.57352049,0.39714713,0.40244716,0.57371719,0.53197705,0.44519469,0.52790287,0.43327272,0.55366458,0.47739738,0.51801375,0.38171919,0.43370739,0.55361447,0.37375767,0.29119693,0.52629841,0.51298229,0.48205567,0.60150602,0.54271298,0.37638133,0.38086349,0.43121851,0.44192320,0.41849866,0.39368087,0.62559479,0.34407126,0.61037277,0.41430978,0.39022036,0.51644126,0.51513481,0.44650324,0.35596281,0.40428809,0.34262243,0.46048792,0.49181873,0.48159846,0.49932679,0.54589486,0.49308788,0.42021626,0.54586283,0.57352049,0.51272262,0.40393025,0.45132421,0.38739456,0.29669947,0.44330729,0.29624590,0.51268754,0.48675836,0.61195771,0.56300983,0.58098483,0.47098658,0.49635200,0.48562664,0.34003333,0.37165081
85446,0.48092588,0.51022774,0.55861849,0.52802656,0.56077749,0.46217295,0.49447112,0.43267384,0.57029188,0.58964874,0.60341361,0.50120624,0.44138395,0.55415107,0.40616181,0.37231452,0.64825378,0.53111774,0.57720409,0.46309897,0.38688922,0.54941209,0.41652519,0.67580020,0.37872036,0.57622632,0.49758739,0.46796527,0.53105343,0.56770064,0.59379064,0.39756815,0.40946297,0.54589639,0.49649368,0.44282562,0.63454090,0.55583210,0.71257429,0.58580744,0.53155261,0.58071959,0.44007032,0.47365021,0.39856377,0.40637391,0.54100675,0.44305821,0.50537438,0.52666944,0.47233631,0.46992918,0.59119785,0.43403491,0.46374346,0.51173015,0.63493894,0.43479018,0.37572594,0.43008402,0.48958319,0.55145265,0.51073275,0.27946973,0.64291822,0.45609723,0.52362821,0.45039455,0.59368682,0.61535903,0.54682515,0.47242707,0.45245209,0.50442594,0.51886154,0.61672029,0.58636778,0.47009924,0.65438530,0.48425309,0.58070374,0.60285808,0.42499532,0.52320612,0.48585257,0.52507177,0.55268641,0.53057170,0.62043740,0.42456741,0.41874965,0.55436029,0.40532808,0.49555185,0.60008871,0.46878020,0.41585861,0.46997773,0.49949459,0.55466618,0.59390594,0.51906743,0.36628081,0.45425499,0.54418055,0.44583542,0.45445028,0.48676802,0.44357259,0.57242235,0.60389272,0.43756643,0.49242632,0.41151707,0.49546056,0.55804921,0.55971273,0.56633296,0.47327407,0.50829196,0.43919135,0.44574767,0.38212213,0.59538397,0.43889462,0.47345218,0.53464992,0.41919230,0.52334561,0.53619831,0.40961400,0.53732455,0.50652526,0.41548160,0.00000000,0.50327369,0.60656396,0.48826263,0.56548550,0.41746325,0.47324031,0.53857335,0.50400281,0.55902742,0.53439131,0.41151707,0.50238845,0.59844936,0.47304506,0.49152917,0.45860215,0.54115733,0.51478896,0.31769342,0.48599965,0.39455792,0.50583298,0.39583565,0.59309118,0.42427004,0.55866961,0.45491366,0.37779468,0.33071609,0.41534888,0.30722954,0.46657194,0.39562530,0.42055201,0.45053018,0.48010816,0.42438354,0.50530244,0.28165393,0.44195756,0.48646455,0.45369424,0.46280690,0.68762805,0.48376360,0.56498328,0.46156841,0.40712786,0.49701270,0.51660514,0.60598175,0.39075922,0.49501323,0.43902270,0.44473623,0.66288234,0.59581521,0.56996331,0.43162213,0.58969798,0.61892101,0.42475040,0.43621659,0.45192571,0.48262325,0.50527375,0.57719788,0.52613422,0.53747523,0.48750491,0.53459361,0.39284114,0.36705253,0.58390233,0.55117292,0.44876113,0.57169696,0.50003066,0.53151657,0.52801199,0.46363565,0.38975694,0.51822233,0.47836427,0.39860452,0.60939652,0.49447112,0.40364310,0.53397653,0.58482369,0.41136357,0.56097384,0.45962648,0.59001833,0.67859493,0.45477529,0.38652532,0.53652859,0.47296286,0.40370724,0.56180872,0.49264204,0.59272162,0.56744222,0.53910185,0.45818863,0.39877671,0.35104288,0.29593100,0.38252988,0.40917991,0.45053018,0.58005965,0.68146030,0.40069370,0.46661303,0.33324376,0.46487071,0.37035274,0.38161894,0.39629796,0.65602324,0.38131413,0.50397315,0.50013023,0.45810549,0.38141272,0.41933180,0.49777408,0.40963490,0.31516461,0.40163990,0.52379752,0.58693811,0.58576100,0.49581005,0.48851544,0.53281169,0.39360160,0.62158263,0.67859493,0.50189980,0.46553099,0.49538554,0.47157147,0.41140977,0.45698324,0.42792121,0.50418094,0.51178079,0.64946124,0.62400204,0.61999992,0.40851844,0.39158597,0.49567344,0.39655272,0.49535642
85573,0.41469983,0.47805687,0.51150739,0.48844162,0.49294990,0.44116510,0.51743311,0.50345443,0.50507581,0.49185598,0.50536710,0.37810108,0.33374207,0.49038769,0.46937937,0.43382292,0.67986118,0.60638624,0.53453644,0.50650974,0.41410094,0.59546418,0.44315410,0.67191525,0.43623346,0.55595724,0.55894738,0.48622329,0.52266817,0.60490795,0.52578238,0.41705286,0.39904410,0.54705299,0.46225956,0.43665712,0.62371333,0.47916129,0.56565672,0.38961963,0.46036057,0.66005681,0.43597221,0.51681107,0.37953656,0.40689948,0.46075939,0.55100045,0.54683723,0.52061352,0.43394566,0.46743904,0.64010684,0.41585884,0.50507564,0.44067986,0.55308859,0.53019295,0.53298653,0.47289710,0.54429909,0.53655330,0.42844920,0.54440816,0.58669112,0.48364410,0.56708754,0.43881149,0.50950598,0.64886437,0.49488797,0.48695503,0.50567632,0.55882664,0.41126079,0.55393680,0.58196038,0.52980464,0.54650451,0.53922317,0.50861661,0.52383708,0.46063452,0.48248720,0.50884857,0.48593747,0.52140556,0.45614845,0.53251840,0.45665359,0.47935406,0.44612840,0.41696056,0.48372652,0.50173634,0.47993201,0.48440324,0.37552136,0.48828402,0.45218733,0.57980226,0.45554092,0.30745543,0.52056280,0.50737473,0.52391180,0.57810430,0.43829897,0.49526807,0.50961457,0.44439011,0.59046785,0.51200674,0.66202644,0.41658010,0.58798587,0.59051671,0.49241294,0.53684991,0.42224364,0.47683151,0.28508151,0.45702241,0.55005911,0.51697196,0.47468747,0.60627104,0.40401834,0.61819748,0.52498328,0.54054063,0.53515595,0.60232659,0.33116659,0.50327369,0.00000000,0.50338729,0.49675457,0.56399836,0.42847992,0.43420199,0.58406992,0.44153106,0.53309625,0.38454829,0.66202644,0.40976080,0.57517609,0.31298264,0.46088872,0.43928324,0.39648803,0.54204870,0.40986656,0.44599217,0.54904615,0.00448112,0.50694172,0.63616700,0.35226057,0.54019813,0.49540869,0.44713539,0.52223708,0.63477997,0.56718522,0.48385329,0.45318674,0.56277497,0.52385401,0.54845096,0.44811803,0.02158408,0.53435524,0.45223469,0.51954227,0.57602573,0.53158233,0.53798042,0.40418610,0.47906095,0.39737508,0.46058064,0.41543474,0.49504231,0.56991100,0.49489603,0.55228650,0.42122690,0.51254380,0.63963905,0.61663740,0.58725888,0.57195844,0.62822242,0.55608032,0.51828616,0.55000165,0.48890861,0.43946806,0.46260824,0.51075363,0.42991415,0.60068058,0.45496239,0.60119568,0.54248243,0.58249498,0.55198687,0.61856070,0.47586028,0.55964803,0.42469717,0.51486075,0.45813360,0.52221513,0.54005514,0.41809655,0.57645402,0.49365173,0.54877444,0.51743311,0.43950071,0.43708581,0.51190752,0.52540415,0.52942814,0.44029235,0.56572076,0.58081847,0.40960485,0.48628208,0.67122086,0.59580442,0.44861739,0.54192775,0.38306567,0.43383570,0.42182442,0.42384203,0.41198794,0.44668064,0.51100281,0.52371449,0.41191334,0.47305060,0.52385401,0.45049464,0.64235758,0.48740959,0.38674687,0.41002218,0.38030007,0.58126566,0.53852636,0.40626313,0.61676268,0.41549204,0.67258368,0.44315870,0.49524787,0.53746518,0.48328622,0.41005573,0.47783519,0.52215279,0.39137214,0.43546388,0.44312628,0.53816664,0.48745565,0.50446709,0.53251172,0.50999675,0.62250699,0.58081847,0.55885686,0.42798050,0.49670675,0.44854323,0.37305399,0.52555948,0.32980353,0.49463880,0.47318669,0.56669303,0.57456431,0.57887506,0.47682012,0.45297286,0.44592411,0.39038657,0.40346857
85728,0.48718962,0.53964979,0.60961951,0.43635712,0.58109592,0.52770819,0.50083587,0.53641042,0.50123026,0.27106335,0.30431289,0.33801716,0.37291587,0.54735019,0.49351687,0.46980690,0.62766691,0.63131315,0.48537792,0.49583743,0.47684131,0.62576348,0.51352392,0.72701102,0.47011379,0.62331213,0.50847726,0.55888490,0.40931883,0.64964331,0.49726460,0.56357724,0.60546726,0.43954483,0.48957075,0.43694989,0.43576911,0.37756676,0.34140185,0.49824497,0.36365244,0.61315323,0.55035255,0.56396138,0.48154659,0.41383276,0.52576487,0.65585308,0.51543348,0.46425775,0.48077058,0.56565188,0.45914964,0.51465771,0.49501732,0.47593917,0.44698314,0.55384806,0.59252400,0.52844367,0.68080788,0.66423773,0.50657206,0.53605412,0.59394819,0.59145484,0.63365829,0.43058551,0.47981736,0.50707953,0.43795468,0.45052038,0.53655940,0.60513948,0.50030498,0.54176529,0.53114569,0.54803870,0.39344887,0.48896263,0.46010343,0.58730445,0.55989837,0.53172291,0.52509498,0.47521965,0.58968731,0.41531035,0.50835486,0.58296648,0.52500297,0.50165797,0.47642966,0.48490135,0.30910217,0.41063521,0.55472416,0.55682954,0.51853597,0.62407309,0.62474351,0.52177958,0.48907558,0.53996647,0.39791855,0.54400092,0.52410109,0.50717550,0.50829745,0.39686263,0.36115949,0.64438318,0.53427336,0.71128987,0.49771467,0.59084228,0.61139351,0.48127063,0.45842049,0.45750600,0.46443386,0.44996083,0.55576810,0.52992157,0.53455779,0.54368282,0.55469422,0.41808916,0.56874221,0.48549191,0.54006753,0.60567919,0.61034864,0.55984498,0.60656396,0.50338729,0.00000000,0.50546876,0.54357259,0.57991082,0.62628653,0.66809730,0.49583927,0.46278315,0.41764186,0.71128987,0.37510954,0.56353321,0.53165215,0.51900763,0.52246222,0.49409957,0.64554969,0.51263700,0.60217761,0.53727854,0.50394381,0.57235538,0.64166193,0.43145017,0.65022871,0.42301016,0.53135447,0.59384650,0.64723588,0.60471050,0.56265333,0.56794517,0.64715902,0.62944792,0.43393315,0.54658019,0.51455623,0.60511887,0.50299352,0.55090950,0.53568760,0.59245740,0.42917839,0.46180388,0.59049462,0.44292643,0.51442115,0.53576424,0.51741163,0.48480202,0.53943895,0.60992865,0.51666218,0.59901540,0.60202739,0.61674066,0.49865143,0.67847410,0.61078506,0.57081395,0.51696156,0.54603136,0.59222163,0.50647129,0.46028945,0.41226487,0.46826010,0.61821335,0.44159366,0.61152020,0.61079159,0.58344353,0.68770745,0.60616589,0.50495142,0.50539727,0.58179398,0.48908118,0.53917475,0.56481489,0.63390161,0.38708371,0.54293716,0.51590282,0.63575676,0.50083587,0.54472518,0.43760120,0.64741738,0.61294296,0.37891465,0.52361660,0.50365255,0.57994578,0.54584136,0.59128563,0.67926789,0.56606491,0.52551124,0.35817666,0.40408693,0.44950664,0.48577583,0.56579159,0.51886437,0.54661232,0.53247365,0.55053049,0.56138002,0.56008721,0.62944792,0.41207569,0.61387258,0.57127857,0.50031124,0.51282481,0.46554820,0.56959433,0.58009244,0.53160416,0.56496438,0.49802085,0.56256147,0.63117496,0.61379073,0.61725145,0.57013535,0.58446614,0.62443335,0.59430684,0.54711923,0.44822745,0.39979800,0.63223987,0.53147193,0.50311138,0.55128596,0.50174846,0.63002968,0.57994578,0.54676823,0.57467007,0.61193481,0.40797243,0.42557544,0.51743859,0.53817631,0.58303002,0.45498068,0.41097957,0.39148340,0.49430952,0.57551168,0.62097555,0.53977860,0.54472432,0.57524831
87469,0.37072353,0.38300299,0.49196447,0.54384444,0.59512988,0.44572076,0.55001256,0.54396962,0.56116429,0.57462307,0.56496085,0.48683802,0.43609991,0.56331367,0.46954610,0.41210554,0.74282881,0.70253597,0.57089101,0.37168986,0.36854690,0.49367686,0.37889475,0.69730124,0.41943591,0.59020784,0.45121251,0.54017654,0.48691849,0.65264916,0.65021014,0.51179565,0.56993491,0.51100735,0.50574032,0.44657436,0.62065477,0.50000652,0.63116175,0.55026447,0.46414551,0.69779689,0.46285022,0.53907718,0.40583945,0.48208476,0.59984580,0.58948491,0.51136505,0.51909593,0.43409947,0.46892099,0.58972135,0.40774741,0.37574865,0.46976458,0.70151049,0.61268709,0.52873567,0.35867905,0.53701039,0.72143202,0.62290749,0.60326278,0.73650833,0.60414286,0.68977587,0.54942906,0.55024129,0.68090417,0.44583078,0.42172186,0.47023667,0.52537248,0.56617130,0.73360527,0.57373885,0.58419012,0.55154261,0.56813139,0.52991936,0.69648884,0.54612922,0.54120100,0.61157143,0.56364827,0.58492088,0.44115929,0.68532136,0.42432768,0.37797919,0.58567092,0.46063745,0.51435203,0.52911856,0.53217840,0.47795477,0.52718009,0.55497342,0.59278231,0.66670058,0.63600368,0.47760018,0.61698659,0.58736620,0.56920170,0.57044294,0.49288194,0.39421703,0.57490558,0.52538862,0.64845240,0.48124209,0.53710810,0.47905884,0.54644122,0.66426088,0.55214160,0.64003234,0.53659960,0.48611352,0.47708586,0.40587652,0.55201755,0.60409805,0.54003239,0.59557987,0.53631739,0.57997126,0.55454730,0.44342625,0.46289719,0.49020588,0.54050950,0.48826263,0.49675457,0.50546876,0.00000000,0.58110464,0.55159226,0.59707464,0.55883751,0.39105710,0.55958901,0.45165976,0.53710810,0.47969198,0.57840367,0.55815822,0.45230783,0.47505665,0.55989627,0.64108276,0.38416824,0.57679963,0.45174687,0.49454657,0.59201164,0.62881588,0.38709634,0.67666103,0.49215980,0.42384514,0.48737150,0.52495580,0.49890185,0.53633195,0.42973713,0.54915852,0.49834831,0.47731222,0.43146252,0.49779643,0.52800807,0.44617508,0.52836345,0.57099359,0.53720094,0.62956533,0.46903024,0.70815303,0.23803074,0.48245087,0.42015188,0.35925965,0.59400872,0.46958029,0.49956553,0.48714333,0.62923343,0.65437919,0.62032869,0.63951442,0.54138837,0.65316464,0.58110919,0.50404508,0.56404026,0.43502304,0.56829338,0.46209687,0.61996793,0.60769465,0.69847399,0.50919909,0.63906279,0.50941635,0.50534227,0.63700047,0.51564095,0.54572475,0.60523715,0.59941176,0.64247512,0.58259715,0.55922943,0.49045968,0.49848287,0.48429191,0.45707799,0.69324716,0.55001256,0.40524878,0.52977775,0.65780443,0.59732303,0.62407941,0.47586299,0.62204985,0.60367749,0.54734054,0.58074899,0.60911566,0.45921943,0.41624684,0.53012736,0.39826031,0.58305696,0.53496507,0.58315628,0.41817430,0.46344538,0.43801785,0.50633526,0.56368883,0.52773217,0.49834831,0.50253293,0.58421740,0.51096326,0.42616024,0.43687720,0.52010927,0.50462092,0.51920125,0.43234941,0.57808363,0.49480363,0.45496044,0.60051697,0.53894401,0.54621272,0.45001014,0.62541278,0.62823408,0.55148464,0.49559013,0.60166028,0.50185610,0.65869391,0.55881782,0.46967078,0.49375801,0.42050774,0.62684924,0.60367749,0.54211713,0.63498628,0.62742605,0.54380176,0.39491587,0.52790279,0.51246783,0.58265421,0.56201604,0.55082880,0.56172736,0.51301674,0.51622077,0.51574284,0.41839253,0.49300189,0.46815201
87474,0.57991200,0.54092963,0.61094881,0.42877862,0.62430810,0.53284344,0.52039971,0.51609516,0.52003199,0.49545032,0.47405636,0.47249435,0.50308361,0.47101446,0.45904544,0.47077173,0.61131475,0.53738384,0.48529341,0.48019069,0.47030994,0.53722844,0.49047865,0.58043116,0.47488028,0.57392134,0.53095601,0.55847389,0.37572106,0.68940063,0.48422249,0.56979874,0.56213654,0.56119635,0.51173261,0.47720175,0.59062867,0.58253200,0.51702078,0.53663059,0.32442249,0.54743676,0.52031108,0.45264631,0.49816442,0.44068275,0.57107459,0.54575692,0.51134273,0.53069633,0.52823691,0.54285238,0.31455926,0.54558520,0.48045744,0.43730202,0.48051548,0.48709166,0.49255249,0.48008841,0.56820159,0.60663012,0.47194139,0.52650697,0.58446447,0.58757624,0.60625447,0.41420288,0.52692595,0.55520343,0.53300589,0.50796373,0.64020831,0.57900609,0.53318867,0.61587229,0.38495964,0.50482207,0.54866191,0.61608713,0.50067484,0.54548808,0.46860720,0.57188957,0.58314783,0.43377797,0.63121993,0.47762749,0.60418482,0.57505101,0.61508515,0.53063577,0.54618351,0.43678907,0.47141029,0.33357257,0.57861930,0.48860957,0.59494139,0.53055550,0.49568775,0.49509882,0.48469930,0.60628819,0.51138908,0.50188099,0.54140352,0.51581606,0.46131307,0.44972208,0.54231102,0.50666084,0.50746665,0.59912669,0.50325921,0.64684978,0.54070613,0.52473825,0.41893047,0.49325011,0.43325964,0.52275796,0.52154843,0.39646762,0.47440930,0.49486470,0.52550632,0.43812806,0.56699703,0.29067226,0.48901649,0.53332126,0.51116424,0.49230011,0.56548550,0.56399836,0.54357259,0.58110464,0.00000000,0.60922831,0.67792180,0.55221374,0.54032211,0.52198704,0.52803109,0.59912669,0.36825157,0.47150765,0.52450046,0.49027067,0.50385665,0.52116526,0.52548512,0.54449009,0.52031758,0.50340043,0.56328709,0.41979586,0.45628521,0.47787436,0.53151309,0.41072341,0.45867508,0.58967476,0.66408476,0.64845200,0.53588345,0.59961077,0.58411474,0.69140101,0.47077275,0.50320696,0.56291107,0.49002006,0.55850305,0.44707077,0.53783270,0.47851792,0.57429514,0.49050256,0.56949017,0.49532074,0.45859434,0.52787438,0.58192841,0.48773298,0.57129149,0.56451471,0.55113077,0.50422058,0.55666640,0.59319124,0.10060642,0.52704259,0.51429858,0.51463293,0.53203127,0.46981650,0.39618028,0.48013521,0.49068561,0.38157760,0.51307554,0.52264658,0.39477801,0.45094886,0.49986823,0.50772765,0.54254823,0.67433898,0.55232298,0.42312628,0.60186334,0.45310339,0.57795534,0.41488980,0.47155522,0.48728311,0.61039614,0.58773322,0.57611188,0.52039971,0.50506760,0.46276314,0.61806808,0.48695105,0.50298461,0.50480543,0.42327278,0.47111282,0.56561372,0.56778199,0.60321532,0.55876266,0.45440387,0.49568873,0.41734262,0.58938875,0.45889799,0.63072694,0.54730314,0.48008967,0.59662302,0.56703704,0.58342110,0.51211367,0.69140101,0.44759127,0.51414870,0.52455442,0.53731430,0.57756343,0.48522371,0.50915591,0.55188011,0.56327339,0.56643398,0.47805166,0.52166057,0.58255556,0.52109751,0.66925680,0.55025894,0.55802708,0.54155505,0.56583995,0.59909753,0.45950496,0.54763464,0.57242649,0.48219444,0.54080263,0.59516536,0.47603590,0.49990282,0.47111282,0.48674630,0.64782717,0.52366072,0.44827360,0.43631618,0.46935861,0.57010294,0.62802512,0.52562087,0.57011365,0.42765800,0.50668496,0.61371079,0.59423086,0.58229356,0.60060436,0.62307479
87898,0.45802476,0.47497544,0.50026275,0.52379969,0.50115113,0.43652811,0.51997992,0.49041588,0.51605866,0.61361339,0.59351088,0.46310489,0.43505054,0.38028088,0.42127086,0.41972801,0.67189082,0.59709537,0.55421294,0.46269733,0.39012744,0.55531953,0.45567738,0.61597014,0.42301292,0.54976800,0.50710671,0.46616900,0.54362746,0.57793421,0.51701289,0.35992691,0.38469259,0.52560287,0.50501384,0.45961931,0.70410001,0.49489211,0.61453380,0.52929081,0.47312348,0.64207983,0.43471449,0.46549603,0.42573541,0.47097432,0.55426248,0.49249502,0.53991720,0.54781452,0.42942563,0.43403954,0.58740983,0.40942808,0.46454302,0.52656592,0.67591147,0.46820077,0.41652337,0.49511711,0.47952437,0.60518425,0.46110367,0.45136742,0.60622121,0.50040682,0.49669950,0.44471880,0.58172715,0.63065362,0.52315150,0.51352432,0.49962694,0.49107965,0.55769073,0.63131706,0.59067050,0.44786853,0.65060522,0.57462439,0.48138521,0.62292432,0.39848442,0.50092789,0.55466757,0.50239649,0.49251498,0.54119548,0.57601228,0.49236520,0.49021195,0.52379483,0.35776091,0.47135661,0.65070350,0.55153773,0.42308801,0.43133598,0.50782709,0.52092548,0.59897004,0.45995368,0.41701142,0.44804695,0.55856048,0.49932786,0.57305041,0.44493961,0.50290271,0.54921389,0.48442148,0.53744804,0.44940718,0.59383835,0.47904101,0.56851330,0.58669783,0.52974639,0.54974051,0.51148654,0.45185877,0.41896961,0.44138435,0.59611190,0.45925246,0.44986615,0.60429135,0.37575716,0.61935950,0.56390088,0.46109531,0.54814389,0.55255987,0.42658648,0.41746325,0.42847992,0.57991082,0.55159226,0.60922831,0.00000000,0.10321899,0.56872918,0.44634263,0.63518900,0.43660861,0.59383835,0.45604987,0.54886919,0.44617782,0.40668812,0.50310502,0.55083855,0.50230569,0.44013346,0.50976876,0.46928132,0.42580455,0.46861497,0.61413611,0.45797204,0.60585280,0.47366442,0.41110902,0.45377167,0.62489569,0.49147678,0.48368088,0.36956718,0.43020805,0.37349405,0.50160290,0.46440014,0.41592771,0.40371390,0.45879967,0.51141821,0.57214410,0.53606799,0.61849846,0.40609266,0.57415331,0.47568244,0.51941973,0.43993479,0.52498846,0.56174100,0.49993327,0.53869190,0.42824067,0.54059595,0.68211154,0.56360095,0.65053272,0.58788671,0.64440379,0.59208238,0.50157969,0.47461664,0.53969645,0.51893624,0.49511591,0.52520041,0.46263171,0.59534599,0.47350403,0.58202393,0.44348489,0.50676401,0.58777539,0.62133453,0.52028369,0.55302305,0.48892873,0.54032879,0.52768743,0.48084852,0.52454895,0.46558085,0.55847303,0.48983195,0.55230343,0.51997992,0.42503664,0.49369564,0.42292125,0.48369535,0.56287597,0.50515608,0.57856851,0.69288704,0.48824807,0.44087827,0.63042234,0.56138147,0.41852008,0.56012669,0.47205122,0.57726966,0.49406427,0.53729142,0.42480840,0.44856077,0.51131795,0.39119142,0.35087684,0.52587507,0.37349405,0.50309442,0.62464465,0.52437902,0.40419446,0.41585848,0.50182183,0.50693264,0.41725528,0.29090071,0.59556909,0.38960232,0.60028079,0.51251958,0.50864254,0.47773244,0.45632710,0.46473730,0.47607178,0.39361354,0.32098049,0.49423878,0.45190495,0.53102197,0.48041298,0.43265589,0.47264966,0.46973724,0.66225492,0.69288704,0.57833482,0.26799909,0.57470450,0.50774479,0.41348566,0.46392558,0.37647100,0.34495812,0.52598010,0.64621665,0.55358784,0.60314381,0.38125320,0.40396105,0.49668198,0.31741860,0.40621604
87901,0.50508117,0.53909692,0.54243833,0.54490315,0.50853231,0.49138635,0.54398496,0.54937560,0.56448777,0.68105356,0.63824603,0.52323499,0.50034047,0.45650868,0.48062050,0.49290037,0.76785662,0.67521434,0.62154877,0.53469041,0.45750451,0.62827972,0.51130883,0.66698104,0.49602357,0.59069084,0.57999477,0.51823154,0.56044543,0.57939204,0.59499271,0.37013034,0.41557288,0.58745645,0.55526501,0.50327366,0.72984526,0.54116699,0.65058520,0.60110141,0.54199669,0.73413337,0.49117744,0.53348238,0.46611122,0.55124287,0.59983781,0.56832671,0.57928993,0.61293918,0.48641435,0.49642806,0.65607546,0.42512486,0.53696079,0.60214330,0.73431746,0.51826892,0.48975653,0.55054918,0.53985408,0.64282027,0.52779206,0.53176038,0.67372974,0.55341804,0.52833908,0.50928232,0.62231025,0.67632055,0.56129650,0.56030403,0.52987226,0.53482847,0.63161962,0.68149654,0.64714597,0.51737358,0.68615153,0.61804738,0.50656687,0.68469580,0.49269841,0.53766256,0.60971707,0.57625919,0.54991862,0.57451278,0.60914660,0.49297177,0.50822191,0.56486675,0.38518997,0.53432532,0.69263134,0.60287371,0.47432242,0.49490951,0.55477097,0.59408923,0.67983455,0.52647558,0.43773924,0.49249323,0.59898295,0.55811708,0.63053050,0.50304863,0.53850934,0.59340102,0.52278305,0.61563040,0.49091475,0.62859469,0.51204200,0.60877474,0.63785052,0.55228449,0.59054873,0.56477736,0.52222638,0.45756108,0.46750938,0.64361257,0.51175989,0.50528585,0.68778252,0.44286191,0.70419200,0.63729616,0.50931321,0.58524538,0.60885983,0.44962066,0.47324031,0.43420199,0.62628653,0.59707464,0.67792180,0.10321899,0.00000000,0.64688920,0.50590967,0.69365379,0.47976658,0.62859469,0.54101680,0.61549271,0.47333074,0.47442918,0.53271656,0.62409796,0.58828852,0.48538667,0.52076113,0.51560578,0.43116752,0.55302397,0.64376367,0.50159769,0.66544655,0.55612378,0.46612426,0.47588784,0.63744596,0.52091531,0.52247192,0.39592409,0.45069406,0.39727573,0.56984524,0.51980599,0.42152342,0.45138791,0.48516557,0.55593363,0.63028409,0.55550108,0.66946815,0.46831072,0.57498196,0.52437506,0.53523629,0.46523018,0.55269359,0.60984915,0.55185214,0.57536109,0.47653378,0.58261939,0.70567102,0.61748982,0.71643339,0.62886092,0.69658463,0.64505608,0.54693403,0.53758606,0.55482646,0.57489595,0.55467442,0.57183993,0.54988265,0.67542407,0.54835930,0.65512648,0.50887155,0.58888907,0.61254247,0.66951380,0.55438873,0.61861382,0.54963532,0.59279106,0.58114320,0.56188033,0.59195254,0.53447576,0.62223081,0.54602967,0.58921109,0.54398496,0.49539256,0.55495665,0.45574883,0.56449045,0.60652196,0.53498873,0.62133244,0.75381702,0.52535806,0.47504557,0.68667951,0.63176354,0.47229526,0.59329876,0.53667082,0.62671714,0.54273734,0.52810290,0.47793430,0.51473645,0.55013582,0.47009357,0.38979879,0.58543375,0.39727573,0.58624158,0.69045554,0.58024990,0.42622252,0.45093779,0.56185432,0.58858776,0.45439224,0.30701680,0.63804737,0.44029380,0.66598242,0.52724161,0.57638998,0.50289248,0.48432811,0.46678461,0.52867375,0.47606571,0.38665522,0.56297672,0.49186834,0.54858162,0.52341078,0.49222253,0.53363972,0.53912513,0.70909625,0.75381702,0.64631296,0.17728616,0.59341831,0.53876077,0.44910763,0.51806686,0.37842984,0.35393493,0.54179069,0.68297657,0.59102708,0.61894328,0.39149686,0.43438794,0.51178196,0.38320595,0.42684841
88016,0.57016579,0.56532467,0.61397175,0.61538679,0.59723960,0.54603211,0.49278336,0.48176338,0.60619979,0.63032205,0.70256128,0.57306124,0.53585955,0.50555458,0.50559812,0.48277498,0.64426715,0.56350998,0.64215302,0.47941456,0.45419241,0.52743352,0.49542044,0.63507383,0.48731058,0.52616210,0.58456419,0.56318996,0.67113437,0.67040182,0.51675928,0.54651599,0.53588131,0.60765030,0.56735466,0.54707573,0.72123112,0.52228851,0.74291774,0.58664341,0.56539131,0.59841449,0.53564840,0.55653001,0.50156915,0.50943530,0.66333267,0.53042701,0.56899421,0.52015221,0.51449094,0.50394018,0.58875513,0.53981523,0.48218505,0.42215966,0.69647065,0.53173633,0.43904941,0.51224402,0.42741975,0.64740354,0.63756242,0.60692485,0.67157784,0.63948330,0.64225752,0.52861307,0.59813201,0.67846538,0.61404487,0.48875501,0.54953187,0.54964136,0.63264283,0.63701073,0.59287148,0.52029261,0.70572012,0.61015319,0.66842813,0.67311831,0.46150351,0.55034743,0.63030357,0.54207194,0.66729816,0.63395824,0.64177803,0.53932001,0.59917493,0.64716019,0.53725560,0.52701112,0.65025014,0.58183511,0.54287223,0.54074902,0.57752784,0.56630412,0.48204583,0.65206173,0.50581368,0.58802054,0.62878020,0.53504128,0.58207277,0.46923462,0.55269306,0.62009995,0.62943422,0.53463616,0.59419124,0.59536693,0.59875880,0.71062882,0.61091106,0.57990280,0.59711580,0.54242463,0.51147407,0.49937051,0.53540489,0.65206475,0.52967657,0.39980567,0.55674288,0.59467339,0.58020698,0.59968626,0.49734546,0.47982962,0.53647806,0.53292210,0.53857335,0.58406992,0.66809730,0.55883751,0.55221374,0.56872918,0.64688920,0.00000000,0.50166187,0.65482392,0.55193745,0.59536693,0.51720003,0.60425550,0.57290002,0.47290616,0.61652587,0.64599197,0.49927418,0.48075644,0.52983108,0.51423676,0.58466853,0.49827635,0.63491316,0.55869156,0.65871049,0.55692587,0.51643182,0.57992134,0.62662643,0.59915011,0.56793147,0.56189368,0.58972698,0.54684783,0.58123154,0.48508150,0.59038472,0.54648903,0.55752823,0.56762581,0.58172335,0.62723213,0.67758848,0.55026294,0.61754954,0.47844144,0.59147707,0.56325282,0.60683920,0.60508131,0.55034728,0.56685534,0.56400050,0.64398548,0.64655015,0.59700636,0.62028240,0.45916032,0.67645423,0.60527378,0.57748863,0.53788983,0.57008914,0.60231344,0.53188650,0.61797143,0.61213615,0.57614463,0.54887044,0.63909444,0.48148267,0.49073362,0.67452477,0.54026805,0.63105283,0.60700979,0.60957085,0.64243275,0.61292072,0.46347797,0.53743830,0.55535978,0.55916599,0.45969179,0.64959438,0.49278336,0.44235753,0.60849954,0.67332142,0.53140502,0.62319593,0.61755855,0.69423370,0.70850085,0.57176659,0.62366598,0.52888949,0.52084251,0.50990445,0.66634951,0.53588710,0.63456171,0.61560239,0.69296923,0.45778340,0.50376985,0.58448688,0.53734451,0.50118971,0.59949766,0.54684783,0.58842457,0.64397925,0.59270417,0.52702406,0.52170833,0.59814048,0.48984651,0.52144734,0.53342601,0.62542722,0.52380187,0.57927943,0.58605178,0.47477213,0.57493882,0.57842407,0.62705833,0.59500343,0.52259865,0.57414179,0.58955203,0.59738191,0.67202349,0.45990166,0.56774770,0.49533033,0.48414467,0.69749923,0.70850085,0.61134555,0.66792810,0.49067304,0.54523582,0.46007239,0.53353464,0.55306914,0.65375097,0.61586308,0.67862972,0.66355248,0.64131267,0.61417934,0.57425085,0.56501114,0.56872631,0.55383955
88145,0.29054794,0.25418180,0.38083034,0.40094634,0.45903772,0.33131255,0.41898959,0.46191292,0.39632381,0.42659642,0.48971791,0.33025819,0.37586307,0.45700055,0.31441178,0.23820782,0.69261394,0.56754651,0.38495696,0.34478950,0.28819534,0.44903290,0.35589584,0.59899038,0.23715169,0.45222606,0.32206912,0.37387009,0.44374325,0.55276678,0.54037875,0.40617478,0.46081005,0.39336749,0.44893031,0.37622501,0.53632844,0.37884660,0.53142389,0.45871165,0.42058265,0.65247330,0.40649500,0.39242515,0.25971634,0.46404350,0.56795414,0.47573186,0.36059729,0.36364473,0.11720563,0.47121415,0.56566669,0.27594189,0.34796427,0.40847346,0.51982924,0.48799215,0.46574605,0.35320413,0.47344863,0.54254328,0.50448252,0.54679103,0.59711083,0.55321391,0.55078618,0.37175251,0.43642829,0.55167734,0.45295090,0.40950875,0.42081676,0.46337118,0.49410736,0.54261205,0.50993199,0.44806606,0.50199186,0.49567854,0.39395738,0.53899838,0.45074132,0.44339126,0.41769130,0.46924311,0.47232804,0.40980235,0.51121106,0.48476188,0.41349596,0.56222124,0.31591870,0.46535277,0.56209392,0.50324311,0.42569879,0.35816500,0.46717136,0.52342410,0.61394949,0.51922673,0.34745935,0.55949325,0.45997526,0.51754747,0.58001749,0.31566682,0.44810669,0.53316648,0.48736991,0.50821939,0.42220417,0.56856387,0.37758204,0.49548134,0.58174491,0.44629343,0.52867312,0.48258524,0.46082739,0.33998306,0.40895073,0.53940744,0.48600606,0.45505226,0.54115406,0.45120309,0.61713740,0.47746620,0.44810740,0.37621094,0.43765211,0.46963829,0.50400281,0.44153106,0.49583927,0.39105710,0.54032211,0.44634263,0.50590967,0.50166187,0.00000000,0.43337637,0.42776044,0.56856387,0.39129859,0.52673676,0.46880068,0.32143820,0.52606429,0.47738922,0.56251910,0.38214258,0.46856166,0.46931665,0.43814323,0.52665553,0.56312623,0.29170356,0.59110974,0.40444714,0.42607164,0.48286623,0.57442648,0.51689881,0.46832956,0.39133766,0.47369957,0.42899216,0.44230004,0.46939139,0.43882195,0.48019918,0.43352826,0.51191582,0.58457821,0.54215429,0.49392849,0.32310333,0.50753629,0.36549737,0.49540105,0.26923852,0.32865231,0.45448969,0.45710017,0.35956115,0.36946973,0.57029559,0.57241215,0.52344975,0.57783518,0.59255183,0.60291335,0.49644858,0.48089278,0.52984111,0.49608551,0.46550117,0.27962874,0.46581841,0.45222597,0.55818389,0.41265744,0.58068813,0.48626381,0.52514517,0.59526364,0.67550576,0.58720592,0.50828978,0.44579705,0.50974624,0.39634194,0.49696035,0.53802649,0.31542249,0.58011234,0.52498698,0.61923160,0.41898959,0.32125450,0.52875086,0.52222008,0.50925641,0.49660231,0.52756531,0.46366581,0.71488544,0.46283287,0.51277303,0.64673115,0.43955324,0.41551512,0.42759917,0.37060868,0.45132260,0.48412007,0.56292545,0.24981250,0.36403921,0.49301460,0.47744134,0.48188721,0.49444514,0.42899216,0.50912301,0.63656143,0.47473071,0.35032186,0.40251552,0.46117614,0.51936189,0.51615577,0.31409142,0.46667216,0.33477005,0.42680824,0.52485644,0.50003969,0.56444768,0.43560306,0.50151391,0.54051331,0.50991435,0.38373317,0.49631494,0.44561786,0.60763357,0.46544658,0.40306576,0.44101612,0.35890252,0.62867020,0.71488544,0.56504115,0.53288633,0.61527624,0.41077348,0.32613151,0.43428085,0.45419317,0.48681455,0.43412059,0.51600249,0.46801104,0.43690440,0.49367099,0.47164063,0.33211376,0.38641516,0.44508620
88146,0.40791162,0.43173917,0.48964476,0.35204276,0.58719287,0.44865098,0.41388954,0.46633783,0.42911589,0.40206296,0.41304849,0.46287186,0.38835056,0.57308960,0.36738472,0.38619220,0.60930611,0.57228295,0.35041995,0.46372188,0.50842169,0.62212055,0.47827468,0.73650578,0.38695281,0.63138418,0.48693931,0.50217534,0.45667529,0.63899992,0.55088605,0.54505202,0.56660910,0.33241134,0.40190823,0.41184489,0.41640440,0.39143361,0.40804590,0.43169476,0.43770871,0.59177988,0.48856990,0.54990418,0.41773829,0.44897273,0.59815600,0.60943287,0.44549673,0.42700821,0.45532908,0.55495378,0.51070051,0.43210542,0.46694794,0.53741864,0.55885478,0.55977345,0.60260926,0.46794177,0.60017894,0.59333016,0.55563912,0.61207968,0.60375947,0.59017146,0.62683122,0.41218910,0.59364204,0.53484818,0.49134260,0.44612222,0.54387246,0.51498561,0.47932247,0.58715688,0.54959094,0.50686036,0.38074441,0.50738685,0.34343287,0.62428887,0.58414638,0.40943068,0.46893368,0.47800474,0.54408741,0.43883805,0.57361319,0.62115273,0.50267051,0.51665011,0.45215030,0.54111293,0.54111141,0.49832296,0.47757380,0.54101863,0.51212908,0.61118122,0.66074646,0.57712301,0.46059217,0.61189472,0.41078280,0.60186801,0.59987083,0.46938433,0.54827051,0.58059195,0.57738441,0.58892582,0.47160337,0.68398365,0.39150118,0.51188852,0.62528002,0.48025461,0.50322084,0.48686333,0.53039816,0.47387844,0.50753038,0.60353155,0.55746563,0.53810601,0.56934262,0.50356837,0.54125182,0.53933328,0.54117002,0.48675247,0.55276549,0.59316675,0.55902742,0.53309625,0.46278315,0.55958901,0.52198704,0.63518900,0.69365379,0.65482392,0.43337637,0.00000000,0.46791921,0.68398365,0.39300345,0.57658096,0.60218693,0.49312631,0.57829256,0.46976569,0.61491785,0.52929365,0.66109829,0.56304737,0.53155402,0.60394092,0.64796660,0.42156547,0.64729681,0.46414477,0.53519145,0.59947040,0.66995540,0.63891263,0.55631909,0.60460907,0.60499315,0.65397249,0.47664920,0.56609766,0.54766582,0.55736473,0.57935210,0.55796486,0.60351179,0.56487823,0.39246113,0.41526827,0.55483290,0.51274187,0.53182982,0.45940540,0.46304510,0.48634431,0.58265689,0.46449726,0.42746991,0.58388564,0.69433390,0.63984015,0.49942641,0.65965443,0.59384299,0.58845549,0.53444091,0.56404159,0.48968143,0.51232622,0.37692796,0.47527585,0.55145884,0.56974319,0.42349179,0.65022796,0.67480935,0.62589468,0.60730662,0.68749624,0.56007480,0.51851052,0.57279729,0.53529844,0.44711078,0.60008765,0.62769015,0.36338080,0.56458123,0.54641652,0.68259817,0.41388954,0.49486934,0.48110128,0.64372844,0.60746252,0.41758232,0.57950876,0.51934578,0.64060050,0.53268192,0.62811128,0.69331589,0.52570291,0.52456991,0.40790391,0.40763113,0.40594918,0.47612113,0.62056754,0.50589929,0.44567673,0.57750158,0.58274382,0.56679416,0.53896951,0.65397249,0.45442497,0.65269083,0.52165997,0.50389982,0.60328364,0.47061772,0.62091192,0.65744177,0.50622536,0.52622101,0.47862131,0.53444334,0.62320689,0.56960156,0.60972181,0.53976121,0.59422784,0.63352861,0.62592762,0.53867972,0.44922674,0.57431159,0.66647408,0.52144558,0.48391005,0.58614610,0.46717179,0.65155030,0.64060050,0.60057382,0.67746321,0.65856562,0.46318725,0.49055791,0.51199275,0.58644794,0.62886126,0.47288449,0.39464999,0.45955191,0.49731734,0.62385629,0.55676452,0.47093892,0.53983938,0.57778819
88155,0.36671118,0.48398836,0.47140112,0.45079737,0.49226589,0.41007801,0.48626537,0.49119132,0.45907356,0.46886396,0.43645520,0.37256762,0.33418550,0.47187624,0.39417558,0.40433704,0.64185870,0.63146168,0.46987329,0.42966731,0.36297121,0.56322261,0.40902480,0.68770898,0.40791925,0.58382747,0.49470381,0.44847882,0.45276994,0.61809587,0.54552681,0.42848283,0.47953841,0.44675121,0.43992032,0.36463890,0.58400912,0.39296409,0.50414531,0.42172245,0.37369065,0.59026074,0.35814337,0.53051676,0.35659423,0.38411637,0.48432442,0.56361316,0.46253907,0.45181270,0.41613613,0.44501504,0.48937712,0.39063643,0.43117258,0.46581509,0.56002273,0.53318705,0.48738293,0.44292804,0.52993316,0.60994882,0.47850102,0.51902236,0.60781431,0.51037075,0.60433245,0.47172396,0.46775238,0.61509706,0.43253908,0.43378529,0.47319752,0.50637932,0.48171921,0.61831622,0.56310289,0.43115746,0.46471581,0.54760136,0.41913977,0.60785991,0.48093536,0.44478986,0.51211476,0.45968676,0.53933001,0.39999791,0.55697100,0.41588002,0.44413796,0.43243411,0.40672322,0.40696262,0.47799957,0.43892921,0.41946193,0.47644691,0.49323345,0.47790453,0.61626381,0.50276468,0.42161223,0.51876118,0.44446464,0.55330798,0.57745235,0.42559121,0.40888566,0.48657216,0.32564143,0.59898064,0.45755996,0.65266074,0.44092120,0.55106686,0.59879208,0.37699617,0.53694640,0.38646181,0.42767097,0.36061920,0.46446452,0.51928331,0.52255679,0.47483481,0.56858535,0.40630304,0.54006325,0.47611260,0.40179444,0.48305911,0.55278415,0.44554945,0.53439131,0.38454829,0.41764186,0.45165976,0.52803109,0.43660861,0.47976658,0.55193745,0.42776044,0.46791921,0.00000000,0.65266074,0.36411896,0.55861192,0.45509656,0.33467974,0.45862425,0.48615546,0.59431639,0.39968565,0.48906797,0.41880139,0.38238049,0.55819808,0.61584917,0.38890204,0.61893111,0.44234784,0.38118238,0.50357016,0.63897695,0.56075559,0.53695423,0.47737744,0.60517449,0.50205912,0.42169303,0.40287941,0.38913348,0.49488004,0.49401129,0.49021011,0.57985297,0.48821845,0.49839180,0.38889758,0.54885670,0.37066138,0.46011673,0.39811355,0.41487915,0.54677709,0.45227958,0.50694871,0.42695145,0.56375977,0.66829960,0.56478365,0.56862110,0.59869957,0.65756327,0.57298918,0.53109695,0.48502695,0.48127255,0.52653155,0.42894759,0.47882947,0.44900048,0.62500040,0.41073625,0.61930052,0.54101290,0.53110223,0.59245136,0.57951799,0.48480766,0.49748095,0.49969852,0.49966832,0.46584584,0.55230190,0.53091935,0.35418300,0.48390530,0.45518317,0.59876979,0.48626537,0.38412128,0.38656411,0.56072614,0.54306849,0.46167004,0.46049679,0.53580696,0.61366314,0.46315241,0.55095528,0.60786294,0.52907705,0.37303095,0.49083027,0.33016229,0.44821372,0.37528493,0.48040852,0.43327863,0.46551749,0.49919876,0.49415436,0.45751174,0.56573942,0.50205912,0.35124476,0.52339851,0.55708479,0.34379400,0.40980875,0.41650897,0.52843557,0.53259097,0.39551175,0.52660838,0.47487505,0.58103824,0.48184055,0.49049407,0.52686206,0.43473405,0.50030597,0.53616958,0.50805175,0.43669168,0.41129160,0.32965772,0.53629265,0.46889076,0.36722594,0.38514635,0.45195276,0.63543607,0.61366314,0.57555322,0.45762640,0.52953302,0.45508192,0.33802892,0.49464048,0.38563437,0.51233116,0.43631803,0.47231886,0.46087586,0.53062253,0.42731134,0.45479175,0.41798304,0.43606574,0.38661642
88202,0.60555127,0.58283902,0.65967491,0.55649216,0.62550682,0.53978248,0.60387735,0.55625179,0.64395388,0.69184579,0.73076951,0.64863177,0.63757822,0.61574064,0.50703128,0.52381311,0.69594621,0.55807576,0.64207940,0.45760700,0.48196530,0.49166543,0.52703168,0.68800751,0.53026625,0.62053770,0.54014665,0.60914472,0.64772642,0.51738218,0.65908763,0.61852890,0.63110708,0.62700199,0.59966268,0.58148344,0.71977757,0.69237184,0.73751941,0.68482775,0.58889975,0.59483399,0.52908521,0.53761912,0.51862538,0.58696047,0.65753602,0.51939436,0.60047581,0.64772336,0.57669367,0.58958372,0.63080964,0.55358357,0.46020673,0.55116486,0.70745992,0.56811581,0.38109601,0.49586432,0.57995052,0.71693397,0.69638728,0.50862659,0.72362486,0.64823013,0.67049284,0.57730066,0.66338475,0.70010130,0.66777759,0.57305026,0.57940344,0.62640117,0.64702147,0.72095430,0.60198790,0.59202563,0.68664515,0.57669427,0.63887457,0.70627936,0.51703635,0.62413654,0.65657401,0.59343926,0.61828316,0.64165443,0.70652340,0.52090988,0.45763584,0.69951359,0.52761948,0.55943914,0.61785065,0.60107542,0.59736233,0.59645413,0.55145803,0.66609920,0.61060897,0.70451040,0.55862496,0.63913507,0.66392540,0.49884181,0.51852655,0.61952231,0.42127004,0.59957456,0.68721149,0.52487909,0.58457621,0.00000000,0.64266647,0.66875350,0.62702648,0.72034411,0.59396394,0.68904034,0.52457049,0.63540880,0.34008732,0.65303861,0.56686208,0.58717225,0.58405897,0.51954163,0.60568904,0.53691075,0.38221247,0.58573377,0.48629545,0.60244962,0.41151707,0.66202644,0.71128987,0.53710810,0.59912669,0.59383835,0.62859469,0.59536693,0.56856387,0.68398365,0.65266074,0.00000000,0.60072533,0.62589846,0.67065185,0.57439767,0.60402410,0.66985098,0.59136623,0.39779969,0.66379833,0.33870712,0.66245904,0.51171892,0.64607826,0.59978982,0.63774885,0.59884543,0.43395289,0.25944701,0.19966794,0.30459039,0.44662377,0.46599152,0.45286103,0.46915298,0.42259408,0.49877459,0.66002462,0.45469552,0.41103538,0.53483427,0.52067493,0.47618085,0.78095316,0.62277722,0.64757025,0.49695827,0.44797438,0.61210625,0.59232788,0.64567348,0.35012467,0.52965565,0.58211416,0.51543510,0.67633054,0.71051137,0.67470939,0.41881832,0.64403197,0.64608733,0.38901019,0.52608812,0.43515950,0.65859262,0.63051614,0.63294902,0.71126886,0.56024946,0.60328869,0.58142644,0.32658457,0.35112525,0.70048542,0.59561399,0.64299803,0.61900549,0.70718826,0.62763052,0.66633255,0.48560414,0.29701205,0.64082477,0.60513095,0.50780610,0.71776577,0.60387735,0.52814766,0.63954917,0.61262145,0.54013164,0.68133331,0.60610036,0.58477714,0.69390268,0.65179499,0.61680272,0.62298476,0.58910121,0.43206328,0.64692615,0.57980368,0.73527693,0.64620365,0.67031671,0.57808989,0.53109387,0.32203190,0.45968983,0.58659871,0.48267004,0.46915298,0.68717889,0.69555048,0.46417647,0.57964517,0.36810937,0.68575611,0.35500050,0.37566647,0.50569641,0.66122959,0.55768585,0.48256001,0.65765502,0.60449342,0.54682993,0.47419824,0.70825980,0.62328418,0.49926620,0.55561994,0.65000044,0.66875894,0.68897282,0.59720797,0.53543203,0.62272656,0.44800512,0.65524428,0.69390268,0.60413938,0.64222893,0.56841001,0.59949037,0.50621795,0.52884070,0.59536668,0.48947413,0.63335809,0.69524801,0.64405861,0.66450992,0.46450311,0.55021744,0.66018921,0.55010188,0.60866508
88324,0.42071800,0.42744830,0.47801115,0.38651861,0.49704614,0.38070292,0.41372385,0.38328778,0.35384444,0.37052008,0.32154636,0.30465475,0.32463764,0.37478292,0.36870003,0.35899699,0.56655899,0.47792742,0.38440872,0.41863211,0.38490243,0.53305567,0.37476636,0.57482885,0.35843847,0.46243861,0.46514121,0.45585869,0.44555161,0.62973609,0.35613710,0.44326396,0.48168003,0.40542651,0.39954383,0.32195210,0.51542215,0.37118770,0.38243277,0.41644098,0.25593225,0.47779073,0.38108514,0.37739123,0.38000854,0.27244437,0.45665006,0.53014697,0.37881196,0.34751435,0.34608522,0.38069947,0.32772782,0.39021619,0.41637291,0.38062834,0.43955650,0.37684874,0.44168646,0.37583339,0.51191112,0.54799540,0.41614988,0.49254446,0.54164242,0.49491973,0.55277250,0.29564954,0.43643981,0.48068292,0.40974017,0.37589046,0.47434653,0.51223449,0.44898130,0.60858398,0.44323881,0.44035650,0.45941688,0.50601838,0.38760376,0.52976026,0.40546313,0.43779745,0.51845109,0.36251337,0.55294169,0.37677931,0.54245653,0.47007525,0.45308330,0.41656805,0.40091078,0.31072782,0.43032155,0.32018253,0.46169769,0.40894971,0.50122424,0.46720380,0.46724385,0.42932915,0.34246956,0.47769216,0.41562489,0.44789341,0.48370495,0.33989265,0.39556873,0.40078856,0.42285431,0.45515598,0.44387836,0.60072533,0.40737576,0.56518398,0.50461815,0.42387512,0.41339322,0.40030778,0.38523451,0.34031962,0.43321024,0.49871765,0.35892407,0.37748121,0.44205685,0.35731422,0.47765836,0.38259847,0.42969358,0.47422156,0.52174299,0.42766087,0.50238845,0.40976080,0.37510954,0.47969198,0.36825157,0.45604987,0.54101680,0.51720003,0.39129859,0.39300345,0.36411896,0.60072533,0.00000000,0.31352994,0.41274573,0.38775329,0.41003075,0.44965183,0.49544478,0.43994456,0.48435489,0.44482770,0.40711562,0.40757857,0.49802601,0.31272347,0.53917823,0.29134375,0.41376258,0.46732430,0.60909488,0.49716124,0.47849865,0.42917493,0.50843248,0.51786004,0.38785534,0.38247919,0.41727247,0.46158192,0.42518017,0.40002220,0.48817656,0.49985492,0.48384282,0.33255295,0.52527846,0.38802639,0.40096493,0.37497189,0.41777043,0.40231273,0.44943537,0.49413419,0.40816364,0.49151472,0.49013749,0.46558962,0.36948886,0.54512379,0.40933786,0.38779870,0.45211977,0.41074172,0.41938996,0.40184114,0.36350810,0.28709856,0.42399421,0.45733662,0.34529168,0.51737091,0.46813957,0.45621384,0.54701100,0.58312401,0.42979026,0.37486082,0.46913118,0.36482059,0.50529692,0.36369205,0.45963278,0.32517699,0.50884872,0.40921155,0.50676783,0.41372385,0.38743837,0.28168071,0.51966981,0.42399328,0.41557793,0.41167895,0.37635584,0.51675374,0.46274035,0.46594873,0.58329108,0.49485181,0.40805758,0.39077198,0.34730726,0.47029232,0.37616391,0.50014756,0.39745483,0.43537894,0.48647497,0.46869068,0.43333256,0.45728257,0.51786004,0.13369734,0.39733819,0.46158730,0.40155609,0.42398112,0.37516196,0.45060196,0.52584774,0.42847553,0.51700892,0.35910596,0.48980151,0.53773840,0.46025366,0.58936552,0.44790545,0.50979478,0.49331378,0.45469694,0.42622002,0.37973786,0.42547353,0.52666894,0.39240379,0.43705208,0.48974805,0.41295096,0.44005854,0.51675374,0.34531817,0.53920494,0.51706300,0.36563100,0.33373248,0.41168826,0.40866321,0.49847020,0.43370416,0.48030424,0.42619656,0.43408384,0.48474548,0.50803125,0.44885133,0.42623865,0.43944927
88325,0.58560138,0.53387091,0.60560266,0.49715456,0.57736691,0.55531953,0.54388961,0.49372682,0.46439105,0.54557510,0.49277005,0.49085712,0.47529782,0.45335663,0.50519136,0.47576002,0.68045490,0.55194718,0.56456937,0.57020511,0.54034791,0.61500845,0.49732019,0.39712884,0.47401681,0.58495079,0.56815593,0.58173047,0.58488867,0.68894739,0.52891423,0.56541345,0.59811354,0.56449356,0.52786878,0.53335047,0.65478738,0.55306708,0.55956812,0.57782339,0.38485760,0.62345884,0.57582976,0.46432409,0.53406813,0.42173706,0.59076964,0.60435625,0.53038823,0.54154004,0.49699293,0.46549657,0.50534187,0.54246474,0.57171939,0.54015822,0.59127631,0.50730567,0.49138287,0.48562657,0.61579120,0.59842665,0.52060981,0.60682636,0.65457597,0.58321708,0.58496955,0.41318751,0.56345160,0.50558279,0.58627776,0.51103434,0.62688948,0.55625458,0.59423718,0.65952823,0.58562245,0.58421386,0.53619239,0.64180832,0.48475595,0.65138308,0.50058123,0.60951664,0.65588451,0.45896919,0.61097319,0.52619848,0.62856096,0.59199297,0.55598704,0.60111854,0.54334851,0.23559011,0.58136570,0.44863400,0.54966382,0.49238643,0.63272401,0.61405329,0.53698483,0.52840530,0.52267144,0.57722479,0.53885363,0.53538947,0.57641868,0.44640734,0.47519619,0.50285908,0.64114249,0.51091666,0.53805286,0.62589846,0.50468429,0.68265776,0.47318541,0.58119994,0.47138183,0.56414773,0.47293629,0.50979532,0.51101430,0.60544611,0.49718238,0.49661723,0.55154538,0.50661350,0.61502068,0.46088398,0.56005286,0.60659739,0.60784473,0.54469719,0.59844936,0.57517609,0.56353321,0.57840367,0.47150765,0.54886919,0.61549271,0.60425550,0.52673676,0.57658096,0.55861192,0.62589846,0.31352994,0.00000000,0.54396968,0.55899349,0.50330662,0.58194902,0.55634930,0.55734178,0.60356998,0.56486766,0.57798017,0.47368546,0.52757302,0.49094900,0.54568678,0.32971019,0.50207935,0.54931064,0.63088667,0.57543051,0.60561082,0.56421798,0.57274992,0.65341563,0.53349632,0.54965227,0.57450086,0.54460955,0.53650057,0.51206156,0.57891582,0.60585090,0.65896145,0.51302811,0.65006729,0.53621632,0.49972457,0.58002898,0.54718291,0.42182483,0.56515673,0.63209721,0.58420789,0.51613829,0.30097762,0.37652586,0.49400381,0.60109277,0.25258005,0.27746135,0.53923061,0.50968895,0.51327012,0.52744388,0.55759803,0.38607219,0.56969990,0.54505669,0.44969023,0.52288476,0.49084033,0.51552159,0.58274951,0.68431599,0.54184116,0.42484118,0.59692283,0.48553521,0.65168153,0.43355854,0.51944580,0.51247382,0.55750734,0.53116991,0.51636486,0.54388961,0.55715643,0.45048777,0.62490932,0.50956294,0.53587442,0.50415442,0.46983351,0.54751673,0.65329063,0.53595656,0.60002638,0.57819809,0.49086170,0.51714565,0.52853801,0.62175951,0.49923910,0.61440127,0.53223527,0.55219603,0.51902942,0.57002697,0.57091171,0.56595595,0.65341563,0.41949840,0.18977893,0.56247614,0.55980684,0.55764310,0.54147119,0.51309159,0.55965183,0.56476377,0.58011041,0.47918697,0.56949561,0.62855281,0.59143371,0.67124170,0.55682219,0.59506771,0.59605572,0.57476360,0.51212329,0.53609489,0.61547046,0.60674856,0.48966310,0.54834516,0.64406846,0.53709158,0.25700772,0.54751673,0.28411431,0.63327090,0.57837308,0.47645913,0.50559714,0.47680537,0.54824331,0.62351887,0.59672163,0.56403236,0.56626942,0.56079227,0.60191455,0.61991135,0.60592745,0.51427193,0.55495510
88566,0.45970107,0.55028516,0.55503779,0.51611605,0.53555981,0.48826899,0.51091751,0.44910662,0.50592277,0.54835605,0.56216678,0.37584497,0.41355197,0.50165904,0.46735145,0.46168089,0.65304795,0.60445631,0.55124948,0.53382598,0.37837807,0.62029360,0.46443410,0.61078478,0.46244184,0.56551448,0.59925338,0.51673197,0.52404167,0.59255490,0.46814694,0.41357317,0.37282770,0.58317261,0.50434740,0.41517326,0.68874140,0.46620469,0.64887759,0.52374786,0.43841802,0.62816768,0.45617499,0.45524204,0.45331604,0.43445251,0.33030179,0.54207604,0.58516018,0.57188307,0.45873157,0.49143093,0.50534953,0.47236949,0.53246489,0.50618576,0.55070435,0.41269004,0.48589644,0.48584860,0.59200374,0.30491976,0.15839785,0.37076114,0.40454375,0.42019826,0.49130330,0.42811426,0.53779673,0.44232525,0.45342764,0.53550276,0.53770152,0.63050639,0.49176606,0.54724860,0.61391523,0.49560842,0.59695207,0.58716270,0.57187186,0.36354187,0.44772593,0.51170264,0.55172378,0.36905286,0.55725014,0.42913320,0.53791947,0.40986280,0.57282600,0.49470178,0.45099663,0.43753856,0.60923295,0.44391643,0.56047750,0.33465001,0.53905969,0.55171370,0.52081523,0.16252540,0.28040254,0.48819830,0.51094119,0.46139177,0.52551928,0.39627210,0.55216700,0.50942659,0.48289408,0.56062492,0.57759069,0.67065185,0.52130140,0.57678789,0.56654556,0.47573772,0.40832913,0.41541517,0.43363684,0.32585438,0.53553797,0.52585469,0.38266726,0.43044776,0.60695060,0.39060832,0.57525498,0.47198493,0.54457892,0.55434606,0.62586794,0.14030628,0.47304506,0.31298264,0.53165215,0.55815822,0.52450046,0.44617782,0.47333074,0.57290002,0.46880068,0.60218693,0.45509656,0.67065185,0.41274573,0.54396968,0.00000000,0.47053931,0.46679477,0.51622320,0.58143912,0.44201863,0.38808279,0.55342961,0.31288057,0.39489176,0.51418327,0.38138980,0.48497417,0.42021931,0.49720141,0.50626525,0.64105693,0.54116196,0.48355110,0.44800928,0.59315195,0.53823724,0.51507757,0.46240787,0.31733820,0.45316200,0.40538043,0.56716158,0.51748481,0.57999232,0.60878021,0.43801078,0.51659087,0.47177294,0.51821879,0.43151442,0.51484903,0.45763351,0.55713286,0.60352617,0.38128595,0.49881884,0.56771368,0.50097877,0.54677872,0.65444859,0.54280195,0.46778713,0.49744044,0.47891428,0.56432590,0.32927300,0.47848755,0.44105650,0.19605004,0.60559123,0.47169102,0.52908934,0.54695342,0.55001788,0.57009813,0.67779573,0.38300515,0.40513666,0.22246896,0.44526572,0.51753592,0.45013525,0.57181279,0.48155995,0.58972775,0.52216345,0.49889980,0.51091751,0.47537285,0.41295114,0.52246507,0.51127886,0.51104376,0.46839532,0.49688731,0.59789290,0.40819472,0.43244875,0.66378422,0.56734359,0.49254520,0.51607380,0.45419418,0.53860717,0.48897850,0.48318725,0.38297819,0.49558358,0.56727841,0.39409456,0.34258846,0.53783762,0.53823724,0.46821892,0.57888226,0.56937753,0.40216875,0.40499087,0.44371947,0.55477765,0.48077278,0.44158370,0.60772765,0.36350064,0.67545521,0.40546788,0.45053165,0.53320297,0.52570151,0.42305982,0.40049201,0.39424974,0.35723492,0.48950109,0.49532586,0.50424952,0.48734964,0.55326199,0.53383493,0.49765633,0.52699056,0.59789290,0.49746169,0.41403406,0.45681740,0.36085599,0.35716047,0.52277349,0.30613183,0.52121133,0.47290862,0.62169871,0.59978834,0.60613050,0.49528034,0.49085478,0.51855650,0.36076323,0.40955010
89988,0.36389932,0.33591358,0.36680286,0.44574499,0.40448902,0.27481595,0.37533859,0.49487497,0.43111889,0.51492425,0.44125373,0.40046610,0.36465013,0.42498812,0.27481687,0.26672704,0.64126431,0.54813181,0.40785121,0.32366129,0.28768967,0.40792777,0.30218638,0.62448852,0.27332220,0.46408260,0.33362213,0.37313935,0.42993901,0.55404835,0.46018431,0.37051537,0.44694368,0.38671964,0.41714108,0.39121236,0.59185177,0.38669631,0.53791285,0.46398201,0.39292561,0.58116340,0.31105066,0.38361637,0.29098326,0.47190915,0.58293244,0.44719204,0.32097458,0.34063421,0.29557519,0.42792700,0.51887290,0.25157334,0.32458130,0.42316980,0.57147721,0.44926200,0.37985158,0.32209626,0.33724189,0.55453879,0.48556590,0.49114082,0.55823431,0.57437465,0.55921925,0.38090940,0.49966800,0.62001942,0.42521295,0.37739947,0.35789175,0.41247017,0.49313076,0.60419975,0.49753719,0.33413718,0.54836517,0.49496100,0.41197861,0.52939688,0.39310086,0.45805267,0.44861030,0.46194452,0.47083241,0.40411138,0.50511567,0.43111643,0.43172286,0.50719497,0.31193945,0.46846027,0.58156616,0.45261935,0.38421774,0.41827514,0.45422113,0.50399297,0.53792852,0.49170216,0.35899970,0.50021315,0.41096849,0.49448146,0.56644780,0.32051149,0.33406983,0.50569072,0.38789110,0.48328455,0.38422911,0.57439767,0.34153348,0.49926018,0.60625032,0.34376412,0.52243395,0.44677276,0.35789480,0.38134557,0.39236563,0.49840532,0.44421814,0.42396404,0.51054391,0.42004744,0.56158369,0.51018794,0.28753939,0.31338890,0.41493756,0.44980999,0.49152917,0.46088872,0.51900763,0.45230783,0.49027067,0.40668812,0.47442918,0.47290616,0.32143820,0.49312631,0.33467974,0.57439767,0.38775329,0.55899349,0.47053931,0.00000000,0.51240835,0.49044452,0.50145206,0.42353658,0.51219510,0.30728419,0.45579764,0.49986706,0.54571269,0.30848082,0.60318693,0.34526313,0.26554507,0.44528075,0.56882854,0.48710592,0.43279414,0.33691819,0.44003021,0.42808108,0.34568924,0.39839820,0.46674434,0.42162194,0.41708873,0.45855343,0.56134442,0.48945477,0.54687361,0.36994761,0.48588404,0.32482919,0.46865571,0.26657580,0.36936127,0.54737410,0.46243029,0.31978798,0.33151646,0.50576158,0.62121829,0.55723858,0.53156873,0.56904342,0.65324376,0.53338477,0.43371044,0.44413727,0.47435177,0.46183869,0.30179874,0.44974769,0.44690099,0.54670416,0.41840075,0.56043833,0.42262921,0.44096904,0.61048896,0.60323942,0.55185466,0.50509840,0.46340166,0.46700724,0.43221603,0.45602834,0.47328378,0.37657007,0.54417293,0.46640229,0.60763027,0.37533859,0.25063379,0.47822901,0.49620515,0.42692282,0.44011017,0.51431806,0.49232250,0.70485293,0.44070303,0.51897739,0.54688849,0.41349344,0.26185989,0.46536253,0.38195124,0.51998595,0.37747442,0.56846573,0.28924598,0.38333396,0.48887961,0.45424351,0.45164341,0.50320378,0.42808108,0.48911828,0.66699612,0.49405056,0.29758605,0.40147039,0.45550233,0.44432328,0.41101913,0.29925303,0.35942586,0.33925589,0.40702275,0.50959785,0.46888194,0.52648780,0.40295493,0.49053700,0.53397818,0.38335936,0.42258430,0.47666419,0.34928365,0.63665226,0.38283253,0.23456623,0.27794647,0.32323257,0.66684365,0.70485293,0.59978601,0.48386772,0.60113127,0.45795383,0.24708749,0.34918963,0.38086409,0.45450505,0.42449342,0.55514634,0.45993635,0.41692626,0.48140495,0.44922210,0.29861416,0.42352383,0.44637899
90074,0.51780714,0.53945926,0.59858183,0.57784331,0.62809323,0.49917723,0.53159266,0.49565402,0.58985513,0.55668621,0.51272764,0.50428479,0.40481777,0.52766983,0.53608150,0.51274416,0.72462793,0.63903579,0.59587139,0.52929765,0.48115681,0.66876938,0.44312338,0.72454260,0.51662870,0.61716487,0.60383496,0.57324560,0.52797768,0.65908643,0.60005817,0.50476437,0.50725598,0.57829226,0.50903116,0.45462512,0.62847876,0.51173534,0.64160871,0.54667683,0.46565135,0.67219523,0.48372507,0.48679002,0.48840769,0.42833779,0.57764304,0.60851383,0.52016998,0.56947391,0.50966865,0.47110500,0.53455785,0.48653093,0.53122630,0.46333676,0.52584663,0.53980028,0.51868987,0.41704926,0.59306637,0.62800165,0.51955089,0.55108926,0.67526949,0.48474365,0.59548803,0.49014138,0.59791035,0.63536617,0.46045235,0.51562583,0.50891389,0.59640497,0.51568503,0.59636859,0.58664976,0.50510744,0.60049198,0.57151578,0.50700936,0.65503370,0.53710924,0.52313092,0.61287089,0.47811722,0.63886811,0.42706837,0.56493931,0.49608924,0.49585806,0.48916552,0.51342010,0.48580833,0.56614360,0.42321974,0.49867494,0.48332537,0.57306225,0.57002671,0.61944085,0.53676328,0.43979287,0.50547429,0.50657047,0.52179916,0.53647327,0.52252651,0.42798041,0.42636590,0.52930071,0.56915502,0.58063366,0.60402410,0.51491258,0.63377186,0.63054504,0.49496826,0.46273023,0.42988636,0.46813648,0.41747995,0.49117706,0.56611995,0.51905844,0.50959634,0.58370631,0.42137477,0.57751270,0.47543596,0.49373186,0.62654119,0.62995279,0.47112514,0.45860215,0.43928324,0.52246222,0.47505665,0.50385665,0.50310502,0.53271656,0.61652587,0.52606429,0.57829256,0.45862425,0.60402410,0.41003075,0.50330662,0.46679477,0.51240835,0.00000000,0.51332130,0.60975465,0.43112729,0.49221774,0.49635588,0.43783569,0.51565697,0.60219705,0.42230242,0.56698273,0.45787283,0.47550987,0.44507521,0.58712452,0.46116539,0.54249157,0.50250425,0.61641311,0.56119066,0.50006789,0.40969834,0.44302561,0.51894073,0.42119675,0.49648678,0.53700809,0.42755092,0.61756454,0.47916509,0.52459261,0.44622783,0.38037912,0.47340613,0.51849583,0.53871816,0.44537332,0.62506949,0.47417612,0.52717732,0.67830636,0.63466839,0.52929614,0.53648689,0.54656412,0.58616130,0.46775648,0.47704324,0.45232363,0.55634458,0.52621294,0.53522641,0.48679144,0.62930184,0.45083240,0.59957168,0.51494248,0.53045689,0.56133914,0.62768857,0.40722533,0.56122944,0.56937246,0.50736866,0.60736312,0.51481727,0.50405792,0.49553213,0.51463285,0.44283715,0.60561775,0.53159266,0.47010289,0.46072057,0.61855935,0.55516730,0.49729491,0.00054803,0.53416563,0.59168210,0.43526359,0.47730004,0.62978350,0.56543574,0.47024512,0.51900403,0.44635322,0.57847116,0.54436318,0.54274061,0.51975442,0.50319794,0.48372443,0.49669496,0.48209363,0.49225125,0.56119066,0.49184895,0.57549693,0.50037758,0.51005316,0.40523398,0.46717792,0.52884562,0.55448568,0.49618250,0.65924463,0.51271462,0.60263210,0.44996732,0.48748492,0.53455194,0.52849545,0.50377933,0.54385132,0.54298132,0.48548711,0.50411174,0.53106892,0.55805923,0.46016437,0.57334468,0.56194220,0.53098655,0.57061283,0.59168210,0.49361147,0.51736706,0.47427452,0.42196494,0.44972772,0.58497152,0.43281047,0.55366390,0.54554973,0.61090957,0.55251855,0.56539748,0.46090658,0.50682799,0.47365542,0.48077353,0.49601553
90106,0.48782432,0.50443412,0.48860101,0.49983347,0.54972887,0.45357448,0.51229530,0.50418607,0.52391945,0.41634367,0.43276366,0.44919077,0.21072842,0.50493482,0.48782210,0.43432731,0.59659404,0.50332733,0.53113910,0.52641469,0.51779914,0.65765839,0.50120146,0.70780292,0.43716013,0.54090085,0.48884643,0.47171374,0.43044595,0.65535614,0.60070583,0.57761505,0.50796319,0.49312966,0.50605342,0.50149585,0.55188575,0.55011282,0.54835473,0.20646467,0.46618052,0.59115621,0.48587473,0.45010528,0.43045022,0.42430245,0.49943764,0.51061187,0.48659000,0.45519009,0.45460252,0.52035393,0.57626069,0.45561627,0.53038893,0.43675151,0.48818362,0.55707794,0.53171512,0.53917822,0.60701857,0.52281605,0.46606431,0.59028763,0.51448100,0.54435992,0.60767069,0.40388359,0.56110207,0.64899968,0.61919055,0.46310928,0.50448685,0.60664257,0.04618004,0.49827093,0.53594133,0.55746340,0.57809302,0.50199606,0.49467041,0.48027802,0.45878460,0.53807929,0.40212264,0.53118262,0.48467452,0.55059101,0.48511869,0.56401485,0.50935249,0.37211700,0.49216858,0.52304606,0.50005817,0.38704143,0.56703543,0.44797089,0.55942999,0.44566010,0.61770152,0.48486503,0.42645076,0.54657415,0.37778895,0.56873757,0.56625359,0.49754894,0.50243915,0.49044491,0.56218782,0.51788644,0.52601221,0.66985098,0.26039038,0.55175244,0.63217290,0.50249517,0.50028547,0.47684123,0.51847786,0.45657163,0.51162259,0.51263006,0.53407095,0.52159561,0.48671875,0.51373399,0.58759632,0.49124973,0.51220915,0.51226948,0.61106000,0.53112273,0.54115733,0.39648803,0.49409957,0.55989627,0.52116526,0.55083855,0.62409796,0.64599197,0.47738922,0.46976569,0.48615546,0.66985098,0.44965183,0.58194902,0.51622320,0.49044452,0.51332130,0.00000000,0.48940909,0.48637715,0.60400737,0.53391875,0.39027908,0.56445036,0.62256786,0.40263878,0.55299766,0.44482099,0.51706868,0.61000331,0.61268120,0.63404058,0.53702512,0.56006429,0.63294397,0.66380334,0.53952867,0.49840733,0.38938330,0.54996887,0.58800419,0.48455482,0.56414718,0.52075669,0.54825869,0.51158252,0.56052111,0.49390472,0.47780072,0.45841686,0.52648672,0.58200580,0.54791922,0.54818364,0.41896597,0.50501005,0.60538701,0.65149565,0.44725164,0.62249310,0.57201724,0.57336480,0.54908800,0.53871719,0.49452233,0.38854991,0.47374396,0.55517551,0.49843920,0.48992563,0.26276943,0.58591201,0.56791431,0.59287783,0.56009127,0.59658695,0.51822679,0.60734449,0.47893898,0.52193748,0.34123850,0.59225542,0.53813096,0.47017307,0.60717490,0.56278183,0.61877747,0.51229530,0.51096227,0.46344106,0.57601893,0.49984635,0.43025379,0.51577056,0.49166673,0.54909721,0.48411137,0.55439408,0.59184435,0.54230807,0.50653547,0.42218955,0.31597241,0.30071989,0.32136948,0.51951484,0.46305371,0.44850884,0.51026180,0.54547193,0.51953201,0.33854047,0.66380334,0.50292922,0.69814271,0.32529609,0.50611795,0.54398625,0.27060983,0.59341680,0.56784446,0.51394706,0.62572235,0.45154338,0.63085726,0.55111576,0.55444645,0.64579104,0.60977323,0.56674054,0.58495173,0.56215737,0.47532624,0.33223658,0.55349876,0.64327493,0.52506425,0.51133206,0.58641764,0.51813200,0.62885767,0.54909721,0.53807819,0.59873171,0.61730473,0.46489701,0.48919263,0.52145892,0.48865751,0.59910073,0.43849624,0.60260635,0.57644362,0.57641492,0.57586565,0.59032792,0.48569008,0.47967316,0.55801530
90107,0.54403598,0.51645024,0.54333116,0.47202739,0.53863595,0.52922969,0.55919349,0.51398008,0.55979642,0.62882072,0.62157704,0.56514574,0.49705755,0.37982960,0.44033327,0.46446416,0.35153567,0.24595939,0.56306989,0.47640211,0.50816205,0.49997256,0.49172091,0.59185075,0.46047976,0.51121833,0.50660940,0.46691394,0.56243539,0.63368680,0.50247669,0.49752093,0.45828864,0.59909606,0.55147121,0.52473400,0.66200877,0.59055442,0.60210743,0.51887367,0.51145493,0.33585211,0.49951400,0.43937837,0.47712638,0.37751172,0.58093458,0.29256799,0.56203420,0.57775398,0.53019932,0.36989323,0.59779946,0.53880650,0.47931333,0.48931407,0.64469016,0.45090175,0.39441894,0.53250138,0.44855338,0.57022077,0.54390217,0.50057016,0.60175296,0.56082382,0.55664525,0.42404663,0.60649853,0.66490118,0.61667279,0.49310803,0.59544217,0.53609312,0.47317960,0.65648167,0.51135586,0.54237590,0.64218674,0.66534551,0.54908210,0.54774392,0.17714689,0.58354167,0.52633583,0.52272115,0.52216408,0.60167544,0.60876745,0.53224569,0.61523569,0.62774544,0.50139264,0.49812917,0.55279064,0.46077948,0.56089719,0.51170778,0.61234554,0.51097294,0.46838273,0.54906040,0.51478205,0.56576753,0.59333764,0.45755070,0.52623265,0.50375892,0.53104322,0.54353146,0.60894215,0.29494638,0.50167469,0.59136623,0.45512408,0.64206295,0.59682512,0.58540723,0.52291165,0.59694501,0.37890526,0.51609643,0.50047416,0.57031809,0.43123051,0.43526065,0.32224296,0.50730090,0.41203694,0.49907187,0.53559825,0.52630793,0.53273755,0.50728256,0.51478896,0.54204870,0.64554969,0.64108276,0.52548512,0.50230569,0.58828852,0.49927418,0.56251910,0.61491785,0.59431639,0.59136623,0.49544478,0.55634930,0.58143912,0.50145206,0.60975465,0.48940909,0.00000000,0.55745410,0.61203875,0.54723542,0.53712056,0.49060889,0.59272227,0.57728353,0.54352356,0.47212985,0.50634406,0.56963323,0.59262226,0.58153993,0.55344847,0.53775410,0.57181495,0.61106426,0.51374794,0.51441061,0.53240012,0.43708547,0.57794935,0.51586191,0.52775912,0.59643353,0.67122386,0.56875358,0.56795902,0.52080223,0.54986587,0.57772020,0.61360221,0.59543924,0.59057888,0.53950725,0.55442852,0.50176375,0.61380991,0.65232530,0.58350957,0.53264572,0.61788120,0.58223456,0.56051649,0.50302392,0.56587489,0.41401570,0.55407433,0.54127402,0.59236236,0.25606743,0.48419692,0.44527638,0.43987456,0.42226304,0.53049871,0.65202621,0.57940098,0.56685344,0.56038541,0.55829855,0.50004099,0.47894938,0.43687385,0.53882806,0.51516326,0.52529229,0.58994054,0.55919349,0.50048362,0.55740414,0.60240095,0.29346743,0.60435061,0.61032054,0.53927773,0.58706192,0.60255006,0.58692767,0.46953467,0.58937904,0.50294759,0.60394916,0.50859116,0.58800085,0.47920227,0.68793611,0.50066123,0.49456702,0.59089250,0.50596106,0.47764596,0.49886842,0.61106426,0.56616891,0.64514648,0.50565320,0.52121302,0.54444717,0.52738890,0.42167233,0.45521560,0.51797037,0.64120211,0.46313646,0.51914124,0.57924766,0.50209340,0.62211974,0.58889366,0.61729246,0.51040853,0.46110005,0.51384210,0.46177991,0.58076785,0.63889452,0.53013179,0.54067624,0.60906139,0.47056312,0.64268760,0.58706192,0.60674445,0.61910614,0.59880671,0.56961958,0.51608685,0.31540383,0.52179875,0.61568953,0.50227680,0.61680601,0.54868308,0.55325831,0.56039487,0.56359817,0.59883074,0.51152652,0.55391694
90147,0.37423481,0.45298972,0.52119741,0.49606311,0.51720304,0.36114035,0.45480397,0.42423611,0.50735829,0.52184971,0.58954040,0.38273002,0.38030894,0.54285423,0.39636769,0.35536697,0.66679238,0.56591432,0.49676292,0.39093811,0.28694055,0.51596152,0.36566728,0.64987890,0.36072799,0.54995053,0.49060552,0.44990067,0.53174129,0.52890880,0.56058414,0.37963117,0.36813156,0.48807971,0.40461264,0.37111949,0.59141863,0.39710782,0.65816091,0.46571881,0.50061460,0.60219482,0.35486678,0.47620220,0.37171316,0.42687696,0.51371047,0.51359655,0.48766294,0.49523840,0.35960841,0.41757002,0.58824079,0.37657159,0.39543324,0.40298774,0.57566733,0.51932902,0.46659991,0.37795805,0.50824312,0.58354955,0.51094928,0.44714080,0.66100578,0.45268114,0.51957934,0.45057124,0.50868521,0.60046020,0.46616435,0.44106457,0.43387348,0.47331505,0.47355811,0.59586212,0.58409487,0.43104970,0.58745083,0.46065112,0.51205944,0.61049283,0.45464605,0.47082595,0.48300829,0.48788880,0.55280260,0.45100504,0.58999804,0.34394976,0.23838242,0.49536833,0.38254588,0.44164722,0.55099076,0.51689729,0.38674047,0.38799073,0.42950606,0.54110548,0.61112876,0.52552801,0.31736596,0.48149680,0.48291045,0.53547006,0.57122182,0.40091132,0.29135284,0.54082969,0.46755710,0.54197341,0.48848884,0.39779969,0.47288203,0.55281409,0.55491516,0.48171714,0.48061636,0.47831785,0.42485232,0.33951396,0.22335795,0.59777106,0.50470980,0.46384608,0.57088109,0.41598155,0.55253529,0.51568579,0.37326827,0.47314890,0.48215576,0.40966038,0.31769342,0.40986656,0.51263700,0.38416824,0.54449009,0.44013346,0.48538667,0.48075644,0.38214258,0.52929365,0.39968565,0.39779969,0.43994456,0.55734178,0.44201863,0.42353658,0.43112729,0.48637715,0.55745410,0.00000000,0.43864687,0.35823106,0.41002082,0.44816741,0.57804959,0.34531324,0.54193644,0.44801846,0.24804806,0.30077013,0.40396246,0.35856247,0.43052067,0.35777738,0.45708699,0.39632533,0.40462956,0.34146624,0.41871624,0.39610961,0.33030765,0.42074592,0.57145226,0.34564973,0.56944962,0.35217939,0.51226424,0.32707425,0.34503058,0.38666390,0.42960272,0.56166591,0.30556828,0.42485732,0.37568035,0.49427486,0.63491137,0.53701297,0.58579573,0.45314425,0.58094118,0.54953246,0.40013857,0.43043344,0.32460642,0.55038409,0.41115806,0.54382090,0.49416240,0.56256167,0.44329158,0.58421585,0.43903007,0.42331069,0.58184026,0.54161237,0.46356873,0.54678898,0.49201552,0.51652438,0.49603918,0.47849179,0.34271313,0.39531173,0.47697415,0.39546523,0.56956068,0.45480397,0.34205774,0.50820713,0.57482090,0.52160001,0.49031842,0.43385521,0.57583569,0.68605169,0.43617172,0.45151219,0.61110313,0.53629501,0.23648749,0.51921190,0.37197874,0.51208830,0.53031368,0.47941112,0.36333422,0.36838384,0.21780874,0.35631164,0.43998500,0.39644803,0.39632533,0.51560731,0.64684148,0.35690060,0.37257717,0.26103276,0.41062522,0.42675451,0.44662566,0.34019893,0.53963394,0.39580622,0.50838521,0.45450331,0.45178244,0.35532509,0.32581727,0.44283728,0.43132998,0.40572939,0.34939851,0.46847167,0.45245723,0.53988971,0.43756184,0.34371580,0.43146499,0.37561159,0.61157484,0.68605169,0.50342224,0.45366240,0.46988361,0.36651295,0.31462442,0.48664962,0.39038220,0.45977530,0.50637760,0.59368106,0.59118888,0.56682158,0.34607713,0.38623919,0.44766055,0.34115600,0.36965913
90157,0.52576328,0.59719921,0.61114971,0.62273870,0.56121337,0.47097147,0.56038011,0.56400216,0.61821490,0.63164433,0.63352814,0.44695384,0.48371298,0.57054820,0.54221538,0.52955355,0.74269836,0.64830596,0.63132747,0.55881284,0.42846332,0.65707051,0.49319382,0.64626950,0.52640503,0.55672921,0.62190239,0.52146686,0.56732284,0.72212638,0.61591590,0.46668078,0.48352335,0.64273817,0.53981575,0.47565934,0.70554223,0.50778140,0.69621619,0.59586435,0.53008367,0.68933134,0.48125237,0.47971682,0.47996388,0.50548558,0.56470037,0.58926486,0.56641012,0.53246832,0.45939706,0.55588212,0.59446330,0.52620364,0.55995005,0.54578163,0.62514491,0.47757247,0.51066012,0.50393717,0.56400719,0.63906616,0.48789419,0.48145503,0.68128284,0.50875968,0.63466400,0.54680464,0.51636083,0.64291629,0.50501821,0.57080805,0.57218823,0.55208175,0.61038312,0.67943074,0.60893232,0.53876786,0.69280355,0.65789255,0.60729233,0.65379769,0.52617422,0.61088519,0.60947422,0.53957110,0.67289822,0.49838718,0.65977285,0.40687421,0.54593436,0.53584259,0.50985268,0.51011370,0.61521952,0.50872519,0.49644936,0.49070377,0.63173196,0.55066240,0.62550076,0.50282663,0.33317551,0.54297574,0.58663588,0.58099100,0.62895501,0.50865756,0.54729880,0.60730551,0.50820698,0.60129539,0.58958196,0.66379833,0.56097113,0.66099620,0.65363152,0.51944539,0.56755963,0.50347871,0.44537299,0.44723237,0.57570656,0.57990952,0.48537988,0.53645301,0.62642852,0.53115486,0.62157356,0.51107243,0.49224430,0.55294227,0.57680492,0.37809061,0.48599965,0.44599217,0.60217761,0.57679963,0.52031758,0.50976876,0.52076113,0.52983108,0.46856166,0.66109829,0.48906797,0.66379833,0.48435489,0.60356998,0.38808279,0.51219510,0.49221774,0.60400737,0.61203875,0.43864687,0.00000000,0.50650421,0.44486118,0.49354142,0.58264836,0.41167363,0.67562459,0.50209533,0.51178306,0.52206759,0.65048700,0.54502513,0.61982091,0.51941713,0.60856779,0.55867374,0.57336083,0.50514635,0.44568670,0.49748418,0.49710024,0.57613695,0.63016429,0.58787601,0.69171920,0.44018198,0.58937077,0.50402517,0.51250660,0.46716015,0.54847772,0.60855842,0.55431093,0.59222666,0.46703273,0.61378592,0.65378153,0.58095548,0.56650522,0.59946260,0.63385958,0.63061449,0.60023652,0.51146874,0.55920082,0.56860916,0.52531217,0.58434396,0.52535210,0.65353749,0.49156206,0.57878648,0.53833583,0.55286037,0.63929030,0.69599233,0.53511283,0.58097186,0.52214240,0.58191691,0.59270730,0.48038193,0.61061144,0.52039718,0.55829529,0.50525290,0.59479910,0.56038011,0.43482446,0.56295810,0.67460144,0.57401503,0.59193489,0.49285931,0.62010029,0.69321106,0.46322126,0.54316200,0.69366108,0.56398056,0.50896732,0.63082602,0.51987752,0.62142368,0.56315591,0.57786320,0.43939760,0.50371880,0.58454343,0.47489296,0.44392373,0.57878854,0.55867374,0.54733303,0.62083336,0.57645445,0.41269854,0.41819657,0.47261674,0.55160542,0.52981648,0.47619773,0.59172258,0.45271309,0.64629124,0.51453358,0.47468508,0.54226907,0.50900414,0.50933948,0.39489102,0.50350255,0.48092836,0.56274504,0.49282641,0.59959089,0.51294313,0.58509811,0.48586291,0.50835351,0.62870972,0.69321106,0.57639680,0.47799009,0.53151685,0.46618216,0.35528722,0.57877210,0.42397973,0.62503184,0.52810498,0.68986933,0.61873016,0.62735410,0.54225204,0.49125482,0.52132426,0.47514967,0.51398706
90477,0.44789177,0.45840711,0.45416143,0.52052697,0.46501620,0.34983067,0.44529642,0.49463641,0.52721206,0.57396247,0.50352569,0.47608887,0.42258293,0.50042312,0.38770809,0.36480641,0.61620860,0.52000859,0.51904222,0.34127870,0.32750275,0.47093713,0.37331997,0.68429954,0.36957968,0.55507643,0.39717441,0.42391880,0.44613900,0.55530335,0.55003567,0.41263215,0.45634720,0.45169412,0.47745355,0.43616469,0.62703410,0.48495093,0.57614024,0.51260570,0.43122558,0.54296877,0.36778433,0.41274482,0.37878508,0.43484376,0.56150518,0.47374775,0.46060572,0.47642765,0.44958410,0.47702732,0.48128351,0.35287139,0.34137193,0.46233600,0.63008562,0.49116508,0.34755857,0.38369010,0.28856657,0.65725650,0.53922699,0.46697920,0.62045877,0.55905278,0.57962761,0.45829677,0.53446137,0.65466296,0.48799607,0.42409054,0.33398271,0.46502337,0.50963508,0.63346446,0.46836805,0.43523681,0.58487117,0.50149491,0.50953763,0.63011005,0.39156048,0.51796336,0.49939096,0.51356977,0.48071942,0.45823400,0.57899937,0.37969032,0.37161138,0.50309390,0.35773332,0.44950570,0.55411338,0.43959487,0.42494344,0.53038049,0.47580739,0.53037130,0.55638168,0.54543751,0.44664333,0.48416017,0.48844877,0.44075449,0.47180499,0.46056453,0.32251052,0.48679449,0.43734250,0.42925921,0.39311865,0.33870712,0.41522569,0.52102970,0.61942757,0.47534215,0.50958018,0.47996253,0.32445020,0.48379274,0.31444283,0.49537787,0.50180908,0.47769503,0.48757561,0.42595129,0.47445527,0.48437519,0.02842286,0.38614723,0.42998695,0.48092192,0.39455792,0.54904615,0.53727854,0.45174687,0.50340043,0.46928132,0.51560578,0.51423676,0.46931665,0.56304737,0.41880139,0.33870712,0.44482770,0.56486766,0.55342961,0.30728419,0.49635588,0.53391875,0.54723542,0.35823106,0.50650421,0.00000000,0.54669145,0.47353294,0.57697920,0.41805279,0.65282628,0.41174013,0.28884262,0.28231477,0.31073765,0.31500476,0.43112788,0.37305313,0.41460844,0.41212471,0.29844125,0.40669928,0.54612218,0.39027576,0.35154474,0.45714816,0.47260775,0.40797613,0.66669717,0.46721744,0.56106302,0.37801236,0.36338320,0.39759132,0.44117913,0.57745292,0.35750705,0.39600963,0.41081054,0.50298213,0.65814018,0.60407271,0.55970852,0.46721336,0.63848636,0.60141845,0.38853473,0.40684027,0.42309362,0.51847635,0.36640068,0.52675805,0.53725310,0.51608247,0.43768823,0.52516899,0.31866138,0.28939294,0.66479725,0.54625050,0.56281474,0.54555406,0.55319620,0.49059119,0.49800518,0.44010093,0.34552152,0.46264003,0.46150516,0.36240635,0.60637081,0.44529642,0.28158641,0.48881192,0.55173591,0.40817495,0.49621001,0.49834040,0.50010567,0.65640155,0.50047488,0.53573370,0.49646858,0.36746913,0.28576264,0.52050502,0.41876880,0.63270153,0.41514020,0.58490581,0.34415026,0.33505381,0.35982715,0.38330168,0.45911723,0.46874759,0.41212471,0.49639020,0.61088389,0.45385801,0.38305756,0.30611921,0.49155948,0.29288438,0.31151432,0.40048725,0.50040899,0.38533722,0.41219694,0.55102596,0.48973980,0.51398915,0.40838311,0.54684484,0.49875919,0.38249634,0.48982332,0.50327192,0.37964647,0.62546776,0.45315343,0.28524329,0.31840174,0.32093563,0.65151083,0.65640155,0.57499867,0.49690868,0.55396430,0.49528695,0.32600187,0.39631812,0.47049809,0.42972926,0.46503396,0.59067078,0.48700982,0.51827386,0.39891286,0.48164132,0.40761425,0.47812405,0.49270399
90720,0.40714243,0.47082892,0.49984612,0.47322738,0.48353385,0.43455248,0.51433436,0.49949643,0.50102570,0.48742536,0.50021631,0.37005146,0.32686441,0.48689564,0.46569406,0.42751167,0.68077824,0.60592729,0.52269241,0.50274146,0.40751905,0.58969906,0.44161615,0.67236606,0.42905279,0.55320171,0.55223457,0.47704947,0.51619953,0.60191268,0.52214537,0.41600629,0.39799753,0.54285032,0.45051820,0.42564831,0.61649239,0.47190537,0.55909484,0.38696810,0.45786738,0.66026612,0.43004956,0.51113870,0.37496695,0.40494707,0.45698063,0.54756426,0.54282443,0.51798183,0.42822523,0.46095087,0.63770774,0.40872229,0.50129739,0.43845027,0.54269657,0.52981835,0.53365910,0.47036017,0.54526985,0.53518372,0.42803048,0.54064393,0.57875191,0.48565948,0.56488834,0.43555350,0.50831769,0.64596481,0.48844603,0.48520652,0.49674382,0.55698048,0.40355833,0.54971115,0.58114422,0.52776762,0.54146541,0.53716758,0.49871313,0.51744102,0.45561818,0.47588157,0.49993380,0.48146320,0.51460059,0.44982107,0.52397586,0.45269732,0.47764462,0.44154560,0.41148294,0.48258848,0.50494222,0.47579805,0.48262036,0.36293376,0.48638775,0.44484229,0.57850128,0.45329736,0.30498565,0.51649689,0.49911552,0.52319396,0.57969081,0.43496976,0.49237821,0.49994288,0.44028727,0.59113799,0.50556399,0.66245904,0.40400241,0.57933517,0.59455628,0.48480901,0.53571771,0.42526486,0.47404052,0.28804455,0.45483958,0.54458021,0.51644477,0.47187592,0.60440746,0.39902210,0.61714191,0.52156375,0.53597547,0.52541872,0.59584193,0.32484386,0.50583298,0.00448112,0.50394381,0.49454657,0.56328709,0.42580455,0.43116752,0.58466853,0.43814323,0.53155402,0.38238049,0.66245904,0.40711562,0.57798017,0.31288057,0.45579764,0.43783569,0.39027908,0.53712056,0.41002082,0.44486118,0.54669145,0.00000000,0.51065672,0.63147632,0.35095183,0.53150586,0.49525683,0.44746576,0.52534894,0.63371224,0.56897725,0.47856010,0.45065077,0.56516016,0.52409145,0.53822109,0.44576685,0.01866568,0.53240630,0.44898798,0.51614830,0.57705002,0.52650572,0.53194019,0.40103424,0.47504203,0.39206251,0.45990656,0.41012191,0.48966959,0.57085605,0.49926581,0.54295920,0.41639415,0.51080792,0.64018758,0.61736661,0.58446770,0.57773187,0.63246558,0.55670963,0.51430462,0.54542299,0.48443274,0.42650832,0.45260784,0.50881462,0.42699044,0.59898343,0.45246708,0.60050582,0.54275924,0.58044167,0.54786424,0.62067343,0.47366942,0.55632547,0.41879582,0.50926755,0.44358805,0.52344277,0.53759155,0.41014256,0.58358351,0.49487146,0.54888485,0.51433436,0.43679950,0.43326144,0.51359140,0.52294415,0.52425541,0.43878235,0.56071344,0.58799006,0.40497013,0.48386199,0.66785142,0.59291258,0.44804231,0.53469138,0.37386154,0.42769502,0.41155286,0.42105946,0.40572381,0.44497378,0.51118129,0.52132738,0.41069886,0.46943644,0.52409145,0.44999099,0.64849595,0.48414310,0.37554284,0.41050711,0.37375561,0.57948557,0.54133068,0.40302870,0.61275478,0.41293767,0.66996920,0.43687642,0.49292490,0.53818604,0.48160661,0.40656912,0.47675224,0.52576843,0.38746446,0.42361794,0.43797746,0.54076954,0.48191669,0.50200100,0.52835679,0.50132581,0.62690581,0.58799006,0.56104738,0.42528810,0.50246036,0.44485329,0.36713384,0.52587127,0.33016639,0.49314132,0.46691074,0.56315417,0.57041915,0.57107584,0.47413915,0.45272474,0.43511838,0.38672446,0.40380550
90730,0.57571527,0.55794599,0.62283791,0.46769594,0.59829753,0.51980666,0.51229725,0.45491946,0.53152405,0.59838379,0.57870439,0.50199468,0.48128380,0.45458101,0.43026814,0.44458545,0.59642126,0.49505446,0.57798861,0.48617204,0.42801540,0.48442810,0.47280310,0.60923011,0.44543306,0.55450588,0.53205420,0.54903122,0.51911519,0.62091632,0.49162789,0.47065001,0.48075914,0.59720923,0.53001705,0.44455502,0.66929422,0.55851043,0.61953436,0.61709499,0.39913677,0.55711994,0.47588279,0.41336771,0.47914135,0.43678946,0.47379435,0.46450354,0.49044247,0.52679869,0.49999001,0.46946257,0.43702462,0.53041188,0.48640132,0.45784622,0.53539986,0.34033481,0.37814556,0.47444505,0.53549552,0.50730597,0.37304367,0.34852209,0.53986878,0.46084092,0.49101164,0.37575131,0.59740373,0.39359626,0.57457316,0.50828664,0.57916305,0.56995007,0.55579408,0.58364779,0.48185674,0.48892794,0.64783999,0.55387284,0.55425630,0.50067840,0.42156576,0.54282177,0.58797291,0.36957614,0.59383766,0.55098477,0.57756657,0.50130673,0.57763927,0.61273387,0.50356252,0.44716941,0.56429023,0.42100227,0.57196259,0.40490782,0.55394910,0.55692358,0.49218283,0.37883878,0.42668044,0.43886780,0.51208511,0.44629735,0.48209498,0.47290563,0.43982632,0.47201596,0.59526212,0.43973977,0.57163566,0.51171892,0.52740173,0.65358286,0.53656977,0.53920394,0.39457447,0.45180414,0.42725216,0.44165555,0.45863306,0.52252052,0.32668014,0.42223365,0.50992407,0.41055569,0.56350587,0.43812996,0.47498728,0.57712960,0.53465951,0.42456816,0.39583565,0.50694172,0.57235538,0.59201164,0.41979586,0.46861497,0.55302397,0.49827635,0.52665553,0.60394092,0.55819808,0.51171892,0.40757857,0.47368546,0.39489176,0.49986706,0.51565697,0.56445036,0.49060889,0.44816741,0.49354142,0.47353294,0.51065672,0.00000000,0.54003669,0.45981718,0.50493641,0.35020163,0.45911193,0.45607416,0.54774312,0.47635895,0.46645059,0.46241134,0.47168143,0.51443344,0.47232466,0.45115374,0.50535453,0.36212269,0.49246340,0.50990652,0.48162430,0.53093607,0.65690972,0.50477001,0.56320237,0.50968686,0.48105721,0.54018362,0.60638919,0.40548547,0.47191660,0.55654326,0.50137971,0.44049657,0.56602517,0.58919665,0.46188710,0.49281314,0.49298021,0.54406061,0.43171595,0.43029382,0.51792427,0.41869068,0.53349057,0.36590123,0.41929937,0.49457854,0.45100523,0.49323478,0.39886150,0.45798951,0.57288464,0.60928863,0.44046707,0.36990837,0.48689526,0.48690918,0.61471073,0.15612023,0.47895101,0.51663042,0.54052259,0.48402933,0.51274317,0.51229725,0.47935843,0.51107745,0.55738596,0.41862411,0.50484946,0.51636160,0.39283787,0.58713947,0.51970593,0.46873656,0.52072741,0.50929233,0.45572665,0.55739623,0.50816765,0.63080668,0.54636105,0.57089685,0.50762128,0.48025710,0.49386211,0.39637438,0.44540510,0.49748860,0.51443344,0.49316751,0.55269894,0.51108506,0.49778347,0.43865676,0.50874754,0.45965505,0.40918557,0.49059106,0.59997791,0.35106208,0.46810178,0.52285118,0.47786924,0.54110868,0.49292865,0.42179967,0.44091915,0.35885740,0.48797701,0.51132871,0.59311687,0.49397670,0.42869042,0.51369855,0.59889828,0.45424337,0.51143267,0.58713947,0.45051614,0.50818872,0.48383119,0.42482542,0.44227088,0.43529956,0.48249589,0.55459376,0.56399924,0.64914082,0.54521426,0.57016550,0.51559804,0.48598385,0.60241218,0.48631976,0.57189149
90748,0.57521911,0.52918943,0.56912286,0.52452458,0.57873357,0.53869611,0.51042753,0.56500509,0.51682873,0.61093038,0.58198865,0.52336412,0.58142654,0.57019088,0.47979601,0.45009003,0.73282948,0.62609913,0.54690035,0.52465789,0.46741337,0.58972395,0.54114754,0.41778314,0.45321020,0.59632322,0.56042506,0.58913157,0.49671877,0.69546778,0.59888240,0.49237154,0.52714067,0.61314711,0.53622763,0.51430941,0.67568690,0.61953079,0.64432273,0.62210658,0.50409205,0.69861418,0.52042375,0.52030529,0.50794546,0.56545235,0.61212199,0.57695069,0.57051560,0.59507275,0.53652489,0.53876742,0.53776087,0.51815756,0.52572647,0.56127751,0.59154668,0.54361783,0.50430783,0.53365740,0.61922534,0.54174403,0.45839532,0.56602393,0.56909326,0.62897522,0.64016826,0.46780059,0.58491186,0.60918234,0.55284300,0.55030060,0.64063258,0.64177334,0.62248944,0.63157493,0.59157593,0.58875259,0.63206176,0.65491019,0.56482741,0.54353898,0.51741657,0.61223025,0.60041005,0.50076685,0.59621558,0.52637554,0.61325801,0.52494134,0.63527510,0.61945928,0.52455783,0.35165710,0.62509112,0.47953696,0.57812382,0.50969655,0.64334797,0.57811851,0.58007814,0.46314281,0.51261769,0.66936414,0.56460587,0.57257573,0.63764112,0.48714487,0.54744073,0.53349206,0.61062099,0.57170043,0.53734903,0.64607826,0.53733105,0.66109134,0.57249321,0.54413293,0.45161707,0.59285450,0.47405003,0.56339871,0.51713395,0.48054654,0.53276372,0.54266712,0.64041676,0.50475327,0.63796317,0.50937134,0.56696815,0.54834543,0.53902542,0.49942781,0.59309118,0.63616700,0.64166193,0.62881588,0.45628521,0.61413611,0.64376367,0.63491316,0.56312623,0.64796660,0.61584917,0.64607826,0.49802601,0.52757302,0.51418327,0.54571269,0.60219705,0.62256786,0.59272227,0.57804959,0.58264836,0.57697920,0.63147632,0.54003669,0.00000000,0.54535407,0.52071305,0.44593170,0.53299104,0.58799723,0.66568587,0.64165141,0.56972367,0.55078704,0.61626933,0.65148448,0.52384917,0.56298789,0.63705221,0.55411107,0.59823148,0.56970697,0.63266443,0.55417015,0.72805045,0.50224382,0.59822463,0.55830108,0.51424619,0.56257681,0.57472818,0.53414046,0.62191249,0.56118119,0.56380343,0.49131565,0.48395752,0.41648314,0.49075710,0.67219259,0.46777779,0.46124601,0.61070028,0.47268347,0.57633994,0.51606941,0.54317244,0.46814937,0.51588347,0.62643037,0.47724176,0.45971339,0.52886893,0.53389321,0.56547348,0.72997659,0.55314290,0.47656296,0.52439629,0.45883227,0.60665439,0.53737681,0.54811448,0.54029864,0.64721720,0.60122701,0.53782137,0.51042753,0.54675302,0.55259277,0.63248722,0.55794132,0.54686342,0.60193765,0.45314545,0.60919179,0.61067814,0.57934432,0.59549892,0.54393635,0.53136328,0.48725617,0.55242003,0.64255348,0.54742357,0.64192372,0.57015320,0.49508095,0.60405774,0.56571068,0.52763587,0.44092021,0.65148448,0.58539140,0.58270458,0.45049789,0.50780091,0.58634145,0.55004794,0.53911733,0.52358142,0.56957248,0.56177819,0.43355780,0.55384622,0.56824240,0.55722350,0.66387746,0.52492631,0.60946240,0.54075894,0.53130164,0.56792371,0.54816721,0.60607116,0.57002306,0.54281945,0.56863415,0.59021087,0.48045506,0.47923166,0.60919179,0.49186329,0.60610732,0.54658494,0.48546700,0.45538590,0.52747883,0.56827167,0.61532736,0.56676239,0.61922448,0.51732606,0.56621038,0.64317362,0.64452630,0.56358056,0.57460951,0.62305383
90749,0.33257232,0.34633988,0.39951104,0.42627931,0.47150248,0.29521628,0.38953401,0.39143941,0.36573064,0.41166343,0.38646157,0.32651229,0.28821095,0.49077938,0.36479528,0.28792813,0.69333476,0.59239434,0.39336905,0.43941531,0.34509679,0.57856600,0.32565770,0.63880358,0.28831015,0.46274040,0.41432856,0.40331761,0.40848280,0.60100032,0.50887576,0.39632133,0.44505491,0.41343122,0.38555324,0.35412139,0.49458107,0.35256991,0.53656014,0.43253703,0.38696413,0.63683974,0.33808089,0.34442354,0.28516875,0.37887550,0.51099345,0.54129445,0.36509568,0.31536177,0.28778913,0.45933346,0.51441647,0.26968877,0.44125025,0.40221189,0.44131040,0.47160033,0.48599954,0.35316777,0.50776290,0.53297144,0.41166524,0.51650160,0.57119188,0.45327181,0.52769637,0.31888420,0.41524247,0.56874722,0.40119628,0.37006428,0.36394187,0.46139805,0.41476079,0.60457301,0.49259330,0.39619316,0.51792356,0.46902030,0.37694030,0.50991311,0.46118699,0.41580716,0.45676305,0.42582082,0.54189742,0.32526981,0.56901078,0.39700287,0.41731135,0.44459915,0.34259408,0.44468956,0.54372674,0.43200269,0.39290358,0.33284675,0.49105681,0.50924972,0.57089213,0.42825332,0.26676622,0.46610036,0.39401733,0.51725063,0.54157292,0.26690023,0.41817207,0.51781635,0.46112717,0.53979075,0.44098529,0.59978982,0.35056918,0.50864693,0.55175314,0.37375899,0.48267241,0.42586700,0.42732554,0.29957544,0.41526030,0.54107580,0.44615444,0.39570686,0.52389296,0.43748306,0.58828664,0.45033112,0.41481209,0.39639169,0.54205062,0.39822799,0.42427004,0.35226057,0.43145017,0.38709634,0.47787436,0.45797204,0.50159769,0.55869156,0.29170356,0.42156547,0.38890204,0.59978982,0.31272347,0.49094900,0.38138980,0.30848082,0.42230242,0.40263878,0.57728353,0.34531324,0.41167363,0.41805279,0.35095183,0.45981718,0.54535407,0.00000000,0.56230352,0.27069156,0.37973761,0.47784320,0.58313854,0.47034307,0.48953626,0.41991189,0.52359448,0.50050520,0.42789099,0.42780642,0.35821951,0.43756876,0.41087262,0.49795974,0.53612380,0.50421424,0.48125592,0.23620415,0.49002371,0.38640787,0.43959638,0.28169989,0.38874677,0.46737823,0.45904831,0.42182895,0.31811947,0.48899904,0.55323859,0.52520934,0.46470127,0.55876348,0.50039078,0.46973670,0.47214307,0.48513798,0.45407823,0.46043876,0.29210636,0.42953623,0.40861797,0.58682854,0.40191967,0.58978299,0.48320697,0.50294578,0.55386343,0.66863796,0.46500472,0.47623227,0.41976030,0.42672040,0.44816723,0.45366348,0.50152967,0.32378396,0.56626017,0.48105331,0.54697881,0.38953401,0.29806658,0.41666340,0.56272645,0.49470876,0.43943914,0.42439642,0.46130874,0.68101816,0.38985653,0.42865903,0.63609438,0.45660352,0.37719505,0.36052009,0.33609102,0.45675567,0.45012529,0.44125187,0.28691783,0.35854305,0.44600231,0.46490999,0.44220207,0.41192027,0.50050520,0.42844454,0.60146160,0.41480522,0.33952849,0.37233014,0.33994759,0.50641074,0.52502551,0.32675029,0.41754264,0.29150380,0.56204334,0.46539294,0.43913311,0.50021229,0.43383134,0.43017011,0.46045546,0.46711033,0.34421069,0.44986250,0.44082960,0.57869703,0.43817929,0.41629885,0.40953681,0.42278839,0.53293449,0.68101816,0.43026654,0.48753285,0.54594077,0.38393824,0.29787199,0.42632028,0.33256257,0.47114820,0.47850348,0.54176213,0.50525952,0.46376509,0.45545202,0.43334760,0.33188460,0.34613309,0.36797157
90864,0.64403811,0.60872371,0.66834247,0.50864328,0.61742953,0.61914813,0.56678114,0.48693997,0.52913017,0.58132114,0.61591159,0.53060292,0.51496312,0.53022423,0.53653464,0.52583167,0.72245898,0.60358151,0.58353657,0.59386744,0.53393017,0.60162308,0.59201929,0.58947873,0.52635225,0.57170588,0.61048324,0.62496386,0.64352959,0.62601823,0.57762778,0.59861550,0.51523139,0.66167943,0.58633985,0.59942162,0.69640945,0.61581652,0.67804515,0.60100671,0.51429788,0.67375387,0.59729792,0.47068344,0.59398899,0.51679958,0.51316269,0.52629229,0.63762106,0.69696554,0.57251397,0.48648697,0.62089857,0.57856637,0.59346783,0.53574421,0.57036245,0.52297267,0.51870208,0.60383805,0.66477999,0.45698932,0.41360958,0.51975282,0.52907106,0.58181550,0.50161549,0.42440089,0.63044098,0.53580443,0.70614950,0.60751438,0.68844356,0.70115552,0.54701975,0.51069922,0.68695247,0.53960573,0.65789765,0.65693860,0.57737794,0.51816274,0.51130880,0.56066976,0.59749508,0.47954943,0.63836768,0.66326775,0.49987467,0.59680176,0.66592693,0.66394900,0.59186002,0.47849707,0.60019033,0.49102418,0.65485178,0.32984942,0.62844017,0.64072011,0.57719753,0.43394722,0.51458922,0.58975601,0.54266231,0.52346165,0.57797327,0.48921304,0.58136155,0.48810821,0.67998856,0.55899126,0.64790534,0.63774885,0.57560042,0.74888359,0.53975282,0.60954225,0.39681119,0.55130710,0.53117270,0.47837410,0.54046769,0.59594997,0.49832134,0.52865604,0.61493136,0.45711848,0.64629774,0.51600597,0.64577473,0.68963604,0.58498462,0.48680323,0.55866961,0.54019813,0.65022871,0.67666103,0.53151309,0.60585280,0.66544655,0.65871049,0.59110974,0.64729681,0.61893111,0.63774885,0.53917823,0.54568678,0.48497417,0.60318693,0.56698273,0.55299766,0.54352356,0.54193644,0.67562459,0.65282628,0.53150586,0.50493641,0.52071305,0.56230352,0.00000000,0.54784793,0.58508358,0.62532378,0.65853258,0.65989857,0.55397918,0.60004516,0.63824613,0.70258628,0.60826263,0.53102369,0.55082603,0.53029460,0.58792276,0.55836747,0.57305974,0.53808544,0.67082279,0.55948893,0.51543181,0.58119404,0.48354952,0.62767340,0.65612498,0.56654484,0.61525674,0.63733399,0.60323049,0.40583498,0.56298529,0.62497529,0.55929259,0.62465623,0.51949694,0.54542300,0.55986537,0.50111643,0.53140116,0.42288303,0.59005015,0.47313115,0.45078272,0.60217269,0.52887192,0.48501453,0.55044232,0.54479344,0.52294983,0.69240091,0.50139836,0.46756385,0.50952825,0.54814659,0.59142366,0.54853284,0.47227591,0.54978415,0.65178228,0.60745753,0.49955421,0.56678114,0.61700968,0.57665228,0.64584853,0.53508484,0.54795327,0.56843787,0.54492584,0.58124764,0.58042343,0.55642881,0.59505353,0.64926095,0.58144280,0.55727915,0.54450243,0.61243543,0.58642060,0.62349660,0.56836212,0.55737517,0.57079826,0.54572800,0.58223890,0.49090262,0.70258628,0.62935788,0.64219512,0.51331541,0.59513122,0.60675296,0.57610399,0.54740450,0.56320976,0.61455168,0.72985131,0.45080876,0.65524643,0.31917162,0.43653598,0.64195927,0.63561020,0.51499383,0.57286013,0.55844071,0.51159934,0.49031478,0.67154957,0.48553493,0.50926049,0.65213532,0.70443558,0.53804873,0.51485863,0.58124764,0.52447320,0.64756626,0.57989241,0.43972485,0.56948250,0.56399735,0.56210351,0.63677084,0.60672307,0.67158533,0.66856323,0.62746873,0.64095576,0.65588913,0.66904279,0.51142377,0.63874296
91161,0.45768064,0.41284564,0.51077721,0.39550338,0.55375846,0.40220351,0.41834345,0.40711344,0.41862731,0.41972760,0.33960268,0.37315058,0.34626372,0.40793918,0.33081747,0.29966322,0.54157422,0.44855743,0.42008419,0.43373737,0.37866207,0.53538808,0.37693893,0.50738294,0.29630607,0.52800292,0.41475386,0.47399199,0.39059207,0.62217594,0.46574049,0.46563446,0.51765705,0.40129534,0.39975957,0.37544200,0.53244847,0.41686488,0.47758800,0.50279407,0.30318443,0.52355504,0.40013088,0.28332346,0.36631349,0.33178366,0.49329346,0.47433431,0.31166900,0.30625608,0.34504298,0.39304300,0.33249992,0.39622800,0.43267986,0.42447224,0.42755894,0.39366770,0.43592389,0.38969624,0.50226126,0.49084584,0.37597524,0.46651215,0.52844227,0.47612859,0.52432247,0.31299139,0.51253195,0.41937786,0.45071243,0.38110504,0.45339038,0.49141598,0.44528046,0.63692806,0.45496229,0.44613833,0.50761567,0.50280434,0.37017440,0.48640189,0.35178316,0.51215561,0.49525297,0.34175666,0.54247250,0.36673903,0.57334829,0.44750099,0.49139656,0.52291082,0.41076234,0.28201103,0.51226002,0.32900083,0.45938420,0.36686852,0.53770980,0.57733489,0.46943146,0.38799944,0.34318328,0.48136002,0.37340581,0.46417754,0.46632095,0.32991671,0.42398676,0.43544796,0.49389417,0.38994173,0.47393673,0.59884543,0.39720607,0.54518843,0.54603156,0.39371236,0.37393741,0.42422481,0.34192941,0.41294355,0.45147118,0.49599426,0.38236007,0.35908130,0.38160635,0.42284124,0.48833036,0.35024314,0.40019008,0.46825806,0.52881178,0.44177452,0.45491366,0.49540869,0.42301016,0.49215980,0.41072341,0.47366442,0.55612378,0.55692587,0.40444714,0.46414477,0.44234784,0.59884543,0.29134375,0.32971019,0.42021931,0.34526313,0.45787283,0.44482099,0.47212985,0.44801846,0.50209533,0.41174013,0.49525683,0.35020163,0.44593170,0.27069156,0.54784793,0.00000000,0.39961600,0.47982429,0.54508865,0.48897116,0.50155234,0.47090554,0.52722697,0.57492674,0.38161188,0.47135210,0.51047133,0.44332679,0.45349215,0.49788003,0.46058397,0.53876255,0.50259585,0.35141837,0.57232904,0.44875428,0.45677342,0.39221157,0.47327192,0.37803097,0.45054115,0.51286000,0.38583676,0.45386647,0.35616518,0.40668325,0.37987749,0.55930675,0.36620566,0.33566073,0.44573042,0.40410926,0.52823356,0.41812535,0.37516772,0.32468916,0.40819321,0.44436820,0.39697111,0.47477351,0.46235235,0.46354941,0.61099640,0.64162539,0.44918719,0.34507042,0.45219268,0.38840586,0.51919462,0.35642172,0.48698461,0.37521712,0.48242305,0.46909173,0.52189413,0.41834345,0.38758337,0.40348088,0.57166661,0.36091557,0.38410368,0.45763058,0.32782108,0.57124198,0.48765379,0.48112715,0.51948397,0.41345814,0.39060292,0.38380004,0.39358372,0.50831064,0.41462134,0.53008949,0.39551033,0.42484368,0.45049913,0.46975987,0.47486457,0.46174241,0.57492674,0.39161758,0.44529848,0.47063046,0.39438906,0.46132642,0.40290343,0.46808546,0.46448162,0.43564166,0.40035871,0.31055996,0.46281756,0.52445381,0.47223139,0.59308482,0.48121001,0.49832919,0.48475624,0.44052755,0.43147607,0.43700132,0.49890279,0.55536984,0.41987747,0.40405975,0.46222990,0.38993390,0.42266599,0.57124198,0.34920892,0.55567500,0.53755599,0.37152860,0.35601039,0.34552131,0.43123088,0.52679945,0.47322479,0.52769947,0.44052069,0.44074443,0.53558774,0.52510660,0.45292863,0.43769451,0.45689543
91248,0.45255166,0.40860872,0.45851796,0.48296106,0.43223548,0.38649357,0.41446573,0.50411893,0.50254566,0.58062405,0.50293427,0.43744694,0.40223720,0.44539542,0.32548936,0.33787038,0.67035265,0.56440907,0.47246215,0.36554823,0.29915179,0.43149463,0.32237123,0.62046863,0.34385855,0.54669962,0.44317208,0.43532326,0.50253232,0.52798048,0.50430296,0.39502958,0.41804671,0.46815655,0.41888657,0.42817241,0.62505494,0.45266900,0.60307440,0.49042890,0.43559389,0.58242865,0.40473186,0.45107110,0.38049186,0.45357273,0.59678881,0.51193028,0.40022007,0.44013963,0.39292453,0.39522827,0.52016479,0.40630471,0.36830065,0.42979065,0.62827553,0.49995650,0.40559652,0.31398972,0.45767455,0.65063827,0.53136124,0.46017029,0.65307194,0.60722515,0.56563843,0.45841357,0.47214282,0.66997734,0.42597714,0.44422645,0.49282605,0.35395177,0.51306464,0.63798252,0.50571737,0.40928221,0.56295626,0.49909168,0.47037232,0.61497246,0.40787299,0.55066427,0.50519186,0.50539973,0.53868539,0.42832665,0.55588387,0.41324328,0.26557762,0.53010065,0.35884739,0.44078630,0.56748537,0.46438495,0.33529397,0.42644947,0.43544589,0.52100368,0.53953018,0.53991305,0.43094165,0.49835407,0.48958413,0.47794057,0.55539599,0.40963486,0.20474641,0.50990368,0.41526290,0.50502772,0.36479823,0.43395289,0.41431300,0.57405238,0.59994904,0.41621179,0.50021266,0.48370749,0.37339262,0.38167526,0.21873176,0.52446263,0.49878186,0.49393833,0.56157254,0.38732309,0.58152663,0.50433409,0.30826254,0.43582141,0.43210780,0.44230702,0.37779468,0.44713539,0.53135447,0.42384514,0.45867508,0.41110902,0.46612426,0.51643182,0.42607164,0.53519145,0.38118238,0.43395289,0.41376258,0.50207935,0.49720141,0.26554507,0.47550987,0.51706868,0.50634406,0.24804806,0.51178306,0.28884262,0.44746576,0.45911193,0.53299104,0.37973761,0.58508358,0.39961600,0.00000000,0.31045338,0.45354478,0.37199449,0.39681084,0.33766446,0.38872803,0.42745327,0.30625592,0.34062100,0.45024561,0.33678669,0.33749255,0.38743088,0.55528282,0.36704513,0.59697074,0.41035580,0.51601250,0.28182015,0.34489722,0.40404710,0.39927075,0.56336023,0.37532447,0.43227490,0.45381865,0.48837948,0.64362887,0.55612434,0.52261565,0.48196883,0.60552964,0.54077647,0.36743683,0.41987751,0.30249957,0.51601795,0.45095092,0.44329044,0.51219132,0.56301764,0.44860896,0.54405176,0.34675158,0.35571631,0.54482558,0.61013658,0.53034316,0.54032544,0.53096836,0.51132696,0.52327279,0.44029867,0.27389797,0.41332803,0.50010601,0.43216320,0.56569875,0.41446573,0.36885491,0.49384086,0.54878779,0.46632161,0.49333941,0.47758162,0.55324118,0.64577949,0.49533739,0.53253252,0.53512542,0.51165991,0.01102076,0.55254713,0.40451851,0.58812274,0.38973451,0.56578118,0.39714859,0.40147774,0.29250305,0.38173196,0.47115520,0.45851415,0.42745327,0.50328047,0.60959664,0.42540311,0.34275309,0.34038637,0.47741894,0.35968171,0.38885923,0.33955079,0.42001831,0.41568892,0.42912180,0.52572813,0.50085307,0.47997484,0.33729590,0.48713058,0.53836621,0.34094228,0.43336125,0.48227936,0.38779792,0.63323039,0.39827927,0.18445123,0.41359957,0.34449284,0.59852299,0.64577949,0.53363271,0.48787757,0.53732896,0.43434625,0.27775716,0.40492966,0.41069250,0.44859342,0.48525285,0.56504136,0.49897956,0.48774298,0.37172073,0.41737210,0.43122277,0.42467657,0.44016434
91250-A,0.46845031,0.48312987,0.53475515,0.52833347,0.54152642,0.40138224,0.47660416,0.47301303,0.53643972,0.64326771,0.63519476,0.51338681,0.50832332,0.52385245,0.42442682,0.42465929,0.68841845,0.55063519,0.53954269,0.37155681,0.34305186,0.47062769,0.37886028,0.64891476,0.42498155,0.56671891,0.48516943,0.49200995,0.56480608,0.46211452,0.57131934,0.42851753,0.45142665,0.53779777,0.51790176,0.42592530,0.67665574,0.53625814,0.68225420,0.62107071,0.52931385,0.63259905,0.42374936,0.49715870,0.39985596,0.51090780,0.61621568,0.50226844,0.52576166,0.56239216,0.47986967,0.46572497,0.60984966,0.40595863,0.37321883,0.49203813,0.65785511,0.46895967,0.37771369,0.36440268,0.47594713,0.62963641,0.57059164,0.44189179,0.69941128,0.55591773,0.58333626,0.50769706,0.54035817,0.68748564,0.47886094,0.51501926,0.45781090,0.52199011,0.59339150,0.71657047,0.56542888,0.50258887,0.60816820,0.51829962,0.56680603,0.66072913,0.43483506,0.52994058,0.55683211,0.52794715,0.54377937,0.46527882,0.65258045,0.40358832,0.36451472,0.60715353,0.41228658,0.47292073,0.60116817,0.53302531,0.43714219,0.52563420,0.45994519,0.59755684,0.60118081,0.58096843,0.42878236,0.51356900,0.60499250,0.47370108,0.54049927,0.51562419,0.34910596,0.58109821,0.50425461,0.47582801,0.46784524,0.25944701,0.53129581,0.56365027,0.59407704,0.57862240,0.53528408,0.59773567,0.40432572,0.45297645,0.28700634,0.58003842,0.47603394,0.53326708,0.56175363,0.42190700,0.55109246,0.53055493,0.31367130,0.50051504,0.44369655,0.46478489,0.33071609,0.52223708,0.59384650,0.48737150,0.58967476,0.45377167,0.47588784,0.57992134,0.48286623,0.59947040,0.50357016,0.25944701,0.46732430,0.54931064,0.50626525,0.44528075,0.44507521,0.61000331,0.56963323,0.30077013,0.52206759,0.28231477,0.52534894,0.45607416,0.58799723,0.47784320,0.62532378,0.47982429,0.31045338,0.00000000,0.23763538,0.11159311,0.37684652,0.34958626,0.41737701,0.37722630,0.37510502,0.38799442,0.51797605,0.41822879,0.27782942,0.46866886,0.54061077,0.40141073,0.67073334,0.47092120,0.53004739,0.40042986,0.33653173,0.45414997,0.51550638,0.58042354,0.26683643,0.47871316,0.44657295,0.50218902,0.66499132,0.57064869,0.66664477,0.47582939,0.61880455,0.56187863,0.30963247,0.44955811,0.42362084,0.57021020,0.50186914,0.53818957,0.57149137,0.55378658,0.54801054,0.53648405,0.32793989,0.31066081,0.60221988,0.56511197,0.52325401,0.56309837,0.57126491,0.51916780,0.56230802,0.41291818,0.31210949,0.48407084,0.53326140,0.40899996,0.66744616,0.47660416,0.38200857,0.51483555,0.58241510,0.46917637,0.60455930,0.44653669,0.57757459,0.71053452,0.53387143,0.51473481,0.58823838,0.52048559,0.30962312,0.59429244,0.49459298,0.68242384,0.58599588,0.58588330,0.41919018,0.45542128,0.31027429,0.38874655,0.47204443,0.45634733,0.37722630,0.58759487,0.64814425,0.43507954,0.46334905,0.28687556,0.56767790,0.31494456,0.34389699,0.37759756,0.55331690,0.43666335,0.44716504,0.54879824,0.53057005,0.44027149,0.35351991,0.54520232,0.50607373,0.37244960,0.46212423,0.56195818,0.48708427,0.60573430,0.48164199,0.40843839,0.48993440,0.34626002,0.60938821,0.71053452,0.55798120,0.50397846,0.50605914,0.47835712,0.39090214,0.49798845,0.43136740,0.47502588,0.53567309,0.61107705,0.56999564,0.57588388,0.40457919,0.41195730,0.48563751,0.45936239,0.47533884
91250-B,0.56885436,0.56592432,0.57909025,0.57112716,0.60445442,0.50149086,0.62163726,0.56579305,0.67983496,0.66489930,0.67838409,0.62857780,0.57266320,0.64936179,0.50345367,0.50114318,0.69484672,0.59584164,0.65703997,0.46385623,0.47382399,0.51762308,0.50789128,0.66926405,0.50146544,0.65430138,0.50121568,0.57223277,0.60872465,0.54709300,0.67227437,0.61183013,0.63822396,0.58010837,0.59233377,0.55936696,0.69198595,0.66444592,0.73679720,0.65078524,0.61912205,0.65486850,0.49579879,0.57283623,0.47387788,0.57232888,0.62312712,0.53165940,0.58390315,0.60835457,0.57958091,0.57234139,0.63285311,0.52634114,0.46551824,0.55639424,0.69609635,0.59434862,0.41336803,0.49391033,0.53607095,0.71095781,0.65487099,0.53341380,0.69621980,0.65414807,0.65930859,0.61198782,0.65595520,0.70612295,0.61258004,0.53709149,0.49493496,0.59785784,0.57971889,0.72541454,0.58433826,0.65150676,0.66842172,0.57745007,0.66214259,0.67429056,0.51378333,0.62519679,0.58437359,0.59132592,0.53147462,0.59279401,0.71077502,0.46228749,0.49875662,0.66910519,0.51290742,0.54048688,0.56814988,0.56265270,0.58840172,0.60387145,0.56716930,0.65815013,0.65001372,0.66379705,0.54692610,0.61712394,0.62847115,0.54210154,0.54161133,0.59773957,0.42479096,0.58612532,0.62540342,0.56480309,0.53622394,0.19966794,0.56716799,0.59559155,0.67035522,0.67959449,0.60325642,0.66772148,0.49124298,0.64088890,0.35288469,0.63707038,0.60142289,0.60323848,0.55728518,0.53224921,0.61120845,0.58626374,0.34209419,0.53920993,0.49198517,0.59350495,0.41534888,0.63477997,0.64723588,0.52495580,0.66408476,0.62489569,0.63744596,0.62662643,0.57442648,0.66995540,0.63897695,0.19966794,0.60909488,0.63088667,0.64105693,0.56882854,0.58712452,0.61268120,0.59262226,0.40396246,0.65048700,0.31073765,0.63371224,0.54774312,0.66568587,0.58313854,0.65853258,0.54508865,0.45354478,0.23763538,0.00000000,0.22748879,0.46568743,0.45327515,0.44853411,0.49108477,0.37817817,0.46478042,0.63788999,0.46950673,0.37444936,0.54831295,0.54172283,0.48910068,0.76845795,0.60445282,0.61872012,0.47783788,0.41941930,0.59808989,0.56982185,0.65034007,0.34527512,0.50592927,0.56487340,0.53619478,0.64017559,0.66628824,0.70859241,0.47915175,0.67592138,0.65674432,0.38999645,0.53518911,0.46203439,0.62392288,0.61541264,0.66104685,0.68811165,0.59888151,0.60265237,0.59428530,0.36299247,0.39857656,0.68100506,0.58172696,0.62410388,0.63174252,0.65594303,0.61422824,0.58805665,0.51787451,0.35974354,0.62311483,0.59982793,0.51751689,0.72762803,0.62163726,0.49704008,0.60987555,0.64449870,0.54142823,0.64427422,0.58858600,0.61280118,0.72309015,0.62560823,0.62695363,0.62961343,0.55744387,0.45271452,0.64295662,0.55113074,0.69803273,0.57878156,0.63438385,0.56956447,0.50166534,0.34726140,0.48560230,0.57457910,0.50117357,0.49108477,0.66680988,0.70510599,0.47990578,0.53391369,0.40028250,0.65759423,0.40286031,0.37174987,0.54374402,0.63530006,0.53955249,0.51300522,0.63638381,0.61810446,0.54489111,0.47914906,0.70162769,0.62965318,0.50607111,0.56560570,0.64103766,0.60744601,0.70456808,0.60940266,0.50450026,0.57363033,0.44413593,0.66411398,0.72309015,0.63069402,0.59615523,0.58963946,0.58186785,0.52790306,0.51888744,0.58236107,0.53495320,0.56820302,0.67133057,0.64177789,0.64026955,0.49353726,0.55014481,0.63429044,0.56284386,0.57089896
91250,0.50241367,0.53437301,0.57074234,0.59542201,0.58609384,0.43920011,0.51787862,0.50114464,0.58642878,0.63678604,0.62150054,0.54910094,0.50491104,0.58571051,0.46949271,0.46581031,0.70954538,0.59080595,0.60630532,0.44463512,0.41498162,0.54736094,0.42664241,0.69729576,0.46209751,0.61838546,0.52658999,0.50759963,0.61154169,0.52311803,0.62797382,0.46267187,0.49255312,0.54795811,0.54892835,0.48092413,0.67548121,0.56673844,0.72499711,0.66537332,0.56850690,0.64434209,0.46186953,0.52335303,0.43895072,0.51326927,0.63381037,0.54097127,0.53862848,0.56319419,0.50729846,0.49432967,0.63467366,0.44962732,0.44574346,0.54461007,0.65622761,0.51870533,0.41501237,0.40597522,0.48889527,0.65695871,0.61162862,0.45256922,0.71990788,0.54375657,0.59383163,0.54652012,0.59071726,0.70145055,0.48856056,0.53640921,0.46097124,0.56313398,0.58357852,0.73206157,0.60589491,0.54158272,0.65774431,0.51910309,0.62061786,0.69212897,0.49261240,0.56760554,0.58758370,0.58481007,0.59329462,0.51013300,0.67847652,0.42175330,0.41696193,0.62613468,0.46025727,0.51098434,0.63652080,0.54860980,0.49147559,0.55604918,0.52547358,0.61920520,0.63532170,0.61526315,0.47225539,0.48556876,0.61462880,0.48027619,0.50543941,0.53717041,0.38442583,0.59257391,0.57832418,0.50969754,0.52488308,0.30459039,0.55544166,0.55621783,0.63471938,0.58858329,0.53935031,0.59811473,0.44892846,0.49077412,0.35665475,0.64663788,0.51679170,0.54783172,0.59362074,0.45645068,0.57299794,0.58821746,0.33077914,0.52959684,0.52027618,0.50892653,0.30722954,0.56718522,0.60471050,0.49890185,0.64845200,0.49147678,0.52091531,0.59915011,0.51689881,0.63891263,0.56075559,0.30459039,0.49716124,0.57543051,0.54116196,0.48710592,0.46116539,0.63404058,0.58153993,0.35856247,0.54502513,0.31500476,0.56897725,0.47635895,0.64165141,0.47034307,0.65989857,0.48897116,0.37199449,0.11159311,0.22748879,0.00000000,0.42769072,0.37095350,0.43757312,0.40585737,0.37288007,0.41219125,0.56438887,0.40524985,0.29084322,0.50584129,0.50434148,0.46246528,0.70959604,0.52088145,0.56153381,0.43907854,0.37977993,0.50408514,0.52933886,0.63755041,0.28726409,0.51685975,0.50554142,0.51652408,0.67419602,0.60816979,0.68658922,0.44082505,0.62972415,0.60178817,0.33569120,0.49195456,0.48346499,0.58799588,0.54152349,0.59279943,0.60354862,0.59851821,0.58936450,0.59441317,0.37091959,0.35538134,0.64673905,0.57600379,0.52144206,0.61641221,0.57874591,0.55177007,0.60642309,0.46163134,0.37276602,0.51857796,0.53917811,0.43406481,0.68126693,0.51787862,0.40906968,0.54860717,0.61620416,0.49960144,0.60946040,0.46228057,0.60788933,0.74796008,0.53331926,0.49505312,0.59967909,0.50272823,0.38077068,0.62745529,0.53949287,0.70868868,0.61604580,0.60299607,0.46493724,0.49536879,0.32037705,0.37831053,0.46299220,0.48098851,0.40585737,0.59920405,0.67269158,0.47583718,0.47384554,0.28925190,0.56787022,0.35846891,0.38925653,0.43589430,0.59465476,0.46628485,0.46425886,0.56090147,0.56370423,0.49299705,0.40299909,0.54819805,0.51382407,0.37964883,0.49103720,0.59990187,0.55834485,0.64076034,0.51274641,0.46840887,0.53746038,0.41214547,0.63804663,0.74796008,0.54916898,0.53377193,0.54249566,0.50538720,0.45007133,0.50375401,0.47110261,0.50130207,0.57292538,0.64861848,0.61895302,0.60477784,0.42810614,0.45371329,0.51725879,0.48773041,0.50707300
91254,0.52776315,0.48056110,0.55556611,0.47303787,0.55334685,0.43619796,0.40912721,0.47510987,0.52475663,0.58514308,0.54542042,0.49672890,0.45294839,0.50700010,0.38401491,0.40993969,0.68661704,0.60654544,0.49000255,0.42406636,0.38612999,0.46123562,0.45557443,0.67850328,0.41305027,0.50284709,0.44321605,0.52393355,0.53680614,0.22554439,0.52653878,0.46751470,0.46105031,0.58186997,0.47064879,0.43155799,0.59392455,0.53065554,0.59938722,0.57966921,0.47626757,0.62780853,0.46138747,0.44925369,0.45549084,0.49522403,0.62204428,0.53725217,0.47401352,0.52869993,0.48512401,0.48663664,0.58988360,0.45762269,0.42527829,0.47039864,0.57872025,0.49998179,0.38834756,0.45623056,0.51879243,0.57823460,0.50691154,0.47579255,0.63611124,0.54444227,0.43745950,0.43807112,0.62921728,0.65766565,0.52741183,0.51128156,0.49402749,0.56133890,0.53639548,0.60198753,0.52817773,0.42105197,0.60354382,0.24613138,0.54173793,0.58185229,0.46652193,0.34312751,0.53881675,0.51113250,0.54688605,0.48697304,0.51242111,0.48988531,0.53029780,0.61041943,0.48404793,0.51271452,0.57531713,0.48596975,0.54962731,0.44953363,0.21844316,0.55656558,0.51273259,0.51642272,0.42285004,0.44919000,0.55829441,0.39181836,0.45265662,0.48023425,0.40296209,0.49240152,0.52737261,0.51867059,0.51621960,0.44662377,0.49044875,0.62554164,0.56754510,0.47300760,0.46984472,0.55454156,0.45351874,0.45208089,0.39686888,0.53738133,0.47868442,0.47728049,0.59728458,0.38836174,0.60731124,0.51879743,0.43354836,0.52373453,0.44345821,0.47155646,0.46657194,0.48385329,0.56265333,0.53633195,0.53588345,0.48368088,0.52247192,0.56793147,0.46832956,0.55631909,0.53695423,0.44662377,0.47849865,0.60561082,0.48355110,0.43279414,0.54249157,0.53702512,0.55344847,0.43052067,0.61982091,0.43112788,0.47856010,0.46645059,0.56972367,0.48953626,0.55397918,0.50155234,0.39681084,0.37684652,0.46568743,0.42769072,0.00000000,0.42231448,0.47822945,0.49708378,0.43129949,0.44695021,0.47625647,0.45721170,0.26254420,0.55078656,0.44863189,0.44197495,0.60389319,0.48708300,0.43486501,0.42266273,0.43787631,0.47872287,0.54242139,0.57119882,0.37666649,0.48696621,0.43765206,0.45983855,0.64741604,0.62753975,0.57171931,0.57342004,0.64262459,0.59224877,0.11691175,0.43358055,0.50456865,0.48032384,0.46998589,0.50249799,0.51695287,0.60560648,0.52097301,0.56530264,0.38934892,0.45180859,0.61802151,0.59203783,0.52330027,0.53739962,0.55395037,0.51955959,0.52181052,0.44563182,0.41808483,0.49534484,0.62842206,0.50828326,0.58061315,0.40912721,0.45711628,0.53411784,0.50581867,0.48341377,0.57417773,0.54501368,0.50058819,0.63984325,0.37154148,0.40188653,0.55861853,0.52465796,0.39883210,0.53944719,0.48594845,0.61371355,0.47450108,0.53253568,0.46531899,0.47148786,0.47201933,0.44196216,0.42549941,0.46897060,0.49708378,0.58021129,0.70816985,0.46608463,0.43034096,0.44873823,0.52916904,0.45335483,0.44368810,0.44859817,0.52252599,0.43278093,0.44916960,0.48772672,0.49957086,0.55868764,0.45659674,0.43465885,0.53153574,0.40841556,0.47638991,0.51326695,0.52035007,0.55031596,0.37351494,0.47361965,0.52184780,0.35362646,0.62856677,0.63984325,0.59328800,0.52732462,0.56713293,0.46411217,0.40542192,0.47430252,0.42949501,0.46979249,0.50431270,0.62324510,0.52240016,0.48670053,0.53122556,0.51803765,0.51074144,0.47238090,0.50634314
91258-A,0.40203242,0.42635066,0.43351827,0.53586575,0.40089985,0.36556316,0.49906461,0.52284854,0.52958823,0.61313430,0.56690141,0.45501084,0.41819504,0.52004921,0.41746282,0.37447494,0.69811651,0.57641791,0.51491842,0.41877700,0.35311253,0.47748812,0.34515055,0.62915242,0.37549516,0.57547796,0.46129257,0.41694114,0.52972757,0.58210931,0.51855143,0.38473530,0.44461659,0.53294798,0.48841789,0.40942709,0.69583898,0.51248509,0.64948376,0.55623198,0.48947226,0.64576338,0.39891987,0.43738937,0.35982440,0.47623307,0.57554448,0.49613468,0.49112490,0.52231206,0.38373088,0.42978687,0.61908735,0.36533827,0.42011760,0.48534485,0.64269048,0.48591775,0.40787551,0.34159536,0.47379610,0.59671159,0.51536898,0.42903513,0.63260874,0.54439226,0.53773122,0.47508675,0.54396532,0.63457004,0.43497957,0.46829097,0.40036554,0.46142689,0.54540659,0.65132578,0.53217131,0.48859285,0.65194445,0.54984475,0.54527881,0.58409115,0.43410978,0.54861967,0.52207328,0.49790703,0.43972549,0.44592219,0.56890248,0.42131801,0.37313987,0.52438030,0.26855310,0.48656864,0.58863246,0.51782335,0.44195130,0.46532249,0.51914623,0.55106057,0.58064722,0.50604523,0.39544533,0.48710943,0.55438310,0.51154961,0.56748593,0.41549011,0.36685948,0.52686035,0.47524448,0.52198697,0.37910397,0.46599152,0.43427800,0.49912575,0.60840993,0.50028865,0.56851885,0.53634649,0.45106864,0.42780185,0.31713358,0.59241101,0.48418044,0.48540356,0.59471282,0.43488995,0.62553282,0.58867946,0.38033951,0.43743448,0.45456051,0.45113364,0.39562530,0.45318674,0.56794517,0.42973713,0.59961077,0.36956718,0.39592409,0.56189368,0.39133766,0.60460907,0.47737744,0.46599152,0.42917493,0.56421798,0.44800928,0.33691819,0.50250425,0.56006429,0.53775410,0.35777738,0.51941713,0.37305313,0.45065077,0.46241134,0.55078704,0.41991189,0.60004516,0.47090554,0.33766446,0.34958626,0.45327515,0.37095350,0.42231448,0.00000000,0.17493774,0.24126281,0.43440060,0.42928703,0.45287453,0.40074509,0.34042264,0.48118266,0.56863588,0.47894869,0.67784001,0.47945465,0.54318963,0.35100530,0.44699412,0.41560844,0.37982069,0.55995990,0.44545708,0.41605652,0.41320111,0.53685897,0.65480959,0.54025486,0.64252634,0.56611311,0.64957355,0.57110055,0.42949995,0.52564200,0.46266976,0.50841697,0.45657678,0.50977175,0.51353076,0.57732799,0.53129459,0.63278839,0.39358375,0.42621843,0.62572691,0.62134103,0.54410073,0.52990173,0.46526505,0.50828173,0.50543833,0.42902915,0.46109907,0.47911560,0.58393616,0.45417658,0.60133939,0.49906461,0.37562391,0.51313247,0.49418889,0.46402605,0.59494744,0.50384207,0.53733158,0.71542704,0.47521340,0.43994456,0.61960974,0.50867148,0.33842274,0.56690690,0.45237125,0.60011026,0.47270406,0.55582842,0.37446026,0.42793648,0.42769996,0.42105731,0.38838512,0.49214476,0.24126281,0.51826552,0.66141973,0.47358722,0.36320096,0.33081402,0.52020683,0.42763823,0.37689400,0.32573094,0.55708405,0.36335210,0.46735580,0.56010679,0.54560435,0.48168552,0.37642374,0.53081263,0.52275043,0.41436732,0.37607527,0.55132351,0.44635623,0.62164074,0.48655655,0.32119082,0.40084098,0.38412096,0.65370560,0.71542704,0.59601909,0.39584527,0.58776988,0.50529433,0.35291609,0.41493555,0.37147999,0.37464562,0.47531518,0.65084730,0.57560897,0.57063446,0.34465204,0.40040638,0.38990304,0.37334711,0.45246205
91258-B,0.52151362,0.44788940,0.48465083,0.53210537,0.43266585,0.47497833,0.51325144,0.58794415,0.57901918,0.67440267,0.62724478,0.55541164,0.51677968,0.57570999,0.42905566,0.39832416,0.72905195,0.58239003,0.54007356,0.44037210,0.45410142,0.49193463,0.42386228,0.64300552,0.39934439,0.60558542,0.47415795,0.46742946,0.56346396,0.58636214,0.60976130,0.47189045,0.51761554,0.53599880,0.52077074,0.48379789,0.70993957,0.59745892,0.68140798,0.62092226,0.53984148,0.67777880,0.51354089,0.46592418,0.42481871,0.54181853,0.65398826,0.53359125,0.47605146,0.52599310,0.46820908,0.53868360,0.66155408,0.45443779,0.44171270,0.57912848,0.70085725,0.54135895,0.43317883,0.41360116,0.51764198,0.66062845,0.59543852,0.45673107,0.67604345,0.61181216,0.53932183,0.51982926,0.59123379,0.67632566,0.58228449,0.48732093,0.49378503,0.40631931,0.62513413,0.66333924,0.50339597,0.54444693,0.66455641,0.58523824,0.54777016,0.64115533,0.50429380,0.63391521,0.53558315,0.56959651,0.42023042,0.58674295,0.60162289,0.54744863,0.44914312,0.59043882,0.30197621,0.55828500,0.61416762,0.55350759,0.44340418,0.56217167,0.55008975,0.63384022,0.61354463,0.58968391,0.51732775,0.52302254,0.63648609,0.56071789,0.59989992,0.49276504,0.42807345,0.59088146,0.62473826,0.53437606,0.37522137,0.45286103,0.47216258,0.49343825,0.63213946,0.61103161,0.59378378,0.61294813,0.52921128,0.55960229,0.33236830,0.61662572,0.53962163,0.55357763,0.61033698,0.49543967,0.71427743,0.64014915,0.42189482,0.49147092,0.45627157,0.58184566,0.42055201,0.56277497,0.64715902,0.54915852,0.58411474,0.43020805,0.45069406,0.58972698,0.47369957,0.60499315,0.60517449,0.45286103,0.50843248,0.57274992,0.59315195,0.44003021,0.61641311,0.63294397,0.57181495,0.45708699,0.60856779,0.41460844,0.56516016,0.47168143,0.61626933,0.52359448,0.63824613,0.52722697,0.38872803,0.41737701,0.44853411,0.43757312,0.47822945,0.17493774,0.00000000,0.26445802,0.49255371,0.53261696,0.55960976,0.38164855,0.49712195,0.51438004,0.60104986,0.52550712,0.72585460,0.55701242,0.59912798,0.45866992,0.48977808,0.51183188,0.46548596,0.57451347,0.48867272,0.45083377,0.56675470,0.57392935,0.67770611,0.60311333,0.63918408,0.56177842,0.66306303,0.64675504,0.45036064,0.56630733,0.44534657,0.56807671,0.54543365,0.52980737,0.62721889,0.58410780,0.54738175,0.65795693,0.41244525,0.48670259,0.66706441,0.67479741,0.62740048,0.57946813,0.60068593,0.57795695,0.53644395,0.41822019,0.48570589,0.53039844,0.62422444,0.53087698,0.61910797,0.51325144,0.46892329,0.63008577,0.52636085,0.50049710,0.65834569,0.61775092,0.56135197,0.72971737,0.59206851,0.53035881,0.64439899,0.55376576,0.38948631,0.63118029,0.54133980,0.64863565,0.50734659,0.63668360,0.50615650,0.43191287,0.46026511,0.47064567,0.46540165,0.55085391,0.26445802,0.60023482,0.65884612,0.53229638,0.46761583,0.45518461,0.60817061,0.48812239,0.38310361,0.38605628,0.57469449,0.42203695,0.43655320,0.64409242,0.62294396,0.52442492,0.41982291,0.57472626,0.59329832,0.48466893,0.49309084,0.61524551,0.58851499,0.70583678,0.52808343,0.35455310,0.50353241,0.41729183,0.67715784,0.72971737,0.64379720,0.47937194,0.64272827,0.57459886,0.45062353,0.41346205,0.51786209,0.43242857,0.51371469,0.66345927,0.59045572,0.58770428,0.42662394,0.40423722,0.52409646,0.49036268,0.58628825
91258,0.42304233,0.46249124,0.50388703,0.57806525,0.49055080,0.44414556,0.51653389,0.58413337,0.55174359,0.67009903,0.68159507,0.49424009,0.52610421,0.55476080,0.46239548,0.43641753,0.73428701,0.61980479,0.56061511,0.39639389,0.40291539,0.49778228,0.44915294,0.68899741,0.43743775,0.58182399,0.51474217,0.46016021,0.56385254,0.60290315,0.59150010,0.39758607,0.45352809,0.53965814,0.54396459,0.43962536,0.70915226,0.49400216,0.68426179,0.59572964,0.54790912,0.67348321,0.47420504,0.52774982,0.42989129,0.56114766,0.60980300,0.52276832,0.55188608,0.54999933,0.42828395,0.52202421,0.63678927,0.39072516,0.39773449,0.52344305,0.69069978,0.56098567,0.45651480,0.45656711,0.49390835,0.67482953,0.60486901,0.48666105,0.67706823,0.58121616,0.60095627,0.54757376,0.59034504,0.66131484,0.53881996,0.48166326,0.44023362,0.47799827,0.63116042,0.65626175,0.58102303,0.52596684,0.68401525,0.59941413,0.58250261,0.68516409,0.49928035,0.54909260,0.57700078,0.53023034,0.50233990,0.56983283,0.63058415,0.50097111,0.45596845,0.58028185,0.33029968,0.54472368,0.64599111,0.61963150,0.43757370,0.53401932,0.54261878,0.62387210,0.70109625,0.59759450,0.49280613,0.55806378,0.66607784,0.56258848,0.61523672,0.49805141,0.47654408,0.62226847,0.53108268,0.58925427,0.45992129,0.46915298,0.56249920,0.52804012,0.68335767,0.60607142,0.66555432,0.58776522,0.52907905,0.47741026,0.38917768,0.63341398,0.55924835,0.55013845,0.63320885,0.48777691,0.65424985,0.63109796,0.41941109,0.50546934,0.51700468,0.51298229,0.45053018,0.52385401,0.62944792,0.49834831,0.69140101,0.37349405,0.39727573,0.54684783,0.42899216,0.65397249,0.50205912,0.46915298,0.51786004,0.65341563,0.53823724,0.42808108,0.56119066,0.66380334,0.61106426,0.39632533,0.55867374,0.41212471,0.52409145,0.51443344,0.65148448,0.50050520,0.70258628,0.57492674,0.42745327,0.37722630,0.49108477,0.40585737,0.49708378,0.24126281,0.26445802,0.00000000,0.50699817,0.45634764,0.52452629,0.45603821,0.47799571,0.55679982,0.61638667,0.54741134,0.66874162,0.49360499,0.59007688,0.44724722,0.53269592,0.45053051,0.46110300,0.58137835,0.42867119,0.46269904,0.49163920,0.65109664,0.72164335,0.58403275,0.74732246,0.58833050,0.73556268,0.62993933,0.50319038,0.61319263,0.56965511,0.61984135,0.47315189,0.58624658,0.58269903,0.61776815,0.56689536,0.70819001,0.46037188,0.50471761,0.68016511,0.65002484,0.59623746,0.58547920,0.54816728,0.56466876,0.56245793,0.45024716,0.52430414,0.48707416,0.63042488,0.52906532,0.68948524,0.51653389,0.39947670,0.56314752,0.48319500,0.55444526,0.68999140,0.56252847,0.58493625,0.80818541,0.52485976,0.55726802,0.68420262,0.55294109,0.42821155,0.64422131,0.50393442,0.63100467,0.58486289,0.63485419,0.40906336,0.44099285,0.48594347,0.42129613,0.42634340,0.57740504,0.00000000,0.57759887,0.70755639,0.55884750,0.42649538,0.37649137,0.57927472,0.50613741,0.43217967,0.30743589,0.63776359,0.45178755,0.50508317,0.59929547,0.58264542,0.51608068,0.43220492,0.58409689,0.56124429,0.46754917,0.41160897,0.58793623,0.48046294,0.64631175,0.56951332,0.41177363,0.44677373,0.44762636,0.75773466,0.80818541,0.65966186,0.46608728,0.63264501,0.56418559,0.42454990,0.48187727,0.45750513,0.41653943,0.53956572,0.68291811,0.59036677,0.62701229,0.36429971,0.41173395,0.44801630,0.40888081,0.44578579
91259,0.41109722,0.39891609,0.45744158,0.33331448,0.49761205,0.38942288,0.43067559,0.46124719,0.44620350,0.44252170,0.39319269,0.42230269,0.42265122,0.44678344,0.31284044,0.36038275,0.60380147,0.54412755,0.41758772,0.34838277,0.33428856,0.43555631,0.39194721,0.66548286,0.36073932,0.52839116,0.36109395,0.45453914,0.41520137,0.53680797,0.46891508,0.43780417,0.48159754,0.39946036,0.45005110,0.41401666,0.50902361,0.41943868,0.45820167,0.53270972,0.39519060,0.54027783,0.39294592,0.44355029,0.35463271,0.43788705,0.56421760,0.48953618,0.41505028,0.44628592,0.45051726,0.41086924,0.42435642,0.41275517,0.35276578,0.47632471,0.52265770,0.44176933,0.40231374,0.36705951,0.49946211,0.59437723,0.47941003,0.43640870,0.54605311,0.57150998,0.61261864,0.40440344,0.51126567,0.55290415,0.34037527,0.44393094,0.46523014,0.51300325,0.50914839,0.62789524,0.49466345,0.45567867,0.39410454,0.51539881,0.39897035,0.52905343,0.40835017,0.49106575,0.47497093,0.45649824,0.51234634,0.31590059,0.54677683,0.44416563,0.45437921,0.53099505,0.42069889,0.42476024,0.51010555,0.38027516,0.48106844,0.50986317,0.47350047,0.58392266,0.50593550,0.48895091,0.46889418,0.52417339,0.43014334,0.40583790,0.44595273,0.42476951,0.33108198,0.42259779,0.40866037,0.49524777,0.39587326,0.42259408,0.39805355,0.53233293,0.62080576,0.45580172,0.42048241,0.48317122,0.29663778,0.48561424,0.35482991,0.42567624,0.42736543,0.45371114,0.47679640,0.34956572,0.46731879,0.41542662,0.30162335,0.44551321,0.41786026,0.47545241,0.48010816,0.54845096,0.43393315,0.47731222,0.47077275,0.50160290,0.56984524,0.58123154,0.44230004,0.47664920,0.42169303,0.42259408,0.38785534,0.53349632,0.51507757,0.34568924,0.50006789,0.53952867,0.51374794,0.40462956,0.57336083,0.29844125,0.53822109,0.47232466,0.52384917,0.42789099,0.60826263,0.38161188,0.30625592,0.37510502,0.37817817,0.37288007,0.43129949,0.43440060,0.49255371,0.50699817,0.00000000,0.37126722,0.54419824,0.42304305,0.30824555,0.46453584,0.44352301,0.43637463,0.49293106,0.42731676,0.54012039,0.36217081,0.39271581,0.47862360,0.46099435,0.51672462,0.41370986,0.45222204,0.42589379,0.49100840,0.62253748,0.59665750,0.50590396,0.53282667,0.60781645,0.52890790,0.37894817,0.38044386,0.45321991,0.43563771,0.37141950,0.41296892,0.48252191,0.53657493,0.41104845,0.44820978,0.38953808,0.34275009,0.62057845,0.60042516,0.49843519,0.47023607,0.54282259,0.44444400,0.48497239,0.45156002,0.35604411,0.36410055,0.48951723,0.45942262,0.59562361,0.43067559,0.43277878,0.44095133,0.53280850,0.47250673,0.41419339,0.50169307,0.41149167,0.58976374,0.54228606,0.57675880,0.52423651,0.46121006,0.29571772,0.43436596,0.40325327,0.53533221,0.40996742,0.60767425,0.45556764,0.43981410,0.39387953,0.41719868,0.50629744,0.49427714,0.50699817,0.44410831,0.59952968,0.46809712,0.35995497,0.34806372,0.51326848,0.34714292,0.37338241,0.42371092,0.43459829,0.40860540,0.39390308,0.58337451,0.53241762,0.55545850,0.38228571,0.55640431,0.53997194,0.40188848,0.51711051,0.41885685,0.40168061,0.66377444,0.44849134,0.29594106,0.44357734,0.32981580,0.60975340,0.58976374,0.55434826,0.55507790,0.56081312,0.43670175,0.35210575,0.39047026,0.49540756,0.43130238,0.40877833,0.42201275,0.34394845,0.36034348,0.41735639,0.55950527,0.49686511,0.51607508,0.48917103
91261,0.46729171,0.48802081,0.50963379,0.53647977,0.56647318,0.40451307,0.47459158,0.47359891,0.53104427,0.59334106,0.56932172,0.48022375,0.39237216,0.42189989,0.42779587,0.46096524,0.69637191,0.57966339,0.57502674,0.42802389,0.35130680,0.51964331,0.43006697,0.69741931,0.46764185,0.48864908,0.51901204,0.48363573,0.57670036,0.59108270,0.48700773,0.45106738,0.42383161,0.56577380,0.49700323,0.44783079,0.67481693,0.52319130,0.66499536,0.51327391,0.45349153,0.60791802,0.39775051,0.46906933,0.41222855,0.42832043,0.56991402,0.52447994,0.52096441,0.55183621,0.45907835,0.34789781,0.53227930,0.39554624,0.43125094,0.43612484,0.62406695,0.47699033,0.37959990,0.44370731,0.50523093,0.61478508,0.50675152,0.50133104,0.60944267,0.52466075,0.59958890,0.44705544,0.53156248,0.66274584,0.50344103,0.47997758,0.49045201,0.53132836,0.47177354,0.60949163,0.58248640,0.48250719,0.64731975,0.54160568,0.57796367,0.60085413,0.42437267,0.47988024,0.55284974,0.44041034,0.60100727,0.50036966,0.55132127,0.38019503,0.45877205,0.48311214,0.44997543,0.44976631,0.50243215,0.44604271,0.45895489,0.43134673,0.51927295,0.46849710,0.53956535,0.52453484,0.40696210,0.50711343,0.53532292,0.42720746,0.48619299,0.44453483,0.35965082,0.48962990,0.45856668,0.51402502,0.51190964,0.49877459,0.48021388,0.58218539,0.59089544,0.49508407,0.50982562,0.49149831,0.40988803,0.36010811,0.36722689,0.53810004,0.46370669,0.47602912,0.52711318,0.40087825,0.54411346,0.50198626,0.41964167,0.53220252,0.50879956,0.43038582,0.42438354,0.44811803,0.54658019,0.43146252,0.50320696,0.46440014,0.51980599,0.48508150,0.46939139,0.56609766,0.40287941,0.49877459,0.38247919,0.54965227,0.46240787,0.39839820,0.40969834,0.49840733,0.51441061,0.34146624,0.50514635,0.40669928,0.44576685,0.45115374,0.56298789,0.42780642,0.53102369,0.47135210,0.34062100,0.38799442,0.46478042,0.41219125,0.44695021,0.42928703,0.53261696,0.45634764,0.37126722,0.00000000,0.45368044,0.44298023,0.37381966,0.46469819,0.48618527,0.44421343,0.66574762,0.44199142,0.55317809,0.32607013,0.35971939,0.40596021,0.52392062,0.60000991,0.39721623,0.50987912,0.44190766,0.50434792,0.65668471,0.60495215,0.55882024,0.44883890,0.58505472,0.59099135,0.46242480,0.41910392,0.44226024,0.47190361,0.48855293,0.53494160,0.49540942,0.57464865,0.47791908,0.55613501,0.36151347,0.37877733,0.45943342,0.47691087,0.40571498,0.51742267,0.51122460,0.52214329,0.54752278,0.42481020,0.30859884,0.46301174,0.48848590,0.42127939,0.60962459,0.47459158,0.39223862,0.43951915,0.51003074,0.47823420,0.54092501,0.41213991,0.57517881,0.62696682,0.46439704,0.50185180,0.51673443,0.52963589,0.33006060,0.56034519,0.42319784,0.61068047,0.47350275,0.55428493,0.42780699,0.44486408,0.40553651,0.41768844,0.42066582,0.44271045,0.45634764,0.48742610,0.63172066,0.41453106,0.42461894,0.30025438,0.45356273,0.38271476,0.44862100,0.39286033,0.62414875,0.45769037,0.59072256,0.40751926,0.40668301,0.51461332,0.45011078,0.51759293,0.50886990,0.41148360,0.43914779,0.46557724,0.44475615,0.49427834,0.42054547,0.42431437,0.47932142,0.42148712,0.57762408,0.62696682,0.46709778,0.51671252,0.48705907,0.43036840,0.38109264,0.53155021,0.39843080,0.48837083,0.50487405,0.65151334,0.57331372,0.56163442,0.36896359,0.48460427,0.50739507,0.42976427,0.41743001
91264,0.41574862,0.47305699,0.50392640,0.48519727,0.49338570,0.43867003,0.52862943,0.50300918,0.51003454,0.51103997,0.52079605,0.38276465,0.33446097,0.48382877,0.47685800,0.43833325,0.67770584,0.59646395,0.53511227,0.50851155,0.41031632,0.59063992,0.43808637,0.67397121,0.43978927,0.55740175,0.56309505,0.47753852,0.51816408,0.60264971,0.53141101,0.41382808,0.39581932,0.57144361,0.46005577,0.43041010,0.64041249,0.49930730,0.58188432,0.38689237,0.47236981,0.65543208,0.44106072,0.51712464,0.38248448,0.41461762,0.47495159,0.54344964,0.56134360,0.53582705,0.43672665,0.47131880,0.65022744,0.40939667,0.50701714,0.43184600,0.54823929,0.53550325,0.52497974,0.47731572,0.54370028,0.54690174,0.43548793,0.53919671,0.59359026,0.48412575,0.55822544,0.45032744,0.50530473,0.65680789,0.50131901,0.50047125,0.50429476,0.55577336,0.41240606,0.56348303,0.57020355,0.53398468,0.55369865,0.54059422,0.51415781,0.53045034,0.44835349,0.48486462,0.50507285,0.49744868,0.51699405,0.46260435,0.54264016,0.45381081,0.48917903,0.44728053,0.42309412,0.49404627,0.50801546,0.48870540,0.48250180,0.37080063,0.49089962,0.44177330,0.58151451,0.45909210,0.31406631,0.52077521,0.51369687,0.51732773,0.57833550,0.44778986,0.49390962,0.51931682,0.44441734,0.57780233,0.50457559,0.66002462,0.41105219,0.59764524,0.59611975,0.49520358,0.54578867,0.43876085,0.47505324,0.29218634,0.45563919,0.55416433,0.51784004,0.48300875,0.60952418,0.40721223,0.62521796,0.53227928,0.53619864,0.52580677,0.60350748,0.33564237,0.50530244,0.02158408,0.51455623,0.49779643,0.56291107,0.41592771,0.42152342,0.59038472,0.43882195,0.54766582,0.38913348,0.66002462,0.41727247,0.57450086,0.31733820,0.46674434,0.44302561,0.38938330,0.53240012,0.41871624,0.44568670,0.54612218,0.01866568,0.50535453,0.63705221,0.35821951,0.55082603,0.51047133,0.45024561,0.51797605,0.63788999,0.56438887,0.47625647,0.45287453,0.55960976,0.52452629,0.54419824,0.45368044,0.00000000,0.52351672,0.44761763,0.51207920,0.57519373,0.52706192,0.55984329,0.41515338,0.47700647,0.40861771,0.46241620,0.41471050,0.50068473,0.57606360,0.49531107,0.54650817,0.42633921,0.51417520,0.64862546,0.61080721,0.59796486,0.56653428,0.63724377,0.55659297,0.51636111,0.55446878,0.48542933,0.43257875,0.46407515,0.51058203,0.43805586,0.58824714,0.45451741,0.59927205,0.53435980,0.58404073,0.54287890,0.61783989,0.48416247,0.56980009,0.42371206,0.51783832,0.45368543,0.51870494,0.53633107,0.42162779,0.59104780,0.49649180,0.54458962,0.52862943,0.44641622,0.44125294,0.51334425,0.52073733,0.53734233,0.44427809,0.56091887,0.58734866,0.41741183,0.48579660,0.67665745,0.59549300,0.45042282,0.53827582,0.38028776,0.43976171,0.41518541,0.42103027,0.41006310,0.44614376,0.51052898,0.51792695,0.41162610,0.47388108,0.52452629,0.45605930,0.63927011,0.48897720,0.37977275,0.40974739,0.37319728,0.58356593,0.53650898,0.40619844,0.61510922,0.42081600,0.68105832,0.44539652,0.49793339,0.53622812,0.48894723,0.39824437,0.47687395,0.52075263,0.38463203,0.43057349,0.43972311,0.53949409,0.48506258,0.50522171,0.53418804,0.51415785,0.61932726,0.58734866,0.55506893,0.42194181,0.50225693,0.45109196,0.36981872,0.52947782,0.33249623,0.49256918,0.47746727,0.57710399,0.57299539,0.58201629,0.47337649,0.45371629,0.44746169,0.38215386,0.41178068
91265,0.52146800,0.49239046,0.52414504,0.45909517,0.50567802,0.47735808,0.45165910,0.45735574,0.52747166,0.62968116,0.56763784,0.51729598,0.42265910,0.44150879,0.33452761,0.37694458,0.59387227,0.49594029,0.51545054,0.41734703,0.38580444,0.49128376,0.40817896,0.59575747,0.38232227,0.54762866,0.46826511,0.45473502,0.47862522,0.56723072,0.52165537,0.38267633,0.40442692,0.51267920,0.49449456,0.43706671,0.67169669,0.54980810,0.63318117,0.56578925,0.46487941,0.53175194,0.43867106,0.44738666,0.43894268,0.42982515,0.52605032,0.40479637,0.47081705,0.51552541,0.44259192,0.41373711,0.52949583,0.46939029,0.42059009,0.52775546,0.64237648,0.42796112,0.33807639,0.42654197,0.49046539,0.54484075,0.43082442,0.30692986,0.54799756,0.48531982,0.43946046,0.41634063,0.56363759,0.58409256,0.52779792,0.47744788,0.54609649,0.43838132,0.52319391,0.57672412,0.48559997,0.47399555,0.61967832,0.55570026,0.47874462,0.53922833,0.39705880,0.55819251,0.49215794,0.49081510,0.48033670,0.51478229,0.55751957,0.44077767,0.47072672,0.56758285,0.40776443,0.46713367,0.59786242,0.43627638,0.44982900,0.45088478,0.52050333,0.51656322,0.51901854,0.43990927,0.43635880,0.47002142,0.54608399,0.42901052,0.48098732,0.41119422,0.35160888,0.53096816,0.56126538,0.43464932,0.40979921,0.45469552,0.44735393,0.55836477,0.54326064,0.50158168,0.48043877,0.46827975,0.41855566,0.46889017,0.34157455,0.51914653,0.41983044,0.42359093,0.50036560,0.38602655,0.55919226,0.47509743,0.39382061,0.48697330,0.44300498,0.40346938,0.28165393,0.53435524,0.60511887,0.52800807,0.49002006,0.40371390,0.45138791,0.54648903,0.48019918,0.55736473,0.49488004,0.45469552,0.46158192,0.54460955,0.45316200,0.42162194,0.51894073,0.54996887,0.43708547,0.39610961,0.49748418,0.39027576,0.53240630,0.36212269,0.55411107,0.43756876,0.53029460,0.44332679,0.33678669,0.41822879,0.46950673,0.40524985,0.45721170,0.40074509,0.38164855,0.45603821,0.42304305,0.44298023,0.52351672,0.00000000,0.46521500,0.48024580,0.47968127,0.42868443,0.67371207,0.45040457,0.55894039,0.42680674,0.43383951,0.51613740,0.48357952,0.55691161,0.47333968,0.42815641,0.46539307,0.42742130,0.62325977,0.55428484,0.55472586,0.48481499,0.59238323,0.60199646,0.43969079,0.41762967,0.40764498,0.39388898,0.50174106,0.48915526,0.48777136,0.49564146,0.41637639,0.48958886,0.34922574,0.39637978,0.50626630,0.65212274,0.47043961,0.51566850,0.49312365,0.56184011,0.49938395,0.41140604,0.40776888,0.49931981,0.52481409,0.46311589,0.52778811,0.45165910,0.43288323,0.54976259,0.54027140,0.38746194,0.55375011,0.52074807,0.49437234,0.65588215,0.50247892,0.41709622,0.52402538,0.50485823,0.34925212,0.56898433,0.49561276,0.59401207,0.46371488,0.58654769,0.45791245,0.40403047,0.41355457,0.29754275,0.38132524,0.50253816,0.45603821,0.53043570,0.59481511,0.49528980,0.42799374,0.38767684,0.49694387,0.39960406,0.34028673,0.39454611,0.58449768,0.34285624,0.44069930,0.51043634,0.49875014,0.41186074,0.45935412,0.42108189,0.41271443,0.28323598,0.41320665,0.50177405,0.55190362,0.55574643,0.45669315,0.43685367,0.53807684,0.40383266,0.59088949,0.65588215,0.56414595,0.43205325,0.53221136,0.48733639,0.40956506,0.36679303,0.44779190,0.47788522,0.47836862,0.62181906,0.50077842,0.53333769,0.42653011,0.38233768,0.52656452,0.41122053,0.50357887
91266,0.45888627,0.50263639,0.55962844,0.50872370,0.52663672,0.42693844,0.48377812,0.48752645,0.51079620,0.57060887,0.53886755,0.44151101,0.42420292,0.51104908,0.43701222,0.44385183,0.68352716,0.60289312,0.53218287,0.43105245,0.36238433,0.50647394,0.39635409,0.65931883,0.44964651,0.55581668,0.51289228,0.49377797,0.54679615,0.38268311,0.51703886,0.43568887,0.44350252,0.51832380,0.45873683,0.43853999,0.63483762,0.44781313,0.63366986,0.57215880,0.49251931,0.62504536,0.45187195,0.44937651,0.44986923,0.46124176,0.56020209,0.54144099,0.52696902,0.55473297,0.43735875,0.40519965,0.56127999,0.44833050,0.43335835,0.47329849,0.55610168,0.50773996,0.41616267,0.37311186,0.53022121,0.55789336,0.48154417,0.49865752,0.63501075,0.51576588,0.49581440,0.47193654,0.56768892,0.62698609,0.36920354,0.52904937,0.47235335,0.54772871,0.56445739,0.65214250,0.57674356,0.48117223,0.56841463,0.39923128,0.54475715,0.58565211,0.46045039,0.44224090,0.55114332,0.49710808,0.56223403,0.36846593,0.58432997,0.37746394,0.41610742,0.57486752,0.42175951,0.46444972,0.57035133,0.47312887,0.49752059,0.41929804,0.33427122,0.56223987,0.54601978,0.49050448,0.37179456,0.44285155,0.55157734,0.41308099,0.46053144,0.41651330,0.37221973,0.50947198,0.44211474,0.53849032,0.51143778,0.41103538,0.50924019,0.58343279,0.58664857,0.47915192,0.48589044,0.52051414,0.38488898,0.41233616,0.37680494,0.60819334,0.49948368,0.48063881,0.58145691,0.39489011,0.53621833,0.51251322,0.38627145,0.51947011,0.52276123,0.38953915,0.44195756,0.45223469,0.50299352,0.44617508,0.55850305,0.45879967,0.48516557,0.55752823,0.43352826,0.57935210,0.49401129,0.41103538,0.42518017,0.53650057,0.40538043,0.41708873,0.42119675,0.58800419,0.57794935,0.33030765,0.49710024,0.35154474,0.44898798,0.49246340,0.59823148,0.41087262,0.58792276,0.45349215,0.33749255,0.27782942,0.37444936,0.29084322,0.26254420,0.34042264,0.49712195,0.47799571,0.30824555,0.37381966,0.44761763,0.46521500,0.00000000,0.50880338,0.46108394,0.46756402,0.60382935,0.44628239,0.48156744,0.37287597,0.42163414,0.44472423,0.46051723,0.55951005,0.35328080,0.52674577,0.42722102,0.54557182,0.62839791,0.58759982,0.61102310,0.49899621,0.59630707,0.50747164,0.22928466,0.44960408,0.46999065,0.51541339,0.47316636,0.53579548,0.48348821,0.60103921,0.53339372,0.56801916,0.36689420,0.37415610,0.62396902,0.60452496,0.49678054,0.53780127,0.50003115,0.51766572,0.56084874,0.46799541,0.36423204,0.45434872,0.51238449,0.43284158,0.58267422,0.48377812,0.45329907,0.49637590,0.55774025,0.49802151,0.55962048,0.42342789,0.54182338,0.66229313,0.41566207,0.43599239,0.61830280,0.52443634,0.33814547,0.52857861,0.45604915,0.58440222,0.51825675,0.52537873,0.41726103,0.47278823,0.38531626,0.40596206,0.45474637,0.52576457,0.47799571,0.51917957,0.62553519,0.50961881,0.38820296,0.27679940,0.51461937,0.37733660,0.43776831,0.43063234,0.54213118,0.43444346,0.51821400,0.48709391,0.49614825,0.50895761,0.42642875,0.46786036,0.51614545,0.41653479,0.43548182,0.55388038,0.43139813,0.57489302,0.42889483,0.43021013,0.46674828,0.40801576,0.58736996,0.66229313,0.53886923,0.48003832,0.52444825,0.42446823,0.34258250,0.49120260,0.37943590,0.43795546,0.50364462,0.58215967,0.54092131,0.52712623,0.40900046,0.50223699,0.48291510,0.42748937,0.41303061
91267,0.49664388,0.53215011,0.56828840,0.49041602,0.57657659,0.43497278,0.50759911,0.53030003,0.57498222,0.55255533,0.52433676,0.49996542,0.46049134,0.48432982,0.45567077,0.44344482,0.64282993,0.54761544,0.51940227,0.45580975,0.46362290,0.55079018,0.48315374,0.63983735,0.45024538,0.56045848,0.53800346,0.54322073,0.47802922,0.68202177,0.53918995,0.47798245,0.49021341,0.55645486,0.52450907,0.53985604,0.62773688,0.55096528,0.57388196,0.50208292,0.50264483,0.54557840,0.42877910,0.51700346,0.45854208,0.45983898,0.61843584,0.52045548,0.55522504,0.58622707,0.50567921,0.46066903,0.54911106,0.48630768,0.45747532,0.41438927,0.61958701,0.53471991,0.48332355,0.47057698,0.53910442,0.64238001,0.56564078,0.51053853,0.63232525,0.62275745,0.62039259,0.49772015,0.52568054,0.63146826,0.57379194,0.50099460,0.54568609,0.55014974,0.49018854,0.60898369,0.53343763,0.55107163,0.55266249,0.62737141,0.53886095,0.57861872,0.44861913,0.61502265,0.58483525,0.54066069,0.55290676,0.58739979,0.57179757,0.49855343,0.44613355,0.50498186,0.43533519,0.45783213,0.50466547,0.46395811,0.49520656,0.50606565,0.61028827,0.57203078,0.61717780,0.56840501,0.49361767,0.61921756,0.50797301,0.49930597,0.53324678,0.54039696,0.37474369,0.50418166,0.51146892,0.51220720,0.48669803,0.53483427,0.47135182,0.60452737,0.58518889,0.54589290,0.50388815,0.48364061,0.48408369,0.46452217,0.36435865,0.57678170,0.51755709,0.54776510,0.51955421,0.44165562,0.56286274,0.52012832,0.44623991,0.53899026,0.52282854,0.53111579,0.48646455,0.51954227,0.55090950,0.52836345,0.44707077,0.51141821,0.55593363,0.56762581,0.51191582,0.55796486,0.49021011,0.53483427,0.40002220,0.51206156,0.56716158,0.45855343,0.49648678,0.48455482,0.51586191,0.42074592,0.57613695,0.45714816,0.51614830,0.50990652,0.56970697,0.49795974,0.55836747,0.49788003,0.38743088,0.46866886,0.54831295,0.50584129,0.55078656,0.48118266,0.51438004,0.55679982,0.46453584,0.46469819,0.51207920,0.48024580,0.50880338,0.00000000,0.53549927,0.40170858,0.59951429,0.53053917,0.54726672,0.43422262,0.30632897,0.51467298,0.52306522,0.61528798,0.49620974,0.51355305,0.53225511,0.49704746,0.60174095,0.60707556,0.47086699,0.47577477,0.55971748,0.54709212,0.52637938,0.47198956,0.25090492,0.50474585,0.52328596,0.49607463,0.56669476,0.53364311,0.43090800,0.55537173,0.50395893,0.50715017,0.59945488,0.55495062,0.50337780,0.57425470,0.57822774,0.55897543,0.53507002,0.50149419,0.40899302,0.50901984,0.54200812,0.49069353,0.60480079,0.50759911,0.49191300,0.44554403,0.58337881,0.48466493,0.50138350,0.49797008,0.56835718,0.59473897,0.58514673,0.57706212,0.61262451,0.56560975,0.37984971,0.49410191,0.39353599,0.52092985,0.46289659,0.63810462,0.51960418,0.49708159,0.39710411,0.50741538,0.54628073,0.43935527,0.55679982,0.45685361,0.59396361,0.43806739,0.49166507,0.48213495,0.48866598,0.50376380,0.46770006,0.47775686,0.60064388,0.48383697,0.57161280,0.58813163,0.53607886,0.49825644,0.48338304,0.54998177,0.58030116,0.52887068,0.50950482,0.43408464,0.50598805,0.61312960,0.48035495,0.44228405,0.57644533,0.47385215,0.55008183,0.59473897,0.48500257,0.56875627,0.55707681,0.45701331,0.43772679,0.50147539,0.51120114,0.52501644,0.47880560,0.56508139,0.50483862,0.53983695,0.48099505,0.47926094,0.55493063,0.50799190,0.51119116
91269,0.55014669,0.57282560,0.67076569,0.54272838,0.64499721,0.59977434,0.45911671,0.48035375,0.60295665,0.55801675,0.46676817,0.57406685,0.46531976,0.49709881,0.49540672,0.49771836,0.56304534,0.51129378,0.63013569,0.52286211,0.50852033,0.61250858,0.59758946,0.76871512,0.50389760,0.56503713,0.52666698,0.62535897,0.52772754,0.60793198,0.54943820,0.52481116,0.52702139,0.57679879,0.58774335,0.57058363,0.62855376,0.58808259,0.58758327,0.60643338,0.45414602,0.46920780,0.55498948,0.46540774,0.56415834,0.35273415,0.51236093,0.44887129,0.55942899,0.61169473,0.60160496,0.49934011,0.49094183,0.56640612,0.51746964,0.56701331,0.54464585,0.43891378,0.36209896,0.59217431,0.58354367,0.56044781,0.48456349,0.42420888,0.58395981,0.47501838,0.53255512,0.43102557,0.68948049,0.58309534,0.58959372,0.50187927,0.58749445,0.70518183,0.52060369,0.62616352,0.62680243,0.56095749,0.59341637,0.53957149,0.56925897,0.56363812,0.39182772,0.51331639,0.61940165,0.53289222,0.62895491,0.54518627,0.55684359,0.45631815,0.60555925,0.55795856,0.55749738,0.52236896,0.54604866,0.37999330,0.66187355,0.53281743,0.58924510,0.62591801,0.44047241,0.49680514,0.50505893,0.41947319,0.56974904,0.05111829,0.00638220,0.51019656,0.52293837,0.42582988,0.62448618,0.39225751,0.64891964,0.52067493,0.57521858,0.64047402,0.57334707,0.58452576,0.41151950,0.43363157,0.39858081,0.54494745,0.56251470,0.58129303,0.41571091,0.39874127,0.41979580,0.43899284,0.42213880,0.45635176,0.47054458,0.64479331,0.58470184,0.46060038,0.45369424,0.57602573,0.53568760,0.57099359,0.53783270,0.57214410,0.63028409,0.58172335,0.58457821,0.60351179,0.57985297,0.52067493,0.48817656,0.57891582,0.51748481,0.56134442,0.53700809,0.56414718,0.52775912,0.57145226,0.63016429,0.47260775,0.57705002,0.48162430,0.63266443,0.53612380,0.57305974,0.46058397,0.55528282,0.54061077,0.54172283,0.50434148,0.44863189,0.56863588,0.60104986,0.61638667,0.44352301,0.48618527,0.57519373,0.47968127,0.46108394,0.53549927,0.00000000,0.59387119,0.66039292,0.59858746,0.60109910,0.52036279,0.53465952,0.62123657,0.57180419,0.59380406,0.50940977,0.65606319,0.52581993,0.45165967,0.67977195,0.71500084,0.51977094,0.42388803,0.59315055,0.65066974,0.45153794,0.42222957,0.57631263,0.43220659,0.60221287,0.54981696,0.51783121,0.51136591,0.50673300,0.48949352,0.42019450,0.42415241,0.63789712,0.54338165,0.47684612,0.55817315,0.57627342,0.53161698,0.61114750,0.47625924,0.45078460,0.58430054,0.44922149,0.40650896,0.56752844,0.45911671,0.55905964,0.52451353,0.58543088,0.37880048,0.56845643,0.53877944,0.50432772,0.56382106,0.47027399,0.44653205,0.49655528,0.51434011,0.55598413,0.57496333,0.50057523,0.64067725,0.51010423,0.61199065,0.59867530,0.57451721,0.52603206,0.43584373,0.45655996,0.51952052,0.61638667,0.52142858,0.61487110,0.54987250,0.55428207,0.44147581,0.51377537,0.42209642,0.42034612,0.59383797,0.70449504,0.47575999,0.55205192,0.52365100,0.48568411,0.62509998,0.62804257,0.47260712,0.47055750,0.49964622,0.51249012,0.54125936,0.63701852,0.51305394,0.54094273,0.59806111,0.64780813,0.48696786,0.60766444,0.56382106,0.51128290,0.60722222,0.48663154,0.49274750,0.49125894,0.45837090,0.52789118,0.51968660,0.50209614,0.61692875,0.50590142,0.57191360,0.54436966,0.61280891,0.59415032,0.51488452,0.54507452
91411,0.51549827,0.50388099,0.53222924,0.49065525,0.55609718,0.39984550,0.45857820,0.48978078,0.55955076,0.59687214,0.54152250,0.52712311,0.48837037,0.56244921,0.43605318,0.45402513,0.75784188,0.64448962,0.48138895,0.43644714,0.46023616,0.52503592,0.44050987,0.69340247,0.46079806,0.57834571,0.48903374,0.49147652,0.50886400,0.54033857,0.59006730,0.49360686,0.49772917,0.54395346,0.50218159,0.50186196,0.60123659,0.57166513,0.57561896,0.54390514,0.51012882,0.67499080,0.39573572,0.53004013,0.45273620,0.54052929,0.64573004,0.56446080,0.51336418,0.59051349,0.53201411,0.51979793,0.58105512,0.47197240,0.44114718,0.47642250,0.60902830,0.55836615,0.49144208,0.45003702,0.56441171,0.68424568,0.58379970,0.54989412,0.67732324,0.62187346,0.60110251,0.50170269,0.61684936,0.72069261,0.55511709,0.50590544,0.50996069,0.56001775,0.51889066,0.60314812,0.55087181,0.52407551,0.61481745,0.56785439,0.49580148,0.65151946,0.53718660,0.54236602,0.52310174,0.60540075,0.56958332,0.51983545,0.57364534,0.54509709,0.47132914,0.57511745,0.49772713,0.51357638,0.56315920,0.48224133,0.51577920,0.52752946,0.54112257,0.57929077,0.64735172,0.59428202,0.48738384,0.55892672,0.51301605,0.54879371,0.59375672,0.52703119,0.29634060,0.52934773,0.50701776,0.60352989,0.47621293,0.47618085,0.48412069,0.63850681,0.62072190,0.48415995,0.51974443,0.52904561,0.51571934,0.49143729,0.34088074,0.52255601,0.54486845,0.55997152,0.62204890,0.41155412,0.66086076,0.55027846,0.41321699,0.51982592,0.46572979,0.56439876,0.46280690,0.53158233,0.59245740,0.53720094,0.47851792,0.53606799,0.55550108,0.62723213,0.54215429,0.56487823,0.48821845,0.47618085,0.49985492,0.60585090,0.57999232,0.48945477,0.42755092,0.52075669,0.59643353,0.34564973,0.58787601,0.40797613,0.52650572,0.53093607,0.55417015,0.50421424,0.53808544,0.53876255,0.36704513,0.40141073,0.48910068,0.46246528,0.44197495,0.47894869,0.52550712,0.54741134,0.43637463,0.44421343,0.52706192,0.42868443,0.46756402,0.40170858,0.59387119,0.00000000,0.63277504,0.48646106,0.47951624,0.43477983,0.23642873,0.51863046,0.55629569,0.64598803,0.41204850,0.46091283,0.51539496,0.48292321,0.66328859,0.64982092,0.53453134,0.53514298,0.62642904,0.62690813,0.42209836,0.48317674,0.32899767,0.56512989,0.50846427,0.56685205,0.58042018,0.63325061,0.47759873,0.59817408,0.46468831,0.46086819,0.58772911,0.63494542,0.53234067,0.61656930,0.63055103,0.52805515,0.53122544,0.55555857,0.37280845,0.49165164,0.66753776,0.54930837,0.62524578,0.45857820,0.44902029,0.55424710,0.62183804,0.57876541,0.51512681,0.43128365,0.55929352,0.63865438,0.56834321,0.56489071,0.63330143,0.54427781,0.35866134,0.51894485,0.46520993,0.61957493,0.49407210,0.61739752,0.51876934,0.47030169,0.37287696,0.46771777,0.55932590,0.44192602,0.54741134,0.56463335,0.67070467,0.42894154,0.46429233,0.47769824,0.54694312,0.46265685,0.50527083,0.50355630,0.65098204,0.47492239,0.48922276,0.55254701,0.56819839,0.54734723,0.47444087,0.51640278,0.60687833,0.46497051,0.56685241,0.49379793,0.49854072,0.65658888,0.42999209,0.43778029,0.56891999,0.42429191,0.60351202,0.63865438,0.59215860,0.54399068,0.56187114,0.46823984,0.47234359,0.56107105,0.55375839,0.51412999,0.54384894,0.62682699,0.53260194,0.55571172,0.47908883,0.55499174,0.51007368,0.55898323,0.56186732
91602,0.48156086,0.52366449,0.59127130,0.34588134,0.65817699,0.54064163,0.44333430,0.54162103,0.46518705,0.36069438,0.44034041,0.45652816,0.46475897,0.55629613,0.44525675,0.46425577,0.58432760,0.65089702,0.37117070,0.52060745,0.55172569,0.64918246,0.53411662,0.73451705,0.45963750,0.64971407,0.52178539,0.60904270,0.52076044,0.68529976,0.54999373,0.61652776,0.64415951,0.39684261,0.47880997,0.48338659,0.41646030,0.30452607,0.41553895,0.50640147,0.48487483,0.61230455,0.59156993,0.58731241,0.50617721,0.50359902,0.62958148,0.68213643,0.49831407,0.44281698,0.47642956,0.59190967,0.51636331,0.53932136,0.52257072,0.53343466,0.51983681,0.62233751,0.67507486,0.53513421,0.68826381,0.63578892,0.59465627,0.66312788,0.61289144,0.65471378,0.70508479,0.48603538,0.58860880,0.52286666,0.51607297,0.49007989,0.63318490,0.62220676,0.52031153,0.62982016,0.58072974,0.55638706,0.31775247,0.53644930,0.35376189,0.63512674,0.60812018,0.50244812,0.54351537,0.51692129,0.63201281,0.45726423,0.65000910,0.68591211,0.55353116,0.61806596,0.54371463,0.60685260,0.55068022,0.56214869,0.59399434,0.57572249,0.53321993,0.66595303,0.68261442,0.61054990,0.55100624,0.65130103,0.47252620,0.66663559,0.66266288,0.52297972,0.63065669,0.60941396,0.52463602,0.68494640,0.52022484,0.78095316,0.53592201,0.56309191,0.69513832,0.50834670,0.53575234,0.51974913,0.55691088,0.52266381,0.61981793,0.63031493,0.59925280,0.58615801,0.61131747,0.53203300,0.55328265,0.55338201,0.64830781,0.59347476,0.63563913,0.61606174,0.68762805,0.53798042,0.42917839,0.62956533,0.57429514,0.61849846,0.66946815,0.67758848,0.49392849,0.39246113,0.49839180,0.78095316,0.48384282,0.65896145,0.60878021,0.54687361,0.61756454,0.54825869,0.67122386,0.56944962,0.69171920,0.66669717,0.53194019,0.65690972,0.72805045,0.48125592,0.67082279,0.50259585,0.59697074,0.67073334,0.76845795,0.70959604,0.60389319,0.67784001,0.72585460,0.66874162,0.49293106,0.66574762,0.55984329,0.67371207,0.60382935,0.59951429,0.66039292,0.63277504,0.00000000,0.40727526,0.65133359,0.55442379,0.61670153,0.55275249,0.54460501,0.47991274,0.64997326,0.62640085,0.55601833,0.68276084,0.68926398,0.71755164,0.51998398,0.73397940,0.69311109,0.58592884,0.59943373,0.60371913,0.60862388,0.59359536,0.41158595,0.49567611,0.57937653,0.63648451,0.46929107,0.64603239,0.71932164,0.66596216,0.72989236,0.69343751,0.57252722,0.54405459,0.62928527,0.53581564,0.51057122,0.65592423,0.71654396,0.34333448,0.58738846,0.63243536,0.69791166,0.44333430,0.60692998,0.50573613,0.69907354,0.65353287,0.45889803,0.61976325,0.59418916,0.69385216,0.59963942,0.71706517,0.70786502,0.61617448,0.58695814,0.43218723,0.45779887,0.40701385,0.55655566,0.68927669,0.56237884,0.60637153,0.66030029,0.64639779,0.68276218,0.66987873,0.66874162,0.49147850,0.67824371,0.66323804,0.54422774,0.65184387,0.51731355,0.66633146,0.72052510,0.55741412,0.55217892,0.57021799,0.61191491,0.70809016,0.66025618,0.69221141,0.59215999,0.65445849,0.72015735,0.70260900,0.59368606,0.50559420,0.55537607,0.75979004,0.53850013,0.52186079,0.64920724,0.54090624,0.75709498,0.69385216,0.72357300,0.70973157,0.71486672,0.48822289,0.52224907,0.53897430,0.64875798,0.64465416,0.51621275,0.37132536,0.46428664,0.49675641,0.67639693,0.69750086,0.56573908,0.60051210,0.59955840
91685,0.35327589,0.36278429,0.41357947,0.35970583,0.49944382,0.31747317,0.36249356,0.36892837,0.35234071,0.42671541,0.45975825,0.33141197,0.37123046,0.47129217,0.30029368,0.26596440,0.68364983,0.60583889,0.35354092,0.41236310,0.33796525,0.53026087,0.33689166,0.56128131,0.26634735,0.47801657,0.39362917,0.42901212,0.46034390,0.56628267,0.42367604,0.37064408,0.42691328,0.39156514,0.40831962,0.35102187,0.50506111,0.37110142,0.49015586,0.46779853,0.42788674,0.62106628,0.32593443,0.41613462,0.29732953,0.43570160,0.55464982,0.51665912,0.40125502,0.35231715,0.28386052,0.44597691,0.49870453,0.29538540,0.41290513,0.44776793,0.52347509,0.45411826,0.47562896,0.37649815,0.50603262,0.56296979,0.44484687,0.53548348,0.58959801,0.45004678,0.52085699,0.34005664,0.43806016,0.54683482,0.42327974,0.38304508,0.45901037,0.45845068,0.51927135,0.62852999,0.54349524,0.42797753,0.45501882,0.52373462,0.34587463,0.56501768,0.44998665,0.42991795,0.46985238,0.42990430,0.49486220,0.35025849,0.59108269,0.44541465,0.45473556,0.48303666,0.39162134,0.42719417,0.52970200,0.49786016,0.37117743,0.35338062,0.47608406,0.51360172,0.56030957,0.46139477,0.28903019,0.50368614,0.42499338,0.53583587,0.60321974,0.29174475,0.45350053,0.54679745,0.43313259,0.56512690,0.39405744,0.62277722,0.41939992,0.50046038,0.51629994,0.41026080,0.48020642,0.50018301,0.41200161,0.35231035,0.39417520,0.52585699,0.43891706,0.39986422,0.56226882,0.40600827,0.54929267,0.47094495,0.45078557,0.42343483,0.49161859,0.40046170,0.48376360,0.40418610,0.46180388,0.46903024,0.49050256,0.40609266,0.46831072,0.55026294,0.32310333,0.41526827,0.38889758,0.62277722,0.33255295,0.51302811,0.43801078,0.36994761,0.47916509,0.51158252,0.56875358,0.35217939,0.44018198,0.46721744,0.40103424,0.50477001,0.50224382,0.23620415,0.55948893,0.35141837,0.41035580,0.47092120,0.60445282,0.52088145,0.48708300,0.47945465,0.55701242,0.49360499,0.42731676,0.44199142,0.41515338,0.45040457,0.44628239,0.53053917,0.59858746,0.48646106,0.40727526,0.00000000,0.52448980,0.42532593,0.44090914,0.35375399,0.42433392,0.43371922,0.47752718,0.42737734,0.34421487,0.47953112,0.56418285,0.50731696,0.50696675,0.58833884,0.53382393,0.48708138,0.49499104,0.43853801,0.46711508,0.51036386,0.29351348,0.43349063,0.44197967,0.59191081,0.43778115,0.52278727,0.49993187,0.47991829,0.55153457,0.66123742,0.47155454,0.46335995,0.48003792,0.45332734,0.44923679,0.49572439,0.50870665,0.28252473,0.54263240,0.47180597,0.52921082,0.36249356,0.32719025,0.43059246,0.53358334,0.49961758,0.42537632,0.48131476,0.50546484,0.70289719,0.47758988,0.47507016,0.64509752,0.48341226,0.40407609,0.40478437,0.39600147,0.46420069,0.49756515,0.51976700,0.36401039,0.35065101,0.48689333,0.47615093,0.42755908,0.42486748,0.49360499,0.40730336,0.57590735,0.42306541,0.36160405,0.40603578,0.42498914,0.48378534,0.50922714,0.31392106,0.45310004,0.29433549,0.55997824,0.48306151,0.43853237,0.50700811,0.39712297,0.45681974,0.43036064,0.44897511,0.37276718,0.45459944,0.42168321,0.51445044,0.41325442,0.43071571,0.43280508,0.39923274,0.56425227,0.70289719,0.51640640,0.45863579,0.52986866,0.39662973,0.33164100,0.43051681,0.40069610,0.46579697,0.47017233,0.47796565,0.46639943,0.45409442,0.45749003,0.47452161,0.40021246,0.37964744,0.35910217
91721,0.53503243,0.54850658,0.54707249,0.51035570,0.57296895,0.48652934,0.48523404,0.52300377,0.55893140,0.56617037,0.60143458,0.51430095,0.49807476,0.60810273,0.47883619,0.46780470,0.73652176,0.62861659,0.54676730,0.55825412,0.51682988,0.62028640,0.53158993,0.69563237,0.46642809,0.60785023,0.57163648,0.49761560,0.57066374,0.49421378,0.58761961,0.52218577,0.50360920,0.60253741,0.54402053,0.48238254,0.66587160,0.54538704,0.67356064,0.55733579,0.54012431,0.69452117,0.49809873,0.55903038,0.47328758,0.55609153,0.59052513,0.59191386,0.56935035,0.56424888,0.50473288,0.61010444,0.64876645,0.48548726,0.55965050,0.46819815,0.40091179,0.57331692,0.55988894,0.53493699,0.59230404,0.55114047,0.51887195,0.58070946,0.59586684,0.56164070,0.47040883,0.48567500,0.60776786,0.67523184,0.59153969,0.58781803,0.54348958,0.62963982,0.55864644,0.50168474,0.58397257,0.47962865,0.63117276,0.45261031,0.56042245,0.57104987,0.55894478,0.38815077,0.48789032,0.51493943,0.54430175,0.56204609,0.46805206,0.58883245,0.60713122,0.64817906,0.48616905,0.56936893,0.56584764,0.54301394,0.59154450,0.47208322,0.43430464,0.59975514,0.65672030,0.53580486,0.46769440,0.47687337,0.48512267,0.54016759,0.60083825,0.50448475,0.53785913,0.54409284,0.56941586,0.61810603,0.58084986,0.64757025,0.51507012,0.68010413,0.58715455,0.44871477,0.48955241,0.54101163,0.53794642,0.39362974,0.51454547,0.61587614,0.56738907,0.54879558,0.62564568,0.43119728,0.67545100,0.57772859,0.55999813,0.56136957,0.61070706,0.51864751,0.56498328,0.47906095,0.59049462,0.70815303,0.56949017,0.57415331,0.57498196,0.61754954,0.50753629,0.55483290,0.54885670,0.64757025,0.52527846,0.65006729,0.51659087,0.48588404,0.52459261,0.56052111,0.56795902,0.51226424,0.58937077,0.56106302,0.47504203,0.56320237,0.59822463,0.49002371,0.51543181,0.57232904,0.51601250,0.53004739,0.61872012,0.56153381,0.43486501,0.54318963,0.59912798,0.59007688,0.54012039,0.55317809,0.47700647,0.55894039,0.48156744,0.54726672,0.60109910,0.47951624,0.65133359,0.52448980,0.00000000,0.59133930,0.49418617,0.52599068,0.59320712,0.62631571,0.53419516,0.51898758,0.50274408,0.49164189,0.69226065,0.66297917,0.59899939,0.63802206,0.72279021,0.63911171,0.46820686,0.57632683,0.55460990,0.51946642,0.49555654,0.52849795,0.49649196,0.62557276,0.55720766,0.62415574,0.56850436,0.59900567,0.58005464,0.78027481,0.56631581,0.56736547,0.53460892,0.43387483,0.48438715,0.56032643,0.58409179,0.51166848,0.73827953,0.63046909,0.66332760,0.48523404,0.49978032,0.53807719,0.54622708,0.60246341,0.48689534,0.52552704,0.50199184,0.76314181,0.43728296,0.52378841,0.69281005,0.63089228,0.52225638,0.53337209,0.51227103,0.56411359,0.59082238,0.59588533,0.48347364,0.51234177,0.58514595,0.56167418,0.54995971,0.50102681,0.59007688,0.65036287,0.76893801,0.52942450,0.52165695,0.53818599,0.53580479,0.59714133,0.60441118,0.51886517,0.56528817,0.49079468,0.67064994,0.38070755,0.52381760,0.59418634,0.52907328,0.39719697,0.54163985,0.54821484,0.54378571,0.52995573,0.54970123,0.55583770,0.47192845,0.54794142,0.58792864,0.54173695,0.68695215,0.76314181,0.67187091,0.53572814,0.57062019,0.44878442,0.49921398,0.60057845,0.51143101,0.57425345,0.53939633,0.63661390,0.57683518,0.51929994,0.56118822,0.52063884,0.52054031,0.53600658,0.58971185
91762,0.36673094,0.36057894,0.44308815,0.44625401,0.47292515,0.34572756,0.42553431,0.47712568,0.49601756,0.52477366,0.49070158,0.39298959,0.36122425,0.46177528,0.35777582,0.33557142,0.64765937,0.59804297,0.47057276,0.31698924,0.26025364,0.43332469,0.30769257,0.64476102,0.34507007,0.52864700,0.38370048,0.42731126,0.43037019,0.56531904,0.51289141,0.41090597,0.45913855,0.44502558,0.44004450,0.38376039,0.57476725,0.43188727,0.52452684,0.45267671,0.41768518,0.59502227,0.38129168,0.48297446,0.33120690,0.40599762,0.52050778,0.50982795,0.45162577,0.46295856,0.37364654,0.37164013,0.52414161,0.35132786,0.32175882,0.42586518,0.64451913,0.53180145,0.39920352,0.31867752,0.47633053,0.64964050,0.52629556,0.49630963,0.62931021,0.59042449,0.62511636,0.46983479,0.51078097,0.63425419,0.37272724,0.39387231,0.42629991,0.45661875,0.47036911,0.60647750,0.50078065,0.47042806,0.50459761,0.52844090,0.47144178,0.58448862,0.44589997,0.51286466,0.50986459,0.45873868,0.50113209,0.37563656,0.54415010,0.39345059,0.33718674,0.48217809,0.36657790,0.43187729,0.49220045,0.44291081,0.40889296,0.45458649,0.47467190,0.50840139,0.56894570,0.53848912,0.41902414,0.53539499,0.50282898,0.47017613,0.52060410,0.42444549,0.29362679,0.48080750,0.42325636,0.55596222,0.38411805,0.49695827,0.38472473,0.50366122,0.61603180,0.48220681,0.52953071,0.45777555,0.38558000,0.39828352,0.30230413,0.49162244,0.52405375,0.48894078,0.52812264,0.42151978,0.53894968,0.49028395,0.36637284,0.40602473,0.36105635,0.43468708,0.46156841,0.39737508,0.44292643,0.23803074,0.49532074,0.47568244,0.52437506,0.47844144,0.36549737,0.51274187,0.37066138,0.49695827,0.38802639,0.53621632,0.47177294,0.32482919,0.44622783,0.49390472,0.52080223,0.32707425,0.50402517,0.37801236,0.39206251,0.50968686,0.55830108,0.38640787,0.58119404,0.44875428,0.28182015,0.40042986,0.47783788,0.43907854,0.42266273,0.35100530,0.45866992,0.44724722,0.36217081,0.32607013,0.40861771,0.42680674,0.37287597,0.43422262,0.52036279,0.43477983,0.55442379,0.42532593,0.59133930,0.00000000,0.38108518,0.38436764,0.34326392,0.56965396,0.41967726,0.39824322,0.40723682,0.52436969,0.61424244,0.54522373,0.56674645,0.50989160,0.61081043,0.55895591,0.41529160,0.45713504,0.36501038,0.45079417,0.40467229,0.49420791,0.50737426,0.59217503,0.42318296,0.55860655,0.41441373,0.40568614,0.56259948,0.45874282,0.48647121,0.52572467,0.50883852,0.54008596,0.47554011,0.46202356,0.39018750,0.42404502,0.45883384,0.39014052,0.61401232,0.42553431,0.34635647,0.45156843,0.53533913,0.49864811,0.52613828,0.44697367,0.54312545,0.59707849,0.49236480,0.52633701,0.53228656,0.45933737,0.27089964,0.51141920,0.33999882,0.51139587,0.40196794,0.55702610,0.36523197,0.39303406,0.36628046,0.40631602,0.46778526,0.47590841,0.44724722,0.43198646,0.59356206,0.46883381,0.35140980,0.38133627,0.46226523,0.40602830,0.40229944,0.34666776,0.48106298,0.44914712,0.38997645,0.53319025,0.49315519,0.51205667,0.35554221,0.54605639,0.54798169,0.43337394,0.42101353,0.46078376,0.40932528,0.60030420,0.45435252,0.34601238,0.42815232,0.30520185,0.60941482,0.59707849,0.53075334,0.52190599,0.56349413,0.45078066,0.29023764,0.40119292,0.44276350,0.48335279,0.45835635,0.50509404,0.45388753,0.43040528,0.44409979,0.43846393,0.36657554,0.41702087,0.43498140
92858,0.49313420,0.47133131,0.49298661,0.46931633,0.51130808,0.38409543,0.45603040,0.46327850,0.53207109,0.53597736,0.48507619,0.48461631,0.41167745,0.50095430,0.40019437,0.41260607,0.74995150,0.60431339,0.49401077,0.42476486,0.40563106,0.51339934,0.40323156,0.61809791,0.41649519,0.53317223,0.47974154,0.47890272,0.48320988,0.54948917,0.53065846,0.45010304,0.46908189,0.53482807,0.49574397,0.48206608,0.59922042,0.54979505,0.56542420,0.53600942,0.45645504,0.66847123,0.40161114,0.46566759,0.41469175,0.45431395,0.63790055,0.53169487,0.48206758,0.54028864,0.48150420,0.46679716,0.52270026,0.42037605,0.42825390,0.42160950,0.58475343,0.50569669,0.43535256,0.40297291,0.53394573,0.65837721,0.52571822,0.50747778,0.67091251,0.56165386,0.60577318,0.44889034,0.51269982,0.67020089,0.51705479,0.46251801,0.47040138,0.48994692,0.46971286,0.61543633,0.49937417,0.53137084,0.52913510,0.54924361,0.48034234,0.63568659,0.48030521,0.54392680,0.50848705,0.50956008,0.54676319,0.50517721,0.54977734,0.43754059,0.42238186,0.49724043,0.42515797,0.41547490,0.44414867,0.38353993,0.42775495,0.48130099,0.51904989,0.53038392,0.58169081,0.54688550,0.43838138,0.54642951,0.47700689,0.46830793,0.52023087,0.49238650,0.26525220,0.46475278,0.46718365,0.53514207,0.40351321,0.44797438,0.44540112,0.60605400,0.58174872,0.48559352,0.46374029,0.50007330,0.46208684,0.40992780,0.29570759,0.48405109,0.49793008,0.52452613,0.55184146,0.37893412,0.62421196,0.49593694,0.36130229,0.49943980,0.46016272,0.51940995,0.40712786,0.46058064,0.51442115,0.48245087,0.45859434,0.51941973,0.53523629,0.59147707,0.49540105,0.53182982,0.46011673,0.44797438,0.40096493,0.49972457,0.51821879,0.46865571,0.38037912,0.47780072,0.54986587,0.34503058,0.51250660,0.36338320,0.45990656,0.48105721,0.51424619,0.43959638,0.48354952,0.45677342,0.34489722,0.33653173,0.41941930,0.37977993,0.43787631,0.44699412,0.48977808,0.53269592,0.39271581,0.35971939,0.46241620,0.43383951,0.42163414,0.30632897,0.53465952,0.23642873,0.61670153,0.44090914,0.49418617,0.38108518,0.00000000,0.48682067,0.53988072,0.58729256,0.33557156,0.47262135,0.47368582,0.40674232,0.57669128,0.57152566,0.50266027,0.45981797,0.52510490,0.56920785,0.41144868,0.41405231,0.25055243,0.49376545,0.49306682,0.47730699,0.53240604,0.58768352,0.44207876,0.51599095,0.38911093,0.39684097,0.53532945,0.57233654,0.44269757,0.54374457,0.56439711,0.50043758,0.52693557,0.47061673,0.29973526,0.44775683,0.55599314,0.45906807,0.55268926,0.45603040,0.42565692,0.47395753,0.57835574,0.49349420,0.47403208,0.38180197,0.53208919,0.58180277,0.52047092,0.52485474,0.53939854,0.52917480,0.33579174,0.47888197,0.41273556,0.59711619,0.46224013,0.58381740,0.45425030,0.45656977,0.29586763,0.44134735,0.51094970,0.35878080,0.53269592,0.48960186,0.58420602,0.35300623,0.43979195,0.38070752,0.49372265,0.38242357,0.44017448,0.46130423,0.56786123,0.44399901,0.52645487,0.50088617,0.49186087,0.47570253,0.38163903,0.48458158,0.54518305,0.44963217,0.52213518,0.44482558,0.45304796,0.57384098,0.41520922,0.41666765,0.54820611,0.39305214,0.48529552,0.58180277,0.45198986,0.53279043,0.48871021,0.40353808,0.43005962,0.53015614,0.49318071,0.47078116,0.47594559,0.54541402,0.49148938,0.49485375,0.41357381,0.45306599,0.50514128,0.52120539,0.52804483
93034-A,0.31265135,0.32492123,0.41710660,0.46371860,0.51271306,0.24745588,0.40173304,0.49182362,0.45687551,0.52675911,0.49947275,0.36564307,0.38935645,0.49700013,0.36999887,0.32432906,0.74327624,0.60045171,0.42535361,0.38040444,0.31212251,0.53058986,0.34333201,0.68945963,0.31592053,0.47119492,0.37509661,0.38174520,0.44748356,0.58055639,0.56272350,0.39048735,0.42480244,0.39733953,0.41702627,0.35217014,0.57554356,0.37786609,0.53286516,0.43047763,0.41226114,0.67158484,0.32542732,0.39939899,0.28078037,0.47400307,0.55049860,0.55686690,0.32959131,0.37118075,0.25193052,0.49565474,0.57383642,0.24027193,0.38232217,0.45141402,0.57623814,0.51097029,0.52422835,0.33400008,0.36740724,0.57248906,0.49538242,0.59578623,0.60555545,0.52205512,0.59431900,0.42733660,0.49107308,0.62067584,0.44020492,0.39923662,0.33847032,0.47469538,0.47679031,0.59491442,0.55108491,0.42820467,0.55801609,0.53053148,0.43593982,0.56894366,0.48260354,0.41986324,0.46964505,0.47045987,0.49581082,0.40171695,0.55245432,0.41467110,0.39776684,0.46788662,0.31464553,0.47035084,0.60501138,0.50918183,0.39787915,0.41637221,0.48994547,0.52043348,0.65129314,0.50553647,0.32151047,0.54396352,0.47972005,0.55677360,0.61733345,0.41161433,0.45080816,0.54394208,0.41768725,0.53819652,0.45242597,0.61210625,0.37453570,0.47912083,0.62745993,0.42290374,0.53880387,0.51197080,0.46443417,0.35968027,0.43878440,0.54282749,0.50225539,0.49579064,0.60588746,0.48388161,0.61919543,0.56354943,0.38377785,0.34976026,0.51293795,0.43871393,0.49701270,0.41543474,0.53576424,0.42015188,0.52787438,0.43993479,0.46523018,0.56325282,0.26923852,0.45940540,0.39811355,0.61210625,0.37497189,0.58002898,0.43151442,0.26657580,0.47340613,0.45841686,0.57772020,0.38666390,0.46716015,0.39759132,0.41012191,0.54018362,0.56257681,0.28169989,0.62767340,0.39221157,0.40404710,0.45414997,0.59808989,0.50408514,0.47872287,0.41560844,0.51183188,0.45053051,0.47862360,0.40596021,0.41471050,0.51613740,0.44472423,0.51467298,0.62123657,0.51863046,0.55275249,0.35375399,0.52599068,0.38436764,0.48682067,0.00000000,0.32933907,0.55180078,0.45745381,0.33437198,0.29996877,0.60370105,0.62775690,0.55486564,0.55788527,0.61347903,0.60193206,0.52287945,0.46353657,0.52713654,0.48117355,0.47192856,0.29034435,0.51236182,0.44601626,0.59632372,0.42240555,0.64387452,0.54279884,0.56558740,0.58269980,0.60637084,0.55759357,0.53669193,0.44892007,0.47737142,0.41286500,0.52717975,0.52614138,0.36064607,0.59288449,0.52359453,0.64728712,0.40173304,0.28019650,0.46039235,0.53055151,0.53018487,0.51202658,0.47543619,0.52115284,0.70739370,0.45893144,0.53138733,0.66383198,0.46987571,0.39478696,0.42609519,0.38336956,0.52845249,0.47113846,0.53447722,0.26441485,0.36379007,0.52772718,0.47280619,0.43469970,0.47559048,0.45053051,0.48241304,0.68877533,0.46868449,0.35993207,0.39339680,0.42156755,0.56197304,0.53855021,0.30684735,0.47367037,0.38014548,0.50142663,0.47991171,0.48285803,0.58169263,0.42029627,0.53092809,0.52146708,0.48295676,0.38185636,0.49711980,0.38620087,0.60200114,0.45696830,0.39680911,0.36237640,0.37315894,0.63489131,0.70739370,0.55530188,0.48966275,0.58595906,0.42813220,0.31779306,0.48687097,0.35811955,0.48877479,0.42571552,0.57457030,0.50489186,0.46189659,0.46196593,0.46880675,0.29918035,0.38246225,0.41387607
93034,0.32090186,0.36623142,0.43912498,0.45792402,0.49146171,0.35754247,0.44256247,0.50196226,0.45909238,0.52830631,0.51197393,0.38817809,0.38010538,0.55814255,0.34932659,0.28768318,0.64857163,0.64673417,0.46490259,0.36321219,0.35288676,0.53531326,0.34912931,0.66588156,0.27927465,0.57082854,0.40745100,0.43561393,0.47364626,0.64506939,0.63119934,0.41398835,0.51301336,0.33467724,0.44689838,0.40914358,0.57389755,0.39643932,0.52502913,0.42135751,0.38982065,0.59041706,0.42082796,0.47346995,0.30271645,0.40012573,0.43994806,0.56487089,0.40999275,0.44670810,0.27744389,0.48700823,0.55280775,0.33568957,0.36512991,0.54472669,0.62700461,0.58116972,0.51809158,0.30679318,0.54745199,0.61024781,0.52566041,0.56681538,0.63681051,0.58592161,0.61258313,0.47011092,0.56081629,0.58655273,0.39973991,0.40960989,0.46267046,0.46420704,0.53258818,0.64078293,0.55042155,0.50984786,0.48147156,0.56061341,0.43927605,0.59382393,0.51537099,0.50483599,0.50979127,0.52982652,0.44352355,0.39877603,0.62179024,0.46570240,0.29365165,0.46956189,0.32366656,0.47549878,0.58933244,0.50364647,0.43663334,0.47930917,0.53117718,0.59868932,0.67870324,0.52495130,0.44742733,0.56294915,0.47547394,0.55653705,0.56790107,0.36683977,0.42843170,0.54336351,0.54120860,0.60627457,0.44227000,0.59232788,0.38950034,0.45588140,0.66525380,0.48924978,0.55182424,0.47110346,0.45516481,0.47729132,0.41698625,0.57361812,0.57245482,0.50919430,0.60062674,0.52711656,0.50865529,0.55016928,0.42736565,0.41893457,0.47236448,0.50815656,0.51660514,0.49504231,0.51741163,0.35925965,0.58192841,0.52498846,0.55269359,0.60683920,0.32865231,0.46304510,0.41487915,0.59232788,0.41777043,0.54718291,0.51484903,0.36936127,0.51849583,0.52648672,0.61360221,0.42960272,0.54847772,0.44117913,0.48966959,0.60638919,0.57472818,0.38874677,0.65612498,0.47327192,0.39927075,0.51550638,0.56982185,0.52933886,0.54242139,0.37982069,0.46548596,0.46110300,0.46099435,0.52392062,0.50068473,0.48357952,0.46051723,0.52306522,0.57180419,0.55629569,0.54460501,0.42433392,0.59320712,0.34326392,0.53988072,0.32933907,0.00000000,0.57489188,0.53119716,0.40985726,0.43815922,0.61459724,0.63886583,0.53987459,0.60953696,0.63166159,0.66514763,0.56992922,0.51185002,0.55172956,0.42066531,0.48932877,0.39150613,0.52809402,0.50901441,0.63908932,0.44325322,0.66413956,0.57112039,0.55215332,0.63629344,0.66995778,0.58650046,0.55751638,0.47615956,0.56344302,0.44214685,0.58670937,0.57040275,0.41877364,0.49226368,0.47127525,0.64967070,0.44256247,0.37038389,0.48942303,0.58983544,0.56114676,0.51859383,0.52052589,0.56971055,0.69732555,0.51551916,0.56938387,0.67834731,0.52126787,0.39001061,0.49938137,0.38192240,0.46421014,0.45325527,0.58469665,0.41885938,0.37254001,0.50422425,0.50138329,0.49140913,0.53855819,0.46110300,0.43630323,0.56990595,0.53165219,0.40141025,0.45278713,0.49546508,0.54853896,0.52957751,0.38490909,0.49345241,0.43233036,0.42152172,0.57129498,0.55448996,0.59234736,0.43627195,0.61841945,0.59146310,0.55307075,0.41895315,0.54555821,0.51826023,0.69338421,0.53134435,0.41527204,0.47346565,0.37932044,0.67031308,0.69732555,0.62527791,0.52777562,0.66512792,0.52866229,0.35250495,0.42869438,0.49806241,0.48501049,0.44805884,0.49802578,0.51088188,0.50696129,0.50608064,0.48314002,0.31319498,0.41955904,0.47055970
93315,0.53925409,0.49081608,0.54839211,0.38190153,0.59357580,0.57972268,0.52042359,0.45141061,0.42156815,0.45925898,0.50551043,0.42819807,0.52994633,0.47578020,0.45323504,0.42541829,0.64669352,0.55263216,0.42867631,0.50423157,0.50985298,0.56839040,0.54496083,0.52014954,0.42358813,0.60390688,0.53838130,0.58298002,0.50550171,0.65093347,0.50320067,0.57775367,0.54386081,0.51311326,0.50477814,0.45248179,0.55721832,0.47909096,0.52322894,0.58354031,0.37088092,0.62352711,0.58352742,0.46659632,0.49909951,0.49172347,0.53735678,0.57007445,0.53576051,0.50848279,0.45504257,0.55607662,0.42784025,0.51692945,0.50453863,0.50688058,0.49035998,0.47101329,0.53858125,0.52714326,0.61788160,0.44233368,0.41331132,0.53529972,0.51866414,0.55713219,0.58556712,0.38200154,0.47481812,0.33585392,0.56479635,0.46464296,0.62115277,0.56590020,0.58457455,0.58736571,0.54929560,0.56112747,0.46727818,0.58992324,0.42820586,0.50815347,0.50003541,0.55319281,0.59611162,0.31043111,0.58230306,0.50249553,0.60442444,0.61534672,0.62044411,0.67697569,0.51429814,0.45261309,0.55840297,0.45393938,0.55089059,0.43694080,0.56993250,0.57209114,0.58483377,0.41514545,0.48716271,0.60323449,0.46192328,0.55623302,0.59739595,0.43716555,0.58910464,0.44933350,0.54821900,0.54514689,0.55047082,0.64567348,0.54725139,0.61412552,0.58578277,0.49406853,0.38107266,0.50062507,0.48230600,0.45892547,0.53288199,0.51848519,0.44626644,0.50318889,0.57073002,0.48767196,0.59494473,0.44678258,0.57151623,0.60797691,0.61683292,0.50033267,0.60598175,0.56991100,0.48480202,0.59400872,0.48773298,0.56174100,0.60984915,0.60508131,0.45448969,0.48634431,0.54677709,0.64567348,0.40231273,0.42182483,0.45763351,0.54737410,0.53871816,0.58200580,0.59543924,0.56166591,0.60855842,0.57745292,0.57085605,0.40548547,0.53414046,0.46737823,0.56654484,0.37803097,0.56336023,0.58042354,0.65034007,0.63755041,0.57119882,0.55995990,0.57451347,0.58137835,0.51672462,0.60000991,0.57606360,0.55691161,0.55951005,0.61528798,0.59380406,0.64598803,0.47991274,0.43371922,0.62631571,0.56965396,0.58729256,0.55180078,0.57489188,0.00000000,0.57032859,0.61746630,0.54394451,0.56541634,0.52393633,0.57120912,0.49237402,0.68120114,0.46974314,0.43093204,0.53770333,0.52639809,0.60318625,0.47427436,0.46053690,0.27320790,0.43210219,0.54600988,0.42820351,0.45621756,0.53325463,0.57870880,0.57233820,0.75587933,0.53380788,0.28811383,0.48105686,0.44446429,0.58810855,0.38132300,0.61288167,0.40875585,0.60321362,0.60643634,0.61614986,0.52042359,0.56765500,0.46340299,0.64852924,0.53292764,0.43907283,0.53933024,0.35713071,0.61757151,0.61484676,0.62611830,0.63401043,0.57319189,0.55499781,0.47189957,0.52911402,0.54098574,0.54909147,0.66853084,0.50871954,0.50206541,0.62087257,0.57189229,0.54572014,0.58635857,0.58137835,0.49649230,0.51753714,0.60221313,0.55642223,0.57999908,0.57593872,0.58079021,0.57064760,0.55078428,0.58279709,0.41800031,0.56553854,0.60786013,0.58239585,0.66483636,0.59007784,0.56801362,0.58542735,0.57877405,0.49099730,0.51953703,0.53782464,0.53882904,0.53012833,0.55411116,0.61370211,0.51405395,0.55293710,0.61757151,0.52938162,0.60580790,0.57544462,0.41342238,0.49411185,0.48604751,0.56263720,0.62722402,0.51929387,0.50159194,0.49315620,0.51495323,0.63872964,0.59292794,0.59168269,0.49430281,0.57565897
93319,0.49973284,0.49760798,0.58729377,0.52588874,0.58685151,0.43147009,0.50210132,0.49499504,0.56902802,0.59917321,0.57016807,0.48082738,0.45307710,0.55065969,0.44494230,0.42338419,0.72116521,0.57875030,0.55941350,0.42082216,0.40079820,0.49409610,0.40452907,0.70292759,0.42676010,0.57200448,0.50018118,0.48382526,0.53816560,0.47385189,0.62978879,0.50803683,0.50437785,0.57125987,0.46748851,0.46327275,0.61787328,0.50157005,0.67708321,0.56409017,0.52293764,0.64723143,0.44621601,0.47517206,0.43663874,0.48266409,0.60325577,0.52240576,0.49985950,0.51832162,0.46936253,0.51572114,0.60434239,0.41207901,0.42513318,0.43546937,0.57957972,0.53038868,0.43322829,0.38954415,0.52725741,0.65070208,0.57866226,0.50360912,0.73973860,0.54333154,0.57147900,0.49129308,0.55478680,0.67005455,0.52903880,0.50867110,0.44361338,0.52388806,0.53997685,0.66386780,0.52380900,0.48049049,0.61308591,0.42016961,0.56310697,0.65705138,0.49737671,0.47837256,0.56223498,0.51819127,0.58055901,0.49815727,0.62905817,0.43478739,0.42513229,0.61389322,0.48392929,0.48470466,0.54837585,0.53187643,0.44031753,0.48503946,0.42364972,0.56144943,0.64395065,0.59975615,0.43868760,0.49052631,0.54566294,0.49098122,0.50911827,0.50257254,0.35644748,0.55425908,0.51005841,0.53418676,0.52247893,0.35012467,0.56904561,0.62936570,0.60661851,0.50691364,0.52195857,0.55251894,0.49558995,0.43799801,0.32078443,0.58397453,0.51593246,0.51675613,0.56867717,0.46549168,0.61126367,0.51794929,0.35872863,0.50538969,0.51495379,0.54306446,0.39075922,0.49489603,0.53943895,0.46958029,0.57129149,0.49993327,0.55185214,0.55034728,0.45710017,0.58265689,0.45227958,0.35012467,0.44943537,0.56515673,0.55713286,0.46243029,0.44537332,0.54791922,0.59057888,0.30556828,0.55431093,0.35750705,0.49926581,0.47191660,0.62191249,0.45904831,0.61525674,0.45054115,0.37532447,0.26683643,0.34527512,0.28726409,0.37666649,0.44545708,0.48867272,0.42867119,0.41370986,0.39721623,0.49531107,0.47333968,0.35328080,0.49620974,0.50940977,0.41204850,0.64997326,0.47752718,0.53419516,0.41967726,0.33557156,0.45745381,0.53119716,0.57032859,0.00000000,0.50553232,0.43171666,0.53255435,0.64717128,0.59295557,0.60625844,0.43735079,0.63481724,0.58152651,0.32730257,0.52208454,0.46186664,0.58503747,0.51416333,0.57283439,0.57766262,0.57534672,0.52740073,0.61990407,0.38686008,0.41644208,0.63512844,0.57255292,0.56548281,0.57491481,0.59966994,0.54367420,0.58676116,0.45775042,0.35640482,0.46551142,0.57478699,0.47276002,0.64629840,0.50210132,0.41344619,0.54871935,0.59761536,0.52471257,0.56173106,0.44777915,0.53880278,0.71582768,0.48824349,0.49517294,0.57823580,0.54537705,0.36653684,0.57478276,0.45661461,0.62630476,0.54991998,0.55962059,0.45135235,0.46229675,0.27594426,0.43311450,0.47910280,0.42107405,0.42867119,0.55868013,0.65333719,0.41844264,0.44571921,0.32781644,0.50734097,0.41734272,0.46518037,0.42533003,0.58180498,0.48261512,0.45937632,0.49884478,0.53623657,0.50150969,0.38350263,0.50315789,0.57298292,0.47316057,0.47908617,0.53791858,0.49779627,0.55635140,0.46379436,0.45258924,0.50534490,0.41267356,0.61780315,0.71582768,0.53311419,0.51910204,0.53324113,0.49274755,0.42751539,0.54089035,0.47249075,0.45375108,0.56164674,0.62187741,0.56053250,0.56873158,0.40606481,0.44084146,0.49586954,0.47874284,0.47676879
93333,0.33806816,0.27592068,0.32739373,0.42794899,0.43814345,0.25409731,0.42519167,0.48673673,0.46453915,0.54139055,0.53170756,0.44906297,0.46100684,0.56781956,0.33111659,0.28710972,0.71262550,0.60365636,0.36298119,0.32847706,0.33922246,0.41501539,0.35710087,0.65461988,0.28698910,0.49125232,0.27882986,0.28200381,0.43181438,0.52070539,0.55571706,0.40777852,0.52631724,0.43546081,0.46720695,0.44214880,0.57624535,0.51532533,0.53236327,0.50354242,0.49204534,0.66289651,0.30385606,0.50700780,0.28106862,0.55021028,0.64318427,0.48659600,0.41810656,0.46321295,0.40052232,0.53145711,0.61900893,0.24251914,0.33348694,0.48764455,0.64646420,0.52741216,0.47264599,0.38139562,0.34732709,0.66004882,0.59951471,0.58020519,0.63103879,0.63923109,0.64056134,0.43351756,0.51683114,0.63739804,0.52542975,0.38277446,0.36735338,0.45755416,0.53679473,0.57712398,0.52596037,0.44957109,0.54624317,0.54270810,0.46130106,0.61887532,0.48373056,0.45765917,0.39667526,0.49540623,0.43329373,0.49149201,0.56398259,0.50070813,0.48900984,0.56302724,0.35406272,0.53587355,0.59212715,0.54256957,0.43834694,0.49934077,0.49355356,0.52347435,0.67660466,0.60093239,0.43340749,0.62775300,0.51779492,0.58976784,0.65391790,0.42656678,0.40082360,0.58231650,0.49621004,0.54653535,0.36274307,0.52965565,0.35509088,0.47676006,0.60732325,0.51822759,0.58990564,0.57426306,0.50070068,0.50529890,0.36898012,0.51877122,0.53332070,0.49795795,0.57494857,0.48449815,0.64487352,0.59878861,0.38338039,0.24596276,0.35117641,0.57548635,0.49501323,0.55228650,0.60992865,0.49956553,0.56451471,0.53869190,0.57536109,0.56685534,0.35956115,0.46449726,0.50694871,0.52965565,0.49413419,0.63209721,0.60352617,0.31978798,0.62506949,0.54818364,0.53950725,0.42485732,0.59222666,0.39600963,0.54295920,0.55654326,0.56118119,0.42182895,0.63733399,0.51286000,0.43227490,0.47871316,0.50592927,0.51685975,0.48696621,0.41605652,0.45083377,0.46269904,0.45222204,0.50987912,0.54650817,0.42815641,0.52674577,0.51355305,0.65606319,0.46091283,0.62640085,0.42737734,0.51898758,0.39824322,0.47262135,0.33437198,0.40985726,0.61746630,0.50553232,0.00000000,0.35606375,0.57087915,0.66428894,0.57863434,0.60853499,0.59071412,0.70527311,0.61385028,0.48543434,0.55617602,0.44958811,0.52848869,0.27806388,0.51670730,0.58264164,0.60008145,0.46733712,0.60522936,0.49312044,0.50065440,0.57033116,0.66432695,0.63665150,0.53613288,0.56639253,0.54881436,0.37308212,0.52223704,0.51199720,0.42949807,0.67470440,0.57130479,0.66450136,0.42519167,0.27320061,0.57638426,0.55339335,0.50161823,0.56848783,0.62691452,0.50367089,0.79208776,0.56119254,0.58990475,0.62870153,0.45609962,0.42020496,0.51896820,0.46916412,0.53160377,0.52347480,0.62682095,0.29746731,0.32242929,0.49247454,0.49660729,0.52173672,0.49099980,0.46269904,0.58561796,0.71527063,0.47031742,0.34219267,0.50409596,0.54747726,0.49871629,0.49141729,0.36864539,0.50268550,0.39056430,0.41392767,0.58813885,0.55118285,0.55605068,0.41210400,0.60748830,0.58954370,0.47915817,0.49118358,0.50628213,0.45023252,0.69829105,0.52155909,0.36956478,0.39432881,0.28908904,0.71489356,0.79208776,0.65930687,0.55715074,0.66379832,0.52254248,0.37785343,0.41743019,0.52442147,0.52404275,0.43310580,0.56110748,0.52143320,0.48267433,0.53633884,0.45884535,0.32706760,0.49055092,0.54357020
93363,0.33810031,0.40947895,0.43910484,0.42818736,0.50584055,0.28367110,0.41570156,0.36669793,0.44534376,0.46867841,0.45359937,0.37974022,0.35184066,0.52144151,0.36389598,0.33399915,0.67096593,0.57639210,0.44322088,0.43416452,0.32475682,0.57494900,0.41937846,0.68709780,0.33618896,0.53912883,0.43324931,0.37105220,0.42587330,0.54182518,0.49882890,0.35429828,0.40066168,0.46498689,0.43508835,0.37684264,0.55980019,0.41495412,0.55022040,0.43884102,0.42857358,0.63510636,0.31432261,0.43701491,0.33298829,0.43619327,0.49092781,0.50445554,0.48718051,0.45183112,0.39767948,0.48571786,0.50463997,0.24751771,0.43923837,0.47491844,0.55476192,0.43480666,0.48047184,0.44142038,0.42563259,0.50879778,0.40028741,0.50730678,0.55973306,0.44721268,0.52200753,0.39341864,0.54086338,0.54125353,0.44256291,0.41883350,0.30719847,0.57267425,0.41180859,0.57460492,0.56365037,0.38709958,0.54105020,0.45479929,0.46345444,0.50958833,0.45190568,0.35891348,0.41541884,0.39985998,0.50005249,0.38530936,0.53252648,0.39189303,0.48002332,0.44067604,0.39944771,0.46883270,0.60689647,0.48622656,0.47646741,0.41280784,0.43511005,0.52372676,0.59556544,0.40876385,0.29000388,0.45814299,0.37948361,0.48068743,0.52472853,0.37153686,0.46845267,0.52588969,0.45891081,0.52964958,0.49226264,0.58211416,0.37022173,0.49347702,0.56660318,0.39750985,0.48512618,0.50075502,0.44187683,0.38840970,0.44393952,0.55738264,0.42846351,0.40140205,0.56486289,0.45541488,0.54471396,0.51010851,0.40045799,0.33312655,0.52501929,0.40439587,0.43902270,0.42122690,0.51666218,0.48714333,0.55113077,0.42824067,0.47653378,0.56400050,0.36946973,0.42746991,0.42695145,0.58211416,0.40816364,0.58420789,0.38128595,0.33151646,0.47417612,0.41896597,0.55442852,0.37568035,0.46703273,0.41081054,0.41639415,0.50137971,0.56380343,0.31811947,0.60323049,0.38583676,0.45381865,0.44657295,0.56487340,0.50554142,0.43765206,0.41320111,0.56675470,0.49163920,0.42589379,0.44190766,0.42633921,0.46539307,0.42722102,0.53225511,0.52581993,0.51539496,0.55601833,0.34421487,0.50274408,0.40723682,0.47368582,0.29996877,0.43815922,0.54394451,0.43171666,0.35606375,0.00000000,0.52557899,0.63451232,0.54553450,0.54852799,0.61746104,0.61943208,0.57443848,0.45970389,0.47185409,0.52153510,0.44425403,0.25496013,0.50233838,0.40728557,0.57140142,0.42768832,0.61887542,0.54129908,0.50605017,0.63227426,0.60018222,0.49345773,0.46990165,0.43129558,0.46853767,0.41319680,0.53073574,0.53885946,0.41221997,0.58529925,0.47806638,0.58368814,0.41570156,0.32602087,0.44578749,0.46696738,0.51004024,0.41687143,0.47696546,0.46804115,0.70399485,0.40900111,0.43792490,0.66017233,0.44633386,0.44083565,0.40007561,0.39275348,0.49096616,0.47383067,0.49445754,0.29110448,0.39430352,0.51287571,0.42816456,0.37538174,0.45854777,0.49163920,0.47879972,0.67582266,0.43505007,0.33542392,0.41188547,0.41869378,0.50422973,0.48302687,0.35396063,0.52814673,0.35136020,0.55963553,0.46876312,0.44874857,0.50783144,0.42338125,0.47756259,0.44373809,0.41482918,0.37799122,0.43490680,0.43618056,0.55004540,0.44658832,0.41029271,0.40345729,0.37942437,0.63689703,0.70399485,0.57327636,0.44632059,0.56035251,0.41518245,0.34138265,0.46512332,0.35877657,0.43713028,0.42916712,0.55945221,0.51103883,0.49569552,0.45164192,0.45399813,0.34237903,0.38225807,0.39376455
93379,0.61869953,0.58119503,0.62991719,0.46002233,0.55944386,0.54542995,0.51257337,0.41793802,0.54385719,0.55923224,0.54702992,0.54736988,0.48989272,0.46504539,0.41531621,0.46168310,0.67969977,0.56578684,0.59546115,0.55008309,0.48752447,0.60325166,0.53019042,0.55959405,0.46324244,0.57153591,0.53025802,0.61142106,0.54549153,0.59253265,0.54616105,0.44563657,0.47798504,0.62880255,0.52111557,0.49203701,0.65848053,0.64331728,0.62238660,0.58707962,0.48997133,0.62754000,0.50772870,0.45959994,0.49902961,0.46238056,0.54366388,0.49308928,0.56602230,0.58544224,0.53784622,0.43532056,0.54897165,0.55480105,0.54845505,0.52038153,0.55120976,0.46022274,0.36166532,0.52768560,0.56901786,0.55263162,0.45700171,0.44518813,0.63516812,0.45520010,0.45683469,0.38288302,0.64989607,0.61521442,0.65077673,0.55707442,0.61307293,0.62778086,0.50342213,0.57301553,0.63938347,0.46748108,0.63501413,0.55195539,0.52695302,0.60043867,0.44640630,0.55098661,0.62157558,0.51477185,0.57567531,0.59904821,0.51893763,0.51156722,0.56771210,0.60888144,0.56364296,0.46669359,0.57749308,0.44095469,0.59754531,0.38797821,0.57976560,0.57542926,0.54418709,0.47078809,0.42330887,0.48895896,0.50266078,0.40138787,0.45771222,0.44537311,0.44166719,0.48008317,0.60286264,0.47379404,0.55647563,0.51543510,0.47268841,0.71017351,0.44058347,0.54259448,0.37274472,0.50691570,0.42964554,0.47568745,0.43577655,0.53762026,0.43227948,0.43318028,0.55398777,0.40216467,0.57477903,0.44893812,0.49949625,0.59992074,0.52311214,0.48446674,0.44473623,0.51254380,0.59901540,0.62923343,0.50422058,0.54059595,0.58261939,0.64398548,0.57029559,0.58388564,0.56375977,0.51543510,0.49151472,0.51613829,0.49881884,0.50576158,0.52717732,0.50501005,0.50176375,0.49427486,0.61378592,0.50298213,0.51080792,0.44049657,0.49131565,0.48899904,0.40583498,0.45386647,0.48837948,0.50218902,0.53619478,0.51652408,0.45983855,0.53685897,0.57392935,0.65109664,0.49100840,0.50434792,0.51417520,0.42742130,0.54557182,0.49704746,0.45165967,0.48292321,0.68276084,0.47953112,0.49164189,0.52436969,0.40674232,0.60370105,0.61459724,0.56541634,0.53255435,0.57087915,0.52557899,0.00000000,0.55437512,0.59579000,0.51292791,0.52980352,0.46503553,0.56994312,0.50314658,0.37639279,0.46763930,0.45218290,0.57421957,0.46286332,0.48732150,0.56368384,0.45795504,0.41112844,0.38648098,0.41456207,0.44528464,0.63068758,0.40018728,0.52373621,0.56760956,0.51371962,0.59606497,0.49938089,0.42489731,0.55574390,0.54992290,0.45830544,0.49405891,0.51257337,0.52220589,0.54236231,0.54740040,0.47061342,0.49791978,0.52810797,0.45393393,0.54792270,0.50472689,0.39901816,0.49192942,0.51548740,0.49020960,0.55379964,0.52961451,0.62205578,0.47972272,0.51518006,0.53622566,0.49047624,0.39515210,0.48453569,0.50501028,0.36646009,0.65109664,0.58520250,0.60817940,0.41173743,0.53147271,0.45170169,0.45457631,0.41858163,0.40641859,0.52872260,0.58411431,0.39873080,0.58470875,0.47315453,0.50102191,0.53597075,0.52553855,0.42895845,0.40901418,0.44536322,0.45605317,0.49473930,0.61139833,0.37612803,0.46121052,0.55142745,0.65014138,0.48319681,0.47467443,0.54792270,0.46172246,0.54876325,0.43564581,0.42714246,0.50290930,0.52357522,0.47702385,0.51400534,0.60317464,0.64234049,0.57236508,0.52869316,0.52708589,0.55876926,0.62265440,0.46464773,0.55342126
93466,0.64911307,0.60972658,0.68160464,0.49953139,0.67057787,0.58636363,0.63629356,0.56788562,0.55178158,0.57714217,0.60497320,0.53466376,0.58709002,0.61823942,0.54744980,0.51003609,0.76430126,0.66026554,0.65118312,0.61370028,0.56775457,0.61418881,0.56226079,0.25125953,0.51143599,0.64250884,0.57242125,0.67094139,0.61746706,0.67630876,0.57413366,0.63249778,0.64706811,0.63542522,0.59185830,0.60533520,0.66106696,0.63692702,0.63900783,0.64372274,0.51868006,0.74790232,0.61098251,0.55891795,0.55689829,0.59326157,0.66805414,0.66461223,0.57590643,0.58230967,0.55569919,0.59767367,0.57668330,0.61815792,0.61542641,0.56179655,0.57876916,0.59595967,0.59470903,0.57066612,0.65643901,0.57668628,0.55053326,0.66687097,0.63548808,0.66360864,0.66718295,0.50331313,0.63880785,0.49875270,0.66000906,0.54258996,0.67385502,0.66056813,0.61384262,0.65014112,0.63008960,0.71418572,0.59004455,0.68292558,0.62330390,0.61743280,0.61566068,0.70448048,0.66967413,0.50784373,0.64713430,0.61014794,0.68205206,0.66817501,0.66129260,0.71552107,0.62683401,0.24177583,0.59252571,0.57489740,0.66239770,0.52444129,0.69279184,0.66953857,0.63269559,0.56168553,0.54429012,0.69807617,0.56166653,0.65236242,0.68361434,0.52529811,0.61313836,0.60218046,0.69474002,0.65177211,0.59988686,0.67633054,0.56446639,0.72432058,0.47858399,0.64883520,0.51187967,0.66787280,0.58284352,0.60529812,0.58435701,0.61642795,0.57715573,0.58762961,0.64287562,0.59977888,0.72602684,0.53618707,0.64890412,0.60646969,0.61250040,0.58636634,0.66288234,0.63963905,0.60202739,0.65437919,0.55666640,0.68211154,0.70567102,0.64655015,0.57241215,0.69433390,0.66829960,0.67633054,0.49013749,0.30097762,0.56771368,0.62121829,0.67830636,0.60538701,0.61380991,0.63491137,0.65378153,0.65814018,0.64018758,0.56602517,0.48395752,0.55323859,0.56298529,0.35616518,0.64362887,0.66499132,0.64017559,0.67419602,0.64741604,0.65480959,0.67770611,0.72164335,0.62253748,0.65668471,0.64862546,0.62325977,0.62839791,0.60174095,0.67977195,0.66328859,0.68926398,0.56418285,0.69226065,0.61424244,0.57669128,0.62775690,0.63886583,0.52393633,0.64717128,0.66428894,0.63451232,0.55437512,0.00000000,0.26339489,0.55112503,0.69811575,0.30526994,0.20881590,0.62095356,0.63188706,0.62118222,0.57720967,0.57921612,0.48664117,0.61318985,0.65337029,0.55706836,0.55238163,0.60253344,0.62105849,0.67614029,0.74634315,0.61540919,0.45858193,0.61282419,0.53100384,0.66071168,0.54325818,0.62899474,0.59405440,0.71431802,0.67099285,0.56810241,0.63629356,0.59522323,0.53216697,0.71313838,0.61076609,0.57339919,0.67902129,0.51841612,0.57662443,0.73512246,0.59038773,0.67380455,0.63157136,0.63417786,0.51781434,0.55995335,0.60824001,0.60620074,0.67542255,0.56962080,0.61246622,0.59167076,0.68162550,0.63012238,0.55239396,0.72164335,0.57715194,0.39958251,0.55993715,0.62746229,0.65991231,0.60732757,0.62484579,0.61524591,0.62256445,0.59833796,0.50770345,0.61724045,0.70788658,0.67809193,0.73881087,0.60198967,0.70044863,0.63836236,0.62346480,0.62022460,0.59622419,0.68954971,0.67066214,0.57303257,0.65314100,0.72373086,0.55332948,0.33983687,0.57662443,0.38005946,0.70601576,0.66087123,0.53779481,0.58358502,0.53231169,0.63892806,0.69790467,0.65596797,0.59858171,0.64471819,0.63247799,0.70790237,0.69509162,0.65868181,0.62518087,0.65899999
93467,0.51677595,0.52986479,0.59572486,0.57135803,0.59176972,0.49291681,0.59479674,0.56324676,0.53550197,0.62273792,0.65786926,0.45222803,0.55633505,0.62121598,0.48121307,0.45330123,0.77741315,0.67986295,0.58424092,0.50826055,0.42274934,0.58283754,0.46570519,0.23862448,0.45849556,0.65476505,0.58291976,0.55539630,0.60438550,0.67474417,0.57057267,0.51169735,0.56516005,0.59428829,0.53963694,0.51035424,0.74441462,0.56306296,0.68206328,0.60676606,0.54899223,0.76800462,0.53503504,0.61788446,0.51301333,0.57407334,0.62974670,0.63271935,0.59521741,0.58850403,0.50395771,0.56445642,0.60126307,0.51251919,0.51163539,0.58142400,0.66180243,0.60345219,0.55799537,0.49985234,0.61450338,0.62095078,0.53214279,0.59825972,0.66449489,0.64112405,0.65298285,0.53872229,0.61207234,0.55922718,0.53497593,0.56653388,0.58867957,0.55173241,0.66528647,0.68402714,0.61764705,0.62904923,0.64372695,0.67872009,0.62254103,0.66585527,0.59177903,0.66250986,0.62318533,0.49196739,0.56465179,0.54587192,0.68099063,0.59167920,0.57390807,0.64456572,0.51172340,0.22799594,0.67378590,0.60326812,0.50770550,0.54565767,0.64348948,0.65713021,0.68236816,0.53219126,0.48207364,0.67353597,0.61591554,0.65478709,0.71850236,0.48806288,0.59255233,0.64712840,0.62516297,0.65195603,0.48643505,0.71051137,0.56240290,0.63611053,0.47613372,0.64360415,0.55965339,0.64465831,0.54781930,0.54790227,0.52112406,0.64631457,0.59214842,0.59034822,0.70229100,0.55558139,0.70647733,0.58983573,0.58689257,0.51816457,0.54811616,0.53864823,0.59581521,0.61663740,0.61674066,0.62032869,0.59319124,0.56360095,0.61748982,0.59700636,0.52344975,0.63984015,0.56478365,0.71051137,0.46558962,0.37652586,0.50097877,0.55723858,0.63466839,0.65149565,0.65232530,0.53701297,0.58095548,0.60407271,0.61736661,0.58919665,0.41648314,0.52520934,0.62497529,0.40668325,0.55612434,0.57064869,0.66628824,0.60816979,0.62753975,0.54025486,0.60311333,0.58403275,0.59665750,0.60495215,0.61080721,0.55428484,0.58759982,0.60707556,0.71500084,0.64982092,0.71755164,0.50731696,0.66297917,0.54522373,0.57152566,0.55486564,0.53987459,0.57120912,0.59295557,0.57863434,0.54553450,0.59579000,0.26339489,0.00000000,0.61344379,0.71569266,0.40632825,0.28615613,0.63528092,0.59298777,0.62696420,0.60632765,0.53314477,0.47880487,0.56427344,0.67467944,0.55849326,0.59820619,0.58738640,0.58583051,0.64811643,0.71141284,0.60183948,0.47840777,0.51747518,0.48775825,0.61964720,0.52947264,0.62723957,0.54499451,0.69199172,0.61311340,0.56243222,0.59479674,0.47215418,0.47039902,0.65468000,0.63055071,0.59414278,0.63594444,0.55981261,0.68063927,0.67692016,0.56124777,0.70475649,0.60396028,0.54956523,0.55343111,0.53679890,0.60964006,0.60960643,0.65064945,0.47745291,0.52303250,0.57780336,0.59348366,0.56642679,0.57232046,0.58403275,0.51404991,0.42536124,0.56402531,0.54206853,0.58077707,0.60479196,0.58867104,0.59815182,0.51927022,0.48747460,0.49149791,0.61559518,0.64500084,0.61351773,0.64965799,0.47171437,0.68165098,0.58190182,0.56135905,0.50946317,0.57792114,0.60669490,0.67563379,0.55022511,0.56300055,0.61314598,0.48175470,0.40788962,0.68063927,0.44634260,0.62238802,0.64211551,0.52624651,0.50703949,0.52937858,0.56745309,0.66001145,0.64291225,0.64438503,0.63217595,0.65699793,0.59748510,0.55907205,0.55636005,0.51927931,0.57916909
93468,0.59901595,0.57772195,0.62301051,0.45388742,0.65060851,0.55904696,0.51218301,0.53992156,0.53578916,0.42698450,0.39860264,0.48358203,0.43278674,0.51887911,0.49794525,0.49733426,0.60478126,0.56536862,0.50144053,0.54856438,0.55003650,0.60704118,0.54405482,0.62427813,0.50023474,0.61110448,0.55053246,0.57289864,0.35697448,0.72990418,0.50243141,0.63673279,0.62907060,0.53547096,0.53670647,0.51213635,0.53940459,0.56739481,0.47531702,0.51803156,0.35759341,0.57915900,0.56172681,0.45918019,0.52621464,0.41427373,0.57432427,0.60450946,0.49242408,0.48535430,0.54656141,0.57610101,0.31007995,0.57165459,0.54893479,0.48451964,0.43246871,0.50193588,0.55267006,0.54179464,0.64359896,0.58412668,0.48862040,0.53915477,0.56560816,0.58500291,0.64011122,0.41931808,0.57279538,0.52345907,0.57032993,0.51586378,0.63409172,0.62560599,0.45353314,0.61852120,0.41667205,0.53378664,0.56107885,0.58142262,0.49839495,0.52237740,0.52365229,0.59433282,0.55980939,0.46208185,0.65757801,0.49759142,0.60087999,0.62465137,0.59798743,0.49377583,0.58371986,0.48059075,0.48500771,0.32535891,0.62530320,0.52567564,0.65089596,0.56697222,0.55278097,0.50631067,0.47612421,0.59598191,0.45819834,0.53821837,0.52418376,0.53764472,0.53421658,0.47547421,0.57414514,0.54278395,0.54923718,0.67470939,0.49726513,0.63291242,0.59217986,0.52805761,0.41784486,0.45375517,0.49074134,0.54719300,0.58195511,0.42563052,0.48843948,0.50897418,0.52887269,0.47506089,0.57287368,0.31670757,0.54482019,0.58218862,0.60417737,0.54487154,0.56996331,0.58725888,0.49865143,0.63951442,0.10060642,0.65053272,0.71643339,0.62028240,0.57783518,0.49942641,0.56862110,0.67470939,0.36948886,0.49400381,0.54677872,0.53156873,0.52929614,0.44725164,0.58350957,0.58579573,0.56650522,0.55970852,0.58446770,0.46188710,0.49075710,0.46470127,0.55929259,0.37987749,0.52261565,0.66664477,0.70859241,0.68658922,0.57171931,0.64252634,0.63918408,0.74732246,0.50590396,0.55882024,0.59796486,0.55472586,0.61102310,0.47086699,0.51977094,0.53453134,0.51998398,0.50696675,0.59899939,0.56674645,0.50266027,0.55788527,0.60953696,0.49237402,0.60625844,0.60853499,0.54852799,0.51292791,0.55112503,0.61344379,0.00000000,0.57504318,0.49650301,0.52646680,0.56662154,0.48702451,0.47591247,0.49578553,0.50451941,0.40875214,0.53184146,0.54874507,0.36587622,0.48538672,0.58193251,0.57804428,0.60049973,0.68516742,0.50607133,0.45212854,0.59752853,0.43712964,0.55408244,0.46977160,0.55426572,0.49034332,0.60260960,0.58292430,0.60536639,0.51218301,0.56935833,0.45183773,0.67201446,0.52044990,0.45381472,0.53030658,0.40971917,0.49279338,0.56071510,0.57589299,0.61536615,0.58357103,0.51860123,0.46714640,0.40731374,0.52931071,0.44100218,0.61006149,0.56985743,0.53342769,0.60626715,0.61685060,0.62503228,0.49802622,0.74732246,0.43719946,0.56222439,0.50286216,0.56689941,0.61987266,0.43819097,0.57967379,0.62988076,0.61840897,0.59285315,0.50044671,0.58558428,0.62700798,0.57939801,0.69043850,0.60991569,0.60644569,0.58545981,0.62508884,0.61068731,0.43564885,0.58989180,0.60845138,0.52276490,0.58456207,0.63367384,0.52672186,0.54696429,0.49279338,0.48042564,0.70582081,0.57215102,0.45337552,0.49920645,0.50858016,0.59328046,0.67902509,0.50353562,0.59131958,0.46406806,0.54245272,0.65571588,0.64323508,0.60836625,0.61583024,0.64715017
93469,0.60475769,0.60880504,0.66205506,0.61159507,0.67601106,0.56769660,0.55790821,0.53141264,0.64703683,0.69805620,0.68590698,0.67556629,0.57540705,0.54992892,0.54646836,0.52473049,0.63933003,0.53895921,0.70093270,0.50494051,0.53670747,0.57435938,0.53260144,0.73005378,0.52646101,0.63996195,0.59800093,0.60428631,0.65160605,0.69204329,0.62578298,0.58533680,0.58996559,0.64981115,0.61284334,0.63317577,0.70765557,0.68332129,0.76502010,0.62574570,0.61547620,0.57513610,0.55335243,0.58017784,0.53229050,0.50529750,0.67538415,0.51078235,0.59737073,0.62919418,0.57289043,0.54439288,0.65480570,0.55387648,0.50203337,0.51172406,0.68562954,0.56100056,0.39639911,0.53750991,0.51785241,0.72058151,0.67693914,0.56155083,0.74396244,0.54422898,0.65533288,0.55559504,0.68904847,0.74091814,0.70031386,0.54740991,0.62574328,0.58996696,0.59838973,0.71736828,0.61172848,0.60635600,0.69841388,0.63254942,0.66491745,0.71569348,0.46400520,0.67066552,0.66544505,0.62422182,0.67677686,0.67243542,0.71000789,0.48391888,0.52253421,0.66129557,0.57613177,0.59344967,0.56855218,0.57176194,0.56619929,0.56629952,0.63695013,0.63386807,0.56248678,0.69387679,0.54401712,0.59051578,0.66050706,0.43358936,0.42599771,0.60749457,0.45784075,0.62767532,0.71347033,0.46613706,0.61320566,0.41881832,0.63559001,0.67853514,0.60304569,0.67847451,0.55563265,0.59514240,0.50230430,0.53635169,0.44644660,0.67345219,0.56488418,0.54457615,0.53923977,0.55082557,0.58047190,0.54257709,0.45789154,0.61155697,0.57112236,0.58304041,0.43162213,0.57195844,0.67847410,0.54138837,0.52704259,0.58788671,0.62886092,0.45916032,0.59255183,0.65965443,0.59869957,0.41881832,0.54512379,0.60109277,0.65444859,0.56904342,0.53648689,0.62249310,0.53264572,0.45314425,0.59946260,0.46721336,0.57773187,0.49281314,0.67219259,0.55876348,0.62465623,0.55930675,0.48196883,0.47582939,0.47915175,0.44082505,0.57342004,0.56611311,0.56177842,0.58833050,0.53282667,0.44883890,0.56653428,0.48481499,0.49899621,0.47577477,0.42388803,0.53514298,0.73397940,0.58833884,0.63802206,0.50989160,0.45981797,0.61347903,0.63166159,0.68120114,0.43735079,0.59071412,0.61746104,0.52980352,0.69811575,0.71569266,0.57504318,0.00000000,0.63098641,0.69182398,0.54151413,0.50488780,0.44033558,0.63490096,0.65645295,0.68971269,0.71609858,0.54428655,0.59151893,0.53920848,0.38667648,0.42402083,0.61946775,0.51142990,0.56380936,0.69457510,0.71594425,0.68555711,0.68132656,0.50163088,0.35576994,0.60986621,0.51072837,0.46190814,0.68004583,0.55790821,0.53536393,0.63790041,0.67195576,0.48696074,0.66061891,0.53794051,0.65551422,0.65157558,0.62688420,0.57212540,0.54989622,0.57121054,0.47967150,0.67353834,0.52572846,0.68435589,0.65265501,0.69595329,0.57202919,0.49781663,0.40439278,0.49642052,0.56665895,0.47050173,0.58833050,0.61067175,0.63367739,0.46521882,0.60024101,0.43084413,0.59382263,0.42512346,0.45693715,0.54012593,0.71249844,0.57157890,0.61184127,0.57799894,0.45841972,0.54555374,0.55149433,0.58778196,0.55492545,0.55221422,0.57657636,0.63565520,0.70482546,0.62799106,0.53508447,0.59932473,0.63503122,0.50628548,0.63283118,0.65157558,0.55303256,0.63727950,0.48852395,0.59786646,0.53646175,0.56651052,0.61506221,0.55680409,0.62174838,0.68682413,0.64459991,0.66722472,0.50052948,0.55235897,0.64500064,0.54833564,0.58539899
93470-A,0.66877567,0.63241755,0.69895301,0.56888653,0.64887328,0.60566126,0.56511492,0.52570425,0.56229682,0.61079339,0.57618099,0.56946004,0.53556462,0.53443805,0.57994822,0.54076481,0.69908970,0.57512490,0.61868626,0.65167598,0.60448318,0.71470893,0.57428826,0.45081524,0.54293578,0.62793616,0.64591650,0.71969537,0.62372426,0.74638939,0.54409611,0.63224397,0.63234870,0.65368553,0.60235834,0.59981158,0.69935948,0.62815044,0.61977932,0.61289250,0.52603260,0.64868758,0.59781436,0.47016453,0.61234870,0.50928876,0.62135497,0.63243962,0.56545186,0.60815721,0.56392156,0.51034889,0.51668504,0.63258750,0.65272950,0.58566671,0.60043322,0.52026872,0.52447821,0.57385188,0.69129194,0.59608054,0.49774541,0.61590040,0.65609964,0.54636450,0.63487469,0.44725160,0.69439898,0.49390214,0.62800361,0.59321518,0.68712014,0.65242002,0.57840589,0.69743828,0.67933217,0.64593737,0.62587472,0.70892622,0.56880837,0.62287213,0.57342787,0.68447799,0.72670185,0.52171752,0.67566723,0.57530536,0.67611532,0.60288593,0.62748403,0.58548795,0.61603894,0.29079657,0.61747046,0.48121633,0.61344872,0.50700763,0.71500965,0.68700243,0.54887123,0.50242077,0.51800503,0.63862480,0.60482062,0.57629340,0.59742000,0.49926172,0.56356239,0.58432825,0.73566500,0.51407747,0.62230842,0.64403197,0.58971379,0.70531546,0.48298649,0.66472063,0.46459064,0.55500341,0.54630843,0.57911832,0.54744272,0.64923626,0.50021155,0.52775875,0.62348494,0.54942974,0.63732470,0.52602947,0.63169983,0.66927928,0.67223763,0.53437039,0.58969798,0.62822242,0.61078506,0.65316464,0.51429858,0.64440379,0.69658463,0.67645423,0.60291335,0.59384299,0.65756327,0.64403197,0.40933786,0.25258005,0.54280195,0.65324376,0.54656412,0.57201724,0.61788120,0.58094118,0.63385958,0.63848636,0.63246558,0.49298021,0.46777779,0.50039078,0.51949694,0.36620566,0.60552964,0.61880455,0.67592138,0.62972415,0.64262459,0.64957355,0.66306303,0.73556268,0.60781645,0.58505472,0.63724377,0.59238323,0.59630707,0.55971748,0.59315055,0.62642904,0.69311109,0.53382393,0.72279021,0.61081043,0.52510490,0.60193206,0.66514763,0.46974314,0.63481724,0.70527311,0.61943208,0.46503553,0.30526994,0.40632825,0.49650301,0.63098641,0.00000000,0.27787111,0.58382346,0.49357534,0.55670520,0.56369335,0.61573677,0.46582166,0.56662993,0.57203022,0.47598382,0.51726225,0.55869326,0.55907906,0.61970726,0.70205492,0.50931141,0.48600164,0.59083533,0.51755250,0.72162561,0.52203440,0.55412300,0.60781992,0.57949692,0.57180377,0.49285814,0.56511492,0.63766922,0.48636726,0.69174212,0.54533059,0.58833066,0.54750731,0.49314035,0.48819815,0.67399952,0.56611633,0.65006088,0.58654670,0.59626272,0.46573071,0.54663283,0.63288913,0.58010162,0.65285718,0.61876379,0.56710376,0.53780450,0.58836205,0.59819870,0.50812514,0.73556268,0.48707928,0.34762860,0.51093363,0.63191500,0.59591658,0.55661041,0.56294891,0.59088414,0.62437815,0.64825785,0.50747561,0.62925655,0.65921705,0.59885762,0.70488029,0.62008436,0.62635186,0.57105199,0.60894388,0.52419206,0.57234671,0.73253409,0.57810534,0.56607812,0.65085902,0.73818991,0.60826414,0.14444462,0.48819815,0.19920927,0.67945367,0.53421470,0.49991950,0.57737982,0.53812076,0.57384575,0.67014068,0.68963275,0.64242297,0.63574380,0.63027710,0.64421222,0.69661402,0.69931336,0.53021135,0.60102155
93470,0.54549184,0.51709821,0.62208194,0.47040407,0.66702369,0.53334074,0.58205052,0.48348812,0.39013764,0.49776354,0.56269351,0.43380262,0.53993480,0.52485553,0.46847462,0.45302333,0.69360315,0.57487642,0.51220761,0.54600151,0.48048603,0.55974951,0.47031336,0.31104810,0.45519429,0.55558157,0.56390635,0.61116149,0.60365599,0.64565396,0.48669213,0.55236361,0.53450976,0.55530098,0.50004434,0.51780754,0.64292271,0.52537997,0.61921966,0.53944486,0.46463448,0.62247159,0.55888031,0.49420408,0.49749240,0.50824801,0.63141361,0.59834367,0.54190554,0.52252080,0.49222797,0.52599638,0.49119717,0.52071647,0.54705503,0.50787050,0.53972096,0.52874523,0.57387707,0.47698417,0.58641919,0.48404109,0.49363688,0.62790278,0.57644170,0.63473090,0.62141563,0.44382178,0.54605539,0.48199442,0.54949155,0.52365083,0.61189503,0.60305620,0.58155079,0.61533824,0.61261894,0.59023813,0.56742480,0.59851585,0.57053437,0.57104468,0.51406040,0.60817434,0.64126757,0.44210521,0.62927770,0.52813256,0.63383718,0.63002014,0.59259926,0.69346951,0.54178136,0.24808003,0.60003796,0.54336438,0.56673221,0.43019711,0.56830723,0.61818624,0.59843707,0.50041019,0.47535751,0.67878361,0.58738810,0.58787500,0.65493918,0.44474011,0.60139731,0.57032652,0.59135667,0.57966019,0.57204856,0.64608733,0.57381505,0.68283733,0.49623583,0.59539269,0.48429532,0.60960187,0.50707524,0.50095979,0.51624443,0.61571940,0.50868805,0.52991273,0.60413289,0.52553841,0.60425742,0.49752046,0.59463191,0.51594588,0.59076026,0.48449631,0.61892101,0.55608032,0.57081395,0.58110919,0.51463293,0.59208238,0.64505608,0.60527378,0.49644858,0.58845549,0.57298918,0.64608733,0.38779870,0.27746135,0.46778713,0.53338477,0.58616130,0.57336480,0.58223456,0.54953246,0.63061449,0.60141845,0.55670963,0.54406061,0.46124601,0.46973670,0.54542300,0.33566073,0.54077647,0.56187863,0.65674432,0.60178817,0.59224877,0.57110055,0.64675504,0.62993933,0.52890790,0.59099135,0.55659297,0.60199646,0.50747164,0.54709212,0.65066974,0.62690813,0.58592884,0.48708138,0.63911171,0.55895591,0.56920785,0.52287945,0.56992922,0.43093204,0.58152651,0.61385028,0.57443848,0.56994312,0.20881590,0.28615613,0.52646680,0.69182398,0.27787111,0.00000000,0.57249584,0.55174073,0.60050221,0.55229363,0.49820654,0.38376785,0.48779753,0.57064326,0.50449660,0.50697823,0.57789108,0.54750913,0.59012412,0.72016879,0.56261040,0.42125652,0.52686491,0.42887142,0.61298313,0.49396352,0.55768057,0.47516290,0.65789977,0.62131218,0.58634875,0.58205052,0.52695465,0.41437853,0.65820293,0.55271992,0.58113415,0.58710449,0.49439042,0.55054997,0.66049673,0.59355377,0.68480031,0.59407034,0.53150955,0.45634569,0.53492992,0.54661268,0.57124863,0.66430930,0.48379720,0.53061456,0.58445844,0.61038582,0.58454364,0.55878016,0.62993933,0.49935493,0.39397157,0.56158865,0.53452599,0.58979082,0.55019706,0.55137899,0.60680709,0.51670767,0.54764571,0.44912153,0.62036102,0.64147230,0.61787822,0.72266366,0.55000212,0.65384148,0.60352686,0.57002204,0.51012176,0.55143773,0.57703035,0.64719509,0.53615085,0.56121762,0.60991828,0.49736124,0.30422060,0.55054997,0.32793120,0.69128773,0.58451475,0.45397122,0.47103083,0.50127605,0.52006155,0.65109071,0.59456803,0.58397306,0.61057343,0.60243290,0.65322245,0.67586651,0.60033440,0.51614104,0.52357538
93478,0.50314774,0.45959068,0.55217662,0.46491274,0.51448578,0.42760802,0.40826711,0.48613104,0.54887293,0.56923033,0.50846974,0.48168290,0.43739245,0.54188371,0.41008523,0.40319470,0.69453689,0.60252986,0.46767477,0.42516929,0.41590948,0.47349446,0.40953535,0.68331753,0.40382410,0.52644968,0.42960096,0.50806549,0.52256831,0.22406366,0.54281994,0.49761736,0.50009604,0.53679239,0.47063594,0.42876094,0.54711386,0.49341798,0.58831872,0.61382431,0.45835927,0.61751118,0.44693222,0.42534350,0.45104238,0.47180707,0.60940231,0.53896377,0.41429595,0.50299481,0.48783368,0.49183221,0.57044651,0.46098423,0.42606445,0.47291029,0.56621953,0.49585425,0.40451360,0.38498730,0.53419737,0.57377274,0.51718361,0.44258477,0.63382776,0.53146474,0.46153875,0.42377518,0.61975564,0.59450190,0.47115951,0.48062449,0.48158482,0.53228938,0.54201192,0.62348028,0.52280568,0.42604634,0.54487636,0.31621502,0.48101519,0.58884034,0.48796544,0.40357854,0.52073854,0.48820246,0.54308340,0.42585126,0.54122349,0.48333642,0.49506524,0.60821391,0.46626324,0.49475435,0.56058277,0.45191825,0.52367398,0.47657805,0.25447223,0.58374149,0.53344788,0.52332499,0.43787193,0.42495974,0.52125763,0.42542123,0.45356563,0.48065581,0.33559342,0.48456419,0.53904687,0.51488432,0.50223039,0.38901019,0.47619809,0.58627562,0.59336302,0.47150816,0.42864213,0.52371386,0.44690901,0.45201753,0.37184513,0.53490978,0.46441957,0.47816040,0.57603169,0.39380087,0.60164304,0.50815601,0.38610642,0.52114462,0.47697757,0.50773842,0.42475040,0.51828616,0.51696156,0.50404508,0.53203127,0.50157969,0.54693403,0.57748863,0.48089278,0.53444091,0.53109695,0.38901019,0.45211977,0.53923061,0.49744044,0.43371044,0.46775648,0.54908800,0.56051649,0.40013857,0.60023652,0.38853473,0.51430462,0.43171595,0.61070028,0.47214307,0.55986537,0.44573042,0.36743683,0.30963247,0.38999645,0.33569120,0.11691175,0.42949995,0.45036064,0.50319038,0.37894817,0.46242480,0.51636111,0.43969079,0.22928466,0.52637938,0.45153794,0.42209836,0.59943373,0.49499104,0.46820686,0.41529160,0.41144868,0.46353657,0.51185002,0.53770333,0.32730257,0.48543434,0.45970389,0.50314658,0.62095356,0.63528092,0.56662154,0.54151413,0.58382346,0.57249584,0.00000000,0.44732927,0.45131104,0.50157093,0.48810670,0.48289842,0.52769534,0.59869119,0.49059416,0.57548055,0.40777378,0.43440266,0.66732631,0.62145879,0.49809421,0.50121767,0.55995900,0.51193036,0.53137771,0.41804197,0.39485254,0.47945447,0.57243650,0.48988430,0.56383218,0.40826711,0.46023306,0.52994527,0.56022372,0.48185168,0.53183772,0.47065390,0.49513391,0.65846528,0.42436113,0.44581074,0.56280958,0.50585271,0.36562577,0.52949049,0.48042800,0.61018576,0.48935423,0.55814503,0.47763211,0.48449416,0.40566402,0.40639956,0.46211586,0.47008858,0.50319038,0.55421390,0.64103567,0.47293915,0.44031928,0.42594573,0.55572548,0.43484015,0.42305295,0.46161673,0.53085540,0.44824132,0.40096776,0.52092791,0.54486947,0.54659482,0.42023298,0.45437193,0.56198055,0.40391906,0.49166717,0.51820384,0.53354701,0.59987413,0.38441782,0.42651766,0.53291931,0.37389300,0.60053811,0.65846528,0.55745604,0.52387847,0.56366233,0.44800548,0.42108528,0.45083714,0.46573716,0.48445290,0.48858893,0.57534388,0.49955344,0.48919081,0.49761410,0.50255584,0.49426681,0.48838914,0.53531255
93653,0.53053899,0.53826527,0.61132853,0.46378175,0.60441586,0.47346212,0.41784303,0.39821737,0.47262964,0.55864759,0.52615795,0.50620785,0.44099344,0.39197730,0.38125052,0.41907356,0.58846696,0.56660781,0.52861513,0.42689189,0.39076209,0.55669814,0.49240982,0.64678565,0.42254758,0.48028392,0.49616011,0.58911987,0.52304780,0.57712033,0.49558266,0.45461171,0.46153810,0.49737681,0.51514720,0.47189733,0.61821071,0.50497517,0.58516054,0.52714847,0.43066645,0.51651003,0.43197843,0.36607801,0.47218305,0.39743381,0.54011930,0.45189923,0.51431923,0.53182769,0.49028090,0.35114925,0.43009785,0.47210444,0.42525950,0.51483982,0.56724895,0.40693811,0.31991930,0.49503111,0.46902485,0.58265480,0.43116218,0.44036704,0.61623676,0.47082298,0.53991551,0.38060016,0.59619921,0.55296605,0.53749995,0.49797530,0.54275298,0.59873853,0.53715524,0.57464838,0.57382282,0.42258404,0.56195053,0.53258663,0.48861896,0.58499741,0.36863487,0.49097663,0.57481648,0.46887094,0.57380555,0.51352184,0.47637034,0.40133995,0.50864982,0.52723141,0.52921974,0.43532694,0.55575418,0.36356729,0.53741281,0.44662957,0.53530094,0.58383507,0.44134094,0.44151571,0.44821726,0.50027303,0.47252094,0.38321489,0.42739735,0.43611551,0.41227341,0.42429343,0.53151298,0.43166650,0.53024643,0.52608812,0.49390860,0.63249713,0.56039012,0.46810463,0.27746217,0.43044569,0.26799724,0.49213290,0.44027183,0.49050396,0.40381657,0.36586205,0.48227882,0.36595937,0.39607663,0.40466304,0.39814578,0.55721012,0.49998818,0.41968589,0.43621659,0.55000165,0.54603136,0.56404026,0.46981650,0.47461664,0.53758606,0.53788983,0.52984111,0.56404159,0.48502695,0.52608812,0.41074172,0.50968895,0.47891428,0.44413727,0.47704324,0.53871719,0.50302392,0.43043344,0.51146874,0.40684027,0.54542299,0.43029382,0.47268347,0.48513798,0.50111643,0.40410926,0.41987751,0.44955811,0.53518911,0.49195456,0.43358055,0.52564200,0.56630733,0.61319263,0.38044386,0.41910392,0.55446878,0.41762967,0.44960408,0.47198956,0.42222957,0.48317674,0.60371913,0.43853801,0.57632683,0.45713504,0.41405231,0.52713654,0.55172956,0.52639809,0.52208454,0.55617602,0.47185409,0.37639279,0.63188706,0.59298777,0.48702451,0.50488780,0.49357534,0.55174073,0.44732927,0.00000000,0.42474742,0.41516544,0.47959687,0.45712566,0.45951458,0.55962978,0.40343357,0.32597422,0.38952178,0.37342163,0.52106087,0.54964491,0.34158704,0.49307138,0.56786423,0.49484042,0.55805822,0.42877500,0.37606507,0.48563580,0.38348760,0.37335288,0.49127654,0.41784303,0.45505607,0.42786024,0.60127909,0.40023387,0.43105436,0.47786384,0.46375849,0.52394421,0.44637866,0.50718290,0.43375526,0.42262415,0.41313415,0.46970295,0.43146577,0.57606365,0.46725037,0.57398498,0.52399841,0.43383665,0.46500808,0.44031840,0.46836260,0.45854771,0.61319263,0.44821192,0.55707510,0.45587483,0.44904097,0.46381498,0.49918545,0.37760222,0.37111829,0.46528068,0.56834321,0.40417037,0.50271203,0.46167970,0.36814510,0.54980942,0.47678942,0.48044083,0.42688366,0.40802030,0.44880251,0.43771375,0.52481997,0.51989323,0.36736958,0.47483389,0.51509576,0.39330107,0.52571554,0.52394421,0.50031026,0.54044349,0.44675608,0.33250022,0.39986613,0.44582382,0.46793417,0.51946563,0.47504308,0.57023553,0.52911593,0.47041986,0.51610044,0.56825899,0.57239289,0.44802961,0.44896800
93669,0.49044301,0.48961355,0.53205774,0.44949555,0.53586317,0.42534140,0.48561926,0.46890621,0.55680375,0.56542018,0.55568183,0.51858279,0.42829973,0.52511289,0.41443615,0.41528002,0.69848034,0.63375567,0.49510334,0.42760298,0.44510554,0.53223809,0.42926762,0.64227740,0.42208754,0.56715967,0.51016426,0.53512619,0.50585542,0.60630888,0.54684743,0.50729808,0.53081237,0.50852926,0.50593843,0.50461157,0.61351518,0.57654103,0.57846452,0.47629080,0.45280683,0.60144800,0.41903057,0.48440167,0.42330728,0.45713376,0.58362660,0.55555796,0.50514720,0.55742774,0.48093636,0.45905602,0.56143555,0.46969495,0.43224368,0.44626279,0.63284946,0.55512021,0.45335804,0.40612456,0.53768866,0.68781351,0.55549710,0.53933047,0.65233563,0.60618502,0.62095645,0.48026529,0.52537817,0.62971192,0.56807022,0.44851997,0.54266264,0.47759215,0.49996980,0.63464732,0.52798634,0.55123001,0.51979001,0.61644147,0.46921298,0.63112382,0.51539290,0.58405043,0.54851919,0.52824901,0.54691666,0.55148627,0.61215059,0.47680556,0.33646780,0.49072068,0.44273243,0.48594844,0.50734338,0.46338077,0.43831169,0.46756636,0.56695510,0.55630396,0.58508309,0.56950521,0.48263393,0.59065902,0.49014304,0.54797444,0.57623558,0.49388517,0.28311043,0.54539815,0.55758188,0.56901140,0.43621493,0.43515950,0.44415716,0.57977188,0.55153034,0.55033382,0.48478070,0.47973194,0.50377889,0.48411950,0.26792175,0.55722587,0.53664899,0.50174441,0.57824802,0.44600451,0.60336531,0.53501548,0.41491709,0.48008844,0.46753263,0.52702125,0.45192571,0.48890861,0.59222163,0.43502304,0.39618028,0.53969645,0.55482646,0.57008914,0.49608551,0.48968143,0.48127255,0.43515950,0.41938996,0.51327012,0.56432590,0.47435177,0.45232363,0.49452233,0.56587489,0.32460642,0.55920082,0.42309362,0.48443274,0.51792427,0.57633994,0.45407823,0.53140116,0.52823356,0.30249957,0.42362084,0.46203439,0.48346499,0.50456865,0.46266976,0.44534657,0.56965511,0.45321991,0.44226024,0.48542933,0.40764498,0.46999065,0.25090492,0.57631263,0.32899767,0.60862388,0.46711508,0.55460990,0.36501038,0.25055243,0.48117355,0.42066531,0.60318625,0.46186664,0.44958811,0.52153510,0.46763930,0.62118222,0.62696420,0.47591247,0.44033558,0.55670520,0.60050221,0.45131104,0.42474742,0.00000000,0.51215832,0.51003056,0.50516377,0.59563941,0.61708252,0.40824518,0.56870795,0.44879168,0.48261209,0.53688677,0.59713421,0.49707235,0.55681613,0.61339483,0.60299389,0.51157727,0.49880857,0.32974833,0.50405666,0.50982399,0.48238377,0.59898465,0.48561926,0.43725450,0.50779965,0.60782834,0.51632039,0.49463221,0.45569644,0.59581674,0.58256331,0.55305368,0.57509015,0.58936476,0.56080242,0.28949573,0.55250360,0.37463967,0.52296599,0.44947543,0.60878354,0.52252891,0.44056270,0.31392327,0.47953036,0.55572039,0.41432063,0.56965511,0.44702907,0.54011139,0.38770888,0.48921452,0.46810721,0.52340796,0.48382616,0.48058407,0.44901269,0.59201121,0.47026395,0.50821307,0.55389026,0.52194014,0.48893489,0.43985435,0.53552093,0.61081805,0.50523364,0.48999813,0.48298458,0.54889811,0.64688705,0.46882744,0.42720720,0.57287819,0.44920743,0.53453150,0.58256331,0.51213511,0.54330023,0.53958333,0.46733885,0.44501915,0.47878482,0.52536844,0.49604667,0.48928150,0.53739368,0.53738851,0.54900336,0.45708018,0.48462537,0.51615095,0.48528060,0.51141676
94442,0.47778196,0.46442970,0.49837208,0.41210536,0.52921393,0.48873192,0.45902280,0.43709106,0.48236469,0.49570050,0.47945339,0.42056377,0.33582873,0.40382383,0.40302834,0.38756676,0.52128336,0.46961886,0.49954094,0.44465472,0.42691616,0.55980504,0.48202673,0.65140862,0.38497200,0.48229327,0.45830823,0.44475536,0.40998175,0.58779103,0.49009600,0.45238859,0.38713630,0.50241829,0.50138987,0.43368860,0.57538352,0.52644714,0.50144403,0.42305766,0.34885234,0.49932940,0.48213980,0.37236503,0.41796497,0.35297030,0.30531238,0.37378258,0.51391375,0.51112688,0.45654143,0.38680282,0.49738308,0.45102293,0.44399295,0.48282305,0.48168250,0.38841840,0.41222539,0.50336889,0.54549469,0.31741915,0.21756426,0.36084473,0.33829976,0.49666985,0.49271454,0.32929144,0.50247782,0.46231943,0.53783625,0.48320546,0.52213735,0.63253286,0.36907050,0.43132476,0.52915148,0.50825286,0.50552151,0.58863342,0.47140465,0.28916998,0.34710948,0.48294574,0.42625846,0.37441288,0.43908279,0.49962861,0.36450119,0.45978953,0.56755539,0.52093823,0.45130380,0.44696199,0.48866706,0.31353947,0.60217139,0.39763719,0.55715420,0.51086093,0.45624742,0.22605618,0.43542377,0.52824212,0.39854913,0.37680991,0.43159700,0.42060374,0.48598867,0.36617334,0.52803046,0.41029859,0.50819349,0.65859262,0.34639657,0.57006541,0.59427439,0.49650794,0.36255244,0.41204081,0.35782566,0.42136721,0.50193088,0.38667901,0.37216195,0.39909060,0.41437084,0.34884661,0.45402104,0.39439188,0.50408802,0.50909287,0.51725737,0.33631260,0.48262325,0.43946806,0.50647129,0.56829338,0.48013521,0.51893624,0.57489595,0.60231344,0.46550117,0.51232622,0.52653155,0.65859262,0.40184114,0.52744388,0.32927300,0.46183869,0.55634458,0.38854991,0.41401570,0.55038409,0.56860916,0.51847635,0.42650832,0.41869068,0.51606941,0.46043876,0.42288303,0.41812535,0.51601795,0.57021020,0.62392288,0.58799588,0.48032384,0.50841697,0.56807671,0.61984135,0.43563771,0.47190361,0.43257875,0.39388898,0.51541339,0.50474585,0.43220659,0.56512989,0.59359536,0.51036386,0.51946642,0.45079417,0.49376545,0.47192856,0.48932877,0.47427436,0.58503747,0.52848869,0.44425403,0.45218290,0.57720967,0.60632765,0.49578553,0.63490096,0.56369335,0.55229363,0.50157093,0.41516544,0.51215832,0.00000000,0.43294429,0.40010745,0.29622008,0.46224293,0.34305584,0.40381030,0.48831114,0.46793496,0.48092419,0.63124690,0.45747655,0.39247902,0.29213122,0.45419841,0.38428729,0.45510263,0.48178885,0.48955442,0.51345960,0.50665153,0.54492789,0.45902280,0.49742727,0.45964235,0.52740066,0.36802429,0.44132227,0.55706966,0.37334238,0.50978405,0.45506610,0.50453345,0.48281713,0.46318292,0.50991764,0.45489000,0.39965712,0.45580356,0.36792722,0.60108454,0.44675982,0.45203522,0.58465929,0.44161798,0.40862826,0.48749094,0.61984135,0.46060270,0.60124189,0.49909902,0.45994005,0.52777746,0.42530050,0.46444423,0.43610972,0.48408847,0.61060045,0.33685538,0.51250724,0.46490167,0.45897766,0.59713870,0.57462141,0.45697375,0.46103289,0.42208534,0.42944381,0.33064995,0.52276841,0.51848658,0.47087203,0.51490580,0.58335894,0.40965896,0.56619154,0.50978405,0.54724760,0.51810754,0.55195110,0.39936547,0.42653297,0.39227484,0.45716702,0.53768777,0.35702020,0.52561935,0.45702389,0.44697627,0.57780256,0.54549490,0.49580887,0.43104575,0.52731012
95602,0.30897585,0.31819682,0.36717266,0.30097218,0.49772097,0.26265639,0.35372392,0.35844755,0.34230658,0.35865941,0.39607586,0.29170755,0.37135219,0.49255997,0.29993977,0.24191847,0.63166123,0.55430257,0.27226891,0.33830638,0.29717278,0.49046330,0.34859683,0.63924787,0.24031715,0.47649808,0.33054543,0.33824631,0.36887334,0.54903302,0.47882098,0.36538783,0.43568743,0.35552638,0.40921114,0.34865050,0.45967385,0.35014301,0.42273107,0.44065322,0.37663576,0.59052349,0.31852634,0.39880997,0.27004051,0.43871732,0.55733931,0.49467847,0.40362505,0.35582084,0.31090680,0.45753344,0.46370931,0.20211568,0.34134525,0.39880889,0.48819880,0.47746142,0.49674742,0.36921690,0.33442117,0.53454531,0.45790380,0.55780177,0.53313233,0.52779679,0.55257071,0.34251674,0.43812179,0.47745775,0.39938085,0.36742358,0.29610080,0.47183206,0.47575318,0.51212267,0.49731334,0.39834001,0.38958054,0.49648065,0.33226176,0.50564020,0.45064436,0.37442732,0.38781562,0.40379488,0.47205005,0.33744461,0.49843186,0.48567272,0.47844528,0.49171052,0.36848776,0.44592219,0.55015443,0.45921110,0.40144803,0.41684325,0.47013638,0.53244530,0.58439780,0.46781025,0.36017960,0.53297950,0.36765062,0.54573256,0.60346052,0.33009677,0.47430814,0.47422140,0.43651097,0.51396168,0.40287635,0.63051614,0.33979557,0.46293370,0.57491809,0.41268988,0.45231231,0.47657644,0.39389211,0.38388943,0.44238138,0.47839537,0.46464323,0.41430341,0.52090126,0.42049830,0.50314478,0.47053325,0.34517045,0.27980281,0.44127102,0.45211901,0.50527375,0.46260824,0.46028945,0.46209687,0.49068561,0.49511591,0.55467442,0.53188650,0.27962874,0.37692796,0.42894759,0.63051614,0.36350810,0.55759803,0.47848755,0.30179874,0.52621294,0.47374396,0.55407433,0.41115806,0.52531217,0.36640068,0.45260784,0.53349057,0.54317244,0.29210636,0.59005015,0.37516772,0.45095092,0.50186914,0.61541264,0.54152349,0.46998589,0.45657678,0.54543365,0.47315189,0.37141950,0.48855293,0.46407515,0.50174106,0.47316636,0.52328596,0.60221287,0.50846427,0.41158595,0.29351348,0.49555654,0.40467229,0.49306682,0.29034435,0.39150613,0.46053690,0.51416333,0.27806388,0.25496013,0.57421957,0.57921612,0.53314477,0.50451941,0.65645295,0.61573677,0.49820654,0.48810670,0.47959687,0.51003056,0.43294429,0.00000000,0.39506726,0.42617562,0.53897547,0.39779343,0.54449317,0.55192676,0.49316330,0.62318460,0.66766209,0.56025259,0.42998139,0.46316727,0.43360810,0.37240113,0.50559627,0.57487400,0.23210891,0.59133575,0.51770620,0.60522414,0.35372392,0.23835821,0.41958514,0.53399288,0.48704227,0.40040349,0.52806020,0.41389568,0.66925445,0.49207922,0.52309522,0.60747859,0.36119872,0.44151092,0.36637851,0.37171275,0.42188381,0.49286850,0.57859373,0.24396043,0.29619714,0.54136315,0.51151852,0.47100549,0.50507814,0.47315189,0.45759135,0.65372325,0.48860525,0.32123962,0.48204417,0.43266154,0.49326647,0.51478057,0.35014602,0.46928004,0.29857128,0.44654031,0.53698470,0.50693720,0.58426874,0.42783994,0.52444709,0.51538978,0.48640751,0.43628999,0.39656505,0.36997466,0.63010372,0.44893584,0.38538603,0.31794163,0.32505469,0.67335938,0.66925445,0.60338955,0.54364381,0.60999815,0.38646685,0.32110367,0.38048788,0.46104273,0.50292303,0.41999188,0.43028521,0.40773827,0.36453866,0.54746342,0.51010688,0.27705913,0.44284929,0.45509007
95604,0.50100172,0.43797348,0.52157283,0.31794350,0.50813746,0.48939909,0.45418029,0.39139797,0.35984131,0.34667218,0.35434086,0.32501909,0.44389254,0.43284797,0.35253168,0.36970022,0.62758576,0.53344319,0.34272030,0.47232712,0.41070014,0.51601681,0.47761062,0.53157149,0.36827961,0.53434402,0.50489593,0.50879566,0.44268762,0.58491971,0.40615636,0.48225410,0.50119115,0.48163591,0.44814945,0.38513921,0.55120186,0.47976915,0.40965031,0.55880524,0.25355731,0.56832191,0.51345530,0.44023426,0.43903002,0.38818961,0.53062649,0.56689813,0.46070868,0.44354585,0.44007594,0.50502013,0.34399229,0.44581772,0.47246309,0.47445675,0.42093908,0.37224464,0.51864042,0.47154008,0.57194408,0.49817368,0.37927123,0.48000298,0.48289803,0.59349289,0.51210164,0.28918975,0.40513723,0.31586200,0.50139799,0.44917024,0.59718279,0.56144213,0.55149569,0.53157746,0.48663837,0.44191094,0.43291363,0.53449698,0.39219425,0.51029307,0.45268013,0.51975672,0.54530961,0.24664836,0.56933464,0.46367949,0.47940273,0.59099205,0.57589403,0.59212943,0.47531071,0.35815203,0.50053298,0.38124310,0.53344411,0.41806494,0.50072803,0.56997456,0.51940131,0.38564595,0.44421193,0.57006573,0.38674807,0.48670272,0.55185000,0.39556580,0.46627032,0.34487644,0.50296678,0.50492713,0.48159640,0.63294902,0.46053101,0.67535486,0.53441874,0.46748677,0.32434181,0.48117860,0.43174045,0.41242553,0.46901466,0.46993160,0.35255230,0.41681221,0.52124556,0.36884360,0.60515798,0.38396954,0.50836830,0.53079084,0.50781401,0.47381388,0.57719788,0.51075363,0.41226487,0.61996793,0.38157760,0.52520041,0.57183993,0.61797143,0.46581841,0.47527585,0.47882947,0.63294902,0.28709856,0.38607219,0.44105650,0.44974769,0.53522641,0.55517551,0.54127402,0.54382090,0.58434396,0.52675805,0.50881462,0.36590123,0.46814937,0.42953623,0.47313115,0.32468916,0.44329044,0.53818957,0.66104685,0.59279943,0.50249799,0.50977175,0.52980737,0.58624658,0.41296892,0.53494160,0.51058203,0.48915526,0.53579548,0.49607463,0.54981696,0.56685205,0.49567611,0.43349063,0.52849795,0.49420791,0.47730699,0.51236182,0.52809402,0.27320790,0.57283439,0.51670730,0.50233838,0.46286332,0.48664117,0.47880487,0.40875214,0.68971269,0.46582166,0.38376785,0.48289842,0.45712566,0.50516377,0.40010745,0.39506726,0.00000000,0.36754921,0.51356638,0.42308025,0.48031662,0.52648213,0.51289649,0.53986522,0.71626744,0.47276158,0.20174711,0.45969911,0.36039784,0.56262274,0.29341589,0.52506470,0.31486592,0.64562833,0.57848773,0.50119833,0.45418029,0.48742031,0.37649585,0.56194066,0.47492603,0.37519676,0.53635246,0.29107664,0.55109405,0.58600090,0.55306896,0.59994511,0.55906512,0.43486812,0.42845954,0.48746238,0.53599081,0.47746569,0.59972999,0.46622176,0.47475292,0.56218905,0.51434362,0.53635580,0.55824150,0.58624658,0.39349527,0.48801111,0.56941388,0.48674723,0.55992670,0.51746023,0.51280795,0.54301886,0.48263737,0.49515615,0.35082318,0.51212997,0.57264576,0.57123493,0.65894576,0.49721599,0.51798623,0.55193008,0.47951301,0.49671090,0.39431371,0.49632587,0.54392999,0.45051287,0.44062649,0.57003511,0.43655149,0.48500632,0.55109405,0.44641964,0.56911894,0.56292746,0.35304803,0.41419454,0.38356923,0.49966109,0.57756685,0.48311651,0.47174290,0.40274060,0.45737741,0.57832563,0.56992427,0.52531053,0.50330894,0.57217167
95605,0.47830036,0.52054079,0.53167558,0.48725164,0.55457867,0.53150906,0.49413589,0.42543510,0.45675989,0.48423219,0.50561586,0.35061003,0.41511201,0.46420881,0.42698939,0.43275750,0.66031375,0.63767517,0.49049994,0.52867942,0.40311959,0.62763887,0.52242722,0.63623585,0.43446781,0.56079802,0.55917581,0.49823696,0.48957298,0.62224817,0.49117869,0.43556449,0.38208235,0.53113257,0.51631192,0.42600791,0.63794595,0.47726741,0.59954449,0.50552265,0.40708435,0.63246712,0.50029821,0.46099231,0.45705906,0.45289020,0.35002418,0.52483749,0.55280797,0.54409465,0.45475269,0.52302418,0.45958419,0.47357238,0.52686971,0.49408444,0.48490843,0.44063088,0.51092858,0.53172961,0.57573681,0.29743429,0.15805837,0.42167821,0.31012686,0.49729640,0.48902794,0.39120933,0.54002107,0.41201111,0.49791005,0.54001458,0.54881906,0.67905374,0.47729441,0.35602388,0.62612639,0.43486845,0.57090958,0.57252718,0.51096169,0.31235100,0.46697800,0.48704152,0.49274312,0.33814332,0.51644863,0.47243203,0.35204989,0.47441607,0.60601899,0.52297014,0.43907285,0.46763921,0.59860687,0.42952036,0.58647001,0.34028447,0.53469320,0.54464779,0.55277646,0.16264581,0.37574884,0.52027634,0.42274379,0.45484199,0.52106371,0.36660929,0.53890812,0.38209977,0.45707753,0.58081908,0.58714929,0.71126886,0.47649045,0.57234889,0.60449553,0.44672951,0.34944656,0.38923087,0.43710483,0.36296587,0.56201404,0.49037059,0.41603456,0.44353611,0.62148529,0.33056298,0.57862531,0.44276277,0.52622594,0.55630520,0.62075442,0.29640299,0.52613422,0.42991415,0.46826010,0.60769465,0.51307554,0.46263171,0.54988265,0.61213615,0.45222597,0.55145884,0.44900048,0.71126886,0.42399421,0.56969990,0.19605004,0.44690099,0.48679144,0.49843920,0.59236236,0.49416240,0.52535210,0.53725310,0.42699044,0.41929937,0.51588347,0.40861797,0.45078272,0.40819321,0.51219132,0.57149137,0.68811165,0.60354862,0.51695287,0.51353076,0.62721889,0.58269903,0.48252191,0.49540942,0.43805586,0.48777136,0.48348821,0.56669476,0.51783121,0.58042018,0.57937653,0.44197967,0.49649196,0.50737426,0.53240604,0.44601626,0.50901441,0.43210219,0.57766262,0.58264164,0.40728557,0.48732150,0.61318985,0.56427344,0.53184146,0.71609858,0.56662993,0.48779753,0.52769534,0.45951458,0.59563941,0.29622008,0.42617562,0.36754921,0.00000000,0.62953323,0.44188046,0.51102590,0.57406455,0.56342822,0.55413433,0.71515103,0.44305386,0.37824477,0.21983910,0.45610431,0.47857569,0.48008984,0.60053709,0.40606872,0.61874609,0.57825995,0.55414770,0.49413589,0.49449697,0.43764353,0.51268571,0.53267705,0.42507391,0.48728216,0.44657265,0.61264769,0.42128031,0.51906144,0.66584203,0.53688948,0.50736832,0.43879513,0.45654691,0.49174130,0.48508760,0.55337912,0.41867706,0.48476339,0.60505801,0.43640643,0.42150347,0.53045737,0.58269903,0.49242401,0.63388668,0.56600689,0.45084108,0.48659842,0.45345031,0.56295348,0.51690865,0.49208092,0.57474452,0.36886075,0.64561723,0.41325748,0.49051519,0.60897878,0.54834527,0.42249448,0.47409891,0.44216283,0.38928719,0.43008211,0.46421839,0.47258343,0.48551451,0.51040189,0.51430149,0.49010275,0.55464855,0.61264769,0.52286396,0.48987070,0.49553759,0.34329946,0.39308793,0.52329735,0.39730149,0.53308362,0.47237483,0.59860209,0.53148691,0.56033121,0.53835521,0.54512951,0.51347115,0.38971793,0.49238196
95611,0.58056811,0.57628321,0.61782028,0.50588730,0.59654330,0.57469564,0.56395076,0.52694965,0.57120244,0.56691982,0.58041403,0.56020765,0.50129483,0.41184968,0.49821813,0.48264264,0.22099809,0.01255224,0.56733453,0.50847578,0.52548002,0.55841352,0.53656673,0.68861960,0.47960764,0.58981720,0.52596470,0.50622372,0.58378272,0.68191848,0.53319666,0.56976434,0.54212755,0.56802501,0.58042696,0.57633196,0.66718602,0.57325859,0.58784840,0.51129095,0.51378280,0.27518686,0.56898101,0.45053400,0.53407223,0.37178005,0.58451176,0.28657418,0.56258862,0.55683840,0.51497245,0.45312912,0.56285266,0.54576796,0.50561961,0.50844192,0.62430049,0.44588979,0.45334949,0.55743808,0.52726249,0.57760250,0.58128802,0.49394201,0.59222585,0.55912140,0.59436071,0.42909672,0.62368300,0.60638785,0.65946553,0.48191048,0.60448978,0.56214382,0.47139078,0.65536003,0.53480968,0.57412774,0.65328029,0.64615110,0.59116417,0.57418397,0.20911660,0.63279577,0.54242277,0.56118015,0.55062927,0.60480919,0.63759540,0.56809505,0.60032927,0.60846002,0.52354577,0.51502751,0.54105607,0.47955821,0.57749942,0.56718905,0.62537045,0.57041061,0.49964748,0.58749503,0.52000751,0.60371778,0.60816534,0.47341529,0.51575010,0.53521158,0.57114787,0.57703554,0.67093833,0.15329599,0.58183741,0.56024946,0.51758206,0.69194502,0.62797772,0.69351044,0.57321060,0.60758070,0.39295609,0.56408843,0.52387693,0.61580261,0.43944685,0.49527467,0.21650744,0.55512077,0.34262029,0.49562116,0.49976866,0.56833371,0.55066154,0.52030975,0.53747523,0.60068058,0.61821335,0.69847399,0.52264658,0.59534599,0.67542407,0.57614463,0.55818389,0.56974319,0.62500040,0.56024946,0.45733662,0.54505669,0.60559123,0.54670416,0.62930184,0.48992563,0.25606743,0.56256167,0.65353749,0.51608247,0.59898343,0.49457854,0.62643037,0.58682854,0.60217269,0.44436820,0.56301764,0.55378658,0.59888151,0.59851821,0.60560648,0.57732799,0.58410780,0.61776815,0.53657493,0.57464865,0.58824714,0.49564146,0.60103921,0.53364311,0.51136591,0.63325061,0.63648451,0.59191081,0.62557276,0.59217503,0.58768352,0.59632372,0.63908932,0.54600988,0.57534672,0.60008145,0.57140142,0.56368384,0.65337029,0.67467944,0.54874507,0.54428655,0.57203022,0.57064326,0.59869119,0.55962978,0.61708252,0.46224293,0.53897547,0.51356638,0.62953323,0.00000000,0.44659907,0.49599409,0.50202035,0.43466216,0.65584566,0.61579419,0.63501782,0.58567164,0.59880763,0.53317880,0.52681075,0.48536439,0.49824141,0.53769511,0.51870837,0.51139197,0.64555334,0.56395076,0.55723664,0.56647573,0.61672699,0.23764119,0.62021050,0.63088132,0.47563097,0.60393723,0.66081272,0.60871568,0.53172703,0.58441021,0.55576791,0.57315999,0.54469823,0.57360333,0.50685338,0.70927063,0.52914863,0.48335457,0.57328848,0.51558400,0.56513626,0.53252687,0.61776815,0.55957234,0.66785975,0.53146870,0.59780843,0.54360156,0.50684235,0.43733096,0.48051282,0.56084257,0.67021732,0.48037469,0.54345743,0.67483631,0.54379935,0.66233588,0.65803610,0.66997765,0.50846931,0.52870116,0.55803378,0.49803472,0.64408616,0.64748207,0.59025123,0.56040658,0.61989788,0.48401810,0.66418742,0.60393723,0.58650030,0.68610467,0.61721445,0.58265783,0.50426740,0.35378743,0.59625182,0.64704188,0.54386079,0.67071475,0.58967486,0.63256618,0.59211605,0.62575405,0.64401712,0.56282247,0.63697588
95627,0.42133551,0.42982114,0.46276814,0.40553534,0.51523028,0.45470428,0.40966454,0.45556129,0.44397895,0.40144926,0.40363209,0.41723974,0.23828152,0.40326267,0.40048164,0.37861605,0.51395969,0.46216068,0.46615450,0.41945505,0.43929125,0.58296851,0.43780869,0.56343360,0.38144887,0.49357957,0.44018123,0.45567299,0.36424609,0.63147943,0.52269560,0.43703705,0.41905216,0.37953087,0.47542715,0.41754623,0.51870852,0.44041291,0.45724528,0.28283651,0.32659128,0.49930680,0.46094909,0.40345978,0.41233867,0.33732109,0.45135247,0.46645647,0.42657905,0.41463706,0.39976033,0.43862355,0.40497869,0.40510453,0.42342930,0.42778973,0.48499472,0.45222994,0.44173254,0.43239278,0.51456977,0.45771366,0.37334412,0.44898474,0.44320099,0.44816454,0.52642031,0.31807813,0.48276491,0.48304805,0.48881823,0.36617557,0.50327139,0.52415096,0.28325213,0.48639519,0.46807052,0.45472686,0.45000044,0.49878292,0.36954558,0.47642318,0.41409559,0.46895492,0.40218656,0.41929487,0.45684946,0.45438314,0.46789760,0.50879105,0.45388956,0.39322330,0.43532920,0.39761651,0.43328393,0.32810843,0.49505601,0.43845143,0.50282659,0.39400168,0.56517982,0.39379450,0.43511693,0.50340188,0.37430288,0.50014823,0.50883941,0.42969101,0.43536180,0.41837970,0.47557898,0.44413491,0.42888086,0.60328869,0.27849836,0.49683766,0.56876991,0.43806829,0.40187005,0.29791041,0.38426504,0.42078430,0.46316380,0.37475898,0.42922296,0.41900431,0.41545912,0.40641674,0.45338581,0.37862803,0.41597862,0.46980933,0.52871271,0.47004121,0.48750491,0.45496239,0.44159366,0.50919909,0.39477801,0.47350403,0.54835930,0.54887044,0.41265744,0.42349179,0.41073625,0.60328869,0.34529168,0.44969023,0.47169102,0.41840075,0.45083240,0.26276943,0.48419692,0.44329158,0.49156206,0.43768823,0.45246708,0.45100523,0.47724176,0.40191967,0.52887192,0.39697111,0.44860896,0.54801054,0.60265237,0.58936450,0.52097301,0.53129459,0.54738175,0.56689536,0.41104845,0.47791908,0.45451741,0.41637639,0.53339372,0.43090800,0.50673300,0.47759873,0.46929107,0.43778115,0.55720766,0.42318296,0.44207876,0.42240555,0.44325322,0.42820351,0.52740073,0.46733712,0.42768832,0.45795504,0.55706836,0.55849326,0.36587622,0.59151893,0.47598382,0.50449660,0.49059416,0.40343357,0.40824518,0.34305584,0.39779343,0.42308025,0.44188046,0.44659907,0.00000000,0.44149243,0.49193129,0.50607525,0.50158272,0.59727291,0.41709258,0.45920461,0.46994463,0.46243988,0.34091957,0.49747157,0.50974321,0.42370777,0.43614989,0.45072759,0.51675614,0.40966454,0.46096637,0.41971817,0.50464981,0.43641923,0.37268391,0.45328166,0.39274845,0.44552294,0.45486956,0.51728756,0.51821742,0.44278905,0.43807575,0.39441267,0.29197578,0.31023726,0.25003461,0.56801554,0.44919642,0.39807467,0.49283903,0.42998185,0.46598039,0.41096644,0.56689536,0.36574222,0.49216353,0.39772205,0.46929361,0.46929219,0.28400510,0.50661422,0.45987371,0.43620598,0.55706156,0.40220052,0.47354907,0.53727302,0.52342340,0.57022317,0.52538862,0.47232245,0.46495048,0.46228834,0.46739733,0.27360301,0.47280166,0.53476919,0.45151543,0.43153340,0.52542913,0.43709236,0.55147106,0.44552294,0.49319163,0.53376640,0.52502727,0.38727678,0.41147304,0.40069436,0.50490335,0.54244988,0.35939074,0.47451377,0.41441496,0.45136606,0.53636045,0.54790934,0.43193613,0.47174425,0.52580037
95630,0.58030149,0.51493331,0.57399298,0.46957364,0.62531778,0.57550370,0.53719290,0.50519081,0.50037463,0.59048377,0.59599700,0.54379595,0.57573893,0.39747830,0.45786985,0.47025312,0.55613293,0.49709028,0.55776684,0.41858369,0.42715489,0.44799211,0.54376570,0.46270708,0.46993166,0.49331814,0.48612212,0.62231892,0.54714635,0.63144784,0.53715961,0.53431991,0.49326861,0.59304545,0.62734200,0.60183369,0.65682730,0.64950902,0.59080486,0.62129158,0.47780770,0.54338715,0.55329348,0.48020601,0.50687190,0.47663049,0.58405165,0.34556287,0.59780411,0.62680132,0.57697319,0.45003770,0.51799918,0.57616123,0.41557954,0.55167412,0.57805815,0.43944707,0.38320428,0.54398141,0.52857240,0.53347921,0.44618448,0.44400608,0.55998284,0.51850921,0.60962801,0.38297514,0.58342598,0.57697078,0.61148638,0.53430149,0.67830832,0.67202684,0.57819392,0.62907382,0.65255265,0.56339350,0.52861884,0.67300993,0.53256640,0.53707201,0.32675208,0.61287296,0.61465412,0.52417252,0.60038488,0.55856815,0.57063184,0.53588432,0.65570177,0.64816045,0.60537307,0.47625176,0.52223565,0.40441432,0.62849929,0.50906162,0.63630186,0.53021238,0.47545094,0.45987964,0.52586297,0.61900376,0.59788958,0.42251899,0.49637379,0.52519010,0.56157295,0.49362428,0.53215992,0.39666968,0.51826650,0.58142644,0.56926281,0.69930520,0.54039245,0.63716560,0.38219017,0.54603914,0.21755501,0.55375823,0.53299126,0.33029663,0.42642730,0.48420751,0.45596965,0.41862325,0.42734290,0.30282048,0.51699929,0.63362673,0.50490805,0.45803748,0.53459361,0.60119568,0.61152020,0.63906279,0.45094886,0.58202393,0.65512648,0.63909444,0.58068813,0.65022796,0.61930052,0.58142644,0.51737091,0.52288476,0.52908934,0.56043833,0.59957168,0.58591201,0.44527638,0.58421585,0.57878648,0.52516899,0.60050582,0.49323478,0.45971339,0.58978299,0.48501453,0.47477351,0.54405176,0.53648405,0.59428530,0.59441317,0.56530264,0.63278839,0.65795693,0.70819001,0.44820978,0.55613501,0.59927205,0.48958886,0.56801916,0.55537173,0.48949352,0.59817408,0.64603239,0.52278727,0.62415574,0.55860655,0.51599095,0.64387452,0.66413956,0.45621756,0.61990407,0.60522936,0.61887542,0.41112844,0.55238163,0.59820619,0.48538672,0.53920848,0.51726225,0.50697823,0.57548055,0.32597422,0.56870795,0.40381030,0.54449317,0.48031662,0.51102590,0.49599409,0.44149243,0.00000000,0.38541352,0.35484534,0.41324753,0.63198034,0.45862326,0.49468587,0.57593392,0.50264598,0.59700809,0.47544281,0.40730889,0.53300801,0.44817528,0.50697260,0.54818538,0.53719290,0.55739335,0.54552659,0.64823427,0.32155272,0.56406705,0.59910025,0.44796922,0.44360655,0.60326230,0.58943371,0.41536522,0.54315070,0.54087019,0.55344102,0.52927187,0.60222790,0.54387079,0.68399779,0.56181045,0.50288206,0.60000274,0.54401045,0.57502129,0.48633847,0.70819001,0.58342108,0.58136601,0.50860924,0.56809295,0.53534913,0.56096339,0.35953752,0.36386842,0.56791860,0.65465897,0.44418473,0.54023330,0.57132266,0.46950967,0.59295905,0.53873554,0.57607635,0.44118393,0.48900371,0.55185833,0.45004820,0.52967341,0.54665595,0.59405755,0.59134722,0.65362503,0.41489714,0.54037103,0.44360655,0.53750765,0.68016727,0.53419480,0.46679585,0.48039227,0.46306468,0.60084801,0.66674910,0.50357469,0.54092527,0.52852054,0.50164519,0.62187246,0.62670589,0.67076688,0.55544062,0.60386261
95631-A,0.58226554,0.46394481,0.52546702,0.52582810,0.51086899,0.50068908,0.47742650,0.48743209,0.53201578,0.65191596,0.58679525,0.56684408,0.49238912,0.35070433,0.40840688,0.42457778,0.63299328,0.49895257,0.58987647,0.39510185,0.39092804,0.40515045,0.42611691,0.54016003,0.42947044,0.49201963,0.44397622,0.48738856,0.55756143,0.52377014,0.52084662,0.48165308,0.50814197,0.60251578,0.57337153,0.53082467,0.68825020,0.63206797,0.66596881,0.61365699,0.47169324,0.57400547,0.47872470,0.42653710,0.44749289,0.45689697,0.63399351,0.37416194,0.51132101,0.54902792,0.50023146,0.38236601,0.56950000,0.47646855,0.39558935,0.45246987,0.66280945,0.42237539,0.11316587,0.44867348,0.44376899,0.63027626,0.55036807,0.45190722,0.67143688,0.52610945,0.53790156,0.43181036,0.55322619,0.70672627,0.60380694,0.47185996,0.51365495,0.50137646,0.56286561,0.64909684,0.54308906,0.47462946,0.65911482,0.55086560,0.53636043,0.62103245,0.31612644,0.54877846,0.58891480,0.52087943,0.52584961,0.56381299,0.55277816,0.42059358,0.50029896,0.64419955,0.47880734,0.44555303,0.55163270,0.42371032,0.48451328,0.47267539,0.52861816,0.48451689,0.45083873,0.56591341,0.48109278,0.46278571,0.60544274,0.34604001,0.42078636,0.43838653,0.35978759,0.50572639,0.49548527,0.38549655,0.42848959,0.32658457,0.49652596,0.65490407,0.52861857,0.55390682,0.50600466,0.55753993,0.35874969,0.47876989,0.36352837,0.50200732,0.42472293,0.43256504,0.44612351,0.42014767,0.53890980,0.46238727,0.35407925,0.52477218,0.44520323,0.46193134,0.39284114,0.54248243,0.61079159,0.50941635,0.49986823,0.44348489,0.50887155,0.48148267,0.48626381,0.67480935,0.54101290,0.32658457,0.46813957,0.49084033,0.54695342,0.42262921,0.51494248,0.56791431,0.43987456,0.43903007,0.53833583,0.31866138,0.54275924,0.39886150,0.52886893,0.48320697,0.55044232,0.46235235,0.34675158,0.32793989,0.36299247,0.37091959,0.38934892,0.39358375,0.41244525,0.46037188,0.38953808,0.36151347,0.53435980,0.34922574,0.36689420,0.50395893,0.42019450,0.46468831,0.71932164,0.49993187,0.56850436,0.41441373,0.38911093,0.54279884,0.57112039,0.53325463,0.38686008,0.49312044,0.54129908,0.38648098,0.60253344,0.58738640,0.58193251,0.38667648,0.55869326,0.57789108,0.40777378,0.38952178,0.44879168,0.48831114,0.55192676,0.52648213,0.57406455,0.50202035,0.49193129,0.38541352,0.00000000,0.19624910,0.48042040,0.52451722,0.54421366,0.55617711,0.59814903,0.57361354,0.60271936,0.36131844,0.25585063,0.54010579,0.50357733,0.40796256,0.56300286,0.47742650,0.44079333,0.57512249,0.57446433,0.33194007,0.62680507,0.51657021,0.52477594,0.63197694,0.52924088,0.46394340,0.38407028,0.44983649,0.34578255,0.62078798,0.51925204,0.70406380,0.48473280,0.59761017,0.45674096,0.44277486,0.39769800,0.44263419,0.45513007,0.45779746,0.46037188,0.59098802,0.57616320,0.44540667,0.44596164,0.30880693,0.54754969,0.20210194,0.29218390,0.46791681,0.57569035,0.40225235,0.46785476,0.54328793,0.44069660,0.51520574,0.46823290,0.52311421,0.48201992,0.40531467,0.48953640,0.55862418,0.46724658,0.55514276,0.42255073,0.45888525,0.51805808,0.34574720,0.54873490,0.63197694,0.51277282,0.51087512,0.51843186,0.53234714,0.39343951,0.43928703,0.44939746,0.46885866,0.53492257,0.66503725,0.56765754,0.52592012,0.42688668,0.50436236,0.54904368,0.48366741,0.51298177
95631,0.52485370,0.48417021,0.53092880,0.49895544,0.51239652,0.45702159,0.46059326,0.47202075,0.48497495,0.60568615,0.58807936,0.51823645,0.48082143,0.43468723,0.38870728,0.40759522,0.54875920,0.43116078,0.55281851,0.36786925,0.33547562,0.37712085,0.38345715,0.59616256,0.41248787,0.49565544,0.44502849,0.45093389,0.57819789,0.50331980,0.46921425,0.44791906,0.48052299,0.56355633,0.54603774,0.52522379,0.67476288,0.55899160,0.64033807,0.61166793,0.48088275,0.48871631,0.46212073,0.43159251,0.45355123,0.41385181,0.59942535,0.31977149,0.53464832,0.54509827,0.51568882,0.37095839,0.54264919,0.45356687,0.36835675,0.48487451,0.68715448,0.41996918,0.21785268,0.40285874,0.39536889,0.61667642,0.55568117,0.43456454,0.64278654,0.55565249,0.61132444,0.40373735,0.56778832,0.68044790,0.52280629,0.47258186,0.49511018,0.54760509,0.56984326,0.63036255,0.58330020,0.46535075,0.59224241,0.56054372,0.56863335,0.63860044,0.28852878,0.56533067,0.53904380,0.51315765,0.55981532,0.52133240,0.57840224,0.42347075,0.46695386,0.62567272,0.47711081,0.43863493,0.55528931,0.44389663,0.50597835,0.53398895,0.50212412,0.53190258,0.45173124,0.57105281,0.48371073,0.50732249,0.61940060,0.34760295,0.42474427,0.46109229,0.36829257,0.52127052,0.54063843,0.32745467,0.43468115,0.35112525,0.51598156,0.64648721,0.52368610,0.59980677,0.49136343,0.57990536,0.28273567,0.49576243,0.37526128,0.52195797,0.42231671,0.45310563,0.43600553,0.40347886,0.39909698,0.46179167,0.32481080,0.48748866,0.40326032,0.43615021,0.36705253,0.58249498,0.58344353,0.50534227,0.50772765,0.50676401,0.58888907,0.49073362,0.52514517,0.62589468,0.53110223,0.35112525,0.45621384,0.51552159,0.55001788,0.44096904,0.53045689,0.59287783,0.42226304,0.42331069,0.55286037,0.28939294,0.58044167,0.45798951,0.53389321,0.50294578,0.54479344,0.46354941,0.35571631,0.31066081,0.39857656,0.35538134,0.45180859,0.42621843,0.48670259,0.50471761,0.34275009,0.37877733,0.58404073,0.39637978,0.37415610,0.50715017,0.42415241,0.46086819,0.66596216,0.47991829,0.59900567,0.40568614,0.39684097,0.56558740,0.55215332,0.57870880,0.41644208,0.50065440,0.50605017,0.41456207,0.62105849,0.58583051,0.57804428,0.42402083,0.55907906,0.54750913,0.43440266,0.37342163,0.48261209,0.46793496,0.49316330,0.51289649,0.56342822,0.43466216,0.50607525,0.35484534,0.19624910,0.00000000,0.57754898,0.49922468,0.51874179,0.53247317,0.59221564,0.52313350,0.56753075,0.42231325,0.23858137,0.48756541,0.41242247,0.29734287,0.57995406,0.46059326,0.40774761,0.52342526,0.63173642,0.31341732,0.60536238,0.53208462,0.53264897,0.59715536,0.56619148,0.52973534,0.37390919,0.43105842,0.35474728,0.59210287,0.52740974,0.68157149,0.52283259,0.64053651,0.40222721,0.42812688,0.39424387,0.40115908,0.49318926,0.46403034,0.50471761,0.55086188,0.59727177,0.45163956,0.47088123,0.32845584,0.56914480,0.00585284,0.29361441,0.45303212,0.59576342,0.41069278,0.44474016,0.58331615,0.44126542,0.54582925,0.43091219,0.60432932,0.47520098,0.38809258,0.51012626,0.49864564,0.50740011,0.61604536,0.44517631,0.43227909,0.52521421,0.30119675,0.58131487,0.59715536,0.54594964,0.59980480,0.52486185,0.51621503,0.37465440,0.40873479,0.48891192,0.52134488,0.52470162,0.59816483,0.55498001,0.54585199,0.41373226,0.56410393,0.54180480,0.50425727,0.52801049
95632,0.61355775,0.55124219,0.56923366,0.54784877,0.67929405,0.60412096,0.60798720,0.53391131,0.56493953,0.67847262,0.66507223,0.60500859,0.52717840,0.38648455,0.51798858,0.55486302,0.72635636,0.65696839,0.63418619,0.56026974,0.54947537,0.60631215,0.58975090,0.56313260,0.56083114,0.56069962,0.62455749,0.60568814,0.62243515,0.70850554,0.62644029,0.54817729,0.46623852,0.65758944,0.61406062,0.57510418,0.70029859,0.70991101,0.71378400,0.55576081,0.54652514,0.71982134,0.56994467,0.61497688,0.52187345,0.53005458,0.65694196,0.56635148,0.66955752,0.68233671,0.58375008,0.47906036,0.65797931,0.56524523,0.56168693,0.57865063,0.62758128,0.58064281,0.51280694,0.58700841,0.65146852,0.61688033,0.52842164,0.58333442,0.65751137,0.58744631,0.56883001,0.48433256,0.56299779,0.71188745,0.67245681,0.57371153,0.68505763,0.63378535,0.56672001,0.59803107,0.64729526,0.58481317,0.67657934,0.63874459,0.58018857,0.62840203,0.50591592,0.59817538,0.64750741,0.54767750,0.64505123,0.64359416,0.58191716,0.58336587,0.66072631,0.66733533,0.61267812,0.57800253,0.62779391,0.52306984,0.59491226,0.46493988,0.62977860,0.41388695,0.63651534,0.54145905,0.56828903,0.60262360,0.62212972,0.55815005,0.64128755,0.54729935,0.56658048,0.55546433,0.55008189,0.65220620,0.56733272,0.70048542,0.53253590,0.68743929,0.57051275,0.59395736,0.52154713,0.53335752,0.51153420,0.48245115,0.56978439,0.51277120,0.56999571,0.54963623,0.60744953,0.50911530,0.66171041,0.54052903,0.65936964,0.64772828,0.60130548,0.54556209,0.58390233,0.55198687,0.68770745,0.63700047,0.54254823,0.58777539,0.61254247,0.67452477,0.59526364,0.60730662,0.59245136,0.70048542,0.54701100,0.58274951,0.57009813,0.61048896,0.56133914,0.56009127,0.53049871,0.58184026,0.63929030,0.66479725,0.54786424,0.57288464,0.56547348,0.55386343,0.52294983,0.61099640,0.54482558,0.60221988,0.68100506,0.64673905,0.61802151,0.62572691,0.66706441,0.68016511,0.62057845,0.45943342,0.54287890,0.50626630,0.62396902,0.59945488,0.63789712,0.58772911,0.72989236,0.55153457,0.58005464,0.56259948,0.53532945,0.58269980,0.63629344,0.57233820,0.63512844,0.57033116,0.63227426,0.44528464,0.67614029,0.64811643,0.60049973,0.61946775,0.61970726,0.59012412,0.66732631,0.52106087,0.53688677,0.48092419,0.62318460,0.53986522,0.55413433,0.65584566,0.50158272,0.41324753,0.48042040,0.57754898,0.00000000,0.70134749,0.45373955,0.59041384,0.60928069,0.60195378,0.59017265,0.54762955,0.47345794,0.59537568,0.63147948,0.65029996,0.60061267,0.60798720,0.56861226,0.57236133,0.64916650,0.55400352,0.63441677,0.56280137,0.62221058,0.56667034,0.57874355,0.50577384,0.59532596,0.66373831,0.54205724,0.63479318,0.54932746,0.60281194,0.53963963,0.57527629,0.59000767,0.52006526,0.63565643,0.63163838,0.58457587,0.48467633,0.68016511,0.64413475,0.64402154,0.53460523,0.59534147,0.55484100,0.50714927,0.57944592,0.59376415,0.57225381,0.69961315,0.53505963,0.72095268,0.47222433,0.53095700,0.64143050,0.60082790,0.50968178,0.54205240,0.60294688,0.54360380,0.51755695,0.54276536,0.47780094,0.60155454,0.63862464,0.67695402,0.57486758,0.59790388,0.56667034,0.55286271,0.63004918,0.56097177,0.50150442,0.55856623,0.63953640,0.53340050,0.67310287,0.57717132,0.68372614,0.65179825,0.61068187,0.57689219,0.59162510,0.64407233,0.54333696,0.56087535
95638,0.58206789,0.64469406,0.68325671,0.68324007,0.75616352,0.62011776,0.62180926,0.63281717,0.68290236,0.66080809,0.65132424,0.64675016,0.54333815,0.57508508,0.62493544,0.59749705,0.62210376,0.61416996,0.75280803,0.52331125,0.51831938,0.59109115,0.59665850,0.79683069,0.60332173,0.68406675,0.59002758,0.67206661,0.65606430,0.72922264,0.64322534,0.63082278,0.64183657,0.61030107,0.68069088,0.63811603,0.75364429,0.65354206,0.69502586,0.59430769,0.63394549,0.61056277,0.60818477,0.70454009,0.59094089,0.52284537,0.63699006,0.59375772,0.66421740,0.68589709,0.68095089,0.51930881,0.63053357,0.59189884,0.52475615,0.55302590,0.77349091,0.62713493,0.47942091,0.65177167,0.54552058,0.79183276,0.72974592,0.62077849,0.72995308,0.67923823,0.80487731,0.65907807,0.73284278,0.72633917,0.67590939,0.53819638,0.59516049,0.72238564,0.60653872,0.73041060,0.72815783,0.65637833,0.69358043,0.66355182,0.73702364,0.74446731,0.54110347,0.64716331,0.69672442,0.67851050,0.68087514,0.70014521,0.68558450,0.52042421,0.56175435,0.58124443,0.62676745,0.60228965,0.58974241,0.59790021,0.64054690,0.68268161,0.67183906,0.64963452,0.64563049,0.74438657,0.61379056,0.63039955,0.68806900,0.55782818,0.54472128,0.69170145,0.56586622,0.62458895,0.57961170,0.56490523,0.66378818,0.59561399,0.65807573,0.67969068,0.71047894,0.72943337,0.65073265,0.61873159,0.52878779,0.63422958,0.58265758,0.69677872,0.62039332,0.63933927,0.58271192,0.61057437,0.56605248,0.68048315,0.53305459,0.65846914,0.62482622,0.62565256,0.55117292,0.61856070,0.60616589,0.51564095,0.67433898,0.62133453,0.66951380,0.54026805,0.67550576,0.68749624,0.57951799,0.59561399,0.58312401,0.68431599,0.67779573,0.60323942,0.62768857,0.59658695,0.65202621,0.54161237,0.69599233,0.54625050,0.62067343,0.60928863,0.72997659,0.66863796,0.69240091,0.64162539,0.61013658,0.56511197,0.58172696,0.57600379,0.59203783,0.62134103,0.67479741,0.65002484,0.60042516,0.47691087,0.61783989,0.65212274,0.60452496,0.55495062,0.54338165,0.63494542,0.69343751,0.66123742,0.78027481,0.45874282,0.57233654,0.60637084,0.66995778,0.75587933,0.57255292,0.66432695,0.60018222,0.63068758,0.74634315,0.71141284,0.68516742,0.51142990,0.70205492,0.72016879,0.62145879,0.54964491,0.59713421,0.63124690,0.66766209,0.71626744,0.71515103,0.61579419,0.59727291,0.63198034,0.52451722,0.49922468,0.70134749,0.00000000,0.56479814,0.73875659,0.72761766,0.71194461,0.67117013,0.56362742,0.50097208,0.65155671,0.48410599,0.40528847,0.72787963,0.62180926,0.59238775,0.59563158,0.69956948,0.54056417,0.68403413,0.62971610,0.74019965,0.61767191,0.65872274,0.69354229,0.52262855,0.59796928,0.59993907,0.65553686,0.52277017,0.66539569,0.62866995,0.67714259,0.60595990,0.60248642,0.55943931,0.57642398,0.63099560,0.56412805,0.65002484,0.55549576,0.69786615,0.55834154,0.60090347,0.56990707,0.61200485,0.49934195,0.52680883,0.61732818,0.74284365,0.64456005,0.64357924,0.63428339,0.50997990,0.64227669,0.60339167,0.75275218,0.67036771,0.59625375,0.62038927,0.58302456,0.60009719,0.67441675,0.60532436,0.63673490,0.65904929,0.51697394,0.69148626,0.61767191,0.58808421,0.70121514,0.62944667,0.63155009,0.55416368,0.62237895,0.61244223,0.68329211,0.60183700,0.69362621,0.70962616,0.69424990,0.60851897,0.66209768,0.69336586,0.61844847,0.56912002
95639,0.51627393,0.58608996,0.60706409,0.51929833,0.64205154,0.53854238,0.50431759,0.45097051,0.53990485,0.54843070,0.53500478,0.52133237,0.38518533,0.46994809,0.49429708,0.51089858,0.64219771,0.63399773,0.60832464,0.53876936,0.47657667,0.64351082,0.51790066,0.66661921,0.51291167,0.55810671,0.59509972,0.59999725,0.54709889,0.64278716,0.54330707,0.48272252,0.44067427,0.54888896,0.54885378,0.48636236,0.62919956,0.52305305,0.61359949,0.55118931,0.47820360,0.63165324,0.50360827,0.48875224,0.53163679,0.38717724,0.51370907,0.57414842,0.54825977,0.56719960,0.54897168,0.42640378,0.49604318,0.52380872,0.53854426,0.57841775,0.55478004,0.45737279,0.47490960,0.53124787,0.61982026,0.54243572,0.40500997,0.42084319,0.60495185,0.43095505,0.57077900,0.42395410,0.64558787,0.50326688,0.51824676,0.50511945,0.57903636,0.68863669,0.50645788,0.59576946,0.63057278,0.53190743,0.56992471,0.54993269,0.51545879,0.59418622,0.49489583,0.53433773,0.60120213,0.45149153,0.61556495,0.50812753,0.54913327,0.49045136,0.52583095,0.49816458,0.55561345,0.48111868,0.55203909,0.41590311,0.61969891,0.44381795,0.58168948,0.53077666,0.58255188,0.41442411,0.42443917,0.48988414,0.47701102,0.47692706,0.47843441,0.50448038,0.49260016,0.49286573,0.56304910,0.57282338,0.60559456,0.64299803,0.51503595,0.60834575,0.61399306,0.50783175,0.33811107,0.38119630,0.41116801,0.42628410,0.51928550,0.56391230,0.43710520,0.43161034,0.55998866,0.41209576,0.49440145,0.49369855,0.55389422,0.66744736,0.62589941,0.42929519,0.44876113,0.47586028,0.50495142,0.54572475,0.55232298,0.52028369,0.55438873,0.63105283,0.58720592,0.56007480,0.48480766,0.64299803,0.42979026,0.54184116,0.38300515,0.55185466,0.40722533,0.51822679,0.57940098,0.46356873,0.53511283,0.56281474,0.47366942,0.44046707,0.55314290,0.46500472,0.50139836,0.44918719,0.53034316,0.52325401,0.62410388,0.52144206,0.52330027,0.54410073,0.62740048,0.59623746,0.49843519,0.40571498,0.48416247,0.47043961,0.49678054,0.50337780,0.47684612,0.53234067,0.57252722,0.47155454,0.56631581,0.48647121,0.44269757,0.55759357,0.58650046,0.53380788,0.56548281,0.63665150,0.49345773,0.40018728,0.61540919,0.60183948,0.50607133,0.56380936,0.50931141,0.56261040,0.49809421,0.34158704,0.49707235,0.45747655,0.56025259,0.47276158,0.44305386,0.63501782,0.41709258,0.45862326,0.54421366,0.51874179,0.45373955,0.56479814,0.00000000,0.49705309,0.50994552,0.52038928,0.56992820,0.47023227,0.48233121,0.52358545,0.44079115,0.40859514,0.53115952,0.50431759,0.54323358,0.42188210,0.58058040,0.52501627,0.43840685,0.40802897,0.54692878,0.52395931,0.46272824,0.42985778,0.55062872,0.55032618,0.52219220,0.51982450,0.45576763,0.51915300,0.48444080,0.53244418,0.55623243,0.52545450,0.49708825,0.45957979,0.48880501,0.44616445,0.59623746,0.44900702,0.56247504,0.46838110,0.51254377,0.45594351,0.43317039,0.51968162,0.51357670,0.49950635,0.65426600,0.47259647,0.63804068,0.46087985,0.47961150,0.53763932,0.52330461,0.47150721,0.43607989,0.45778171,0.46490161,0.46661410,0.57913497,0.46875330,0.47268461,0.57792254,0.64484149,0.53805417,0.53250475,0.52395931,0.43857666,0.56530815,0.43645979,0.34830411,0.49365161,0.55216082,0.41598286,0.59079790,0.52292064,0.58201615,0.58533753,0.55574488,0.47949677,0.52952501,0.59414531,0.47051440,0.45230804
95644,0.48702621,0.49521333,0.55511818,0.36163157,0.54580278,0.51865869,0.53383388,0.41765739,0.42598724,0.45563451,0.48926317,0.39728502,0.47748476,0.52505016,0.42652637,0.42961485,0.62750629,0.59800519,0.45439470,0.52239225,0.44430652,0.54681558,0.51143786,0.51774944,0.42956944,0.57568364,0.53617110,0.53967290,0.43893212,0.58401358,0.41581611,0.54234588,0.53183300,0.56837084,0.49345265,0.40811132,0.59821628,0.52488057,0.49457406,0.60249258,0.26676327,0.60065981,0.51566332,0.46545560,0.46444928,0.43993470,0.45841574,0.57253755,0.55849452,0.53914344,0.51666550,0.52983102,0.34812701,0.46552423,0.52374721,0.46984972,0.46710345,0.41951917,0.51352924,0.51043673,0.57640628,0.44457717,0.33376389,0.47448830,0.45888002,0.56090155,0.55767532,0.36529495,0.47948822,0.25250131,0.51457610,0.49788022,0.54977165,0.63024240,0.58768036,0.55165781,0.53073441,0.50362436,0.47783571,0.59057552,0.46747395,0.48526742,0.47766406,0.50508591,0.56687659,0.09482865,0.55132316,0.47807478,0.49952673,0.55732483,0.62615833,0.62322994,0.49505538,0.35256624,0.51318317,0.42253416,0.58692832,0.42554908,0.54342848,0.58986074,0.54293981,0.34140985,0.46594121,0.61756218,0.43325046,0.52445554,0.56063876,0.41983673,0.54368301,0.37045033,0.54059640,0.56082577,0.52005175,0.61900549,0.50238586,0.63599345,0.51955717,0.50915808,0.32974228,0.47612912,0.45432903,0.43660717,0.51978450,0.45249879,0.40451407,0.44465637,0.54373119,0.37224120,0.59986404,0.37069226,0.53561992,0.53368564,0.53505550,0.45746326,0.57169696,0.55964803,0.50539727,0.60523715,0.42312628,0.55302305,0.61861382,0.60700979,0.50828978,0.51851052,0.49748095,0.61900549,0.37486082,0.42484118,0.40513666,0.50509840,0.56122944,0.60734449,0.56685344,0.54678898,0.58097186,0.54555406,0.55632547,0.36990837,0.47656296,0.47623227,0.46756385,0.34507042,0.54032544,0.56309837,0.63174252,0.61641221,0.53739962,0.52990173,0.57946813,0.58547920,0.47023607,0.51742267,0.56980009,0.51566850,0.53780127,0.57425470,0.55817315,0.61656930,0.54405459,0.46335995,0.56736547,0.52572467,0.54374457,0.53669193,0.55751638,0.28811383,0.57491481,0.53613288,0.46990165,0.52373621,0.45858193,0.47840777,0.45212854,0.69457510,0.48600164,0.42125652,0.50121767,0.49307138,0.55681613,0.39247902,0.42998139,0.20174711,0.37824477,0.58567164,0.45920461,0.49468587,0.55617711,0.53247317,0.59041384,0.73875659,0.49705309,0.00000000,0.42916603,0.36223104,0.57746629,0.30727362,0.57042712,0.43710969,0.63280526,0.58460631,0.54726442,0.53383388,0.50058382,0.38301277,0.57738878,0.51185595,0.43747027,0.56167771,0.28212142,0.56379863,0.56541531,0.59559255,0.61599023,0.54452664,0.53242234,0.45081370,0.46953242,0.56644735,0.50881708,0.60676985,0.48280942,0.51714043,0.61005342,0.50677623,0.51655369,0.59293503,0.58547920,0.44200342,0.47510887,0.59742175,0.50393980,0.56576904,0.56151661,0.53423285,0.55882662,0.52026389,0.57382044,0.40364184,0.55141705,0.55593255,0.55657634,0.63684521,0.50474587,0.56986012,0.54420309,0.48592733,0.47958682,0.42634712,0.53719479,0.54950082,0.49305081,0.52583271,0.59867874,0.46193523,0.49132521,0.56379863,0.49308480,0.57869554,0.57600883,0.39647382,0.48070197,0.42048866,0.52640354,0.57451320,0.49615587,0.50732193,0.43839940,0.52574880,0.59469718,0.57345412,0.55208444,0.48350738,0.55985232
95645,0.44517384,0.51033760,0.49629494,0.55265927,0.50443490,0.49426894,0.51656672,0.49175623,0.50821340,0.54537989,0.58587176,0.37761442,0.41682613,0.52314054,0.47461621,0.40283749,0.66925384,0.60742058,0.51543423,0.52943291,0.41320525,0.64279367,0.50890640,0.62724636,0.39338416,0.59076923,0.55876397,0.42496835,0.50126613,0.64773392,0.52985423,0.46720951,0.39388918,0.53691862,0.54327869,0.47440670,0.66883890,0.50639217,0.67985064,0.50597430,0.47242946,0.65047433,0.48986037,0.47105659,0.42021607,0.46979854,0.33127272,0.50302115,0.56956694,0.55705984,0.42427188,0.51497670,0.58616504,0.44226299,0.52877564,0.53277054,0.53741030,0.49544118,0.53558215,0.53445904,0.58136140,0.21249767,0.22317524,0.41836560,0.28375773,0.52726041,0.53845359,0.42956012,0.54340614,0.46927023,0.50061833,0.54846781,0.51869948,0.62201136,0.44954793,0.50887615,0.61817096,0.54502836,0.62437680,0.63564562,0.55315586,0.29830906,0.44856815,0.53849346,0.46048314,0.40200707,0.52278229,0.48845223,0.49583382,0.47802287,0.54982850,0.50751175,0.39061282,0.48108109,0.63093284,0.44736951,0.52557951,0.38529804,0.58308328,0.55109920,0.59939903,0.21326267,0.35681638,0.57069014,0.45834272,0.52861288,0.58077483,0.39165713,0.56492268,0.50150156,0.56326180,0.55791244,0.56269964,0.70718826,0.45287519,0.52813564,0.64535013,0.53590714,0.46818424,0.44245729,0.49328261,0.39338539,0.51388344,0.52812112,0.48133247,0.48443781,0.61518968,0.41353121,0.61541264,0.51277695,0.53338848,0.52180368,0.63185377,0.28522860,0.50003066,0.42469717,0.58179398,0.59941176,0.60186334,0.48892873,0.54963532,0.60957085,0.44579705,0.57279729,0.49969852,0.70718826,0.46913118,0.59692283,0.22246896,0.46340166,0.56937246,0.47893898,0.56038541,0.49201552,0.52214240,0.55319620,0.41879582,0.48689526,0.52439629,0.41976030,0.50952825,0.45219268,0.53096836,0.57126491,0.65594303,0.57874591,0.55395037,0.46526505,0.60068593,0.54816728,0.54282259,0.51122460,0.42371206,0.49312365,0.50003115,0.57822774,0.57627342,0.63055103,0.62928527,0.48003792,0.53460892,0.50883852,0.56439711,0.44892007,0.47615956,0.48105686,0.59966994,0.56639253,0.43129558,0.56760956,0.61282419,0.51747518,0.59752853,0.71594425,0.59083533,0.52686491,0.55995900,0.56786423,0.61339483,0.29213122,0.46316727,0.45969911,0.21983910,0.59880763,0.46994463,0.57593392,0.59814903,0.59221564,0.60928069,0.72761766,0.50994552,0.42916603,0.00000000,0.41066067,0.43498680,0.54657427,0.62525846,0.46841604,0.63539488,0.58801835,0.55550353,0.51656672,0.47680013,0.45485484,0.50906274,0.51410347,0.48795538,0.57079444,0.49781892,0.64622020,0.43902164,0.53656831,0.66127635,0.56661974,0.52431653,0.49237307,0.46621275,0.48694704,0.48565108,0.59470004,0.38800346,0.48145415,0.59452182,0.42684976,0.39695649,0.54048885,0.54816728,0.49098465,0.66353476,0.55414920,0.44156621,0.49696252,0.45628854,0.59500769,0.54197287,0.47477182,0.62208873,0.35224202,0.66404421,0.47143563,0.49398786,0.58072895,0.55096804,0.53021787,0.49146963,0.44911393,0.33189141,0.43541288,0.54919596,0.58749804,0.57259464,0.51955116,0.53809991,0.50697802,0.60959240,0.64622020,0.54962727,0.48090768,0.57294979,0.44887883,0.43096259,0.47291323,0.39700671,0.53225405,0.45951040,0.64696228,0.58090997,0.60458036,0.53655409,0.52149332,0.43620086,0.33713895,0.46831114
95646,0.44973391,0.48216271,0.50810065,0.41899500,0.54865021,0.46361448,0.45666942,0.46770304,0.43678152,0.40933132,0.45211979,0.36813016,0.47210263,0.52889600,0.44680280,0.40224393,0.66038451,0.54782460,0.42112244,0.52093292,0.46880627,0.61926661,0.49538613,0.58238852,0.40427396,0.54520868,0.50282680,0.45848845,0.44936063,0.62072077,0.46230910,0.48619082,0.47820034,0.49808117,0.45313636,0.41577439,0.58865196,0.45716601,0.47852623,0.52970403,0.37532377,0.60480459,0.49454736,0.42517056,0.42737832,0.44695043,0.50333184,0.54499622,0.53455429,0.49437887,0.47596123,0.55103391,0.44307137,0.41942728,0.52060276,0.47897316,0.28960514,0.47886561,0.53723678,0.49547662,0.58038846,0.48343311,0.43129262,0.50350996,0.49791143,0.52769875,0.56549515,0.35666679,0.47306087,0.49016401,0.48153116,0.49840682,0.45639333,0.61621245,0.49299914,0.59367025,0.53532898,0.50900946,0.52814821,0.58400513,0.47741264,0.49337445,0.45733150,0.47471500,0.49901759,0.39191408,0.52353995,0.43434672,0.57423330,0.56848398,0.60108295,0.54451518,0.40638517,0.39694744,0.55028333,0.42925332,0.55156799,0.46809956,0.56377710,0.58133398,0.57297291,0.43297860,0.41103201,0.55748837,0.45344080,0.48298925,0.53381588,0.43409099,0.54733832,0.43309101,0.50790665,0.53259257,0.51232583,0.62763052,0.48804096,0.57491631,0.53707360,0.49738360,0.42663499,0.52055275,0.42801170,0.46431271,0.50813657,0.48183632,0.45769673,0.47082895,0.55632926,0.38613475,0.55530011,0.43101700,0.47838889,0.51988429,0.60292163,0.45208782,0.53151657,0.51486075,0.48908118,0.64247512,0.45310339,0.54032879,0.59279106,0.64243275,0.50974624,0.53529844,0.49966832,0.62763052,0.36482059,0.48553521,0.44526572,0.46700724,0.50736866,0.52193748,0.55829855,0.51652438,0.58191691,0.49059119,0.50926755,0.48690918,0.45883227,0.42672040,0.54814659,0.38840586,0.51132696,0.51916780,0.61422824,0.55177007,0.51955959,0.50828173,0.57795695,0.56466876,0.44444400,0.52214329,0.51783832,0.56184011,0.51766572,0.55897543,0.53161698,0.52805515,0.53581564,0.45332734,0.43387483,0.54008596,0.50043758,0.47737142,0.56344302,0.44446429,0.54367420,0.54881436,0.46853767,0.51371962,0.53100384,0.48775825,0.43712964,0.68555711,0.51755250,0.42887142,0.51193036,0.49484042,0.60299389,0.45419841,0.43360810,0.36039784,0.45610431,0.53317880,0.46243988,0.50264598,0.57361354,0.52313350,0.60195378,0.71194461,0.52038928,0.36223104,0.41066067,0.00000000,0.49936398,0.46679602,0.54438036,0.41599797,0.65406361,0.56448164,0.60078238,0.45666942,0.46520035,0.27867934,0.49562977,0.51294363,0.44805710,0.50838442,0.32730638,0.61473392,0.49652639,0.53604842,0.64131047,0.55953541,0.50901946,0.38647721,0.45269291,0.54071746,0.48335008,0.58172136,0.44977602,0.47523114,0.58578127,0.47713788,0.48414136,0.50086915,0.56466876,0.44445081,0.58517218,0.52810704,0.47101881,0.52251771,0.46800698,0.52250360,0.56315994,0.48317617,0.55419245,0.37852693,0.58476189,0.54836018,0.55554079,0.62933741,0.49653468,0.56501815,0.50092297,0.49823080,0.45419668,0.41166878,0.49443005,0.60883165,0.54363786,0.50306916,0.55214967,0.48950182,0.53134359,0.61473392,0.51523251,0.54323753,0.55590281,0.40688985,0.43400749,0.43178141,0.46634935,0.55255359,0.45481478,0.55686367,0.45916974,0.52925163,0.55367107,0.56016562,0.47300236,0.45728882,0.51986028
95648,0.32654310,0.37549217,0.33929851,0.39517721,0.46755022,0.38796326,0.49758526,0.52972813,0.50613477,0.45295107,0.49818726,0.41625653,0.29972865,0.55864494,0.38499636,0.32770115,0.62949000,0.53986606,0.43308744,0.40711490,0.44865692,0.58330201,0.45254286,0.67803842,0.32760202,0.59847998,0.38596994,0.24915792,0.41120376,0.54596450,0.57880242,0.47928604,0.46813200,0.35684789,0.47843982,0.45672832,0.53465228,0.45872851,0.52950377,0.34562490,0.49631131,0.61807342,0.40964208,0.51375771,0.33902790,0.47639411,0.53552138,0.48869280,0.47109745,0.46024063,0.38491052,0.53242636,0.63289905,0.34111997,0.40967796,0.54876845,0.53858569,0.60138861,0.53236388,0.48606736,0.49901682,0.51256122,0.48109417,0.55996713,0.45133125,0.58690081,0.59664171,0.45537560,0.50619538,0.60585757,0.55261194,0.43685989,0.44012537,0.51546101,0.35393676,0.45399120,0.53567427,0.53658624,0.51398319,0.52867458,0.45176736,0.45573644,0.47108398,0.48007354,0.15148294,0.51820525,0.37184829,0.50490324,0.46942220,0.54857918,0.53115773,0.46249903,0.36212021,0.54702732,0.57897176,0.46758483,0.49691308,0.50369822,0.49701081,0.45990531,0.67446520,0.49102924,0.45983657,0.58948735,0.44060373,0.57131043,0.61388215,0.47521191,0.54099373,0.53013128,0.52582517,0.54807610,0.44513829,0.66633255,0.27515129,0.36674685,0.65642982,0.52240933,0.54384847,0.51137721,0.48392712,0.48666622,0.49629541,0.53014500,0.58806277,0.55943224,0.55731769,0.47531366,0.56976952,0.56619071,0.47766949,0.39277809,0.54227199,0.51981883,0.52801199,0.45813360,0.53917475,0.58259715,0.57795534,0.52768743,0.58114320,0.61292072,0.39634194,0.44711078,0.46584584,0.66633255,0.50529692,0.65168153,0.51753592,0.43221603,0.60736312,0.34123850,0.50004099,0.49603918,0.59270730,0.49800518,0.44358805,0.61471073,0.60665439,0.44816723,0.59142366,0.51919462,0.52327279,0.56230802,0.58805665,0.60642309,0.52181052,0.50543833,0.53644395,0.56245793,0.48497239,0.54752278,0.45368543,0.49938395,0.56084874,0.53507002,0.61114750,0.53122544,0.51057122,0.44923679,0.48438715,0.47554011,0.52693557,0.41286500,0.44214685,0.58810855,0.58676116,0.37308212,0.41319680,0.59606497,0.66071168,0.61964720,0.55408244,0.68132656,0.72162561,0.61298313,0.53137771,0.55805822,0.51157727,0.38428729,0.37240113,0.56262274,0.47857569,0.52681075,0.34091957,0.59700809,0.60271936,0.56753075,0.59017265,0.67117013,0.56992820,0.57746629,0.43498680,0.49936398,0.00000000,0.62710007,0.60324324,0.42023733,0.60588912,0.56056113,0.68587685,0.49758526,0.41323068,0.51041856,0.53039497,0.52095432,0.48083474,0.60912424,0.52913992,0.70932842,0.49055914,0.59815609,0.67082433,0.52560573,0.51498737,0.47728909,0.37711959,0.34196614,0.36171342,0.56810124,0.39286213,0.40065650,0.58586057,0.54508396,0.51909437,0.45847721,0.56245793,0.55143999,0.72760466,0.44879691,0.45464290,0.56149649,0.42675663,0.56806653,0.52575668,0.42367821,0.58523407,0.43893543,0.57696674,0.56746379,0.56409033,0.57907167,0.55741031,0.56972070,0.57204322,0.56230261,0.48337258,0.40342450,0.48954924,0.67169038,0.56888138,0.44491610,0.50979420,0.44694613,0.75818495,0.70932842,0.70471552,0.53963979,0.67033628,0.50561040,0.46973273,0.45508167,0.51679447,0.56727041,0.26507645,0.53628268,0.52404085,0.55466243,0.53914147,0.53221802,0.41176776,0.48645706,0.55881564
95782,0.55036340,0.49551191,0.57544404,0.45391641,0.56600038,0.48793275,0.49055731,0.45248220,0.48585652,0.58808296,0.56769363,0.49450077,0.49763002,0.44043292,0.41240830,0.43492996,0.59548352,0.48746346,0.51502326,0.41657295,0.38478250,0.40558887,0.42812403,0.56883230,0.43468527,0.49221317,0.50735482,0.54376091,0.51888883,0.58444604,0.44393463,0.49371705,0.50382618,0.58653290,0.50297774,0.39975080,0.67415365,0.55709944,0.61729794,0.60597737,0.36176020,0.54856854,0.48353082,0.42492524,0.45815034,0.42391246,0.54079557,0.46549891,0.48025796,0.48756597,0.49630063,0.46011142,0.41762030,0.49559304,0.41695591,0.43611545,0.51873899,0.36060488,0.36385472,0.43440566,0.48480724,0.58847360,0.44257241,0.40890895,0.58522784,0.53618909,0.53894352,0.39424465,0.50888471,0.44024255,0.55984768,0.47208160,0.56404174,0.51881468,0.58611398,0.60401890,0.42741191,0.47458536,0.59912424,0.55189115,0.53220394,0.56940997,0.39324243,0.54098253,0.62727251,0.30095006,0.56896497,0.54500581,0.55888956,0.48478956,0.54781476,0.62643364,0.49051519,0.42549276,0.53432191,0.42392502,0.51949461,0.44606339,0.54765724,0.56974386,0.46655593,0.45218368,0.44017672,0.47720297,0.53773222,0.43055185,0.47838298,0.45308339,0.44826444,0.45816102,0.56174703,0.43851529,0.50822832,0.48560414,0.54201902,0.67148263,0.51241562,0.54969920,0.41695337,0.50236921,0.40385912,0.46167783,0.43846970,0.50494370,0.35022055,0.41455246,0.46385934,0.42568592,0.56011081,0.43192513,0.43546369,0.53153187,0.45304847,0.44650108,0.46363565,0.52221513,0.56481489,0.55922943,0.41488980,0.48084852,0.56188033,0.46347797,0.49696035,0.60008765,0.55230190,0.48560414,0.36369205,0.43355854,0.45013525,0.45602834,0.51481727,0.59225542,0.47894938,0.47849179,0.48038193,0.44010093,0.52344277,0.15612023,0.53737681,0.45366348,0.54853284,0.35642172,0.44029867,0.41291818,0.51787451,0.46163134,0.44563182,0.42902915,0.41822019,0.45024716,0.45156002,0.42481020,0.51870494,0.41140604,0.46799541,0.50149419,0.47625924,0.55555857,0.65592423,0.49572439,0.56032643,0.46202356,0.47061673,0.52717975,0.58670937,0.38132300,0.45775042,0.52223704,0.53073574,0.49938089,0.54325818,0.52947264,0.46977160,0.50163088,0.52203440,0.49396352,0.41804197,0.42877500,0.49880857,0.45510263,0.50559627,0.29341589,0.48008984,0.48536439,0.49747157,0.47544281,0.36131844,0.42231325,0.54762955,0.56362742,0.47023227,0.30727362,0.54657427,0.46679602,0.62710007,0.00000000,0.44635367,0.48089421,0.53864343,0.45634887,0.54787133,0.49055731,0.42026080,0.46995554,0.59089981,0.39985531,0.52790763,0.51532235,0.36579913,0.59214639,0.52725894,0.50623395,0.50924393,0.54313367,0.43192434,0.57892922,0.49086026,0.65559404,0.54070009,0.60418497,0.47085004,0.47464415,0.51404563,0.44789219,0.46371092,0.52824807,0.45024716,0.49846287,0.51935877,0.53347357,0.48268286,0.44992190,0.55767791,0.42380905,0.40235129,0.46662535,0.54878807,0.36805036,0.44105717,0.56515947,0.49875065,0.56102418,0.46234228,0.50662114,0.48845157,0.40694109,0.50168151,0.50922996,0.55341472,0.53919025,0.43456082,0.49079550,0.52765802,0.39618815,0.50824056,0.59214639,0.46326670,0.57163332,0.51068450,0.44479166,0.41600930,0.40110199,0.48982276,0.57959900,0.55406943,0.61292558,0.52747925,0.55309712,0.53455199,0.47279815,0.57168011,0.50170868,0.54276143
95965,0.54777857,0.48726674,0.55307098,0.51057961,0.55279877,0.46119038,0.49383667,0.47954477,0.52685294,0.65019134,0.61076157,0.54389876,0.50094491,0.43850847,0.42372880,0.43175045,0.65543192,0.50092764,0.55407010,0.39414489,0.40095088,0.43902522,0.43768841,0.63290443,0.43848056,0.44992959,0.48581547,0.53276369,0.59163275,0.52249264,0.52784433,0.50332496,0.47224208,0.59634794,0.54059025,0.54613165,0.68698863,0.60953180,0.67095753,0.56917831,0.48682739,0.55551117,0.46119685,0.42514479,0.45646385,0.45488022,0.63732277,0.42070374,0.53062854,0.59687195,0.52545584,0.35312475,0.57143165,0.48121747,0.39616005,0.45586449,0.67429648,0.44907624,0.33102062,0.43276281,0.51203983,0.66684381,0.56558756,0.48799365,0.67967626,0.59042849,0.60715170,0.42632455,0.53797421,0.73942650,0.57988732,0.50934926,0.54236363,0.52709843,0.52317826,0.67844201,0.59961950,0.52665396,0.62499502,0.58605826,0.57209366,0.62681155,0.34209330,0.58583164,0.60376576,0.54243741,0.59468885,0.56289441,0.57464532,0.43501920,0.43002154,0.60317843,0.49364944,0.44177469,0.54838251,0.44681848,0.47629273,0.48075993,0.51791136,0.54494643,0.47236819,0.57890882,0.49613535,0.58234119,0.60425473,0.38009548,0.44957125,0.52407048,0.30637743,0.50265164,0.55418874,0.40387579,0.47606079,0.29701205,0.50600170,0.67238789,0.55334759,0.59999702,0.48000532,0.59045564,0.38602242,0.51261066,0.29131907,0.50654999,0.44617359,0.47343628,0.47930136,0.40568581,0.51889941,0.44152493,0.37921464,0.53969019,0.48722939,0.49211515,0.38975694,0.54005514,0.63390161,0.49045968,0.47155522,0.52454895,0.59195254,0.53743830,0.53802649,0.62769015,0.53091935,0.29701205,0.45963278,0.51944580,0.57181279,0.47328378,0.50405792,0.53813096,0.43687385,0.34271313,0.61061144,0.34552152,0.53759155,0.47895101,0.54811448,0.50152967,0.47227591,0.48698461,0.27389797,0.31210949,0.35974354,0.37276602,0.41808483,0.46109907,0.48570589,0.52430414,0.35604411,0.30859884,0.53633107,0.40776888,0.36423204,0.40899302,0.45078460,0.37280845,0.71654396,0.50870665,0.58409179,0.39018750,0.29973526,0.52614138,0.57040275,0.61288167,0.35640482,0.51199720,0.53885946,0.42489731,0.62899474,0.62723957,0.55426572,0.35576994,0.55412300,0.55768057,0.39485254,0.37606507,0.32974833,0.48178885,0.57487400,0.52506470,0.60053709,0.49824141,0.50974321,0.40730889,0.25585063,0.23858137,0.47345794,0.50097208,0.48233121,0.57042712,0.62525846,0.54438036,0.60324324,0.44635367,0.00000000,0.54047174,0.47035126,0.43201763,0.57081632,0.49383667,0.45934542,0.52601047,0.59944072,0.37066241,0.60866418,0.50589468,0.54841104,0.55325306,0.57295911,0.55685510,0.40666396,0.53341881,0.26917460,0.57836564,0.46508716,0.67910862,0.51006534,0.63963238,0.49272346,0.45520197,0.30477800,0.41364024,0.52195875,0.40306656,0.52430414,0.55708757,0.60795744,0.38016066,0.48900309,0.34021435,0.55070767,0.24308525,0.37696485,0.45577532,0.62692410,0.46086645,0.49828632,0.51241698,0.43108906,0.55838936,0.43382846,0.58454834,0.53722424,0.39783623,0.50121313,0.48153058,0.53190052,0.59128685,0.46815913,0.42737368,0.57111162,0.38820240,0.52832598,0.55325306,0.48701041,0.60859938,0.49185334,0.49388239,0.42061307,0.48340837,0.47494122,0.49410607,0.54766496,0.63221263,0.57787361,0.53994102,0.37760468,0.53634900,0.59780826,0.49412344,0.46562049
96007,0.33841718,0.34126447,0.39583297,0.27205681,0.47093361,0.35293188,0.35090288,0.40234140,0.29976777,0.27552464,0.34580363,0.22889225,0.34174584,0.44003213,0.28563205,0.26378076,0.62793724,0.55615711,0.23451723,0.36588581,0.32387473,0.47292810,0.36067127,0.60446711,0.25487938,0.47920515,0.39539442,0.38226894,0.42267793,0.55362066,0.45981570,0.40587914,0.43210775,0.33418994,0.33120889,0.31167440,0.42725372,0.32145608,0.36852158,0.46636055,0.37199132,0.61418012,0.42098501,0.45085859,0.31325797,0.38385807,0.57026356,0.51737032,0.38052992,0.34464157,0.31589313,0.45301284,0.48965758,0.32966834,0.36708993,0.41288197,0.45118930,0.47899511,0.53563465,0.37825300,0.50260630,0.54855615,0.48359164,0.55636541,0.55234347,0.55824171,0.54594151,0.30887800,0.40278792,0.48668576,0.41971420,0.39992160,0.47713405,0.45807874,0.46461097,0.51801903,0.52033191,0.38440818,0.35614135,0.47237681,0.28237556,0.55054101,0.45050311,0.40194262,0.41111870,0.43008097,0.53276486,0.36263506,0.53883863,0.49595647,0.45465044,0.51288395,0.36464540,0.42904834,0.50730089,0.45270438,0.38599296,0.40925416,0.44036379,0.52875824,0.59629274,0.49527352,0.36869722,0.52764589,0.39895577,0.53243887,0.58609982,0.33348957,0.45644734,0.48867775,0.40574738,0.55163594,0.39600933,0.64082477,0.39491125,0.52552765,0.57517558,0.38764523,0.43181517,0.50988114,0.41184173,0.33286149,0.43148317,0.51153572,0.46675347,0.45859431,0.53431013,0.39322154,0.54655773,0.45201304,0.44011965,0.45637138,0.46757431,0.48434697,0.51822233,0.41809655,0.38708371,0.49848287,0.48728311,0.46558085,0.53447576,0.55535978,0.31542249,0.36338080,0.35418300,0.64082477,0.32517699,0.51247382,0.48155995,0.37657007,0.49553213,0.47017307,0.53882806,0.39531173,0.52039718,0.46264003,0.41014256,0.51663042,0.54029864,0.32378396,0.54978415,0.37521712,0.41332803,0.48407084,0.62311483,0.51857796,0.49534484,0.47911560,0.53039844,0.48707416,0.36410055,0.46301174,0.42162779,0.49931981,0.45434872,0.50901984,0.58430054,0.49165164,0.34333448,0.28252473,0.51166848,0.42404502,0.44775683,0.36064607,0.41877364,0.40875585,0.46551142,0.42949807,0.41221997,0.55574390,0.59405440,0.54499451,0.49034332,0.60986621,0.60781992,0.47516290,0.47945447,0.48563580,0.50405666,0.48955442,0.23210891,0.31486592,0.40606872,0.53769511,0.42370777,0.53300801,0.54010579,0.48756541,0.59537568,0.65155671,0.52358545,0.43710969,0.46841604,0.41599797,0.42023733,0.48089421,0.54047174,0.00000000,0.56053375,0.50636509,0.57995239,0.35090288,0.39065514,0.42395796,0.59279039,0.52492442,0.39773053,0.49768311,0.46381782,0.68309661,0.49849750,0.53592379,0.59262947,0.50963593,0.40417660,0.39271672,0.38575920,0.42676310,0.49332790,0.52993931,0.33861017,0.38581363,0.46721804,0.48895515,0.50400639,0.48988825,0.48707416,0.42230463,0.61256546,0.48473263,0.38063150,0.44815500,0.41026702,0.48808866,0.56413904,0.38558772,0.45736089,0.34089003,0.48012661,0.52609079,0.51850498,0.56200188,0.40273385,0.50893951,0.54744144,0.52512136,0.41815185,0.39141628,0.38368972,0.57402391,0.44076981,0.38851672,0.43097296,0.36983731,0.64188084,0.68309661,0.54440565,0.55310560,0.57715657,0.36309351,0.35027988,0.43691386,0.44744806,0.53118953,0.42498642,0.40175246,0.40466112,0.43823985,0.48228654,0.47321932,0.37296596,0.42469346,0.47158592
96142,0.54429388,0.62366046,0.69307183,0.59859019,0.66556241,0.59829614,0.55500366,0.59664184,0.63648616,0.63274143,0.61296634,0.58803059,0.42249648,0.48992949,0.50911743,0.51775178,0.46719779,0.52108602,0.67000514,0.46525530,0.46012445,0.62053980,0.53013513,0.75056114,0.52047227,0.64508760,0.60217309,0.63528566,0.60184850,0.75698056,0.60130478,0.52361268,0.52569222,0.51904713,0.60178236,0.53752183,0.68719366,0.49647954,0.66226620,0.56394118,0.51758927,0.47668084,0.54761226,0.50949884,0.54247303,0.36087142,0.52952712,0.47491467,0.59623667,0.61720321,0.55611816,0.27004161,0.52918383,0.56965344,0.46362371,0.59836382,0.71033756,0.53716953,0.42265052,0.51020459,0.56945397,0.66697329,0.57202144,0.50007199,0.72812482,0.48913286,0.67259813,0.51909714,0.68651323,0.60794248,0.53755911,0.54353741,0.62577329,0.62295545,0.61156004,0.72525015,0.65192305,0.57569589,0.56544029,0.64484655,0.55054649,0.70087568,0.41787275,0.59836485,0.64193870,0.60003308,0.66283042,0.53524938,0.68315573,0.39168662,0.43307072,0.55490981,0.57245281,0.50676278,0.55794764,0.46057517,0.57011528,0.59232016,0.65277900,0.65498389,0.54865272,0.58816352,0.56289992,0.56443374,0.60279386,0.47571724,0.44260794,0.57521136,0.51609518,0.55550401,0.60401219,0.43201779,0.64260696,0.60513095,0.58344930,0.63408309,0.66770864,0.59982360,0.50449985,0.42259954,0.29828085,0.56031523,0.54796241,0.65267110,0.53400133,0.50022587,0.46031037,0.54072431,0.26498509,0.51172459,0.47002873,0.69209717,0.62419046,0.49589239,0.47836427,0.57645402,0.54293716,0.48429191,0.61039614,0.55847303,0.62223081,0.55916599,0.58011234,0.56458123,0.48390530,0.60513095,0.50884872,0.55750734,0.58972775,0.54417293,0.51463285,0.60717490,0.51516326,0.47697415,0.55829529,0.46150516,0.58358351,0.54052259,0.64721720,0.56626017,0.65178228,0.48242305,0.50010601,0.53326140,0.59982793,0.53917811,0.62842206,0.58393616,0.62422444,0.63042488,0.48951723,0.48848590,0.59104780,0.52481409,0.51238449,0.54200812,0.44922149,0.66753776,0.58738846,0.54263240,0.73827953,0.45883384,0.55599314,0.59288449,0.49226368,0.60321362,0.57478699,0.67470440,0.58529925,0.54992290,0.71431802,0.69199172,0.60260960,0.51072837,0.57949692,0.65789977,0.57243650,0.38348760,0.50982399,0.51345960,0.59133575,0.64562833,0.61874609,0.51870837,0.43614989,0.44817528,0.50357733,0.41242247,0.63147948,0.48410599,0.44079115,0.63280526,0.63539488,0.65406361,0.60588912,0.53864343,0.47035126,0.56053375,0.00000000,0.23375963,0.59952913,0.55500366,0.55499898,0.53621139,0.70018453,0.43263593,0.56887111,0.51585068,0.62072963,0.53909697,0.52453012,0.59437495,0.40348525,0.50355276,0.49619085,0.62275978,0.44956782,0.56225590,0.52710627,0.61731285,0.59094776,0.53357257,0.50819480,0.51737630,0.54630315,0.60702617,0.63042488,0.47873847,0.55322076,0.59600716,0.54930706,0.46047531,0.51156352,0.40797813,0.38652873,0.50010005,0.66531724,0.55500367,0.53671469,0.57697906,0.45090914,0.56557791,0.56913051,0.60917799,0.49497257,0.54861993,0.53965114,0.52305293,0.61757881,0.58411375,0.58043096,0.55834882,0.59290103,0.49655771,0.64615321,0.53909697,0.57052284,0.63281751,0.55678309,0.53106313,0.47078309,0.47463641,0.56096191,0.64770625,0.57004201,0.56410045,0.61442570,0.62406659,0.54350307,0.60490570,0.61895429,0.53393673,0.49320117
96143,0.48736950,0.55591959,0.61904934,0.55846443,0.54062525,0.49351483,0.48621468,0.48259373,0.57020337,0.58679511,0.58636206,0.51108063,0.36933522,0.49631390,0.47665945,0.44974223,0.53687684,0.51138360,0.64829282,0.41940319,0.34663826,0.53234775,0.41069317,0.72111750,0.45085598,0.57771649,0.52664561,0.54019914,0.56212396,0.63447705,0.54897815,0.44816618,0.48336536,0.53304985,0.49802284,0.44671678,0.66098255,0.44394068,0.63663558,0.51999222,0.51123443,0.50041961,0.48955066,0.47753523,0.48135486,0.32765578,0.50092255,0.46368702,0.54421397,0.54884265,0.50097758,0.33259662,0.49867772,0.46571808,0.41944016,0.50270239,0.68598254,0.49165295,0.32295399,0.42378633,0.45377987,0.63061375,0.56806141,0.46530880,0.68698484,0.50362826,0.63012148,0.47451246,0.65016511,0.62751969,0.47161008,0.50343011,0.49738779,0.59247233,0.57099961,0.64890904,0.59632123,0.48345968,0.58373148,0.54309083,0.58531151,0.67493877,0.39674046,0.52957332,0.58061111,0.53103771,0.59114619,0.49192010,0.60726985,0.35757079,0.36295672,0.43965043,0.45980945,0.44691473,0.53735388,0.43872540,0.52252708,0.53161822,0.55331508,0.60619241,0.50635118,0.58461938,0.44938504,0.50065358,0.58302183,0.38809921,0.39406877,0.47797443,0.39872946,0.49057437,0.55892278,0.40917083,0.56578865,0.50780610,0.51004747,0.61241186,0.57471194,0.56610675,0.49897598,0.44161661,0.30077785,0.48052429,0.45224143,0.63651788,0.49690308,0.45117010,0.49417092,0.46289550,0.32661635,0.52612414,0.36402286,0.57835971,0.48185561,0.43204954,0.39860452,0.49365173,0.51590282,0.45707799,0.58773322,0.48983195,0.54602967,0.45969179,0.52498698,0.54641652,0.45518317,0.50780610,0.40921155,0.53116991,0.52216345,0.46640229,0.44283715,0.56278183,0.52529229,0.39546523,0.50525290,0.36240635,0.49487146,0.48402933,0.60122701,0.48105331,0.60745753,0.46909173,0.43216320,0.40899996,0.51751689,0.43406481,0.50828326,0.45417658,0.53087698,0.52906532,0.45942262,0.42127939,0.49649180,0.46311589,0.43284158,0.49069353,0.40650896,0.54930837,0.63243536,0.47180597,0.63046909,0.39014052,0.45906807,0.52359453,0.47127525,0.60643634,0.47276002,0.57130479,0.47806638,0.45830544,0.67099285,0.61311340,0.58292430,0.46190814,0.57180377,0.62131218,0.48988430,0.37335288,0.48238377,0.50665153,0.51770620,0.57848773,0.57825995,0.51139197,0.45072759,0.50697260,0.40796256,0.29734287,0.65029996,0.40528847,0.40859514,0.58460631,0.58801835,0.56448164,0.56056113,0.45634887,0.43201763,0.50636509,0.23375963,0.00000000,0.56682292,0.48621468,0.44541372,0.46549504,0.64435394,0.43996871,0.55148099,0.44365027,0.58497171,0.54140347,0.48234889,0.47860453,0.42575914,0.46716854,0.42626591,0.58037859,0.43212461,0.58565576,0.48693341,0.47748621,0.45931919,0.46146127,0.42691793,0.42703386,0.45122653,0.50777312,0.52906532,0.43067615,0.56662675,0.50411287,0.48033914,0.39219814,0.47664163,0.28432783,0.36018162,0.44043603,0.62649500,0.47604022,0.47370955,0.54660027,0.42405044,0.51020607,0.47374737,0.56597483,0.46624116,0.47651342,0.46181015,0.50157863,0.55629692,0.52227347,0.46599650,0.51448758,0.50799754,0.38398348,0.60292687,0.54140347,0.52579185,0.54204173,0.46281134,0.46148464,0.37456142,0.46901936,0.45254883,0.55593500,0.55022005,0.57284619,0.58383872,0.56039436,0.46112192,0.52922476,0.51613403,0.45212341,0.44777210
96346-A,0.65911313,0.63913946,0.67791929,0.60532833,0.51271226,0.59530837,0.55630008,0.52942731,0.57073055,0.62609106,0.59774067,0.55490960,0.52665072,0.50985604,0.55076670,0.51309875,0.68056349,0.64486116,0.59676548,0.60274284,0.51493176,0.66416736,0.55987216,0.59772211,0.51693598,0.59227650,0.59503201,0.64160315,0.65181441,0.65972175,0.51409846,0.55296326,0.54471822,0.67452465,0.60294162,0.55075116,0.69993683,0.60888969,0.67899502,0.66767884,0.55515972,0.65371397,0.56388851,0.50558224,0.59152104,0.49564482,0.59364082,0.58764366,0.63066755,0.65162235,0.58562359,0.49603030,0.60548310,0.60734831,0.60484144,0.58561315,0.63733604,0.47614590,0.52335429,0.57846185,0.65312580,0.62277049,0.45943904,0.56226527,0.66861787,0.49273115,0.50528775,0.39493032,0.69443832,0.56675650,0.61666013,0.57817608,0.66376682,0.63278030,0.61214378,0.64170201,0.60659295,0.52005643,0.65465243,0.66526011,0.59028064,0.64056490,0.53291008,0.62770369,0.67714969,0.57562850,0.66277796,0.59090858,0.60446075,0.56313411,0.64815218,0.59308911,0.59186199,0.44684396,0.64236582,0.48831326,0.59126039,0.50155078,0.63988536,0.63245780,0.48075065,0.46238926,0.49872369,0.54788119,0.60329944,0.54310653,0.57291675,0.43230234,0.56214241,0.57022179,0.65750670,0.57380872,0.57651188,0.71776577,0.59517091,0.69611276,0.48912592,0.55632846,0.45042113,0.55816616,0.50430854,0.55099082,0.55258736,0.58736649,0.44624692,0.42292017,0.65748730,0.52215675,0.64591236,0.58483917,0.58699718,0.65333891,0.66246748,0.48333061,0.60939652,0.54877444,0.63575676,0.69324716,0.57611188,0.55230343,0.58921109,0.64959438,0.61923160,0.68259817,0.59876979,0.71776577,0.50676783,0.51636486,0.49889980,0.60763027,0.60561775,0.61877747,0.58994054,0.56956068,0.59479910,0.60637081,0.54888485,0.51274317,0.53782137,0.54697881,0.49955421,0.52189413,0.56569875,0.66744616,0.72762803,0.68126693,0.58061315,0.60133939,0.61910797,0.68948524,0.59562361,0.60962459,0.54458962,0.52778811,0.58267422,0.60480079,0.56752844,0.62524578,0.69791166,0.52921082,0.66332760,0.61401232,0.55268926,0.64728712,0.64967070,0.61614986,0.64629840,0.66450136,0.58368814,0.49405891,0.56810241,0.56243222,0.60536639,0.68004583,0.49285814,0.58634875,0.56383218,0.49127654,0.59898465,0.54492789,0.60522414,0.50119833,0.55414770,0.64555334,0.51675614,0.54818538,0.56300286,0.57995406,0.60061267,0.72787963,0.53115952,0.54726442,0.55550353,0.60078238,0.68587685,0.54787133,0.57081632,0.57995239,0.59952913,0.56682292,0.00000000,0.55630008,0.60155089,0.58455123,0.61672756,0.52249408,0.58237193,0.60837480,0.55866808,0.55875684,0.60422305,0.47374978,0.59210160,0.61006453,0.55658142,0.60469548,0.59544809,0.67664287,0.54699826,0.54191906,0.60140688,0.54579941,0.59527880,0.55755651,0.45339526,0.58381429,0.68948524,0.51225648,0.50953249,0.58359365,0.53655006,0.59407534,0.58380930,0.58292948,0.55875868,0.62332179,0.70511193,0.45808078,0.62641266,0.52828943,0.52162487,0.65189335,0.59601605,0.51792284,0.49484227,0.56099622,0.52162578,0.51954245,0.65759835,0.57773039,0.54724060,0.58988291,0.66848338,0.58801708,0.49218042,0.55875684,0.48428128,0.52993960,0.56529476,0.50505115,0.51137866,0.51528197,0.51533766,0.55547101,0.64998190,0.67342182,0.63895566,0.64324388,0.60523854,0.65752590,0.64068412,0.52521769,0.55931507
96346-B,0.40832546,0.37406120,0.47325202,0.41371537,0.51107558,0.34989128,0.00000000,0.35815910,0.35361388,0.49225248,0.42664580,0.42606556,0.39526178,0.47547184,0.31590480,0.30126571,0.65773070,0.56895791,0.36713654,0.41035058,0.40809267,0.52250886,0.38973594,0.65774704,0.30211616,0.40822359,0.39034667,0.46784038,0.47678167,0.49721960,0.43979027,0.39976333,0.45493876,0.40221075,0.44332113,0.43425448,0.50858482,0.40532749,0.48093983,0.51151403,0.43006414,0.58343489,0.43812415,0.39392858,0.37763165,0.42652298,0.61030769,0.51253273,0.36672611,0.39921201,0.40328731,0.47508605,0.54046860,0.34313735,0.41332470,0.49010758,0.55816013,0.38853913,0.44622522,0.39422617,0.49163941,0.56643238,0.49473677,0.50377633,0.56892139,0.51985595,0.51902568,0.29826701,0.57001073,0.60728882,0.46493238,0.39067633,0.46261404,0.47380371,0.48669907,0.57236323,0.55805822,0.38339621,0.46265790,0.48338477,0.34324676,0.60685053,0.46321679,0.39496098,0.50605941,0.51846059,0.53416418,0.41642624,0.51659773,0.51811051,0.47180106,0.50407158,0.38838715,0.48258958,0.58678651,0.44387356,0.44144244,0.49095520,0.46681786,0.60063910,0.46407416,0.50343285,0.40257013,0.48481000,0.43880915,0.41090933,0.46121447,0.36267916,0.41864946,0.52155151,0.54828544,0.48482458,0.43516586,0.60387735,0.39731174,0.55636096,0.56205394,0.40641031,0.44425795,0.47166174,0.40167209,0.41876652,0.42075562,0.51917150,0.37091469,0.34101908,0.53608332,0.44062988,0.54196547,0.52710596,0.42973305,0.46084297,0.47343186,0.46247093,0.49447112,0.51743311,0.50083587,0.55001256,0.52039971,0.51997992,0.54398496,0.49278336,0.41898959,0.41388954,0.48626537,0.60387735,0.41372385,0.54388961,0.51091751,0.37533859,0.53159266,0.51229530,0.55919349,0.45480397,0.56038011,0.44529642,0.51433436,0.51229725,0.51042753,0.38953401,0.56678114,0.41834345,0.41446573,0.47660416,0.62163726,0.51787862,0.40912721,0.49906461,0.51325144,0.51653389,0.43067559,0.47459158,0.52862943,0.45165910,0.48377812,0.50759911,0.45911671,0.45857820,0.44333430,0.36249356,0.48523404,0.42553431,0.45603040,0.40173304,0.44256247,0.52042359,0.50210132,0.42519167,0.41570156,0.51257337,0.63629356,0.59479674,0.51218301,0.55790821,0.56511492,0.58205052,0.40826711,0.41784303,0.48561926,0.45902280,0.35372392,0.45418029,0.49413589,0.56395076,0.40966454,0.53719290,0.47742650,0.46059326,0.60798720,0.62180926,0.50431759,0.53383388,0.51656672,0.45666942,0.49758526,0.49055731,0.49383667,0.35090288,0.55500366,0.48621468,0.55630008,0.00000000,0.40183381,0.48799965,0.58206203,0.46890562,0.43358117,0.53490402,0.49861531,0.71138145,0.48095035,0.52910713,0.50363521,0.46030512,0.40336807,0.38434999,0.44119088,0.54237534,0.48686222,0.62545417,0.40897530,0.39848273,0.49670024,0.43463841,0.45045926,0.47792291,0.51653389,0.50728710,0.62996634,0.46730664,0.41916195,0.47353297,0.45253295,0.46193465,0.50484297,0.39504897,0.46960823,0.33641129,0.41521239,0.52072062,0.48849197,0.53292206,0.46582348,0.50015333,0.51618188,0.45956538,0.46107184,0.44913752,0.52616003,0.63166463,0.39927538,0.41827355,0.51013414,0.35062474,0.63023166,0.71138145,0.58639426,0.56030318,0.48346783,0.41682742,0.36781666,0.41366256,0.47680888,0.51566732,0.44650398,0.48829960,0.43346212,0.38584496,0.55312646,0.54010701,0.36327116,0.45927412,0.49877065
96346,0.30724758,0.33056110,0.37530952,0.46735244,0.46547260,0.19699928,0.40183381,0.43085119,0.45736875,0.50784672,0.51416459,0.36539941,0.39275151,0.49323719,0.29218278,0.24587511,0.66747771,0.54992635,0.41581393,0.30433293,0.25490363,0.44174542,0.31349058,0.60708372,0.25182924,0.47679801,0.32427915,0.33397206,0.46004130,0.53428441,0.48603148,0.31652970,0.42053740,0.39711204,0.42736849,0.36302042,0.59924524,0.41284257,0.56023131,0.47179597,0.39763807,0.59330464,0.20278080,0.42408380,0.23715198,0.43122453,0.55834971,0.44609187,0.38244545,0.37807689,0.29553698,0.44000017,0.55322552,0.23810180,0.30448544,0.43540838,0.60806133,0.45833684,0.41337510,0.32344914,0.23656946,0.62568379,0.51960326,0.51542310,0.62484510,0.51648240,0.57846110,0.37447557,0.48064928,0.63388476,0.45548658,0.35119888,0.24611597,0.42751349,0.50720437,0.61613819,0.49377233,0.42414575,0.57691701,0.52394974,0.45805572,0.63050958,0.39204030,0.44041222,0.45103146,0.44833422,0.49552571,0.43171720,0.55962942,0.41159433,0.40469588,0.50213946,0.33771366,0.39707171,0.56969830,0.48941187,0.33099279,0.42925551,0.48371747,0.48413922,0.56991469,0.52709135,0.30869093,0.48383253,0.47212257,0.49467105,0.56447759,0.34437610,0.40640226,0.52726212,0.46286762,0.46797177,0.39416775,0.52814766,0.37484413,0.51313056,0.53854951,0.49083650,0.52472522,0.46975894,0.37422774,0.37013367,0.36277825,0.50525005,0.44283404,0.39852002,0.52793793,0.43225412,0.54013323,0.49911910,0.26929840,0.25835745,0.37249233,0.41525676,0.40364310,0.43950071,0.54472518,0.40524878,0.50506760,0.42503664,0.49539256,0.44235753,0.32125450,0.49486934,0.38412128,0.52814766,0.38743837,0.55715643,0.47537285,0.25063379,0.47010289,0.51096227,0.50048362,0.34205774,0.43482446,0.28158641,0.43679950,0.47935843,0.54675302,0.29806658,0.61700968,0.38758337,0.36885491,0.38200857,0.49704008,0.40906968,0.45711628,0.37562391,0.46892329,0.39947670,0.43277878,0.39223862,0.44641622,0.43288323,0.45329907,0.49191300,0.55905964,0.44902029,0.60692998,0.32719025,0.49978032,0.34635647,0.42565692,0.28019650,0.37038389,0.56765500,0.41344619,0.27320061,0.32602087,0.52220589,0.59522323,0.47215418,0.56935833,0.53536393,0.63766922,0.52695465,0.46023306,0.45505607,0.43725450,0.49742727,0.23835821,0.48742031,0.49449697,0.55723664,0.46096637,0.55739335,0.44079333,0.40774761,0.56861226,0.59238775,0.54323358,0.50058382,0.47680013,0.46520035,0.41323068,0.42026080,0.45934542,0.39065514,0.55499898,0.44541372,0.60155089,0.40183381,0.00000000,0.45448741,0.52735799,0.42859413,0.48926005,0.47170051,0.52139234,0.69743129,0.44860088,0.47276468,0.55289315,0.38839820,0.36976810,0.52925143,0.39993282,0.55886627,0.50522031,0.55915392,0.22353729,0.29303702,0.46192618,0.45837547,0.42201629,0.44048094,0.39947670,0.48886467,0.64531916,0.44383443,0.35709006,0.36861543,0.44897274,0.41150426,0.44203819,0.29457067,0.47683041,0.28044483,0.43018500,0.48838815,0.45361378,0.51247020,0.36625277,0.52351348,0.44557055,0.39835004,0.39828575,0.46857298,0.39393228,0.59349006,0.42980416,0.36425499,0.29255662,0.29670928,0.65269751,0.69743129,0.56830107,0.49489525,0.55630392,0.45205529,0.30475801,0.35678928,0.40408406,0.48481440,0.44431400,0.57499500,0.50530013,0.48623881,0.44158627,0.41371274,0.26567773,0.40052669,0.41407670
96642,0.41884690,0.52461658,0.55254835,0.40917295,0.59340628,0.44591502,0.48799965,0.42239654,0.40794838,0.41460980,0.44318370,0.35988965,0.37568804,0.45423892,0.45761964,0.45429637,0.60358550,0.58237871,0.45818010,0.48743616,0.42350708,0.61157954,0.46013263,0.62740952,0.45681252,0.56137965,0.54462618,0.52646509,0.47235828,0.64173823,0.41274292,0.47348985,0.45896017,0.47801817,0.49296209,0.40644924,0.57854831,0.43276079,0.47964572,0.42757714,0.36591234,0.54669799,0.43532963,0.48109647,0.44196240,0.33901771,0.46053627,0.58953900,0.58149916,0.53372971,0.49949736,0.43768761,0.37131487,0.41953968,0.48606382,0.48328469,0.45918829,0.48185714,0.50418088,0.48470958,0.54539484,0.54915833,0.43152020,0.52041377,0.52302923,0.50319439,0.62754600,0.41988699,0.50434378,0.46703109,0.43160315,0.48426153,0.49730649,0.62532265,0.45323186,0.60030883,0.50778047,0.49843989,0.50359654,0.58902723,0.50368492,0.55378416,0.46868291,0.48744978,0.54518962,0.36236115,0.56130377,0.42900839,0.58527112,0.51679715,0.51738388,0.41614173,0.43824951,0.34672563,0.49453017,0.39547632,0.52388450,0.48141713,0.57545549,0.55961412,0.54315708,0.44512429,0.42110846,0.54859193,0.41919184,0.50406954,0.52629776,0.45374621,0.54315879,0.43790252,0.44780327,0.55960531,0.52870904,0.63954917,0.46795558,0.57081639,0.54672017,0.50745535,0.42526162,0.43425483,0.42093876,0.41786180,0.53132062,0.54872709,0.46539886,0.46233200,0.55852234,0.37856462,0.45258533,0.45731748,0.47324275,0.53686216,0.59929747,0.41932523,0.53397653,0.43708581,0.43760120,0.52977775,0.46276314,0.49369564,0.55495665,0.60849954,0.52875086,0.48110128,0.38656411,0.63954917,0.28168071,0.45048777,0.41295114,0.47822901,0.46072057,0.46344106,0.55740414,0.50820713,0.56295810,0.48881192,0.43326144,0.51107745,0.55259277,0.41666340,0.57665228,0.40348088,0.49384086,0.51483555,0.60987555,0.54860717,0.53411784,0.51313247,0.63008577,0.56314752,0.44095133,0.43951915,0.44125294,0.54976259,0.49637590,0.44554403,0.52451353,0.55424710,0.50573613,0.43059246,0.53807719,0.45156843,0.47395753,0.46039235,0.48942303,0.46340299,0.54871935,0.57638426,0.44578749,0.54236231,0.53216697,0.47039902,0.45183773,0.63790041,0.48636726,0.41437853,0.52994527,0.42786024,0.50779965,0.45964235,0.41958514,0.37649585,0.43764353,0.56647573,0.41971817,0.54552659,0.57512249,0.52342526,0.57236133,0.59563158,0.42188210,0.38301277,0.45485484,0.27867934,0.51041856,0.46995554,0.52601047,0.42395796,0.53621139,0.46549504,0.58455123,0.48799965,0.45448741,0.00000000,0.53750189,0.52306135,0.40281684,0.46132412,0.46032504,0.51556373,0.50178713,0.54969202,0.64812317,0.57643599,0.49195576,0.37134969,0.38038953,0.47196900,0.44152083,0.53509705,0.48078747,0.48373945,0.56726238,0.48946507,0.48257328,0.50579535,0.56314752,0.28852218,0.47454196,0.53008530,0.43210325,0.51246993,0.41151957,0.52241570,0.58636523,0.44922948,0.58158036,0.44113142,0.62680419,0.56854332,0.52859482,0.63330945,0.50191120,0.59417423,0.48769707,0.50013540,0.40216150,0.40235507,0.44583516,0.60361000,0.49444262,0.52913700,0.55236799,0.48284686,0.51604670,0.51556373,0.45784429,0.55160858,0.53157635,0.40699336,0.41764698,0.48386967,0.43258405,0.55654775,0.45850491,0.53374101,0.50301485,0.55436156,0.50036302,0.54960212,0.51185944,0.40459959,0.40585561
96725,0.53271637,0.56451737,0.55845009,0.55767181,0.58117914,0.52083086,0.58206203,0.53094496,0.57439970,0.64575084,0.61672702,0.54991244,0.53094026,0.51352401,0.50997815,0.51191692,0.72625048,0.62025534,0.58713261,0.55223705,0.51232481,0.68809507,0.60282180,0.71659703,0.51300511,0.57873490,0.55372780,0.51924040,0.58009188,0.61647719,0.56086964,0.46219755,0.47248530,0.57665976,0.62419838,0.56358708,0.72629393,0.62778728,0.63556300,0.52961488,0.51666150,0.68567633,0.52378900,0.56312396,0.49225129,0.55732513,0.58002647,0.56923881,0.62773903,0.62644772,0.50845847,0.57880124,0.60942876,0.46031711,0.55087127,0.61005409,0.64295721,0.54725032,0.52396781,0.60887754,0.58917438,0.61831143,0.48900753,0.55454890,0.55537162,0.54551856,0.53729407,0.47344613,0.66457996,0.63636417,0.63412454,0.54499888,0.55230556,0.67688996,0.55204999,0.57953918,0.65803095,0.51401880,0.66046979,0.59735090,0.58699147,0.59115810,0.51538186,0.53193492,0.55844786,0.55256834,0.51524494,0.62170361,0.52904189,0.62709340,0.62891746,0.53753898,0.42810702,0.55113726,0.64113082,0.60882537,0.62193165,0.52183218,0.54725830,0.56183416,0.66450236,0.48544556,0.50827293,0.55273658,0.58655802,0.52751219,0.58673397,0.52952023,0.56326687,0.56680795,0.60869926,0.61138930,0.56607886,0.61262145,0.49384260,0.58815179,0.63120030,0.62607857,0.58994475,0.60444551,0.53133185,0.53589147,0.49567079,0.57250343,0.52924632,0.53198642,0.65069996,0.42385132,0.68434517,0.55859096,0.55091781,0.57361022,0.61185003,0.54064273,0.58482369,0.51190752,0.64741738,0.65780443,0.61806808,0.42292125,0.45574883,0.67332142,0.52222008,0.64372844,0.56072614,0.61262145,0.51966981,0.62490932,0.52246507,0.49620515,0.61855935,0.57601893,0.60240095,0.57482090,0.67460144,0.55173591,0.51359140,0.55738596,0.63248722,0.56272645,0.64584853,0.57166661,0.54878779,0.58241510,0.64449870,0.61620416,0.50581867,0.49418889,0.52636085,0.48319500,0.53280850,0.51003074,0.51334425,0.54027140,0.55774025,0.58337881,0.58543088,0.62183804,0.69907354,0.53358334,0.54622708,0.53533913,0.57835574,0.53055151,0.58983544,0.64852924,0.59761536,0.55339335,0.46696738,0.54740040,0.71313838,0.65468000,0.67201446,0.67195576,0.69174212,0.65820293,0.56022372,0.60127909,0.60782834,0.52740066,0.53399288,0.56194066,0.51268571,0.61672699,0.50464981,0.64823427,0.57446433,0.63173642,0.64916650,0.69956948,0.58058040,0.57738878,0.50906274,0.49562977,0.53039497,0.59089981,0.59944072,0.59279039,0.70018453,0.64435394,0.61672756,0.58206203,0.52735799,0.53750189,0.00000000,0.58159818,0.59286347,0.61919334,0.53439130,0.70739601,0.52361167,0.52510728,0.72727824,0.64081914,0.54816378,0.56692576,0.53429308,0.56165132,0.50745069,0.63939171,0.54512671,0.52359702,0.57945622,0.51746485,0.43663044,0.51568683,0.48319500,0.55146391,0.69248751,0.52190646,0.53387955,0.52498595,0.52095879,0.63203904,0.48510516,0.43031486,0.65564768,0.50708739,0.67495536,0.58028576,0.60203059,0.60349830,0.57044411,0.53831119,0.54084403,0.49403679,0.47531574,0.50891098,0.58088247,0.55353550,0.59111054,0.51259507,0.59791046,0.57821397,0.68206669,0.70739601,0.61819420,0.46859973,0.62269310,0.55394847,0.53637029,0.50728401,0.50198669,0.34762928,0.52408429,0.67258719,0.57235162,0.60656270,0.45468303,0.52035113,0.57560239,0.47801877,0.53686409
96793,0.51111414,0.46760170,0.50642658,0.50538821,0.52618223,0.48851672,0.46890562,0.46577767,0.50687395,0.58642578,0.51199020,0.50653893,0.43375444,0.34234712,0.40047298,0.36499498,0.35952804,0.24881456,0.50209710,0.42747771,0.41979053,0.44658184,0.44290635,0.61057424,0.36848759,0.46250118,0.42185108,0.46466524,0.50997621,0.57731545,0.46875257,0.46566246,0.46910627,0.54416599,0.58934859,0.53912766,0.66313197,0.59350668,0.58552434,0.55157245,0.43483642,0.33311638,0.45369626,0.35039888,0.43530674,0.30212681,0.54476968,0.22157723,0.47636872,0.50657453,0.48818708,0.34656744,0.51742415,0.44267860,0.42295821,0.47637370,0.59194449,0.34134424,0.31711250,0.48547470,0.39812681,0.54727610,0.47014837,0.39652014,0.56242043,0.48179487,0.53841959,0.34593365,0.55382965,0.60844542,0.59400293,0.39749130,0.50171903,0.52776481,0.47452110,0.66219547,0.52704416,0.49387179,0.60626994,0.60926734,0.51749736,0.51945840,0.15287473,0.58016408,0.52841354,0.50285440,0.52044419,0.54520118,0.55930874,0.45054286,0.56397870,0.55970248,0.46992686,0.46255717,0.53345349,0.35512286,0.49974876,0.48575839,0.58012035,0.49764345,0.35171585,0.47351222,0.45266355,0.49243183,0.56285260,0.33705486,0.38441633,0.43345306,0.46026362,0.49009058,0.53174874,0.11849396,0.45255162,0.54013164,0.47280823,0.61512287,0.59633414,0.60154677,0.47609044,0.50899398,0.29536125,0.49880785,0.45227575,0.46111164,0.33270777,0.35752897,0.21898296,0.43345426,0.36709154,0.42905344,0.39816760,0.50337434,0.49640209,0.40576894,0.41136357,0.52540415,0.61294296,0.59732303,0.48695105,0.48369535,0.56449045,0.53140502,0.50925641,0.60746252,0.54306849,0.54013164,0.42399328,0.50956294,0.51127886,0.42692282,0.55516730,0.49984635,0.29346743,0.52160001,0.57401503,0.40817495,0.52294415,0.41862411,0.55794132,0.49470876,0.53508484,0.36091557,0.46632161,0.46917637,0.54142823,0.49960144,0.48341377,0.46402605,0.50049710,0.55444526,0.47250673,0.47823420,0.52073733,0.38746194,0.49802151,0.48466493,0.37880048,0.57876541,0.65353287,0.49961758,0.60246341,0.49864811,0.49349420,0.53018487,0.56114676,0.53292764,0.52471257,0.50161823,0.51004024,0.47061342,0.61076609,0.63055071,0.52044990,0.48696074,0.54533059,0.55271992,0.48185168,0.40023387,0.51632039,0.36802429,0.48704227,0.47492603,0.53267705,0.23764119,0.43641923,0.32155272,0.33194007,0.31341732,0.55400352,0.54056417,0.52501627,0.51185595,0.51410347,0.51294363,0.52095432,0.39985531,0.37066241,0.52492442,0.43263593,0.43996871,0.52249408,0.46890562,0.42859413,0.52306135,0.58159818,0.00000000,0.59761278,0.55650825,0.45374609,0.54885478,0.54166401,0.51959277,0.36905767,0.45883334,0.46393882,0.57093086,0.48990339,0.59874945,0.45010054,0.64209137,0.45152502,0.44101318,0.52950719,0.43587841,0.45610361,0.49358271,0.55444526,0.49132045,0.59609339,0.49971161,0.46972373,0.45478371,0.49330817,0.31647868,0.37096838,0.49366797,0.62770181,0.35386129,0.46580698,0.55228350,0.42812886,0.55654610,0.53840488,0.54558950,0.42281272,0.40577594,0.43505931,0.45603385,0.50785258,0.59522671,0.53257429,0.48153151,0.52352969,0.36718186,0.58360344,0.54885478,0.52504920,0.58232004,0.55735989,0.53315884,0.40669145,0.24919644,0.48264062,0.56834088,0.43914931,0.62613668,0.53283241,0.54976929,0.54144364,0.52958629,0.53697685,0.43864930,0.52660783
96859,0.50675021,0.54721711,0.55607836,0.37767064,0.56318756,0.44437766,0.43358117,0.44428528,0.46437704,0.35352657,0.38800451,0.41131076,0.35741403,0.55767132,0.41764323,0.41323360,0.66701287,0.63596450,0.44240385,0.53443378,0.49209464,0.65733257,0.52861065,0.65909624,0.41325178,0.61545131,0.52396378,0.52090697,0.41508978,0.65518559,0.50251206,0.51571257,0.53699387,0.43267190,0.46594091,0.43338762,0.45309258,0.41788210,0.45244882,0.46708977,0.38065777,0.64969433,0.43689235,0.48789239,0.44317013,0.43843671,0.50006347,0.60091290,0.47487812,0.45338864,0.43786113,0.53826290,0.46029253,0.47045165,0.53512146,0.51116707,0.41713004,0.49422083,0.57376270,0.55068554,0.60045539,0.51987159,0.42359213,0.53396904,0.51002839,0.56189548,0.60474297,0.41093639,0.54803234,0.42840362,0.51977914,0.46254372,0.53414944,0.62677100,0.43454379,0.47860689,0.53418204,0.51009074,0.43105896,0.52745785,0.39207884,0.53636904,0.55893472,0.51849369,0.45543834,0.42777569,0.60659227,0.45883112,0.47568165,0.55862299,0.50992006,0.48483733,0.50434827,0.46002900,0.47771894,0.39113757,0.56884327,0.49121853,0.57674563,0.60008287,0.60698849,0.44169936,0.43395299,0.52524383,0.05284481,0.57608391,0.57227247,0.45040201,0.50079544,0.41781743,0.48714568,0.61283085,0.54034436,0.68133331,0.40550999,0.62902080,0.59766758,0.35826089,0.28226889,0.40384224,0.46435853,0.42859032,0.53196224,0.53968704,0.47191516,0.46382182,0.57305437,0.39818264,0.58905163,0.46911559,0.48071783,0.54404941,0.62829144,0.55800002,0.56097384,0.52942814,0.37891465,0.62407941,0.50298461,0.56287597,0.60652196,0.62319593,0.49660231,0.41758232,0.46167004,0.68133331,0.41557793,0.53587442,0.51104376,0.44011017,0.49729491,0.43025379,0.60435061,0.49031842,0.59193489,0.49621001,0.52425541,0.50484946,0.54686342,0.43943914,0.54795327,0.38410368,0.49333941,0.60455930,0.64427422,0.60946040,0.57417773,0.59494744,0.65834569,0.68999140,0.41419339,0.54092501,0.53734233,0.55375011,0.55962048,0.50138350,0.56845643,0.51512681,0.45889803,0.42537632,0.48689534,0.52613828,0.47403208,0.51202658,0.51859383,0.43907283,0.56173106,0.56848783,0.41687143,0.49791978,0.57339919,0.59414278,0.45381472,0.66061891,0.58833066,0.58113415,0.53183772,0.43105436,0.49463221,0.44132227,0.40040349,0.37519676,0.42507391,0.62021050,0.37268391,0.56406705,0.62680507,0.60536238,0.63441677,0.68403413,0.43840685,0.43747027,0.48795538,0.44805710,0.48083474,0.52790763,0.60866418,0.39773053,0.56887111,0.55148099,0.58237193,0.43358117,0.48926005,0.40281684,0.59286347,0.59761278,0.00000000,0.49879508,0.43698454,0.64330456,0.56396406,0.60469436,0.63761399,0.55872239,0.48943397,0.34725654,0.41510571,0.43469550,0.47201970,0.56811511,0.52076349,0.50601772,0.51960668,0.54794276,0.57075305,0.48232935,0.68999140,0.45420276,0.63237852,0.49932097,0.47931384,0.56262996,0.45702214,0.60743596,0.56898538,0.52025100,0.48013329,0.43594033,0.59672663,0.53227433,0.57025158,0.60103532,0.54068381,0.51768276,0.58312218,0.52813926,0.52479399,0.40108374,0.49141100,0.61991257,0.36228692,0.46303389,0.56492028,0.50141895,0.63812820,0.64330456,0.57459515,0.56607048,0.55405547,0.31918085,0.46126427,0.49682307,0.55885887,0.58292418,0.44309577,0.46415584,0.44298478,0.47619847,0.57523340,0.58241405,0.48180747,0.52575127,0.56847880
96994,0.51990942,0.54156153,0.60068411,0.57965757,0.62945556,0.50248859,0.53490402,0.49896538,0.59316650,0.55936917,0.51541060,0.50696776,0.40726703,0.52914797,0.53790240,0.51456507,0.72533876,0.63974663,0.59816673,0.53071185,0.48254134,0.67018358,0.44563286,0.72581865,0.51799604,0.61975143,0.60571543,0.57506940,0.52822280,0.66194533,0.60278854,0.50515866,0.50765028,0.57914955,0.51032803,0.45592198,0.63086061,0.51411719,0.64338173,0.54843878,0.46586649,0.67406129,0.48568226,0.48836606,0.48986141,0.43009805,0.57873214,0.60932025,0.52128074,0.57058466,0.51077940,0.47314816,0.53468356,0.48917229,0.53261288,0.46581906,0.52753499,0.54161357,0.52018034,0.41955874,0.59421105,0.62941365,0.52096289,0.55209541,0.67744271,0.48588643,0.59663082,0.49289843,0.59969461,0.63626390,0.46150977,0.51838288,0.51158637,0.59864439,0.51813428,0.59701888,0.58815616,0.50841880,0.60233078,0.57364807,0.50930471,0.65487647,0.53789814,0.52465544,0.61403910,0.47836120,0.63975536,0.42814295,0.56538382,0.49751327,0.49780672,0.49157379,0.51416676,0.48691458,0.56780111,0.42424617,0.50040248,0.48498358,0.57514646,0.57085921,0.62075294,0.53834418,0.44179653,0.50689738,0.50805009,0.52337907,0.53805318,0.52528357,0.43093738,0.42711851,0.53093789,0.56986586,0.58155277,0.60610036,0.51637340,0.63555751,0.63239702,0.49696168,0.46365621,0.43090091,0.46936914,0.41969152,0.49398080,0.56490808,0.52200022,0.51253812,0.58592124,0.42291776,0.57814060,0.47398239,0.49568996,0.62864347,0.63151467,0.47247007,0.45962648,0.44029235,0.52361660,0.47586299,0.50480543,0.50515608,0.53498873,0.61755855,0.52756531,0.57950876,0.46049679,0.60610036,0.41167895,0.50415442,0.46839532,0.51431806,0.00054803,0.51577056,0.61032054,0.43385521,0.49285931,0.49834040,0.43878235,0.51636160,0.60193765,0.42439642,0.56843787,0.45763058,0.47758162,0.44653669,0.58858600,0.46228057,0.54501368,0.50384207,0.61775092,0.56252847,0.50169307,0.41213991,0.44427809,0.52074807,0.42342789,0.49797008,0.53877944,0.43128365,0.61976325,0.48131476,0.52552704,0.44697367,0.38180197,0.47543619,0.52052589,0.53933024,0.44777915,0.62691452,0.47696546,0.52810797,0.67902129,0.63594444,0.53030658,0.53794051,0.54750731,0.58710449,0.47065390,0.47786384,0.45569644,0.55706966,0.52806020,0.53635246,0.48728216,0.63088132,0.45328166,0.59910025,0.51657021,0.53208462,0.56280137,0.62971610,0.40802897,0.56167771,0.57079444,0.50838442,0.60912424,0.51532235,0.50589468,0.49768311,0.51585068,0.44365027,0.60837480,0.53490402,0.47170051,0.46132412,0.61919334,0.55650825,0.49879508,0.00000000,0.53425823,0.59074241,0.43551457,0.47820438,0.63120417,0.56696577,0.47289054,0.52085667,0.44874080,0.57977126,0.54634425,0.54498337,0.52157821,0.50456354,0.48604631,0.49865983,0.48331621,0.49340587,0.56252847,0.49362212,0.57695387,0.50251915,0.51179408,0.40635261,0.46727555,0.53022640,0.55582954,0.49758708,0.66058571,0.51335059,0.60414307,0.45179747,0.48946727,0.53616298,0.52924054,0.50549521,0.54351257,0.54263370,0.48727895,0.50551051,0.53262014,0.55924184,0.46241897,0.57532904,0.56291833,0.53233263,0.57152251,0.59074241,0.49407937,0.51966222,0.47501352,0.42274755,0.45140506,0.58656913,0.43491961,0.55552078,0.54726505,0.61205446,0.55428420,0.56751300,0.46210405,0.50706832,0.47514154,0.48331601,0.49812468
96995,0.52278223,0.46756952,0.51815256,0.37503775,0.56851645,0.50470308,0.49861531,0.47513303,0.46670660,0.46485921,0.43138938,0.44561778,0.46405964,0.49730223,0.40656115,0.40092647,0.59871600,0.48333273,0.46937813,0.49607107,0.48062263,0.56526425,0.52474541,0.61078071,0.40232092,0.53102155,0.46895075,0.50146424,0.36114470,0.61777447,0.53287966,0.54058932,0.55591974,0.51716193,0.51622732,0.40719952,0.57027792,0.54661860,0.47506560,0.54021152,0.30124139,0.57649873,0.50387120,0.35244184,0.43700848,0.45799185,0.47434270,0.49171171,0.47676477,0.47977418,0.46073645,0.50987857,0.36030029,0.44904426,0.49590060,0.48448242,0.36650312,0.42317204,0.49075772,0.51465215,0.59119583,0.49673504,0.37445867,0.49918938,0.50891985,0.54319677,0.54597445,0.33020267,0.54031573,0.39857078,0.53686308,0.49245825,0.53109969,0.63447458,0.48958405,0.55370729,0.49151084,0.51541302,0.49332403,0.54943055,0.42885806,0.47312376,0.44841388,0.48627500,0.50484166,0.32237849,0.50242938,0.45947128,0.48698138,0.56055635,0.62515589,0.60802327,0.51654880,0.40391426,0.50728927,0.36747498,0.62808939,0.46539407,0.56315894,0.61792899,0.55283246,0.38569940,0.46952971,0.57672341,0.41764150,0.47913083,0.50744016,0.46563869,0.49064325,0.37415085,0.58783681,0.42428955,0.54033566,0.58477714,0.41724417,0.62054391,0.59798579,0.48463241,0.34303939,0.47576157,0.41307518,0.49967340,0.49071166,0.41386562,0.40513070,0.42271620,0.46898573,0.41029616,0.56754429,0.34559088,0.49501885,0.51039678,0.54214119,0.50152028,0.59001833,0.56572076,0.50365255,0.62204985,0.42327278,0.57856851,0.62133244,0.69423370,0.46366581,0.51934578,0.53580696,0.58477714,0.37635584,0.46983351,0.49688731,0.49232250,0.53416563,0.49166673,0.53927773,0.57583569,0.62010029,0.50010567,0.56071344,0.39283787,0.45314545,0.46130874,0.54492584,0.32782108,0.55324118,0.57757459,0.61280118,0.60788933,0.50058819,0.53733158,0.56135197,0.58493625,0.41149167,0.57517881,0.56091887,0.49437234,0.54182338,0.56835718,0.50432772,0.55929352,0.59418916,0.50546484,0.50199184,0.54312545,0.53208919,0.52115284,0.56971055,0.35713071,0.53880278,0.50367089,0.46804115,0.45393393,0.51841612,0.55981261,0.40971917,0.65551422,0.49314035,0.49439042,0.49513391,0.46375849,0.59581674,0.37334238,0.41389568,0.29107664,0.44657265,0.47563097,0.39274845,0.44796922,0.52477594,0.53264897,0.62221058,0.74019965,0.54692878,0.28212142,0.49781892,0.32730638,0.52913992,0.36579913,0.54841104,0.46381782,0.62072963,0.58497171,0.55866808,0.49861531,0.52139234,0.46032504,0.53439130,0.45374609,0.43698454,0.53425823,0.00000000,0.54001751,0.54946201,0.56065185,0.57428302,0.50077402,0.54672634,0.40252814,0.46715737,0.52062740,0.46664427,0.58018748,0.49238260,0.47794564,0.57129287,0.51185495,0.54563814,0.51909957,0.58493625,0.48986350,0.58771149,0.53146185,0.49314413,0.56734844,0.49014906,0.53380677,0.52233332,0.52399447,0.57255392,0.39771977,0.47564424,0.57304395,0.53901310,0.67151880,0.53916318,0.54595231,0.53770041,0.50442902,0.51977323,0.39774052,0.58025796,0.55490073,0.50234611,0.51099754,0.57878798,0.45203715,0.54056487,0.54001751,0.52029841,0.58890785,0.58688198,0.40760568,0.48002692,0.39422669,0.54349108,0.55986048,0.47989087,0.51998186,0.39828712,0.42499271,0.60110552,0.59581298,0.52844576,0.52376024,0.57385060
97431,0.69866057,0.70285124,0.77060948,0.60695664,0.77055069,0.72769403,0.71138145,0.58498955,0.65247101,0.63847138,0.62161413,0.64997732,0.56754327,0.52446822,0.65305756,0.67707016,0.59234695,0.60722776,0.73453255,0.60200776,0.60906364,0.65654963,0.63109186,0.66258152,0.67574331,0.63937302,0.65745356,0.79082570,0.58807843,0.80246179,0.61589472,0.70214524,0.62337107,0.68698789,0.66163809,0.63281801,0.68305321,0.70758263,0.63113115,0.55815393,0.49202039,0.60638700,0.68165296,0.60000578,0.64877571,0.48679120,0.59758626,0.61747597,0.70487534,0.71467118,0.70646239,0.53284663,0.50222295,0.76073842,0.60226065,0.56473769,0.64038486,0.57033125,0.59235230,0.62964601,0.70203716,0.63825301,0.52547961,0.60429312,0.60094861,0.63933094,0.71522601,0.55411290,0.70504561,0.61964285,0.64259881,0.62180065,0.74102245,0.74589243,0.56785890,0.66114581,0.61811966,0.70424633,0.56340899,0.71958305,0.68650511,0.57680403,0.55115564,0.69096806,0.74799448,0.57113251,0.68779451,0.61663270,0.61972747,0.67308529,0.69841542,0.58913779,0.69163983,0.50359732,0.48691291,0.41635409,0.71542477,0.61122781,0.71361060,0.63190766,0.54482855,0.54804488,0.64865563,0.67899440,0.65305071,0.55649949,0.55502921,0.66931461,0.59464017,0.44212272,0.64118014,0.57212291,0.67646750,0.69390268,0.58825224,0.71484917,0.61235643,0.68909096,0.50840433,0.49441398,0.48406020,0.67637387,0.67501410,0.47338231,0.56197563,0.58392712,0.54868762,0.52814908,0.55396690,0.45119105,0.65128519,0.74784309,0.67140967,0.57352049,0.67859493,0.58081847,0.57994578,0.60367749,0.47111282,0.69288704,0.75381702,0.70850085,0.71488544,0.64060050,0.61366314,0.69390268,0.51675374,0.54751673,0.59789290,0.70485293,0.59168210,0.54909721,0.58706192,0.68605169,0.69321106,0.65640155,0.58799006,0.58713947,0.60919179,0.68101816,0.58124764,0.57124198,0.64577949,0.71053452,0.72309015,0.74796008,0.63984325,0.71542704,0.72971737,0.80818541,0.58976374,0.62696682,0.58734866,0.65588215,0.66229313,0.59473897,0.56382106,0.63865438,0.69385216,0.70289719,0.76314181,0.59707849,0.58180277,0.70739370,0.69732555,0.61757151,0.71582768,0.79208776,0.70399485,0.54792270,0.57662443,0.68063927,0.49279338,0.65157558,0.48819815,0.55054997,0.65846528,0.52394421,0.58256331,0.50978405,0.66925445,0.55109405,0.61264769,0.60393723,0.44552294,0.44360655,0.63197694,0.59715536,0.56667034,0.61767191,0.52395931,0.56379863,0.64622020,0.61473392,0.70932842,0.59214639,0.55325306,0.68309661,0.53909697,0.54140347,0.55875684,0.71138145,0.69743129,0.51556373,0.70739601,0.54885478,0.64330456,0.59074241,0.54001751,0.00000000,0.67069885,0.61143512,0.60314867,0.65889875,0.63918271,0.58834515,0.49203716,0.58806063,0.48087290,0.66221777,0.72909719,0.64160495,0.68990871,0.64079964,0.63938182,0.58248224,0.80818541,0.44763051,0.50526128,0.58418324,0.67943574,0.68498963,0.53994400,0.58681130,0.60354071,0.71056232,0.78682495,0.64251359,0.61908992,0.68823008,0.59483879,0.75694228,0.68397333,0.69290237,0.63537607,0.64114553,0.67765036,0.47075122,0.66330895,0.61973814,0.65019787,0.70847047,0.77733512,0.62334689,0.45608592,0.00000000,0.49032218,0.74664993,0.55326004,0.52366522,0.62194503,0.59020651,0.63906341,0.71843354,0.62786484,0.56895705,0.57923865,0.60441589,0.69448831,0.77464852,0.76615319,0.67946390,0.65234538
97466,0.47504194,0.54430558,0.56567210,0.58744720,0.57701619,0.50712892,0.48095035,0.53473004,0.57112322,0.55102682,0.53117438,0.46755560,0.36125664,0.53195991,0.49293484,0.47273265,0.65394214,0.66082897,0.56929052,0.52019914,0.43508357,0.66290454,0.51590668,0.76800850,0.47084771,0.54571093,0.58280878,0.54265939,0.52792125,0.53028472,0.59390893,0.44705302,0.41435608,0.54833001,0.51596064,0.43108732,0.66919716,0.48523619,0.65081986,0.47811745,0.45742893,0.61991929,0.48846521,0.41808457,0.46785451,0.43098380,0.48584022,0.56507431,0.53877599,0.53295427,0.46203693,0.51267317,0.55970334,0.46177835,0.52023258,0.47904923,0.53955932,0.53794262,0.46843377,0.52572208,0.55221368,0.52022053,0.44098679,0.47902910,0.57766033,0.39201792,0.39556874,0.43866265,0.62836819,0.61352308,0.52464295,0.53024685,0.49408210,0.65973287,0.47772966,0.56294627,0.61659230,0.41838011,0.64424689,0.40534831,0.51688286,0.56195860,0.49603603,0.28515121,0.52866006,0.48865551,0.58589783,0.50520514,0.49545895,0.45833582,0.52446538,0.47310527,0.46800245,0.56317042,0.60087880,0.47416980,0.58392518,0.40548123,0.40376028,0.47360571,0.59073902,0.45716531,0.39213148,0.37771922,0.54076268,0.46360306,0.47566018,0.43948001,0.50487180,0.51131280,0.55262749,0.59070825,0.60337170,0.65179499,0.47845937,0.60714901,0.61021868,0.46745147,0.52620530,0.36885764,0.47596835,0.38860525,0.52650931,0.56449845,0.51944535,0.45612727,0.58798397,0.42523372,0.53381466,0.49568314,0.49370341,0.59160856,0.61039812,0.39714713,0.45477529,0.40960485,0.54584136,0.54734054,0.56561372,0.48824807,0.52535806,0.57176659,0.46283287,0.53268192,0.46315241,0.65179499,0.46274035,0.65329063,0.40819472,0.44070303,0.43526359,0.48411137,0.60255006,0.43617172,0.46322126,0.50047488,0.40497013,0.51970593,0.61067814,0.38985653,0.58042343,0.48765379,0.49533739,0.53387143,0.62560823,0.53331926,0.37154148,0.47521340,0.59206851,0.52485976,0.54228606,0.46439704,0.41741183,0.50247892,0.41566207,0.58514673,0.47027399,0.56834321,0.59963942,0.47758988,0.43728296,0.49236480,0.52047092,0.45893144,0.51551916,0.61484676,0.48824349,0.56119254,0.40900111,0.50472689,0.73512246,0.67692016,0.56071510,0.62688420,0.67399952,0.66049673,0.42436113,0.44637866,0.55305368,0.45506610,0.49207922,0.58600090,0.42128031,0.66081272,0.45486956,0.60326230,0.52924088,0.56619148,0.57874355,0.65872274,0.46272824,0.56541531,0.43902164,0.49652639,0.49055914,0.52725894,0.57295911,0.49849750,0.52453012,0.48234889,0.60422305,0.48095035,0.44860088,0.50178713,0.52361167,0.54166401,0.56396406,0.43551457,0.54946201,0.67069885,0.00000000,0.35562095,0.62849352,0.50960881,0.50531556,0.54797652,0.39089866,0.46659154,0.49183364,0.51583643,0.45449130,0.47223095,0.54710111,0.44280357,0.37575590,0.50241457,0.52485976,0.51091238,0.70473085,0.53208075,0.46464921,0.42643335,0.35390818,0.56850442,0.53102221,0.44024215,0.65739146,0.42462224,0.59624826,0.42829039,0.46560889,0.55367065,0.55433448,0.36257693,0.41206103,0.45382861,0.41316485,0.45970715,0.55507172,0.49608696,0.49931102,0.55422064,0.51509625,0.50197647,0.69039811,0.67069885,0.57755033,0.48592480,0.56448243,0.46140842,0.41233607,0.54658457,0.38378353,0.49530683,0.52188775,0.65097638,0.60391343,0.60112603,0.52199501,0.48665400,0.44775886,0.41540300,0.43286189
98618,0.55746072,0.58216866,0.60823938,0.57504498,0.57498531,0.53137706,0.52910713,0.45535488,0.59900151,0.57959947,0.55571597,0.51211952,0.42117041,0.50443076,0.49305268,0.47110744,0.71123864,0.60560685,0.63243390,0.56323047,0.43777566,0.65093077,0.51879183,0.61656382,0.47699565,0.57575818,0.56316163,0.53877118,0.59041897,0.55321383,0.56444229,0.39668927,0.39708432,0.63368083,0.53205279,0.45536277,0.64731031,0.55946044,0.69156555,0.62536693,0.51908150,0.67593935,0.51113738,0.48421415,0.49707398,0.42995427,0.59851893,0.56352198,0.57192983,0.57944201,0.49323692,0.48294973,0.63546233,0.50431475,0.56241751,0.56404719,0.57906450,0.46703442,0.43037851,0.52617863,0.58011399,0.56156066,0.48819997,0.42806066,0.69582400,0.33480480,0.33449398,0.38938733,0.67235891,0.62428946,0.52583399,0.55081277,0.50165239,0.65810782,0.55703455,0.60768561,0.64809571,0.45886892,0.71167381,0.42503091,0.59344872,0.63814501,0.51371587,0.44728935,0.59709601,0.55516633,0.60423606,0.48670932,0.56646436,0.49516608,0.58071654,0.57997501,0.50606192,0.47744946,0.66030908,0.50630352,0.59428774,0.41658197,0.46577131,0.52730420,0.55772814,0.49732115,0.37080835,0.31998211,0.57995158,0.42244077,0.45358033,0.41955621,0.51227727,0.56406054,0.61571431,0.55588288,0.62794291,0.61680272,0.53095536,0.65780515,0.42273557,0.50378707,0.49667824,0.52907581,0.49780176,0.43868922,0.54053195,0.62287064,0.45275574,0.41181057,0.61738817,0.47438500,0.60493414,0.53571622,0.52487691,0.61116401,0.57432462,0.40244716,0.38652532,0.48628208,0.59128563,0.58074899,0.56778199,0.44087827,0.47504557,0.62366598,0.51277303,0.62811128,0.55095528,0.61680272,0.46594873,0.53595656,0.43244875,0.51897739,0.47730004,0.55439408,0.58692767,0.45151219,0.54316200,0.53573370,0.48386199,0.46873656,0.57934432,0.42865903,0.55642881,0.48112715,0.53253252,0.51473481,0.62695363,0.49505312,0.40188653,0.43994456,0.53035881,0.55726802,0.57675880,0.50185180,0.48579660,0.41709622,0.43599239,0.57706212,0.44653205,0.56489071,0.71706517,0.47507016,0.52378841,0.52633701,0.52485474,0.53138733,0.56938387,0.62611830,0.49517294,0.58990475,0.43792490,0.39901816,0.59038773,0.56124777,0.57589299,0.57212540,0.56611633,0.59355377,0.44581074,0.50718290,0.57509015,0.50453345,0.52309522,0.55306896,0.51906144,0.60871568,0.51728756,0.58943371,0.46394340,0.52973534,0.50577384,0.69354229,0.42985778,0.59559255,0.53656831,0.53604842,0.59815609,0.50623395,0.55685510,0.53592379,0.59437495,0.47860453,0.47374978,0.52910713,0.47276468,0.54969202,0.52510728,0.51959277,0.60469436,0.47820438,0.56065185,0.61143512,0.35562095,0.00000000,0.60185173,0.55270257,0.53319840,0.58990159,0.53088446,0.61877602,0.56201810,0.43610365,0.48242998,0.48436723,0.50849798,0.45531901,0.31673029,0.45534306,0.55726802,0.56788657,0.63951083,0.48396823,0.53165912,0.39041695,0.42141394,0.53120475,0.47905446,0.48102178,0.69493412,0.38499799,0.60008960,0.46807887,0.49944930,0.55872451,0.53838317,0.32928214,0.32580898,0.44404884,0.42912878,0.54122538,0.60859886,0.40191229,0.49384891,0.59822618,0.55463198,0.51315872,0.56774064,0.61143512,0.47377436,0.42561526,0.50093743,0.46626759,0.45530135,0.55486211,0.36811319,0.48209104,0.59649196,0.71449921,0.63365899,0.62073992,0.45287787,0.48139473,0.52164431,0.43737402,0.49037516
98671,0.66106305,0.59096231,0.65534851,0.58607416,0.66185013,0.61823545,0.50363521,0.57466738,0.61856193,0.66933771,0.59122162,0.66188132,0.54611770,0.45378878,0.50702108,0.51203565,0.57856113,0.53228022,0.63223480,0.49630803,0.50488615,0.53527678,0.57844919,0.69183832,0.51522983,0.53290919,0.51846251,0.63962989,0.59739167,0.62934565,0.60931570,0.58007191,0.58696918,0.64950258,0.62089688,0.60196373,0.67052020,0.64732252,0.66153886,0.66807169,0.52909363,0.57689985,0.57820099,0.49590963,0.56173526,0.46442366,0.67950383,0.42932725,0.57213458,0.61397288,0.64597801,0.33983892,0.62536406,0.58045009,0.49633214,0.54200896,0.73847884,0.48969425,0.37076126,0.57002678,0.50029283,0.66884813,0.59659485,0.57500496,0.68381229,0.63183622,0.68673042,0.43422109,0.66360266,0.73166596,0.66413819,0.51957442,0.59652829,0.64103957,0.58070837,0.67119751,0.63367737,0.59738004,0.65573797,0.64065362,0.58859834,0.67576943,0.38105016,0.62318575,0.66963816,0.62129549,0.65791419,0.64462719,0.60773792,0.52818201,0.61992498,0.70151826,0.63177754,0.54519760,0.61230814,0.42054426,0.61487844,0.62102186,0.64394203,0.59767189,0.49717890,0.61016746,0.62179228,0.61655252,0.64209231,0.46720081,0.49847788,0.56583244,0.49970836,0.54670860,0.65645964,0.39871991,0.58766410,0.62298476,0.53864167,0.77320713,0.62674753,0.62061093,0.52259412,0.58458669,0.40018556,0.59361261,0.54611684,0.52743793,0.48402707,0.47464701,0.44808242,0.54856100,0.47402064,0.51175114,0.49227786,0.60696845,0.57159988,0.57371719,0.53652859,0.67122086,0.67926789,0.60911566,0.60321532,0.63042234,0.68667951,0.52888949,0.64673115,0.69331589,0.60786294,0.62298476,0.58329108,0.60002638,0.66378422,0.54688849,0.62978350,0.59184435,0.46953467,0.61110313,0.69366108,0.49646858,0.66785142,0.52072741,0.59549892,0.63609438,0.59505353,0.51948397,0.53512542,0.58823838,0.62961343,0.59967909,0.55861853,0.61960974,0.64439899,0.68420262,0.52423651,0.51673443,0.67665745,0.52402538,0.61830280,0.61262451,0.49655528,0.63330143,0.70786502,0.64509752,0.69281005,0.53228656,0.53939854,0.66383198,0.67834731,0.63401043,0.57823580,0.62870153,0.66017233,0.49192942,0.67380455,0.70475649,0.61536615,0.54989622,0.65006088,0.68480031,0.56280958,0.43375526,0.58936476,0.48281713,0.60747859,0.59994511,0.66584203,0.53172703,0.51821742,0.41536522,0.38407028,0.37390919,0.59532596,0.52262855,0.55062872,0.61599023,0.66127635,0.64131047,0.67082433,0.50924393,0.40666396,0.59262947,0.40348525,0.42575914,0.59210160,0.50363521,0.55289315,0.64812317,0.72727824,0.36905767,0.63761399,0.63120417,0.57428302,0.60314867,0.62849352,0.60185173,0.00000000,0.50440519,0.52805131,0.64917603,0.58190356,0.71198159,0.57049935,0.72092281,0.57903453,0.57387739,0.56706091,0.55630039,0.56833341,0.54559964,0.68420262,0.64736395,0.67548537,0.54550262,0.59190543,0.58042476,0.57640947,0.37607798,0.42253788,0.61436395,0.70454164,0.49062113,0.51799636,0.60189341,0.48665414,0.68542921,0.61366378,0.63893841,0.57776580,0.51903155,0.63490712,0.51721836,0.65002014,0.61346900,0.51670276,0.58511582,0.63861259,0.45913841,0.66391975,0.60314867,0.61517355,0.68163189,0.61237124,0.61726763,0.54628153,0.47336891,0.60531611,0.64994190,0.61253089,0.64663965,0.60529661,0.56172978,0.59405159,0.67307365,0.59630385,0.63259507,0.59895440
98735,0.46767654,0.42768339,0.48499611,0.54588761,0.53590212,0.43459927,0.46030512,0.46757456,0.55120171,0.54426345,0.51390430,0.52933264,0.44480016,0.51923982,0.42271419,0.37958847,0.64636497,0.58345327,0.52697543,0.42585496,0.41089940,0.53954182,0.43453994,0.66646968,0.38542823,0.58931108,0.42242441,0.46067773,0.47852200,0.63882259,0.58762678,0.49293382,0.56540708,0.49843571,0.53658279,0.48149837,0.60491578,0.55609634,0.56852042,0.56234973,0.48346382,0.58112271,0.46197004,0.41938639,0.40968365,0.47099754,0.60471698,0.49494638,0.46273639,0.42501377,0.47396186,0.47386175,0.52268012,0.38574835,0.42587960,0.48999227,0.63140373,0.48856245,0.37960131,0.46720013,0.36214657,0.60686679,0.54106282,0.53511534,0.62172692,0.54511393,0.60418951,0.45509420,0.57663969,0.60073861,0.54074844,0.41575583,0.39754940,0.55153195,0.54325749,0.62404282,0.56474019,0.50267935,0.58884517,0.54343951,0.49341912,0.60525479,0.44916850,0.48979598,0.53502896,0.51240548,0.51284923,0.49477075,0.55174905,0.47683487,0.54768956,0.62480482,0.47865146,0.50608442,0.59093715,0.46188616,0.50475387,0.52224476,0.55836406,0.59820349,0.58180337,0.54539845,0.50388861,0.55530362,0.52519329,0.50554054,0.52088265,0.45130270,0.47905992,0.54995697,0.58216542,0.47748929,0.49029792,0.58910121,0.43524960,0.51742044,0.63154710,0.51218448,0.52590907,0.50049323,0.41511801,0.54853718,0.49261637,0.54729818,0.49362620,0.46545789,0.48040698,0.53099364,0.51062227,0.54795958,0.34972029,0.39713648,0.50406044,0.53197705,0.47296286,0.59580442,0.56606491,0.45921943,0.55876266,0.56138147,0.63176354,0.52084251,0.43955324,0.52570291,0.52907705,0.58910121,0.49485181,0.57819809,0.56734359,0.41349344,0.56543574,0.54230807,0.58937904,0.53629501,0.56398056,0.36746913,0.59291258,0.50929233,0.54393635,0.45660352,0.64926095,0.41345814,0.51165991,0.52048559,0.55744387,0.50272823,0.52465796,0.50867148,0.55376576,0.55294109,0.46121006,0.52963589,0.59549300,0.50485823,0.52443634,0.56560975,0.51434011,0.54427781,0.61617448,0.48341226,0.63089228,0.45933737,0.52917480,0.46987571,0.52126787,0.57319189,0.54537705,0.45609962,0.44633386,0.51548740,0.63157136,0.60396028,0.58357103,0.57121054,0.58654670,0.59407034,0.50585271,0.42262415,0.56080242,0.46318292,0.36119872,0.55906512,0.53688948,0.58441021,0.44278905,0.54315070,0.44983649,0.43105842,0.66373831,0.59796928,0.55032618,0.54452664,0.56661974,0.55953541,0.52560573,0.54313367,0.53341881,0.50963593,0.50355276,0.46716854,0.61006453,0.46030512,0.38839820,0.57643599,0.64081914,0.45883334,0.55872239,0.56696577,0.50077402,0.65889875,0.50960881,0.55270257,0.50440519,0.00000000,0.50811484,0.52398993,0.47653622,0.61134127,0.51701689,0.64093769,0.40097424,0.41403729,0.52918990,0.47377501,0.51256647,0.52644554,0.55294109,0.54567330,0.60506608,0.51740888,0.44753459,0.50259089,0.52951133,0.43630934,0.45807572,0.50119559,0.56317606,0.40630820,0.45439140,0.58017865,0.45460011,0.61690740,0.52339151,0.55321854,0.54257577,0.46583362,0.53896089,0.54402917,0.53284167,0.62488174,0.46850207,0.44886744,0.44581463,0.39502890,0.63892508,0.65889875,0.58144321,0.60479925,0.59524539,0.52019022,0.44379442,0.44961616,0.53961218,0.56857049,0.51428929,0.58689000,0.54635646,0.47983168,0.60323304,0.60449851,0.44803906,0.53688561,0.54154187
98931,0.44120069,0.39725776,0.44716700,0.47662711,0.42582727,0.37539591,0.40336807,0.49302127,0.49144801,0.57069479,0.49300501,0.42751767,0.39170399,0.43701730,0.32079406,0.33317508,0.66593006,0.55998649,0.46273957,0.35753155,0.29171720,0.42347794,0.31394092,0.61390952,0.33825245,0.53552905,0.43585573,0.42339695,0.49801124,0.52640343,0.50178054,0.39105527,0.41407239,0.46356135,0.41106263,0.42034847,0.61803546,0.44564953,0.59598093,0.48218110,0.42855369,0.57947267,0.40337197,0.44090045,0.37528409,0.44573911,0.59229092,0.50751777,0.39561320,0.43553276,0.38831766,0.38896534,0.51578931,0.39456618,0.36246343,0.42321832,0.62347989,0.49530700,0.40129735,0.30555941,0.45712470,0.64601370,0.52673667,0.46007965,0.64399021,0.60494221,0.56335549,0.44929624,0.46380906,0.66190398,0.41797353,0.43510913,0.48166362,0.34394718,0.50253143,0.63158454,0.49936117,0.39818455,0.55552513,0.49986328,0.46064974,0.60858952,0.40254196,0.54855799,0.50378475,0.49672127,0.53363586,0.41778277,0.55036755,0.40568758,0.25543537,0.52051760,0.35549334,0.43576040,0.56114007,0.45997078,0.32710445,0.42283707,0.43639474,0.52262704,0.53868392,0.53469991,0.42550002,0.50370560,0.48331194,0.47803684,0.55549226,0.40051753,0.19363995,0.50418852,0.40854827,0.50060514,0.35882976,0.43206328,0.40863884,0.56436692,0.59393325,0.41027853,0.49715552,0.48604029,0.37081255,0.37861638,0.20706721,0.51870152,0.49047480,0.48563128,0.55217290,0.39451301,0.57746847,0.49982951,0.29778532,0.42447045,0.42466256,0.44519469,0.40370724,0.44861739,0.52551124,0.41624684,0.45440387,0.41852008,0.47229526,0.50990445,0.41551512,0.52456991,0.37303095,0.43206328,0.40805758,0.49086170,0.49254520,0.26185989,0.47024512,0.50653547,0.50294759,0.23648749,0.50896732,0.28576264,0.44804231,0.45572665,0.53136328,0.37719505,0.58144280,0.39060292,0.01102076,0.30962312,0.45271452,0.38077068,0.39883210,0.33842274,0.38948631,0.42821155,0.29571772,0.33006060,0.45042282,0.34925212,0.33814547,0.37984971,0.55598413,0.35866134,0.58695814,0.40407609,0.52225638,0.27089964,0.33579174,0.39478696,0.39001061,0.55499781,0.36653684,0.42020496,0.44083565,0.49020960,0.63417786,0.54956523,0.51860123,0.47967150,0.59626272,0.53150955,0.36562577,0.41313415,0.28949573,0.50991764,0.44151092,0.43486812,0.50736832,0.55576791,0.43807575,0.54087019,0.34578255,0.35474728,0.54205724,0.59993907,0.52219220,0.53242234,0.52431653,0.50901946,0.51498737,0.43192434,0.26917460,0.40417660,0.49619085,0.42626591,0.55658142,0.40336807,0.36976810,0.49195576,0.54816378,0.46393882,0.48943397,0.47289054,0.54672634,0.63918271,0.50531556,0.53319840,0.52805131,0.50811484,0.00000000,0.54540288,0.39580133,0.58092858,0.37995945,0.56155141,0.38522228,0.39935411,0.28255779,0.37513695,0.46602693,0.45711501,0.42821155,0.49641839,0.59800435,0.41353949,0.33521202,0.33949000,0.47928650,0.35804425,0.38722510,0.34075624,0.41172433,0.41636549,0.41940909,0.52036971,0.49427636,0.47363429,0.33437369,0.49185393,0.54323237,0.35591567,0.42725604,0.47445378,0.38055116,0.63468705,0.39414957,0.17831426,0.40618167,0.33579820,0.58960864,0.63918271,0.52766394,0.48764515,0.53471367,0.42665648,0.27257459,0.40584284,0.40612559,0.44753836,0.47484481,0.55856341,0.48919795,0.47878608,0.36943196,0.41721629,0.42213915,0.41872874,0.43559743
99195,0.40795725,0.43049856,0.52213670,0.37209220,0.61275774,0.43953221,0.38434999,0.40141899,0.37290224,0.37950249,0.39012162,0.41361991,0.40597300,0.52050789,0.44291712,0.38339630,0.65714760,0.58657268,0.38555952,0.50653246,0.49130587,0.64301477,0.48630623,0.64588808,0.38597285,0.50791318,0.43926037,0.53671793,0.41011589,0.63657335,0.50373696,0.50814826,0.52109948,0.44119016,0.44014770,0.43823990,0.41012013,0.40603593,0.42742903,0.42735677,0.38658063,0.62820231,0.47668658,0.43833692,0.39900463,0.45252259,0.55967996,0.58820837,0.45491804,0.42853058,0.41913321,0.52621182,0.44225610,0.38575101,0.50907557,0.44724277,0.44199663,0.48171231,0.57418367,0.49550042,0.60291360,0.55074674,0.43923585,0.58322499,0.49584446,0.55790427,0.58154567,0.36896041,0.52338261,0.48390371,0.43851428,0.43404019,0.47112830,0.63876083,0.43161029,0.52338538,0.54323777,0.46646367,0.42443660,0.50895857,0.41640864,0.49820001,0.51275293,0.44051956,0.48536862,0.46172151,0.52849281,0.38770948,0.51615152,0.57298609,0.55504602,0.45545527,0.42800139,0.42727945,0.46583084,0.41806019,0.54967162,0.50060973,0.52711342,0.62721551,0.57774751,0.44827807,0.43275993,0.56646825,0.33969064,0.54887550,0.56208303,0.43065377,0.52559898,0.44036681,0.51438987,0.57860059,0.50755967,0.64692615,0.38886902,0.54948881,0.57181387,0.43034648,0.36987499,0.51647258,0.47339914,0.49098263,0.52240854,0.51123935,0.46863815,0.47170964,0.56066318,0.40984681,0.56213312,0.44473127,0.51126715,0.49796385,0.60898346,0.52790287,0.56180872,0.54192775,0.35817666,0.53012736,0.49568873,0.56012669,0.59329876,0.66634951,0.42759917,0.40790391,0.49083027,0.64692615,0.39077198,0.51714565,0.51607380,0.46536253,0.51900403,0.42218955,0.60394916,0.51921190,0.63082602,0.52050502,0.53469138,0.55739623,0.48725617,0.36052009,0.55727915,0.38380004,0.55254713,0.59429244,0.64295662,0.62745529,0.53944719,0.56690690,0.63118029,0.64422131,0.43436596,0.56034519,0.53827582,0.56898433,0.52857861,0.49410191,0.57496333,0.51894485,0.43218723,0.40478437,0.53337209,0.51141920,0.47888197,0.42609519,0.49938137,0.47189957,0.57478276,0.51896820,0.40007561,0.55379964,0.51781434,0.55343111,0.46714640,0.67353834,0.46573071,0.45634569,0.52949049,0.46970295,0.55250360,0.45489000,0.36637851,0.42845954,0.43879513,0.57315999,0.39441267,0.55344102,0.62078798,0.59210287,0.63479318,0.65553686,0.51982450,0.45081370,0.49237307,0.38647721,0.47728909,0.57892922,0.57836564,0.39271672,0.62275978,0.58037859,0.60469548,0.38434999,0.52925143,0.37134969,0.56692576,0.57093086,0.34725654,0.52085667,0.40252814,0.58834515,0.54797652,0.58990159,0.64917603,0.52398993,0.54540288,0.00000000,0.34909383,0.41496744,0.47085785,0.58217863,0.50127414,0.44599560,0.58703329,0.54403111,0.53303410,0.42344357,0.64422131,0.43874080,0.60447091,0.42464211,0.45248114,0.57481288,0.42741409,0.57833324,0.58632657,0.47786544,0.50392637,0.39879672,0.56343488,0.58898115,0.53481703,0.63329766,0.53839164,0.57245802,0.57630306,0.55015172,0.48296490,0.39104615,0.51569777,0.65193140,0.46303213,0.50532554,0.55482246,0.46195097,0.48888708,0.58834515,0.47913897,0.57742318,0.57345994,0.37894562,0.43376663,0.46776903,0.52558418,0.52934521,0.46757769,0.44438102,0.40467860,0.41630896,0.59475019,0.60928528,0.47010811,0.48291180,0.52795776
B0009,0.33085885,0.41446938,0.46069314,0.39815623,0.53422773,0.38403352,0.44119088,0.44304666,0.48083104,0.42892065,0.42713132,0.38443551,0.24601103,0.46208049,0.38488350,0.35803607,0.53789741,0.56042197,0.44983586,0.37717347,0.36312522,0.54028444,0.39523553,0.65672943,0.36005372,0.54253807,0.43112346,0.45483572,0.36632207,0.64216798,0.54533261,0.47195718,0.48602233,0.40893523,0.44264675,0.36666574,0.53958565,0.42129406,0.45460917,0.27519123,0.35392391,0.52222763,0.40476034,0.43873046,0.31826781,0.34718954,0.43608223,0.49529572,0.42895845,0.45532613,0.34610017,0.41927084,0.41206685,0.36912417,0.38143189,0.30220214,0.44446996,0.53845788,0.45926814,0.41106886,0.53831163,0.58104974,0.43996611,0.49551220,0.54647932,0.49461013,0.56895709,0.41019959,0.48394162,0.53747091,0.43518787,0.40717742,0.42498383,0.51435396,0.33234494,0.56596024,0.45530120,0.45905137,0.43319553,0.55406964,0.39012289,0.47810338,0.40650803,0.42739650,0.48547660,0.42023938,0.48771942,0.39723638,0.50920236,0.43275648,0.40265992,0.35222051,0.36871077,0.39632320,0.39251123,0.38520207,0.44086394,0.39382465,0.53695221,0.48642853,0.55361980,0.45638549,0.38059179,0.51779320,0.38117497,0.50660982,0.50093967,0.43661903,0.40917770,0.43172113,0.42546187,0.53076396,0.41086814,0.57980368,0.31879886,0.48360848,0.60368333,0.41605276,0.44094543,0.36585525,0.38760506,0.39491767,0.38605578,0.43136742,0.52899123,0.45262384,0.46246010,0.38979584,0.47197279,0.40199548,0.40351780,0.47649746,0.50400579,0.43327272,0.49264204,0.38306567,0.40408693,0.39826031,0.41734262,0.47205122,0.53667082,0.53588710,0.37060868,0.40763113,0.33016229,0.57980368,0.34730726,0.52853801,0.45419418,0.38195124,0.44635322,0.31597241,0.50859116,0.37197874,0.51987752,0.41876880,0.37386154,0.50816765,0.55242003,0.33609102,0.54450243,0.39358372,0.40451851,0.49459298,0.55113074,0.53949287,0.48594845,0.45237125,0.54133980,0.50393442,0.40325327,0.42319784,0.38028776,0.49561276,0.45604915,0.39353599,0.50057523,0.46520993,0.45779887,0.39600147,0.51227103,0.33999882,0.41273556,0.38336956,0.38192240,0.52911402,0.45661461,0.46916412,0.39275348,0.52961451,0.55995335,0.53679890,0.40731374,0.52572846,0.54663283,0.53492992,0.48042800,0.43146577,0.37463967,0.39965712,0.37171275,0.48746238,0.45654691,0.54469823,0.29197578,0.52927187,0.51925204,0.52740974,0.54932746,0.52277017,0.45576763,0.46953242,0.46621275,0.45269291,0.37711959,0.49086026,0.46508716,0.38575920,0.44956782,0.43212461,0.59544809,0.44119088,0.39993282,0.38038953,0.53429308,0.48990339,0.41510571,0.44874080,0.46715737,0.49203716,0.39089866,0.53088446,0.58190356,0.47653622,0.39580133,0.34909383,0.00000000,0.29651659,0.31045795,0.52890384,0.40590229,0.38033927,0.45632143,0.45794760,0.47817178,0.41010381,0.50393442,0.33869924,0.54587603,0.39483747,0.38430197,0.43951308,0.33266641,0.52658431,0.48636303,0.37473869,0.51674501,0.43700689,0.51005328,0.48719953,0.45914273,0.52517066,0.45366827,0.52489536,0.53577082,0.50269038,0.40724427,0.30114791,0.42361370,0.56022155,0.45303495,0.42796897,0.47377786,0.38978381,0.54898850,0.49203716,0.47635389,0.52887891,0.53777994,0.38338847,0.36715993,0.42741064,0.46084526,0.51197192,0.41561670,0.45283961,0.44233051,0.47025051,0.47698728,0.47762603,0.38180816,0.40554869,0.40731529
B0010,0.43328292,0.52642674,0.52447255,0.43775825,0.60379757,0.51550491,0.54237534,0.50061266,0.48385123,0.39955784,0.48559489,0.43132390,0.29626846,0.53466311,0.46164152,0.42176708,0.58424598,0.59245900,0.46875470,0.49691646,0.53451921,0.64680547,0.55119036,0.67042560,0.41890871,0.60273481,0.53584428,0.50264414,0.45371138,0.66209518,0.60942177,0.55330070,0.52922001,0.37944015,0.50857420,0.50149353,0.56287959,0.45971554,0.51699248,0.23372278,0.48150371,0.58599378,0.52416756,0.56742024,0.43788307,0.44754748,0.48906884,0.55423205,0.53464943,0.47916384,0.42006014,0.53163983,0.54120064,0.47540783,0.49918269,0.48292217,0.50260245,0.65407441,0.61821121,0.57890521,0.66512510,0.54122422,0.48679653,0.57944015,0.48658524,0.56913704,0.59607400,0.45726084,0.57075045,0.50905328,0.54613652,0.47296494,0.55171988,0.62794313,0.31173798,0.47901875,0.59131149,0.55672082,0.43426096,0.50001255,0.41973724,0.48976804,0.52953069,0.47371332,0.41354881,0.49839442,0.49704434,0.51014746,0.52182257,0.63136826,0.49208154,0.42881649,0.48383695,0.53477857,0.52083203,0.49807191,0.57923539,0.46639169,0.50420281,0.46342881,0.68915243,0.50018691,0.48157059,0.55402538,0.40781270,0.66056108,0.64343000,0.48829057,0.57502703,0.54817537,0.56083196,0.63437966,0.51904116,0.73527693,0.33282537,0.50938870,0.67367579,0.56415819,0.51183010,0.41596705,0.53959667,0.48135545,0.53827147,0.55602065,0.63475698,0.54398236,0.54179460,0.49145320,0.56013697,0.51524642,0.60905806,0.53335699,0.62223270,0.55366458,0.59272162,0.43383570,0.44950664,0.58305696,0.58938875,0.57726966,0.62671714,0.63456171,0.45132260,0.40594918,0.44821372,0.73527693,0.47029232,0.62175951,0.53860717,0.51998595,0.57847116,0.30071989,0.58800085,0.51208830,0.62142368,0.63270153,0.42769502,0.63080668,0.64255348,0.45675567,0.61243543,0.50831064,0.58812274,0.68242384,0.69803273,0.70868868,0.61371355,0.60011026,0.64863565,0.63100467,0.53533221,0.61068047,0.43976171,0.59401207,0.58440222,0.52092985,0.64067725,0.61957493,0.40701385,0.46420069,0.56411359,0.51139587,0.59711619,0.52845249,0.46421014,0.54098574,0.62630476,0.53160377,0.49096616,0.62205578,0.60824001,0.60964006,0.52931071,0.68435589,0.63288913,0.54661268,0.61018576,0.57606365,0.52296599,0.45580356,0.42188381,0.53599081,0.49174130,0.57360333,0.31023726,0.60222790,0.70406380,0.68157149,0.60281194,0.66539569,0.51915300,0.56644735,0.48694704,0.54071746,0.34196614,0.65559404,0.67910862,0.42676310,0.56225590,0.58565576,0.67664287,0.54237534,0.55886627,0.47196900,0.56165132,0.59874945,0.43469550,0.57977126,0.52062740,0.58806063,0.46659154,0.61877602,0.71198159,0.61134127,0.58092858,0.41496744,0.29651659,0.00000000,0.40965193,0.57308057,0.53918687,0.45715812,0.57069816,0.59432907,0.58793672,0.46292483,0.63100467,0.45554398,0.67400698,0.45750718,0.50523606,0.59635056,0.33285537,0.68162715,0.64749074,0.48439634,0.62293638,0.52336901,0.65761098,0.59400837,0.59562261,0.62359252,0.61935362,0.59139718,0.61734401,0.62015887,0.48676460,0.31786084,0.56566244,0.66031114,0.58921561,0.53222202,0.58012404,0.53715474,0.70043840,0.58806063,0.61990173,0.61537757,0.63700152,0.44177916,0.49348853,0.51197694,0.56984260,0.60022812,0.44865821,0.47056401,0.54160242,0.58774219,0.59437113,0.61674709,0.49112426,0.49645446,0.53134799
B0011,0.46258378,0.45931757,0.45488862,0.46048961,0.46662162,0.46933359,0.48686222,0.52628270,0.50254061,0.49970541,0.40315183,0.45257697,0.27176759,0.42288712,0.41579960,0.43615158,0.54303873,0.52352670,0.51618680,0.49092381,0.48071630,0.57750282,0.46582528,0.64453002,0.44088705,0.55230405,0.46056995,0.46858219,0.39144665,0.65137289,0.54018687,0.51064247,0.49086066,0.46031692,0.45558030,0.46542700,0.57115884,0.51344554,0.47722825,0.31467909,0.39200597,0.51533132,0.46453574,0.45187294,0.42819232,0.36171052,0.46192684,0.50640136,0.47465575,0.47009188,0.46640055,0.43320744,0.44401723,0.46270008,0.49397627,0.46150275,0.55696828,0.53146599,0.43229798,0.47436015,0.54512637,0.54696783,0.42520564,0.49464718,0.50469125,0.58177270,0.56508581,0.43284950,0.52209481,0.60603262,0.49786277,0.44585579,0.49849551,0.51655707,0.32469887,0.55632970,0.46546321,0.48931344,0.49900491,0.56540536,0.43428979,0.47409567,0.41113546,0.52089308,0.46369963,0.49141664,0.41947539,0.46478413,0.48494205,0.49643050,0.52071710,0.37820293,0.42912607,0.44166061,0.47956596,0.33403712,0.53487252,0.45507282,0.54884410,0.41786178,0.53296781,0.43770983,0.47895598,0.53186610,0.43382362,0.49152702,0.51109020,0.45071725,0.42222914,0.40284744,0.44639622,0.50998899,0.40720383,0.64620365,0.26990921,0.50051182,0.65399921,0.41869184,0.49256336,0.39789011,0.40034285,0.48090708,0.47613049,0.44153256,0.51433252,0.47969559,0.46114364,0.42710751,0.52044377,0.45844981,0.39747620,0.49769651,0.54220904,0.47739738,0.56744222,0.42182442,0.48577583,0.53496507,0.45889799,0.49406427,0.54273734,0.61560239,0.48412007,0.47612113,0.37528493,0.64620365,0.37616391,0.49923910,0.48897850,0.37747442,0.54436318,0.32136948,0.47920227,0.53031368,0.56315591,0.41514020,0.41155286,0.54636105,0.54742357,0.45012529,0.58642060,0.41462134,0.38973451,0.58599588,0.57878156,0.61604580,0.47450108,0.47270406,0.50734659,0.58486289,0.40996742,0.47350275,0.41518541,0.46371488,0.51825675,0.46289659,0.51010423,0.49407210,0.55655566,0.49756515,0.59082238,0.40196794,0.46224013,0.47113846,0.45325527,0.54909147,0.54991998,0.52347480,0.47383067,0.47972272,0.60620074,0.60960643,0.44100218,0.65265501,0.58010162,0.57124863,0.48935423,0.46725037,0.44947543,0.36792722,0.49286850,0.47746569,0.48508760,0.50685338,0.25003461,0.54387079,0.48473280,0.52283259,0.53963963,0.62866995,0.48444080,0.50881708,0.48565108,0.48335008,0.36171342,0.54070009,0.51006534,0.49332790,0.52710627,0.48693341,0.54699826,0.48686222,0.50522031,0.44152083,0.50745069,0.45010054,0.47201970,0.54634425,0.46664427,0.48087290,0.49183364,0.56201810,0.57049935,0.51701689,0.37995945,0.47085785,0.31045795,0.40965193,0.00000000,0.50848381,0.50527293,0.47263423,0.54819458,0.48132023,0.49020761,0.49348403,0.58486289,0.37055018,0.53095176,0.48002898,0.37791738,0.50965979,0.35422869,0.52284241,0.48394069,0.49785771,0.52619514,0.46290593,0.53373918,0.57784511,0.55740779,0.61802143,0.55597184,0.55978876,0.56716467,0.48717984,0.49830921,0.37514572,0.43728427,0.60006328,0.48110096,0.38353344,0.49718942,0.46138982,0.58216432,0.48087290,0.54706997,0.52463052,0.61073838,0.47649260,0.39396137,0.40764414,0.46764104,0.51338546,0.38855477,0.52187689,0.45606195,0.45491317,0.52952272,0.60009869,0.48321310,0.50021800,0.50622454
B0061,0.55478353,0.60672340,0.65276401,0.56074446,0.49975722,0.52228093,0.62545417,0.53034228,0.58297329,0.56446405,0.57576054,0.48067416,0.40554687,0.62125810,0.53829943,0.55207905,0.79173842,0.71810280,0.66642539,0.62171706,0.49790724,0.66728862,0.54804552,0.73005817,0.56023941,0.66006697,0.60908717,0.58161261,0.56048141,0.62821519,0.65101943,0.53132822,0.55301075,0.66240505,0.50479230,0.46360283,0.62465317,0.54705948,0.68220591,0.59429823,0.56470514,0.77948972,0.51060849,0.57281257,0.52827428,0.48679768,0.54502395,0.67324904,0.60653256,0.58953738,0.56832655,0.54261975,0.65282188,0.53296358,0.62276720,0.56313515,0.61424487,0.60714731,0.56454423,0.56725462,0.68719233,0.64120471,0.54625787,0.60315511,0.69884827,0.56147627,0.57341691,0.54625769,0.65566310,0.66457802,0.55820061,0.59177995,0.53669561,0.67846966,0.53910052,0.67843918,0.63780184,0.52221955,0.65554282,0.50825489,0.61051170,0.64454901,0.62056605,0.51753408,0.60551027,0.59019740,0.63796664,0.51107005,0.65686258,0.49854556,0.57567850,0.52497516,0.54632812,0.55652538,0.63356690,0.53257187,0.62971179,0.51942771,0.56639729,0.58887444,0.68239701,0.56278772,0.43410548,0.50219541,0.54816479,0.61250794,0.61621635,0.46382686,0.57040193,0.59441481,0.55516322,0.66837846,0.63636825,0.67031671,0.51892044,0.66576253,0.58234040,0.55092129,0.57457533,0.56926700,0.53594479,0.47464794,0.59388092,0.65851512,0.58776784,0.55189881,0.68935692,0.55720283,0.69730210,0.59126525,0.57961144,0.63676185,0.64422023,0.51801375,0.53910185,0.42384203,0.56579159,0.58315628,0.63072694,0.53729142,0.52810290,0.69296923,0.56292545,0.62056754,0.48040852,0.67031671,0.50014756,0.61440127,0.48318725,0.56846573,0.54274061,0.51951484,0.68793611,0.47941112,0.57786320,0.58490581,0.42105946,0.57089685,0.64192372,0.44125187,0.62349660,0.53008949,0.56578118,0.58588330,0.63438385,0.60299607,0.53253568,0.55582842,0.63668360,0.63485419,0.60767425,0.55428493,0.42103027,0.58654769,0.52537873,0.63810462,0.61199065,0.61739752,0.68927669,0.51976700,0.59588533,0.55702610,0.58381740,0.53447722,0.58469665,0.66853084,0.55962059,0.62682095,0.49445754,0.51518006,0.67542255,0.65064945,0.61006149,0.69595329,0.65285718,0.66430930,0.55814503,0.57398498,0.60878354,0.60108454,0.57859373,0.59972999,0.55337912,0.70927063,0.56801554,0.68399779,0.59761017,0.64053651,0.57527629,0.67714259,0.53244418,0.60676985,0.59470004,0.58172136,0.56810124,0.60418497,0.63963238,0.52993931,0.61731285,0.47748621,0.54191906,0.62545417,0.55915392,0.53509705,0.63939171,0.64209137,0.56811511,0.54498337,0.58018748,0.66221777,0.51583643,0.43610365,0.72092281,0.64093769,0.56155141,0.58217863,0.52890384,0.57308057,0.50848381,0.00000000,0.53464310,0.57291357,0.50901068,0.57651207,0.51595564,0.51153518,0.63485419,0.55258126,0.69762989,0.55324248,0.49758727,0.50103376,0.46848314,0.64191336,0.58883762,0.53019948,0.63422699,0.52535445,0.66510946,0.52801304,0.56144438,0.59330831,0.56386885,0.54654519,0.55569298,0.59704257,0.51513631,0.54395021,0.56375606,0.52881120,0.56209500,0.62091230,0.59375517,0.57259507,0.65969154,0.66221777,0.54754363,0.47176647,0.59524126,0.50111796,0.46183472,0.65002127,0.43170778,0.57290072,0.60864540,0.66970362,0.69016414,0.66691864,0.52843713,0.56629956,0.59989993,0.51630409,0.54825010
B0063,0.30476406,0.31521577,0.35648822,0.46418551,0.38751572,0.28406883,0.40897530,0.46264645,0.43739931,0.48272948,0.52532550,0.31853702,0.37449765,0.49878321,0.34174502,0.29028733,0.68086672,0.53385216,0.43235211,0.35788857,0.25637899,0.45175981,0.32741441,0.59833559,0.29120116,0.46161726,0.36646670,0.26435170,0.44211018,0.50968694,0.46514385,0.36105899,0.40253432,0.44936135,0.41747742,0.36769292,0.63319972,0.36711246,0.57094986,0.48117504,0.45572515,0.63383349,0.38398116,0.38735823,0.28788662,0.46949407,0.54209335,0.45296073,0.43205674,0.41991343,0.28874142,0.46709026,0.56799927,0.24466201,0.36295521,0.38597623,0.57280944,0.44682262,0.45065587,0.35534209,0.32160760,0.52735773,0.48909241,0.50682022,0.55228358,0.53742509,0.55539135,0.36083753,0.44350064,0.59442442,0.44686323,0.42297255,0.31277888,0.45586129,0.46396636,0.52870551,0.53271954,0.40803972,0.57909264,0.52305929,0.47837475,0.54091316,0.39920377,0.43520464,0.42206927,0.41552194,0.46859692,0.43011937,0.51990061,0.43273199,0.43169634,0.52291122,0.30591851,0.44293834,0.60033930,0.51770911,0.40963861,0.37033377,0.46925134,0.49689922,0.60354161,0.49875796,0.29000196,0.51933486,0.48390931,0.50762381,0.59630571,0.32805318,0.43407633,0.54407331,0.44228642,0.46650123,0.39537763,0.57808989,0.37505090,0.48663171,0.56718557,0.43494201,0.54795534,0.50990600,0.41873487,0.30224858,0.39206305,0.53506758,0.45556919,0.43461483,0.55144291,0.44609935,0.59807541,0.52184002,0.33041739,0.28777841,0.44431014,0.38171919,0.45818863,0.41198794,0.51886437,0.41817430,0.54730314,0.42480840,0.47793430,0.45778340,0.24981250,0.50589929,0.43327863,0.57808989,0.39745483,0.53223527,0.38297819,0.28924598,0.51975442,0.46305371,0.50066123,0.36333422,0.43939760,0.34415026,0.40572381,0.50762128,0.57015320,0.28691783,0.56836212,0.39551033,0.39714859,0.41919018,0.56956447,0.46493724,0.46531899,0.37446026,0.50615650,0.40906336,0.45556764,0.42780699,0.41006310,0.45791245,0.41726103,0.51960418,0.59867530,0.51876934,0.56237884,0.36401039,0.48347364,0.36523197,0.45425030,0.26441485,0.41885938,0.50871954,0.45135235,0.29746731,0.29110448,0.53622566,0.56962080,0.47745291,0.56985743,0.57202919,0.61876379,0.48379720,0.47763211,0.52399841,0.52252891,0.44675982,0.24396043,0.46622176,0.41867706,0.52914863,0.44919642,0.56181045,0.45674096,0.40222721,0.59000767,0.60595990,0.55623243,0.48280942,0.38800346,0.44977602,0.39286213,0.47085004,0.49272346,0.33861017,0.59094776,0.45931919,0.60140688,0.40897530,0.22353729,0.48078747,0.54512671,0.45152502,0.52076349,0.52157821,0.49238260,0.72909719,0.45449130,0.48242998,0.57903453,0.40097424,0.38522228,0.50127414,0.40590229,0.53918687,0.50527293,0.53464310,0.00000000,0.34244646,0.46765168,0.40657611,0.42880593,0.49340040,0.40906336,0.52284480,0.65461914,0.47371279,0.32944880,0.36777731,0.45589196,0.40005654,0.46561569,0.30345461,0.47850512,0.30499728,0.49405797,0.46402008,0.43410316,0.53136481,0.40685968,0.50490142,0.50084674,0.43253685,0.34815157,0.45587236,0.37171346,0.58947435,0.44172351,0.38155228,0.35941064,0.30606323,0.64694078,0.72909719,0.56994855,0.50244066,0.57903637,0.41424165,0.30421069,0.43639474,0.37732410,0.50496874,0.45907899,0.59272121,0.52600249,0.49141208,0.43823247,0.44923533,0.28172541,0.34746798,0.43808355
B0064,0.38833096,0.35996173,0.42389925,0.41321392,0.48000289,0.34759029,0.39848273,0.41922766,0.41276266,0.51221430,0.52980740,0.42015789,0.40181538,0.47700694,0.32565297,0.24578234,0.60101065,0.48370048,0.39125612,0.33674331,0.32686123,0.46195108,0.34095013,0.63205526,0.25126363,0.48721490,0.36374472,0.38060430,0.43092218,0.55629128,0.53405117,0.37305055,0.40394984,0.40079306,0.39691688,0.37178087,0.59223010,0.46997286,0.55625506,0.36758255,0.46610033,0.54999314,0.38622255,0.40730984,0.28258303,0.42567360,0.53214806,0.43594036,0.43739081,0.44219382,0.33378666,0.46210191,0.53527698,0.30220644,0.33719865,0.42476778,0.58271348,0.46022140,0.40134956,0.36543277,0.36186927,0.57476210,0.46415032,0.49690527,0.55906996,0.48848675,0.52635807,0.34772693,0.52908318,0.58201798,0.48423779,0.40708202,0.36771564,0.40401470,0.45381925,0.53945077,0.44626141,0.42796852,0.56163122,0.50905182,0.46377882,0.53465597,0.39658615,0.46382189,0.43575932,0.46490421,0.40225300,0.44428597,0.53161394,0.47740675,0.42520665,0.44549277,0.31341876,0.43857253,0.53850588,0.47585123,0.35525332,0.40212631,0.45922320,0.48780363,0.58120779,0.47715421,0.37247098,0.53456740,0.48912396,0.52788821,0.57799167,0.36650857,0.43356974,0.53523283,0.55784314,0.45328214,0.38355697,0.53109387,0.34801949,0.50173496,0.53110522,0.52462165,0.47753084,0.49162761,0.37982236,0.42752448,0.33501895,0.48330489,0.46208460,0.42346618,0.52538767,0.44441134,0.50838888,0.48056816,0.31816516,0.38405933,0.38034132,0.43370739,0.39877671,0.44668064,0.54661232,0.46344538,0.48008967,0.44856077,0.51473645,0.50376985,0.36403921,0.44567673,0.46551749,0.53109387,0.43537894,0.55219603,0.49558358,0.38333396,0.50319794,0.44850884,0.49456702,0.36838384,0.50371880,0.33505381,0.44497378,0.48025710,0.49508095,0.35854305,0.55737517,0.42484368,0.40147774,0.45542128,0.50166534,0.49536879,0.47148786,0.42793648,0.43191287,0.44099285,0.43981410,0.44486408,0.44614376,0.40403047,0.47278823,0.49708159,0.57451721,0.47030169,0.60637153,0.35065101,0.51234177,0.39303406,0.45656977,0.36379007,0.37254001,0.50206541,0.46229675,0.32242929,0.39430352,0.49047624,0.61246622,0.52303250,0.53342769,0.49781663,0.56710376,0.53061456,0.48449416,0.43383665,0.44056270,0.45203522,0.29619714,0.47475292,0.48476339,0.48335457,0.39807467,0.50288206,0.44277486,0.42812688,0.52006526,0.60248642,0.52545450,0.51714043,0.48145415,0.47523114,0.40065650,0.47464415,0.45520197,0.38581363,0.53357257,0.46146127,0.54579941,0.39848273,0.29303702,0.48373945,0.52359702,0.44101318,0.50601772,0.50456354,0.47794564,0.64160495,0.47223095,0.48436723,0.57387739,0.41403729,0.39935411,0.44599560,0.38033927,0.45715812,0.47263423,0.57291357,0.34244646,0.00000000,0.46058281,0.43106913,0.40802911,0.39256992,0.44099285,0.49723866,0.61684820,0.37656618,0.39219200,0.45685157,0.41886956,0.43148933,0.42823989,0.32398345,0.52529984,0.27891305,0.43751451,0.51407319,0.45032353,0.51981400,0.41501171,0.53308642,0.45321911,0.44739479,0.40882586,0.45521110,0.48644967,0.56287513,0.48510309,0.43081732,0.39686581,0.32094034,0.59460616,0.64160495,0.54116979,0.49098590,0.51472306,0.45080780,0.34431284,0.41731677,0.44914549,0.48076480,0.46212163,0.55986449,0.51038038,0.51296735,0.47398515,0.44143054,0.36447990,0.40111877,0.45948793
B0069,0.52380762,0.51866938,0.60680428,0.49842355,0.55022243,0.43000024,0.49670024,0.48622013,0.58139475,0.56820148,0.58132298,0.50219211,0.41700851,0.57833057,0.41603300,0.40095815,0.71186712,0.58080273,0.55851542,0.43295223,0.39110484,0.51769733,0.42054719,0.64917035,0.40723922,0.61001187,0.48848982,0.49991536,0.53801454,0.53143695,0.60190674,0.48949150,0.53510676,0.53181887,0.48574606,0.50507254,0.62356287,0.53950782,0.66438537,0.55978764,0.54477402,0.63118011,0.44220759,0.49415839,0.44405297,0.49341928,0.59196719,0.53191444,0.51079242,0.54737955,0.45874783,0.45012900,0.62404811,0.47734519,0.43681112,0.47465274,0.62259069,0.56611446,0.45263982,0.41397132,0.58183275,0.66987930,0.59780653,0.48482653,0.72434779,0.57423881,0.59515164,0.49386734,0.58934747,0.64959567,0.57606232,0.47731762,0.51963180,0.50353627,0.49541928,0.66242561,0.58590469,0.52371577,0.58759629,0.50052029,0.53285318,0.68235079,0.50694684,0.59970022,0.56756620,0.58194606,0.57530154,0.55023665,0.63746753,0.44454503,0.27573918,0.56640312,0.45612756,0.47828238,0.55670696,0.52357863,0.44176637,0.47533207,0.51672503,0.62360568,0.65471294,0.60811013,0.45915659,0.54222283,0.51258885,0.52331668,0.53002594,0.47959996,0.25982350,0.58812513,0.57577740,0.52891844,0.47741866,0.32203190,0.49796785,0.62362791,0.57219507,0.58782949,0.51558146,0.54191966,0.49165535,0.46995612,0.20671186,0.61819525,0.55265874,0.52950644,0.55975474,0.46719687,0.62223620,0.53602145,0.36823739,0.54851316,0.47730681,0.55361447,0.35104288,0.51100281,0.53247365,0.43801785,0.59662302,0.51131795,0.55013582,0.58448688,0.49301460,0.57750158,0.49919876,0.32203190,0.48647497,0.51902942,0.56727841,0.48887961,0.48372443,0.51026180,0.59089250,0.21780874,0.58454343,0.35982715,0.51118129,0.49386211,0.60405774,0.44600231,0.57079826,0.45049913,0.29250305,0.31027429,0.34726140,0.32037705,0.47201933,0.42769996,0.46026511,0.48594347,0.39387953,0.40553651,0.51052898,0.41355457,0.38531626,0.39710411,0.52603206,0.37287696,0.66030029,0.48689333,0.58514595,0.36628046,0.29586763,0.52772718,0.50422425,0.62087257,0.27594426,0.49247454,0.51287571,0.39515210,0.59167076,0.57780336,0.60626715,0.40439278,0.53780450,0.58445844,0.40566402,0.46500808,0.31392327,0.58465929,0.54136315,0.56218905,0.60505801,0.57328848,0.49283903,0.60000274,0.39769800,0.39424387,0.63565643,0.55943931,0.49708825,0.61005342,0.59452182,0.58578127,0.58586057,0.51404563,0.30477800,0.46721804,0.50819480,0.42691793,0.59527880,0.49670024,0.46192618,0.56726238,0.57945622,0.52950719,0.51960668,0.48604631,0.57129287,0.68990871,0.54710111,0.50849798,0.56706091,0.52918990,0.28255779,0.58703329,0.45632143,0.57069816,0.54819458,0.50901068,0.46765168,0.46058281,0.00000000,0.40327010,0.53478861,0.36034895,0.48594347,0.56701984,0.62416133,0.35239882,0.48510520,0.32564870,0.49797817,0.40053095,0.41220617,0.41988535,0.56003918,0.47755584,0.48222722,0.56007013,0.56405194,0.42179582,0.37650924,0.53951147,0.58052745,0.45587847,0.45089754,0.51191427,0.56570123,0.60875752,0.50576122,0.38273760,0.54551635,0.41378002,0.58215289,0.68990871,0.45379150,0.53033615,0.51536413,0.47655704,0.42987989,0.50763329,0.51010576,0.43587875,0.57330640,0.59579287,0.59952626,0.60228911,0.37893996,0.45494512,0.53774473,0.44625978,0.50862360
B0070,0.46177881,0.52181184,0.54555975,0.53932338,0.50204717,0.45822799,0.43463841,0.45685182,0.52724086,0.61084770,0.60447125,0.46436227,0.43551313,0.51131525,0.41431649,0.43257978,0.61149405,0.51895087,0.55010654,0.44076608,0.33657457,0.51413714,0.43886387,0.68642187,0.43703943,0.51499435,0.52236902,0.48606003,0.53226836,0.54293304,0.54912702,0.40808112,0.38708704,0.54149231,0.49885164,0.40978219,0.67612558,0.50262471,0.64735364,0.54326391,0.49306463,0.53205398,0.48333502,0.42543743,0.46502557,0.42690975,0.47500743,0.46347975,0.54568667,0.57503469,0.47700478,0.49146533,0.51758121,0.45162543,0.44681486,0.47072860,0.61486893,0.39912517,0.41327411,0.44557060,0.49138125,0.52407302,0.41904499,0.28477426,0.48035997,0.48972445,0.49924163,0.42893905,0.56184468,0.55841701,0.47611687,0.49498482,0.50835681,0.51580377,0.48835943,0.58373699,0.58834060,0.44909496,0.61860046,0.53879146,0.54675708,0.55872005,0.39687071,0.48780718,0.54457664,0.46536812,0.52418864,0.49230158,0.56659864,0.41382754,0.43921572,0.52737541,0.38578709,0.48096908,0.59587099,0.47184498,0.45744913,0.44304082,0.46539721,0.56297839,0.58593409,0.42091148,0.38870949,0.47546916,0.55623279,0.39840196,0.43574822,0.46600059,0.40202116,0.50559582,0.54064071,0.43439006,0.47497404,0.45968983,0.48215548,0.55347676,0.57802975,0.52335754,0.47599624,0.47768729,0.41634739,0.42936594,0.40345942,0.53765237,0.39348419,0.45492593,0.51812100,0.40775469,0.53659541,0.49542850,0.36580162,0.53267742,0.49465239,0.37375767,0.29593100,0.52371449,0.55053049,0.50633526,0.56703704,0.39119142,0.47009357,0.53734451,0.47744134,0.58274382,0.49415436,0.45968983,0.46869068,0.57002697,0.39409456,0.45424351,0.49669496,0.54547193,0.50596106,0.35631164,0.47489296,0.38330168,0.52132738,0.39637438,0.56571068,0.46490999,0.54572800,0.46975987,0.38173196,0.38874655,0.48560230,0.37831053,0.44196216,0.42105731,0.47064567,0.42129613,0.41719868,0.41768844,0.51792695,0.29754275,0.40596206,0.50741538,0.43584373,0.46771777,0.64639779,0.47615093,0.56167418,0.40631602,0.44134735,0.47280619,0.50138329,0.57189229,0.43311450,0.49660729,0.42816456,0.48453569,0.68162550,0.59348366,0.61685060,0.49642052,0.58836205,0.61038582,0.40639956,0.44031840,0.47953036,0.44161798,0.51151852,0.51434362,0.43640643,0.51558400,0.42998185,0.54401045,0.44263419,0.40115908,0.63163838,0.57642398,0.45957979,0.50677623,0.42684976,0.47713788,0.54508396,0.44789219,0.41364024,0.48895515,0.51737630,0.42703386,0.55755651,0.43463841,0.45837547,0.48946507,0.51746485,0.43587841,0.54794276,0.49865983,0.51185495,0.64079964,0.44280357,0.45531901,0.55630039,0.47377501,0.37513695,0.54403111,0.45794760,0.59432907,0.48132023,0.57651207,0.40657611,0.43106913,0.40327010,0.00000000,0.37249352,0.48728994,0.42129613,0.49663283,0.61403142,0.48752910,0.42303417,0.34440374,0.49142794,0.40006077,0.37575929,0.39871405,0.60386647,0.38474481,0.43699111,0.46951422,0.45410347,0.45518311,0.42929133,0.47238179,0.44434051,0.19108326,0.34281679,0.47842826,0.52594821,0.58750927,0.47923141,0.45084213,0.52339727,0.38265488,0.60119029,0.64079964,0.53707579,0.44878149,0.52944900,0.44124715,0.37131647,0.43503337,0.41897090,0.47032417,0.50078233,0.61988630,0.54067216,0.58017738,0.41728552,0.47204243,0.50552302,0.33373696,0.43994210
B0073,0.48853033,0.52077373,0.55472765,0.53486942,0.53677661,0.48126001,0.45045926,0.41363575,0.51565987,0.57430307,0.54577322,0.46216303,0.41208206,0.48506289,0.45230032,0.41936896,0.65194170,0.55429200,0.54919867,0.49450371,0.39102581,0.62635134,0.44783284,0.65489927,0.41473413,0.47774582,0.49443462,0.45727428,0.54008224,0.55759683,0.48090311,0.32185089,0.32153022,0.58235759,0.48508765,0.39114347,0.64375624,0.50370672,0.65190490,0.53644489,0.46328296,0.57988003,0.46963808,0.42455199,0.42088946,0.41999090,0.50565889,0.46589966,0.54522626,0.54260665,0.48339964,0.45339509,0.58363269,0.41303997,0.49773245,0.51382066,0.62034176,0.38263743,0.38363715,0.47186688,0.46650139,0.46070818,0.37522606,0.40773217,0.54471463,0.38242891,0.45431913,0.38213093,0.55903473,0.60572803,0.47601268,0.47961959,0.46084941,0.55460825,0.50400377,0.55371871,0.57086472,0.46017644,0.65005030,0.53734407,0.57210030,0.51612067,0.40212185,0.43805687,0.53492952,0.47330294,0.50182998,0.48836870,0.53021265,0.43186209,0.54632364,0.48396600,0.39946036,0.45895884,0.60592030,0.46304933,0.47490159,0.41457558,0.51621688,0.50544849,0.46002305,0.38293029,0.35750976,0.42960270,0.56589072,0.40758753,0.45503028,0.39969930,0.51600978,0.51126179,0.52974372,0.48209780,0.52080116,0.58659871,0.47327056,0.56766154,0.50416493,0.45187202,0.48432164,0.52589571,0.44118854,0.42330305,0.47145890,0.54345658,0.38749902,0.38023527,0.58823907,0.43368091,0.54408140,0.53949027,0.44821820,0.53246053,0.53069479,0.29119693,0.38252988,0.41191334,0.56138002,0.56368883,0.58342110,0.35087684,0.38979879,0.50118971,0.48188721,0.56679416,0.45751174,0.58659871,0.43333256,0.57091171,0.34258846,0.45164341,0.48209363,0.51953201,0.47764596,0.43998500,0.44392373,0.45911723,0.41069886,0.44540510,0.52763587,0.44220207,0.58223890,0.47486457,0.47115520,0.47204443,0.57457910,0.46299220,0.42549941,0.38838512,0.46540165,0.42634340,0.50629744,0.42066582,0.41162610,0.38132524,0.45474637,0.54628073,0.45655996,0.55932590,0.68276218,0.42755908,0.54995971,0.46778526,0.51094970,0.43469970,0.49140913,0.54572014,0.47910280,0.52173672,0.37538174,0.50501028,0.63012238,0.56642679,0.62503228,0.56665895,0.59819870,0.58454364,0.46211586,0.46836260,0.55572039,0.40862826,0.47100549,0.53635580,0.42150347,0.56513626,0.46598039,0.57502129,0.45513007,0.49318926,0.58457587,0.63099560,0.48880501,0.51655369,0.39695649,0.48414136,0.51909437,0.46371092,0.52195875,0.50400639,0.54630315,0.45122653,0.45339526,0.45045926,0.42201629,0.48257328,0.43663044,0.45610361,0.57075305,0.48331621,0.54563814,0.63938182,0.37575590,0.31673029,0.56833341,0.51256647,0.46602693,0.53303410,0.47817178,0.58793672,0.49020761,0.51595564,0.42880593,0.40802911,0.53478861,0.37249352,0.00000000,0.47382027,0.42634340,0.49304992,0.62258630,0.46951314,0.42858166,0.38337085,0.42603789,0.49185576,0.39516920,0.38904477,0.66216123,0.32438943,0.55503903,0.45167989,0.43397741,0.53917823,0.50411611,0.43960608,0.35362399,0.37040928,0.39376757,0.46120790,0.52461733,0.48754822,0.48099605,0.52089878,0.44628190,0.41971045,0.60901395,0.63938182,0.51081182,0.33984599,0.47383348,0.48150902,0.38475294,0.43791284,0.30136535,0.38480163,0.46997280,0.62458581,0.53622085,0.59016669,0.45504982,0.43231522,0.45481452,0.38419842,0.40153798
B0074,0.47573126,0.46630800,0.50735863,0.49432318,0.57491314,0.42401914,0.47792291,0.43950381,0.53653382,0.51939601,0.54117989,0.51691264,0.39189543,0.54437398,0.46105753,0.38383171,0.68543439,0.53124141,0.53966325,0.42624388,0.44677720,0.56456464,0.47545538,0.61635575,0.38661417,0.48901927,0.43995155,0.49508052,0.49862090,0.57919244,0.55220669,0.49145499,0.46501853,0.53264043,0.50487317,0.51294012,0.55937363,0.59988932,0.61769525,0.40788955,0.50622679,0.63187660,0.41530205,0.48595787,0.40412902,0.45873448,0.58999878,0.49218529,0.50201928,0.50349299,0.44876046,0.51340025,0.61480413,0.42103607,0.42679436,0.46250420,0.54871928,0.50210209,0.45307431,0.47053482,0.53523056,0.59076544,0.50735062,0.52321145,0.57798130,0.51622938,0.60695557,0.37453506,0.57747932,0.65809798,0.60111092,0.42519638,0.49555695,0.59601348,0.36346635,0.55542571,0.59073009,0.52687341,0.61463469,0.48096763,0.54841083,0.53579684,0.45797606,0.54637902,0.48568574,0.54058911,0.50950470,0.55611396,0.54090863,0.54408748,0.44731061,0.47419346,0.47801559,0.48581178,0.50705280,0.46280939,0.50689690,0.45818106,0.51612135,0.47805020,0.59785658,0.51601649,0.41100435,0.51177500,0.47295116,0.49845908,0.52493720,0.48861468,0.44565253,0.54250191,0.60061532,0.50595680,0.51220022,0.48267004,0.37732600,0.57862333,0.53374227,0.56737908,0.44195891,0.54410915,0.48670256,0.45346079,0.38650840,0.49679624,0.47189304,0.49007416,0.54072319,0.46597028,0.59246068,0.47955744,0.45972917,0.51143071,0.52364391,0.52629841,0.40917991,0.47305060,0.56008721,0.52773217,0.51211367,0.52587507,0.58543375,0.59949766,0.49444514,0.53896951,0.56573942,0.48267004,0.45728257,0.56595595,0.53783762,0.50320378,0.49225125,0.33854047,0.49886842,0.39644803,0.57878854,0.46874759,0.46943644,0.49748860,0.44092021,0.41192027,0.49090262,0.46174241,0.45851415,0.45634733,0.50117357,0.48098851,0.46897060,0.49214476,0.55085391,0.57740504,0.49427714,0.44271045,0.47388108,0.50253816,0.52576457,0.43935527,0.51952052,0.44192602,0.66987873,0.42486748,0.50102681,0.47590841,0.35878080,0.47559048,0.53855819,0.58635857,0.42107405,0.49099980,0.45854777,0.36646009,0.55239396,0.57232046,0.49802622,0.47050173,0.50812514,0.55878016,0.47008858,0.45854771,0.41432063,0.48749094,0.50507814,0.55824150,0.53045737,0.53252687,0.41096644,0.48633847,0.45779746,0.46403034,0.48467633,0.56412805,0.44616445,0.59293503,0.54048885,0.50086915,0.45847721,0.52824807,0.40306656,0.48988825,0.60702617,0.50777312,0.58381429,0.47792291,0.44048094,0.50579535,0.51568683,0.49358271,0.48232935,0.49340587,0.51909957,0.58248224,0.50241457,0.45534306,0.54559964,0.52644554,0.45711501,0.42344357,0.41010381,0.46292483,0.49348403,0.51153518,0.49340040,0.39256992,0.36034895,0.48728994,0.47382027,0.00000000,0.57740504,0.54490310,0.68271774,0.05706032,0.54463043,0.45939869,0.36908467,0.46612265,0.46385991,0.45620830,0.59887336,0.42323395,0.55526425,0.47934775,0.47304588,0.54736838,0.49240921,0.52366300,0.47672880,0.46355435,0.46691614,0.41623443,0.59075797,0.50194218,0.50917248,0.52951414,0.59197687,0.44842194,0.53334386,0.58248224,0.43083772,0.54589278,0.46742895,0.44521483,0.48397561,0.53103091,0.48048110,0.49030872,0.50352849,0.62096544,0.60077700,0.56907873,0.48209007,0.53707299,0.52157575,0.47061050,0.55302252
B0385,0.42304233,0.46249124,0.50388703,0.57806525,0.49055080,0.44414556,0.51653389,0.58413337,0.55174359,0.67009903,0.68159507,0.49424009,0.52610421,0.55476080,0.46239548,0.43641753,0.73428701,0.61980479,0.56061511,0.39639389,0.40291539,0.49778228,0.44915294,0.68899741,0.43743775,0.58182399,0.51474217,0.46016021,0.56385254,0.60290315,0.59150010,0.39758607,0.45352809,0.53965814,0.54396459,0.43962536,0.70915226,0.49400216,0.68426179,0.59572964,0.54790912,0.67348321,0.47420504,0.52774982,0.42989129,0.56114766,0.60980300,0.52276832,0.55188608,0.54999933,0.42828395,0.52202421,0.63678927,0.39072516,0.39773449,0.52344305,0.69069978,0.56098567,0.45651480,0.45656711,0.49390835,0.67482953,0.60486901,0.48666105,0.67706823,0.58121616,0.60095627,0.54757376,0.59034504,0.66131484,0.53881996,0.48166326,0.44023362,0.47799827,0.63116042,0.65626175,0.58102303,0.52596684,0.68401525,0.59941413,0.58250261,0.68516409,0.49928035,0.54909260,0.57700078,0.53023034,0.50233990,0.56983283,0.63058415,0.50097111,0.45596845,0.58028185,0.33029968,0.54472368,0.64599111,0.61963150,0.43757370,0.53401932,0.54261878,0.62387210,0.70109625,0.59759450,0.49280613,0.55806378,0.66607784,0.56258848,0.61523672,0.49805141,0.47654408,0.62226847,0.53108268,0.58925427,0.45992129,0.46915298,0.56249920,0.52804012,0.68335767,0.60607142,0.66555432,0.58776522,0.52907905,0.47741026,0.38917768,0.63341398,0.55924835,0.55013845,0.63320885,0.48777691,0.65424985,0.63109796,0.41941109,0.50546934,0.51700468,0.51298229,0.45053018,0.52385401,0.62944792,0.49834831,0.69140101,0.37349405,0.39727573,0.54684783,0.42899216,0.65397249,0.50205912,0.46915298,0.51786004,0.65341563,0.53823724,0.42808108,0.56119066,0.66380334,0.61106426,0.39632533,0.55867374,0.41212471,0.52409145,0.51443344,0.65148448,0.50050520,0.70258628,0.57492674,0.42745327,0.37722630,0.49108477,0.40585737,0.49708378,0.24126281,0.26445802,0.00000000,0.50699817,0.45634764,0.52452629,0.45603821,0.47799571,0.55679982,0.61638667,0.54741134,0.66874162,0.49360499,0.59007688,0.44724722,0.53269592,0.45053051,0.46110300,0.58137835,0.42867119,0.46269904,0.49163920,0.65109664,0.72164335,0.58403275,0.74732246,0.58833050,0.73556268,0.62993933,0.50319038,0.61319263,0.56965511,0.61984135,0.47315189,0.58624658,0.58269903,0.61776815,0.56689536,0.70819001,0.46037188,0.50471761,0.68016511,0.65002484,0.59623746,0.58547920,0.54816728,0.56466876,0.56245793,0.45024716,0.52430414,0.48707416,0.63042488,0.52906532,0.68948524,0.51653389,0.39947670,0.56314752,0.48319500,0.55444526,0.68999140,0.56252847,0.58493625,0.80818541,0.52485976,0.55726802,0.68420262,0.55294109,0.42821155,0.64422131,0.50393442,0.63100467,0.58486289,0.63485419,0.40906336,0.44099285,0.48594347,0.42129613,0.42634340,0.57740504,0.00000000,0.57759887,0.70755639,0.55884750,0.42649538,0.37649137,0.57927472,0.50613741,0.43217967,0.30743589,0.63776359,0.45178755,0.50508317,0.59929547,0.58264542,0.51608068,0.43220492,0.58409689,0.56124429,0.46754917,0.41160897,0.58793623,0.48046294,0.64631175,0.56951332,0.41177363,0.44677373,0.44762636,0.75773466,0.80818541,0.65966186,0.46608728,0.63264501,0.56418559,0.42454990,0.48187727,0.45750513,0.41653943,0.53956572,0.68291811,0.59036677,0.62701229,0.36429971,0.41173395,0.44801630,0.40888081,0.44578579
B0832,0.43258221,0.53569847,0.55645235,0.46338570,0.57543186,0.47614222,0.50728710,0.44785821,0.44000796,0.44194403,0.40161273,0.39068254,0.36130080,0.45268686,0.46519576,0.45624496,0.51119047,0.58063372,0.47874541,0.48344411,0.46750468,0.61665353,0.44377769,0.66819803,0.45742349,0.56960008,0.54232966,0.53459636,0.45377111,0.72894843,0.44050757,0.52390295,0.56231902,0.42921931,0.50711385,0.41272967,0.55809021,0.43281238,0.37925324,0.40531812,0.32407067,0.46037168,0.44068070,0.50661287,0.46913363,0.28371218,0.41154284,0.59793156,0.50121362,0.46472108,0.45485766,0.44037780,0.33450076,0.48315309,0.48249378,0.46886931,0.53306342,0.45691147,0.49657778,0.47590910,0.57472999,0.61950332,0.44238177,0.53599052,0.54780796,0.51026873,0.65062319,0.41537815,0.55503684,0.47197023,0.43282495,0.42848608,0.54953600,0.57840987,0.50363940,0.67501782,0.50144725,0.54116040,0.47122871,0.61643589,0.45673456,0.55793620,0.47645223,0.50986316,0.58079410,0.43141445,0.56213173,0.42985190,0.62256163,0.53435443,0.48154266,0.37706682,0.46880494,0.37604808,0.44525585,0.37534554,0.52823940,0.51914508,0.58307064,0.53207294,0.51813785,0.45066496,0.45652947,0.54321198,0.46659754,0.53504859,0.51721523,0.45424769,0.46501422,0.42743431,0.45844666,0.55273714,0.48365026,0.68717889,0.47956227,0.54687865,0.56913675,0.49665893,0.47808512,0.36205915,0.44872891,0.46815175,0.51537615,0.52901722,0.43936950,0.43300497,0.50460573,0.41054748,0.45852804,0.45158442,0.47889291,0.56245207,0.61304976,0.48205567,0.58005965,0.45049464,0.41207569,0.50253293,0.44759127,0.50309442,0.58624158,0.58842457,0.50912301,0.45442497,0.35124476,0.68717889,0.13369734,0.41949840,0.46821892,0.48911828,0.49184895,0.50292922,0.56616891,0.51560731,0.54733303,0.49639020,0.44999099,0.49316751,0.58539140,0.42844454,0.62935788,0.39161758,0.50328047,0.58759487,0.66680988,0.59920405,0.58021129,0.51826552,0.60023482,0.57759887,0.44410831,0.48742610,0.45605930,0.53043570,0.51917957,0.45685361,0.52142858,0.56463335,0.49147850,0.40730336,0.65036287,0.43198646,0.48960186,0.48241304,0.43630323,0.49649230,0.55868013,0.58561796,0.47879972,0.58520250,0.57715194,0.51404991,0.43719946,0.61067175,0.48707928,0.49935493,0.55421390,0.44821192,0.44702907,0.46060270,0.45759135,0.39349527,0.49242401,0.55957234,0.36574222,0.58342108,0.59098802,0.55086188,0.64413475,0.55549576,0.44900702,0.44200342,0.49098465,0.44445081,0.55143999,0.49846287,0.55708757,0.42230463,0.47873847,0.43067615,0.51225648,0.50728710,0.48886467,0.28852218,0.55146391,0.49132045,0.45420276,0.49362212,0.48986350,0.44763051,0.51091238,0.56788657,0.64736395,0.54567330,0.49641839,0.43874080,0.33869924,0.45554398,0.37055018,0.55258126,0.52284480,0.49723866,0.56701984,0.49663283,0.49304992,0.54490310,0.57759887,0.00000000,0.32219750,0.54931202,0.46426405,0.52922503,0.42383168,0.54550083,0.58843005,0.49914140,0.61139646,0.46580399,0.55426910,0.62479000,0.53003588,0.65407640,0.52564713,0.58296443,0.55727085,0.51885335,0.46096483,0.38903921,0.48223440,0.59322269,0.50918579,0.51156263,0.57758766,0.51853672,0.47934359,0.44763051,0.42816100,0.54875842,0.56350762,0.45772117,0.43360729,0.43154792,0.49770095,0.51384086,0.46580919,0.49010956,0.44323865,0.51105306,0.51655620,0.59999369,0.54424616,0.46018733,0.43973511
B0833,0.62363313,0.63143729,0.68018558,0.56988288,0.65523989,0.66764966,0.62996634,0.56363201,0.56065122,0.64114337,0.58278134,0.59890978,0.56382623,0.54346201,0.60817678,0.59339160,0.65609419,0.67433348,0.64564845,0.63597081,0.62370524,0.69352479,0.54166159,0.47352721,0.59171931,0.68995606,0.67207045,0.69647696,0.63045022,0.79058537,0.59686638,0.65426887,0.68696897,0.63320913,0.62695340,0.58012371,0.71076448,0.63029439,0.58942949,0.60900710,0.44485837,0.60408723,0.63856544,0.59132457,0.62509275,0.45805371,0.58276579,0.69227725,0.65059829,0.65205424,0.62587987,0.56074206,0.47866555,0.65618098,0.63785315,0.61209066,0.67167450,0.56673274,0.52993444,0.55544669,0.69177083,0.69244203,0.53217174,0.65057294,0.68915006,0.56054629,0.67017206,0.54710303,0.63162487,0.52680778,0.62709426,0.56767378,0.73940892,0.62605769,0.69240938,0.75160619,0.60444745,0.67231890,0.53786274,0.76003903,0.55180337,0.72029862,0.59252769,0.68265363,0.75318699,0.51315182,0.63393145,0.59148687,0.72505407,0.63998230,0.61670983,0.59522243,0.63149123,0.31934387,0.58250125,0.50862112,0.62185664,0.60049077,0.72069330,0.67250462,0.57840535,0.54108681,0.64540644,0.66307821,0.64755698,0.61182016,0.61103039,0.55426885,0.55015783,0.56060967,0.66702733,0.62967698,0.57215537,0.69555048,0.63484551,0.66006491,0.51688234,0.64342627,0.55455641,0.53568208,0.54131877,0.63253661,0.59911139,0.61519844,0.56025443,0.55327199,0.61374015,0.55731724,0.61121522,0.50556662,0.60548844,0.68808483,0.68833931,0.60150602,0.68146030,0.64235758,0.61387258,0.58421740,0.51414870,0.62464465,0.69045554,0.64397925,0.63656143,0.65269083,0.52339851,0.69555048,0.39733819,0.18977893,0.57888226,0.66699612,0.57549693,0.69814271,0.64514648,0.64684148,0.62083336,0.61088389,0.64849595,0.55269894,0.58270458,0.60146160,0.64219512,0.44529848,0.60959664,0.64814425,0.70510599,0.67269158,0.70816985,0.66141973,0.65884612,0.70755639,0.59952968,0.63172066,0.63927011,0.59481511,0.62553519,0.59396361,0.61487110,0.67070467,0.67824371,0.57590735,0.76893801,0.59356206,0.58420602,0.68877533,0.56990595,0.51753714,0.65333719,0.71527063,0.67582266,0.60817940,0.39958251,0.42536124,0.56222439,0.63367739,0.34762860,0.39397157,0.64103567,0.55707510,0.54011139,0.60124189,0.65372325,0.48801111,0.63388668,0.66785975,0.49216353,0.58136601,0.57616320,0.59727177,0.64402154,0.69786615,0.56247504,0.47510887,0.66353476,0.58517218,0.72760466,0.51935877,0.60795744,0.61256546,0.55322076,0.56662675,0.50953249,0.62996634,0.64531916,0.47454196,0.69248751,0.59609339,0.63237852,0.57695387,0.58771149,0.50526128,0.70473085,0.63951083,0.67548537,0.60506608,0.59800435,0.60447091,0.54587603,0.67400698,0.53095176,0.69762989,0.65461914,0.61684820,0.62416133,0.61403142,0.62258630,0.68271774,0.70755639,0.32219750,0.00000000,0.67101737,0.62536413,0.63403140,0.61646674,0.59374385,0.61195454,0.66318438,0.66781326,0.57883716,0.62784543,0.70924611,0.65311360,0.70644469,0.63470291,0.65098820,0.64611832,0.63721324,0.59720315,0.60262150,0.67386272,0.64808995,0.59116543,0.63373551,0.71992645,0.63848857,0.28451925,0.50526128,0.36821339,0.66516388,0.60907014,0.59564956,0.60316485,0.53833505,0.65072180,0.66228968,0.63752006,0.56142757,0.59463966,0.64866483,0.66122513,0.68655734,0.70719097,0.59810392,0.58896919
B1459,0.45826961,0.44884635,0.48989698,0.51901542,0.55301204,0.41340287,0.46730664,0.42888754,0.52591755,0.52255431,0.54433820,0.52007094,0.37865105,0.54588391,0.45215012,0.37492431,0.68554253,0.53134955,0.53444539,0.40918577,0.43017308,0.54750654,0.46367642,0.60806061,0.37845595,0.48070010,0.42725344,0.47539291,0.49858110,0.57931209,0.55089350,0.49536142,0.46892496,0.52607790,0.49726474,0.50533170,0.56879716,0.60931286,0.62268666,0.39921517,0.52182537,0.63942725,0.44023762,0.48475943,0.39438620,0.46625636,0.61636028,0.48695267,0.49760064,0.49907435,0.44434182,0.48819056,0.62469756,0.40425793,0.41451162,0.46133318,0.56649212,0.48691254,0.45494040,0.45875586,0.53738093,0.62089804,0.53748322,0.52596722,0.58720004,0.51778449,0.60851068,0.37431443,0.57016219,0.67097085,0.59734820,0.42497574,0.47957305,0.57492797,0.35022197,0.56731273,0.59421596,0.51625714,0.61292258,0.47893722,0.54319297,0.54965102,0.45891113,0.54281263,0.46741564,0.54358646,0.48962266,0.55198252,0.54625226,0.54110710,0.41333483,0.46165634,0.46083941,0.48253151,0.51615925,0.47167967,0.48713527,0.47466606,0.51323473,0.48388467,0.60209084,0.54646070,0.40208175,0.54019984,0.47606257,0.52382109,0.55029921,0.48839405,0.41830580,0.56173852,0.60747832,0.50606494,0.48759590,0.46417647,0.37375421,0.57117104,0.55150132,0.56791725,0.46854370,0.57616460,0.48837881,0.46296565,0.34678598,0.50270386,0.47390783,0.49208895,0.53418309,0.46547549,0.60084789,0.49890193,0.44549941,0.49396906,0.50520083,0.54271298,0.40069370,0.48740959,0.57127857,0.51096326,0.52455442,0.52437902,0.58024990,0.59270417,0.47473071,0.52165997,0.55708479,0.46417647,0.46158730,0.56247614,0.56937753,0.49405056,0.50037758,0.32529609,0.50565320,0.35690060,0.57645445,0.45385801,0.48414310,0.51108506,0.45049789,0.41480522,0.51331541,0.47063046,0.42540311,0.43507954,0.47990578,0.47583718,0.46608463,0.47358722,0.53229638,0.55884750,0.46809712,0.41453106,0.48897720,0.49528980,0.50961881,0.43806739,0.54987250,0.42894154,0.66323804,0.42306541,0.52942450,0.46883381,0.35300623,0.46868449,0.53165219,0.60221313,0.41844264,0.47031742,0.43505007,0.41173743,0.55993715,0.56402531,0.50286216,0.46521882,0.51093363,0.56158865,0.47293915,0.45587483,0.38770888,0.49909902,0.48860525,0.56941388,0.56600689,0.53146870,0.39772205,0.50860924,0.44540667,0.45163956,0.53460523,0.55834154,0.46838110,0.59742175,0.55414920,0.52810704,0.44879691,0.53347357,0.38016066,0.48473263,0.59600716,0.50411287,0.58359365,0.46730664,0.44383443,0.53008530,0.52190646,0.49971161,0.49932097,0.50251915,0.53146185,0.58418324,0.53208075,0.48396823,0.54550262,0.51740888,0.41353949,0.42464211,0.39483747,0.45750718,0.48002898,0.55324248,0.47371279,0.37656618,0.35239882,0.48752910,0.46951314,0.05706032,0.55884750,0.54931202,0.67101737,0.00000000,0.52661205,0.43858962,0.37547260,0.45316441,0.46730824,0.44929543,0.58717154,0.41859787,0.53850559,0.50652977,0.46729836,0.50709692,0.47958120,0.55521617,0.50046848,0.45926940,0.45953696,0.40496252,0.58673658,0.55084012,0.51064291,0.48969084,0.56894947,0.42764870,0.53383544,0.58418324,0.43848147,0.55570884,0.50084940,0.45448583,0.48173889,0.53438440,0.48139183,0.47977893,0.49044656,0.61454679,0.59797584,0.56401977,0.46614289,0.53651022,0.50666744,0.46091187,0.55393325
B1703,0.35182403,0.35922756,0.38243870,0.43168999,0.39037187,0.30134313,0.41916195,0.44547370,0.40766837,0.52260670,0.46929760,0.33792285,0.38971608,0.44740367,0.32485867,0.32683638,0.66877710,0.60059203,0.41117773,0.38555235,0.29967041,0.44714559,0.34979280,0.62317786,0.32700664,0.49574578,0.38545398,0.36428674,0.40089947,0.58382787,0.50596275,0.39153473,0.44422936,0.47552284,0.36413594,0.36445914,0.59211315,0.39738730,0.53622792,0.48655978,0.45562939,0.61124339,0.28736532,0.41623267,0.31035905,0.44884716,0.50108223,0.46432733,0.43753445,0.45272410,0.37637823,0.39776168,0.52009490,0.32047865,0.38970427,0.44466167,0.58464147,0.44445550,0.40736717,0.38609580,0.45173936,0.59248052,0.44824071,0.46384248,0.58908179,0.53164639,0.54907224,0.45097359,0.49343318,0.61787741,0.38513194,0.45266662,0.37137808,0.43273977,0.49057674,0.59414068,0.53240055,0.39566313,0.53646250,0.53941667,0.44287551,0.52121956,0.39652096,0.42385280,0.47328511,0.46782112,0.47519194,0.37476679,0.50957122,0.33648844,0.47933445,0.46662159,0.33142899,0.41902926,0.55564226,0.42935115,0.38714891,0.39111204,0.49998009,0.52255571,0.55290603,0.45233157,0.28593314,0.48810424,0.43842713,0.49850977,0.55381554,0.37269861,0.39550787,0.46574035,0.36964995,0.53768786,0.40858215,0.57964517,0.38317470,0.48153485,0.65449927,0.38226722,0.49851522,0.46522903,0.37290720,0.39810923,0.40639672,0.52046021,0.44407083,0.39899254,0.55290947,0.37538109,0.56273474,0.54275985,0.36594355,0.35646434,0.46416369,0.37638133,0.46661303,0.38674687,0.50031124,0.42616024,0.53731430,0.40419446,0.42622252,0.52702406,0.35032186,0.50389982,0.34379400,0.57964517,0.40155609,0.55980684,0.40216875,0.29758605,0.51005316,0.50611795,0.52121302,0.37257717,0.41269854,0.38305756,0.37554284,0.49778347,0.50780091,0.33952849,0.59513122,0.39438906,0.34275309,0.46334905,0.53391369,0.47384554,0.43034096,0.36320096,0.46761583,0.42649538,0.35995497,0.42461894,0.37977275,0.42799374,0.38820296,0.49166507,0.55428207,0.46429233,0.54422774,0.36160405,0.52165695,0.35140980,0.43979195,0.35993207,0.40141025,0.55642223,0.44571921,0.34219267,0.33542392,0.53147271,0.62746229,0.54206853,0.56689941,0.60024101,0.63191500,0.53452599,0.44031928,0.44904097,0.48921452,0.45994005,0.32123962,0.48674723,0.45084108,0.59780843,0.46929361,0.56809295,0.44596164,0.47088123,0.59534147,0.60090347,0.51254377,0.50393980,0.44156621,0.47101881,0.45464290,0.48268286,0.48900309,0.38063150,0.54930706,0.48033914,0.53655006,0.41916195,0.35709006,0.43210325,0.53387955,0.46972373,0.47931384,0.51179408,0.49314413,0.67943574,0.46464921,0.53165912,0.59190543,0.44753459,0.33521202,0.45248114,0.38430197,0.50523606,0.37791738,0.49758727,0.32944880,0.39219200,0.48510520,0.42303417,0.42858166,0.54463043,0.42649538,0.46426405,0.62536413,0.52661205,0.00000000,0.38336893,0.44387312,0.46985405,0.45042294,0.34655257,0.41670118,0.36445055,0.48139541,0.47979869,0.45960356,0.52343581,0.37270745,0.49897269,0.50695088,0.41815165,0.37472613,0.47246353,0.32765091,0.61929866,0.45210015,0.34041231,0.36129550,0.33245136,0.63632752,0.67943574,0.57440161,0.42789544,0.54209920,0.37590444,0.16349024,0.41933265,0.34145562,0.45638271,0.42486599,0.54860165,0.47351686,0.43542924,0.44338044,0.47030809,0.34717099,0.37833161,0.34036647
B1873,0.43233754,0.49263261,0.52208216,0.55748860,0.49382461,0.38686676,0.47353297,0.48789519,0.55416011,0.56347222,0.56435248,0.43641451,0.40719026,0.47836391,0.41940852,0.43612703,0.68439792,0.54028337,0.58463089,0.41976383,0.33646590,0.52023832,0.40126193,0.65204412,0.43786906,0.53062077,0.52131651,0.46107528,0.54395511,0.57397011,0.53767265,0.34538048,0.36696876,0.52937911,0.47462640,0.42283821,0.68667077,0.48079062,0.64640947,0.56016333,0.48671895,0.61120159,0.39395894,0.47442364,0.40428411,0.43285718,0.55077640,0.46993807,0.51003543,0.53585935,0.39259613,0.43251710,0.59454338,0.40537188,0.42232595,0.47132210,0.60470092,0.45810218,0.37589146,0.39284241,0.50126288,0.59596399,0.51247862,0.39368174,0.66931170,0.37914206,0.49578816,0.45502351,0.50828610,0.65412558,0.45746486,0.48614717,0.43256290,0.53417939,0.51209882,0.64561112,0.59134121,0.46042952,0.61367828,0.49291637,0.54617803,0.62113258,0.41079380,0.49680715,0.53551923,0.50358244,0.55260492,0.45407119,0.60280809,0.34280877,0.35841582,0.51306239,0.37793285,0.46874537,0.55561485,0.47966357,0.44578310,0.43841649,0.47708616,0.46216349,0.58267969,0.52163796,0.33685215,0.41476807,0.55626683,0.39512544,0.44078784,0.42394702,0.36676753,0.52064526,0.42468133,0.48737990,0.47392957,0.36810937,0.50202299,0.54330972,0.56166361,0.49988431,0.50914393,0.48552126,0.38350749,0.35417625,0.35730442,0.56913698,0.45746061,0.46298385,0.52582652,0.38541333,0.52513942,0.49784742,0.33855177,0.51486212,0.52158833,0.38086349,0.33324376,0.41002218,0.51282481,0.43687720,0.57756343,0.41585848,0.45093779,0.52170833,0.40251552,0.60328364,0.40980875,0.36810937,0.42398112,0.55764310,0.40499087,0.40147039,0.40523398,0.54398625,0.54444717,0.26103276,0.41819657,0.30611921,0.41050711,0.43865676,0.58634145,0.37233014,0.60675296,0.46132642,0.34038637,0.28687556,0.40028250,0.28925190,0.44873823,0.33081402,0.45518461,0.37649137,0.34806372,0.30025438,0.40974739,0.38767684,0.27679940,0.48213495,0.44147581,0.47769824,0.65184387,0.40603578,0.53818599,0.38133627,0.38070752,0.39339680,0.45278713,0.57999908,0.32781644,0.50409596,0.41188547,0.45170169,0.65991231,0.58077707,0.61987266,0.43084413,0.59591658,0.58979082,0.42594573,0.46381498,0.46810721,0.52777746,0.48204417,0.55992670,0.48659842,0.54360156,0.46929219,0.53534913,0.30880693,0.32845584,0.55484100,0.56990707,0.45594351,0.56576904,0.49696252,0.52251771,0.56149649,0.44992190,0.34021435,0.44815500,0.46047531,0.39219814,0.59407534,0.47353297,0.36861543,0.51246993,0.52498595,0.45478371,0.56262996,0.40635261,0.56734844,0.68498963,0.42643335,0.39041695,0.58042476,0.50259089,0.33949000,0.57481288,0.43951308,0.59635056,0.50965979,0.50103376,0.36777731,0.45685157,0.32564870,0.34440374,0.38337085,0.45939869,0.37649137,0.52922503,0.63403140,0.43858962,0.38336893,0.00000000,0.42605445,0.33275679,0.38697382,0.35470224,0.56989263,0.39035537,0.53532024,0.46190282,0.46916373,0.39326221,0.37290013,0.44576296,0.37053106,0.34783371,0.37635623,0.51485049,0.41142499,0.50793113,0.47042332,0.37899136,0.43201342,0.41299823,0.61744849,0.68498963,0.49622272,0.45679377,0.47747134,0.44476889,0.31315995,0.52346398,0.36445988,0.41088226,0.49541952,0.61712727,0.55118213,0.58456446,0.26042176,0.39347393,0.44678821,0.38187305,0.42732757
B1874,0.45524595,0.52450096,0.53492133,0.51218056,0.58301119,0.46669117,0.45253295,0.49299719,0.50754740,0.45235538,0.42614383,0.41832431,0.25073206,0.44425427,0.47562765,0.43317932,0.55909221,0.51347151,0.53389462,0.50443976,0.44564883,0.67160875,0.51170979,0.69180497,0.42891207,0.52021575,0.54429384,0.48970918,0.41618728,0.69202289,0.59122563,0.41297910,0.36902753,0.45461730,0.41710443,0.41164849,0.55621045,0.47352001,0.55465609,0.29405415,0.41425323,0.55218164,0.46102270,0.44157112,0.43563069,0.31974633,0.48646671,0.53752734,0.51151164,0.45180033,0.42830071,0.46811763,0.50357552,0.43634630,0.50358629,0.46698179,0.48666392,0.50747008,0.50294429,0.51918764,0.56382559,0.54029941,0.43143478,0.49939343,0.53223256,0.35622345,0.47072976,0.39143503,0.55031761,0.59699243,0.52266897,0.44849887,0.49904597,0.60512705,0.27107435,0.55803226,0.54399004,0.47310901,0.56806089,0.45072599,0.49893477,0.54738488,0.43386614,0.46158422,0.46629306,0.49981627,0.55686472,0.47212293,0.52075251,0.50981858,0.47167925,0.38743407,0.46347684,0.46600530,0.49865635,0.41300186,0.51772609,0.42430891,0.51501850,0.36609705,0.59411368,0.45235555,0.35907217,0.41170125,0.42280706,0.52214735,0.51840351,0.45973387,0.49307186,0.50344678,0.50387968,0.50439796,0.54323020,0.68575611,0.33091960,0.56989690,0.58195010,0.46711595,0.49578721,0.40083927,0.42875929,0.38523826,0.51675930,0.50439148,0.49223850,0.47377142,0.47103150,0.44763099,0.49557794,0.44607575,0.48207818,0.54610958,0.60415364,0.43121851,0.46487071,0.38030007,0.46554820,0.52010927,0.48522371,0.50182183,0.56185432,0.59814048,0.46117614,0.47061772,0.41650897,0.68575611,0.37516196,0.54147119,0.44371947,0.45550233,0.46717792,0.27060983,0.52738890,0.41062522,0.47261674,0.49155948,0.37375561,0.50874754,0.55004794,0.33994759,0.57610399,0.40290343,0.47741894,0.56767790,0.65759423,0.56787022,0.52916904,0.52020683,0.60817061,0.57927472,0.51326848,0.45356273,0.37319728,0.49694387,0.51461937,0.48866598,0.51377537,0.54694312,0.51731355,0.42498914,0.53580479,0.46226523,0.49372265,0.42156755,0.49546508,0.57593872,0.50734097,0.54747726,0.41869378,0.45457631,0.60732757,0.60479196,0.43819097,0.59382263,0.55661041,0.55019706,0.55572548,0.49918545,0.52340796,0.42530050,0.43266154,0.51746023,0.45345031,0.50684235,0.28400510,0.56096339,0.54754969,0.56914480,0.50714927,0.61200485,0.43317039,0.56151661,0.45628854,0.46800698,0.42675663,0.55767791,0.55070767,0.41026702,0.51156352,0.47664163,0.58380930,0.45253295,0.44897274,0.41151957,0.52095879,0.49330817,0.45702214,0.46727555,0.49014906,0.53994400,0.35390818,0.42141394,0.57640947,0.52951133,0.47928650,0.42741409,0.33266641,0.33285537,0.35422869,0.46848314,0.45589196,0.41886956,0.49797817,0.49142794,0.42603789,0.36908467,0.57927472,0.42383168,0.61646674,0.37547260,0.44387312,0.42605445,0.00000000,0.57208018,0.56815381,0.44180687,0.60827863,0.40310484,0.62556763,0.48318823,0.48982062,0.56887460,0.56044663,0.45086880,0.34233305,0.48426527,0.43563502,0.35536493,0.50027492,0.50383240,0.51862356,0.50741726,0.50556290,0.49369035,0.59700193,0.53994400,0.44701717,0.53714423,0.52839776,0.41519475,0.39138899,0.50483267,0.41813047,0.54335078,0.46576361,0.58162133,0.53681221,0.56021642,0.50281979,0.51956302,0.44791563,0.44810938,0.46993429
B2125,0.52438601,0.48370252,0.53046111,0.50118849,0.51114142,0.45836298,0.46193465,0.47336214,0.48631634,0.60425301,0.58664622,0.51680331,0.48136040,0.43816805,0.39181578,0.41070372,0.55197712,0.43437869,0.55355011,0.37038309,0.33771708,0.37963470,0.38402544,0.59900309,0.41333912,0.49459380,0.44686550,0.44876323,0.57802956,0.50385784,0.47253855,0.44986008,0.48246401,0.56167852,0.54030478,0.51949083,0.67043973,0.55466845,0.63354876,0.60672776,0.47753059,0.48619406,0.46809769,0.43585271,0.45657526,0.41100966,0.59827221,0.32238441,0.53310216,0.54355211,0.51414267,0.37408551,0.53056517,0.45358174,0.37079259,0.48387936,0.68539908,0.42109356,0.22329636,0.40342704,0.39592806,0.62118229,0.56018704,0.43658376,0.64537362,0.55969712,0.61536907,0.40671276,0.56610216,0.68276132,0.51626486,0.47555728,0.49357218,0.54720540,0.57038223,0.62548378,0.58017730,0.46669214,0.57871126,0.54972362,0.56936495,0.64035164,0.29311735,0.56517033,0.53876009,0.51403263,0.55784823,0.52303564,0.57378218,0.42391064,0.46587250,0.61283913,0.46192890,0.42813949,0.54134498,0.43059027,0.50696982,0.53883837,0.49013809,0.53156924,0.45456498,0.57557122,0.48589257,0.50747416,0.62103387,0.33489422,0.41203554,0.46406771,0.35462748,0.50324075,0.53008819,0.33067259,0.43321791,0.35500050,0.51647738,0.64634860,0.52564689,0.59608804,0.49498661,0.57781434,0.28615877,0.49483445,0.37901799,0.52378625,0.42467574,0.45546466,0.43778642,0.40406985,0.39483415,0.45770166,0.32850323,0.48702097,0.40450952,0.44192320,0.37035274,0.58126566,0.56959433,0.50462092,0.50915591,0.50693264,0.58858776,0.48984651,0.51936189,0.62091192,0.52843557,0.35500050,0.45060196,0.51309159,0.55477765,0.44432328,0.52884562,0.59341680,0.42167233,0.42675451,0.55160542,0.29288438,0.57948557,0.45965505,0.53911733,0.50641074,0.54740450,0.46808546,0.35968171,0.31494456,0.40286031,0.35846891,0.45335483,0.42763823,0.48812239,0.50613741,0.34714292,0.38271476,0.58356593,0.39960406,0.37733660,0.50376380,0.42209642,0.46265685,0.66633146,0.48378534,0.59714133,0.40602830,0.38242357,0.56197304,0.54853896,0.58079021,0.41734272,0.49871629,0.50422973,0.41858163,0.62484579,0.58867104,0.57967379,0.42512346,0.56294891,0.55137899,0.43484015,0.37760222,0.48382616,0.46444423,0.49326647,0.51280795,0.56295348,0.43733096,0.50661422,0.35953752,0.20210194,0.00585284,0.57944592,0.49934195,0.51968162,0.53423285,0.59500769,0.52250360,0.56806653,0.42380905,0.24308525,0.48808866,0.40797813,0.28432783,0.58292948,0.46193465,0.41150426,0.52241570,0.63203904,0.31647868,0.60743596,0.53022640,0.53380677,0.58681130,0.56850442,0.53120475,0.37607798,0.43630934,0.35804425,0.57833324,0.52658431,0.68162715,0.52284241,0.64191336,0.40005654,0.43148933,0.40053095,0.40006077,0.49185576,0.46612265,0.50613741,0.54550083,0.59374385,0.45316441,0.46985405,0.33275679,0.57208018,0.00000000,0.29824760,0.45504020,0.59289592,0.41564217,0.44268808,0.58535364,0.44324888,0.54694405,0.42861677,0.60392081,0.47930221,0.39345653,0.51243518,0.49688469,0.49610301,0.61471954,0.44506129,0.43469828,0.52901077,0.30246880,0.57003420,0.58681130,0.55015388,0.60009636,0.51452771,0.50336561,0.37517063,0.41249144,0.49204525,0.52050653,0.51905784,0.58337932,0.54059178,0.53119552,0.41636601,0.56117585,0.54197443,0.50545000,0.53114382
B2133,0.50154344,0.49660633,0.56565973,0.48567303,0.47613545,0.47740195,0.50484297,0.50273006,0.58356809,0.65260633,0.62443728,0.55645076,0.50838735,0.45561888,0.40018670,0.41801209,0.58464055,0.47403141,0.58294752,0.36612157,0.33237185,0.44804898,0.46908251,0.59519178,0.42150258,0.54350120,0.43313152,0.51545900,0.53544851,0.55778998,0.53113863,0.42512029,0.43573418,0.55452542,0.57566310,0.49797036,0.67246151,0.58401476,0.65086681,0.59247057,0.49337873,0.53477305,0.44590702,0.44358638,0.42080873,0.49060057,0.53798464,0.33853109,0.54226972,0.58526373,0.50386892,0.41871500,0.57853533,0.45210178,0.36361634,0.52234303,0.69275903,0.44227038,0.23760674,0.45719086,0.43467388,0.57236588,0.45744696,0.35690330,0.58736628,0.53362152,0.53139247,0.45241235,0.58318715,0.62146631,0.56770706,0.47873692,0.52359109,0.54706461,0.55725059,0.60757187,0.59696727,0.50350422,0.59395589,0.61040534,0.56953528,0.56641908,0.32932617,0.57244377,0.56923340,0.51785653,0.46584851,0.54317386,0.55072442,0.35885081,0.51586949,0.57605678,0.42184771,0.47837091,0.53991899,0.46661919,0.52396636,0.49216543,0.54722111,0.58251772,0.49757387,0.45997519,0.46724052,0.50164459,0.57210560,0.36268867,0.42495102,0.50039954,0.41070683,0.49318504,0.52816702,0.38959920,0.47613056,0.37566647,0.47945609,0.59095705,0.54316077,0.57247088,0.48104887,0.54386099,0.25449042,0.51867542,0.37213460,0.48070950,0.43814011,0.47247041,0.48561056,0.40782160,0.44948894,0.44312790,0.31621313,0.52179655,0.40556184,0.41849866,0.38161894,0.53852636,0.58009244,0.51920125,0.55188011,0.41725528,0.45439224,0.52144734,0.51615577,0.65744177,0.53259097,0.37566647,0.52584774,0.55965183,0.48077278,0.41101913,0.55448568,0.56784446,0.45521560,0.44662566,0.52981648,0.31151432,0.54133068,0.40918557,0.52358142,0.52502551,0.56320976,0.46448162,0.38885923,0.34389699,0.37174987,0.38925653,0.44368810,0.37689400,0.38310361,0.43217967,0.37338241,0.44862100,0.53650898,0.34028673,0.43776831,0.46770006,0.42034612,0.50527083,0.72052510,0.50922714,0.60441118,0.40229944,0.44017448,0.53855021,0.52957751,0.57064760,0.46518037,0.49141729,0.48302687,0.40641859,0.61524591,0.59815182,0.62988076,0.45693715,0.59088414,0.60680709,0.42305295,0.37111829,0.48058407,0.43610972,0.51478057,0.54301886,0.51690865,0.48051282,0.45987371,0.36386842,0.29218390,0.29361441,0.59376415,0.52680883,0.51357670,0.55882662,0.54197287,0.56315994,0.52575668,0.40235129,0.37696485,0.56413904,0.38652873,0.36018162,0.55875868,0.50484297,0.44203819,0.58636523,0.48510516,0.37096838,0.56898538,0.55582954,0.52233332,0.60354071,0.53102221,0.47905446,0.42253788,0.45807572,0.38722510,0.58632657,0.48636303,0.64749074,0.48394069,0.58883762,0.46561569,0.42823989,0.41220617,0.37575929,0.39516920,0.46385991,0.43217967,0.58843005,0.61195454,0.46730824,0.45042294,0.38697382,0.56815381,0.29824760,0.00000000,0.38592415,0.60373207,0.38546181,0.44129015,0.55821278,0.47653486,0.46855512,0.45325877,0.50525008,0.46398003,0.34580264,0.47240969,0.50700494,0.51299026,0.56082058,0.50084187,0.43363414,0.48515581,0.34964257,0.60335669,0.60354071,0.55102775,0.43614923,0.51529356,0.50324036,0.36910739,0.37769551,0.46785834,0.40921743,0.48337663,0.59062876,0.53401431,0.52283960,0.44039441,0.46758459,0.56472592,0.47056420,0.51716056
B2696,0.33882835,0.36777690,0.44891834,0.41276963,0.44077888,0.28830967,0.39504897,0.46716509,0.43386234,0.55632743,0.57614560,0.38519895,0.39491593,0.44970356,0.31669261,0.30332205,0.68225114,0.56551612,0.44670316,0.32773905,0.28015163,0.45640283,0.30178358,0.62824288,0.30693026,0.44675104,0.40405247,0.38255876,0.46505237,0.51497064,0.52062437,0.30585493,0.33626520,0.40794482,0.43390615,0.37293681,0.62532637,0.39071873,0.56468832,0.45205957,0.44097622,0.60649922,0.32775730,0.40652120,0.28827997,0.45782643,0.54280358,0.47319188,0.41794719,0.44605687,0.30575420,0.41581367,0.57061447,0.24717611,0.33034345,0.47796593,0.62243884,0.47905042,0.42960367,0.32817784,0.43982444,0.56016521,0.48651022,0.47544180,0.61387491,0.49768677,0.52780448,0.40179960,0.47558989,0.59067685,0.44677406,0.43500497,0.39933568,0.39222305,0.52257048,0.62076141,0.53746790,0.42763829,0.55063129,0.53148071,0.43690704,0.58505782,0.42531167,0.44420799,0.48035592,0.47456739,0.46266096,0.44023112,0.55556580,0.42476701,0.36085581,0.50961219,0.27791261,0.45770659,0.58402343,0.55378616,0.33560731,0.40929306,0.46201575,0.54055703,0.62967068,0.49409052,0.35512324,0.51986964,0.50979577,0.51678079,0.59487876,0.43022326,0.42048143,0.55601017,0.49137228,0.50774424,0.38959599,0.50569641,0.39667393,0.49776299,0.58683183,0.50418728,0.54096974,0.51535378,0.40457052,0.35934860,0.32560694,0.55164677,0.46636661,0.44144493,0.57924371,0.41415436,0.54802218,0.51628906,0.39280090,0.39834015,0.41500846,0.39368087,0.39629796,0.40626313,0.53160416,0.43234941,0.56327339,0.29090071,0.30701680,0.53342601,0.31409142,0.50622536,0.39551175,0.50569641,0.42847553,0.56476377,0.44158370,0.29925303,0.49618250,0.51394706,0.51797037,0.34019893,0.47619773,0.40048725,0.40302870,0.49059106,0.56957248,0.32675029,0.61455168,0.43564166,0.33955079,0.37759756,0.54374402,0.43589430,0.44859817,0.32573094,0.38605628,0.30743589,0.42371092,0.39286033,0.40619844,0.39454611,0.43063234,0.47775686,0.59383797,0.50355630,0.55741412,0.31392106,0.51886517,0.34666776,0.46130423,0.30684735,0.38490909,0.55078428,0.42533003,0.36864539,0.35396063,0.52872260,0.62256445,0.51927022,0.61840897,0.54012593,0.62437815,0.51670767,0.46161673,0.46528068,0.44901269,0.48408847,0.35014602,0.48263737,0.49208092,0.56084257,0.43620598,0.56791860,0.46791681,0.45303212,0.57225381,0.61732818,0.49950635,0.52026389,0.47477182,0.48317617,0.42367821,0.46662535,0.45577532,0.38558772,0.50010005,0.44043603,0.62332179,0.39504897,0.29457067,0.44922948,0.43031486,0.49366797,0.52025100,0.49758708,0.52399447,0.71056232,0.44024215,0.48102178,0.61436395,0.50119559,0.34075624,0.47786544,0.37473869,0.48439634,0.49785771,0.53019948,0.30345461,0.32398345,0.41988535,0.39871405,0.38904477,0.45620830,0.30743589,0.49914140,0.66318438,0.44929543,0.34655257,0.35470224,0.44180687,0.45504020,0.38592415,0.00000000,0.48097064,0.34073835,0.46527015,0.51938352,0.50801953,0.46079509,0.34690623,0.48363264,0.45524832,0.40160023,0.33487541,0.45034965,0.44859132,0.57004417,0.49616308,0.36165195,0.42499373,0.34215680,0.65115850,0.71056232,0.57099211,0.36857834,0.54860006,0.44974827,0.30308543,0.40240266,0.35554105,0.38481631,0.44576191,0.55780206,0.49669687,0.49778931,0.32861219,0.34577339,0.35730057,0.33539422,0.36433731
B3567,0.50677965,0.44786256,0.51806070,0.47260415,0.53733299,0.41274294,0.46960823,0.57887139,0.51596652,0.58407254,0.54722801,0.48768409,0.52975713,0.60261427,0.37725392,0.40217179,0.76315578,0.67849270,0.46477670,0.48078740,0.45295782,0.51288239,0.40595273,0.54680387,0.40610142,0.60857252,0.46976721,0.53437761,0.51930758,0.61295356,0.62695618,0.52801183,0.62485696,0.52195778,0.41945038,0.43854645,0.60990962,0.47807825,0.59139233,0.60899654,0.55345892,0.72902661,0.50258864,0.54724832,0.43558986,0.60459059,0.69721363,0.63623801,0.43978348,0.42669667,0.45594816,0.60334769,0.57981508,0.47040258,0.48404400,0.55599354,0.60022722,0.59066429,0.58161713,0.39871723,0.59852444,0.68553163,0.58895565,0.64880484,0.67846798,0.73161595,0.67734835,0.55792369,0.56777094,0.65843162,0.47670160,0.53859537,0.55497311,0.44581471,0.62973673,0.72995654,0.53804049,0.49673115,0.52218446,0.55151454,0.47256414,0.66161383,0.59000209,0.59625608,0.58936278,0.55271582,0.56959839,0.46770196,0.65116506,0.56498313,0.52912644,0.64247619,0.45455598,0.50356391,0.65031285,0.57571895,0.45899163,0.57110562,0.53922976,0.70736840,0.68496105,0.59500165,0.50557197,0.69268437,0.50090713,0.64831786,0.70221545,0.48607891,0.49090968,0.62983845,0.52968420,0.64735803,0.44300486,0.66122959,0.47737345,0.60220989,0.71944882,0.44900756,0.57645122,0.62288409,0.50582815,0.54300221,0.51353148,0.61577792,0.59316137,0.60894287,0.62337443,0.56259244,0.70989080,0.58748852,0.48871671,0.46350958,0.48995096,0.62559479,0.65602324,0.61676268,0.56496438,0.57808363,0.56643398,0.59556909,0.63804737,0.62542722,0.46667216,0.52622101,0.52660838,0.66122959,0.51700892,0.58011041,0.60772765,0.35942586,0.65924463,0.62572235,0.64120211,0.53963394,0.59172258,0.50040899,0.61275478,0.59997791,0.56177819,0.41754264,0.72985131,0.40035871,0.42001831,0.55331690,0.63530006,0.59465476,0.52252599,0.55708405,0.57469449,0.63776359,0.43459829,0.62414875,0.61510922,0.58449768,0.54213118,0.60064388,0.70449504,0.65098204,0.55217892,0.45310004,0.56528817,0.48106298,0.56786123,0.47367037,0.49345241,0.58279709,0.58180498,0.50268550,0.52814673,0.58411431,0.59833796,0.48747460,0.59285315,0.71249844,0.64825785,0.54764571,0.53085540,0.56834321,0.59201121,0.61060045,0.46928004,0.49515615,0.57474452,0.67021732,0.55706156,0.65465897,0.57569035,0.59576342,0.69961315,0.74284365,0.65426600,0.57382044,0.62208873,0.55419245,0.58523407,0.54878807,0.62692410,0.45736089,0.66531724,0.62649500,0.70511193,0.46960823,0.47683041,0.58158036,0.65564768,0.62770181,0.48013329,0.66058571,0.57255392,0.78682495,0.65739146,0.69493412,0.70454164,0.56317606,0.41172433,0.50392637,0.51674501,0.62293638,0.52619514,0.63422699,0.47850512,0.52529984,0.56003918,0.60386647,0.66216123,0.59887336,0.63776359,0.61139646,0.66781326,0.58717154,0.41670118,0.56989263,0.60827863,0.59289592,0.60373207,0.48097064,0.00000000,0.52311474,0.50505237,0.66628826,0.64856873,0.61311046,0.42549439,0.64655905,0.67345311,0.58896574,0.56106537,0.60101175,0.50605987,0.74275847,0.47025562,0.39265233,0.48250654,0.42437230,0.65113185,0.78682495,0.65055336,0.66949865,0.66007543,0.52160276,0.39582057,0.50096926,0.57769060,0.59460360,0.57245139,0.53667864,0.49905185,0.45609594,0.61798694,0.56217564,0.48989315,0.56102165,0.59995522
B4826,0.37884516,0.35861705,0.44938810,0.37352132,0.44097328,0.34246056,0.33641129,0.34627015,0.34080051,0.44999070,0.44291805,0.33374635,0.38215664,0.41483810,0.29996794,0.23680183,0.61057757,0.47222334,0.35588534,0.39136973,0.31915894,0.46414016,0.38502632,0.54994991,0.23592734,0.40861772,0.34163812,0.39207054,0.42393237,0.53121833,0.41441626,0.30651318,0.34564969,0.42818419,0.41951266,0.37110748,0.55062206,0.41943149,0.50640713,0.49461283,0.38028856,0.58202037,0.33985867,0.26908521,0.27121229,0.39283784,0.46664692,0.37299705,0.40884373,0.40850292,0.31983373,0.39844943,0.51355930,0.30895406,0.39188852,0.43528230,0.51494603,0.27184592,0.36420449,0.40404938,0.39714908,0.41879586,0.30747005,0.39887958,0.45774088,0.43092415,0.42970910,0.19727407,0.46418585,0.45017924,0.45921314,0.38420304,0.40318988,0.48974090,0.45124820,0.53855919,0.49621209,0.42557401,0.53113320,0.52737359,0.39625537,0.43610930,0.32668065,0.41898189,0.44559300,0.39952583,0.43694336,0.40925526,0.51115552,0.43065895,0.47372471,0.51452994,0.32673026,0.38805330,0.56970855,0.41459496,0.42761744,0.30390153,0.48794379,0.50748917,0.45582022,0.31526731,0.25455170,0.44124091,0.41613589,0.40809367,0.48234998,0.24162087,0.44569105,0.45052515,0.50249630,0.38406446,0.41385914,0.55768585,0.35665274,0.54384911,0.45793251,0.43425059,0.38052427,0.45867994,0.34553931,0.37754224,0.38489916,0.46200377,0.26823066,0.27795170,0.48624574,0.36241188,0.51836528,0.41719601,0.37141857,0.40931080,0.43785460,0.34407126,0.38131413,0.41549204,0.49802085,0.49480363,0.47805166,0.38960232,0.44029380,0.52380187,0.33477005,0.47862131,0.47487505,0.55768585,0.35910596,0.47918697,0.36350064,0.33925589,0.51271462,0.45154338,0.46313646,0.39580622,0.45271309,0.38533722,0.41293767,0.35106208,0.43355780,0.29150380,0.45080876,0.31055996,0.41568892,0.43666335,0.53955249,0.46628485,0.43278093,0.36335210,0.42203695,0.45178755,0.40860540,0.45769037,0.42081600,0.34285624,0.43444346,0.48383697,0.47575999,0.47492239,0.57021799,0.29433549,0.49079468,0.44914712,0.44399901,0.38014548,0.43233036,0.41800031,0.48261512,0.39056430,0.35136020,0.39873080,0.50770345,0.49149791,0.50044671,0.57157890,0.50747561,0.44912153,0.44824132,0.40417037,0.47026395,0.33685538,0.29857128,0.35082318,0.36886075,0.48037469,0.40220052,0.44418473,0.40225235,0.41069278,0.53505963,0.64456005,0.47259647,0.40364184,0.35224202,0.37852693,0.43893543,0.36805036,0.46086645,0.34089003,0.55500367,0.47604022,0.45808078,0.33641129,0.28044483,0.44113142,0.50708739,0.35386129,0.43594033,0.51335059,0.39771977,0.64251359,0.42462224,0.38499799,0.49062113,0.40630820,0.41636549,0.39879672,0.43700689,0.52336901,0.46290593,0.52535445,0.30499728,0.27891305,0.47755584,0.38474481,0.32438943,0.42323395,0.45178755,0.46580399,0.57883716,0.41859787,0.36445055,0.39035537,0.40310484,0.41564217,0.38546181,0.34073835,0.52311474,0.00000000,0.43003279,0.47137848,0.44976752,0.51667717,0.43659810,0.42410256,0.37071436,0.30291516,0.32180092,0.42126733,0.46679446,0.51263595,0.43499988,0.42499931,0.42155636,0.33105624,0.52328728,0.64251359,0.49708137,0.40591260,0.50978966,0.38149718,0.32226645,0.30744814,0.33690170,0.42537974,0.43880885,0.52801654,0.46906022,0.45775389,0.47292970,0.46096046,0.36555453,0.33634752,0.40194600
B4913,0.50352287,0.41138878,0.56591918,0.44641755,0.52539877,0.45258440,0.41521239,0.56962869,0.52666434,0.59407139,0.54664342,0.51720020,0.52531154,0.54970697,0.36047520,0.34915535,0.61129775,0.54213845,0.45791967,0.25403398,0.34783456,0.30870529,0.37035566,0.65557572,0.35230540,0.51364549,0.31830219,0.49575547,0.46925629,0.54792699,0.62442026,0.53838575,0.59803984,0.44881937,0.50106741,0.45475048,0.56146524,0.51123310,0.51615682,0.63083220,0.45534858,0.58750818,0.51350958,0.42999278,0.41601316,0.51743969,0.63303822,0.47517309,0.38396748,0.48545138,0.44947282,0.50497655,0.53839213,0.46993234,0.26113641,0.51330057,0.64686633,0.46384235,0.43952281,0.30497465,0.47999753,0.67778635,0.60480743,0.50238369,0.68447944,0.65811340,0.64049609,0.42206670,0.65251371,0.60086413,0.44764002,0.45414358,0.51907365,0.48466660,0.63366827,0.66508567,0.48043008,0.52004909,0.49983505,0.56474557,0.44581139,0.65683508,0.48834931,0.56092652,0.56515716,0.58522738,0.50153202,0.45501379,0.60016054,0.57363649,0.46372312,0.64532607,0.45972353,0.49905300,0.57981525,0.46550122,0.50782159,0.60911154,0.54138461,0.69249854,0.57310236,0.61138501,0.55785098,0.59058106,0.59249644,0.52883237,0.54990486,0.50970338,0.37131000,0.55154302,0.61926162,0.45215923,0.44029699,0.48256001,0.46676810,0.58115584,0.64311349,0.57233723,0.53548697,0.56361085,0.40986530,0.60697909,0.42769384,0.45879652,0.45876957,0.49898265,0.51983927,0.50893834,0.54383997,0.52095202,0.38929411,0.48138480,0.31423875,0.61037277,0.50397315,0.67258368,0.56256147,0.45496044,0.52166057,0.60028079,0.66598242,0.57927943,0.42680824,0.53444334,0.58103824,0.48256001,0.48980151,0.56949561,0.67545521,0.40702275,0.60263210,0.63085726,0.51914124,0.50838521,0.64629124,0.41219694,0.66996920,0.46810178,0.55384622,0.56204334,0.65524643,0.46281756,0.42912180,0.44716504,0.51300522,0.46425886,0.44916960,0.46735580,0.43655320,0.50508317,0.39390308,0.59072256,0.68105832,0.44069930,0.51821400,0.57161280,0.55205192,0.48922276,0.61191491,0.55997824,0.67064994,0.38997645,0.52645487,0.50142663,0.42152172,0.56553854,0.45937632,0.41392767,0.55963553,0.58470875,0.61724045,0.61559518,0.58558428,0.61184127,0.62925655,0.62036102,0.40096776,0.50271203,0.50821307,0.51250724,0.44654031,0.51212997,0.64561723,0.54345743,0.47354907,0.54023330,0.46785476,0.44474016,0.72095268,0.64357924,0.63804068,0.55141705,0.66404421,0.58476189,0.57696674,0.44105717,0.49828632,0.48012661,0.53671469,0.47370955,0.62641266,0.41521239,0.43018500,0.62680419,0.67495536,0.46580698,0.59672663,0.60414307,0.47564424,0.61908992,0.59624826,0.60008960,0.51799636,0.45439140,0.41940909,0.56343488,0.51005328,0.65761098,0.53373918,0.66510946,0.49405797,0.43751451,0.48222722,0.43699111,0.55503903,0.55526425,0.50508317,0.55426910,0.62784543,0.53850559,0.48139541,0.53532024,0.62556763,0.44268808,0.44129015,0.46527015,0.50505237,0.43003279,0.00000000,0.71378339,0.63545835,0.63405602,0.42876130,0.64079099,0.63986316,0.45547591,0.59930771,0.56133959,0.59856242,0.72998647,0.54261603,0.43527522,0.54208491,0.26770255,0.67114176,0.61908992,0.64491943,0.66124922,0.69669869,0.56659399,0.41269373,0.36940867,0.63985436,0.59668226,0.52390018,0.48213099,0.41640986,0.41020029,0.62916453,0.56292749,0.45602453,0.59830842,0.65722425
B4925,0.54144781,0.57560140,0.59371102,0.60105807,0.62816211,0.53041913,0.52072062,0.48747489,0.58278772,0.63503242,0.63935106,0.50924245,0.43663601,0.54601207,0.51966310,0.49957451,0.75443471,0.67094224,0.62957763,0.54872157,0.43763448,0.66156418,0.56612736,0.71430764,0.50226908,0.56453971,0.61003164,0.55124613,0.62666294,0.58281409,0.60831176,0.47285185,0.43093258,0.64191503,0.51538149,0.49450769,0.73567067,0.55536298,0.76191515,0.55686447,0.53444912,0.69588058,0.50169911,0.49017591,0.50755391,0.50571296,0.50811796,0.55872173,0.62331503,0.64231410,0.52516065,0.47805112,0.63138477,0.47843792,0.55183497,0.48268068,0.53733132,0.53214534,0.52491525,0.56787058,0.56737925,0.52225086,0.43528857,0.53777178,0.60799118,0.48641394,0.48415946,0.46066488,0.60415041,0.65040436,0.61327235,0.56494945,0.57473476,0.65454150,0.54524904,0.51899381,0.66529202,0.47864360,0.71088090,0.53559992,0.61356991,0.56616512,0.50682340,0.44450201,0.58544110,0.48564985,0.64417056,0.58631712,0.50491129,0.43751590,0.59575181,0.60371696,0.53391406,0.53385900,0.63607760,0.49890054,0.57339065,0.32876405,0.52416172,0.55581802,0.60405396,0.45291775,0.41400027,0.46215616,0.53190486,0.47949084,0.52771483,0.45301562,0.54869775,0.51846389,0.54579972,0.58833582,0.66839337,0.65765502,0.54709242,0.64325695,0.58240566,0.43444028,0.42692412,0.47010873,0.48839018,0.38049817,0.53005739,0.61497635,0.51071873,0.47181431,0.63945297,0.46957578,0.63703889,0.55111505,0.54206610,0.62156948,0.63446770,0.41430978,0.50013023,0.44315870,0.63117496,0.60051697,0.58255556,0.51251958,0.52724161,0.58605178,0.52485644,0.62320689,0.48184055,0.65765502,0.53773840,0.62855281,0.40546788,0.50959785,0.44996732,0.55111576,0.57924766,0.45450331,0.51453358,0.55102596,0.43687642,0.52285118,0.56824240,0.46539294,0.31917162,0.52445381,0.52572813,0.54879824,0.63638381,0.56090147,0.48772672,0.56010679,0.64409242,0.59929547,0.58337451,0.40751926,0.44539652,0.51043634,0.48709391,0.58813163,0.52365100,0.55254701,0.70809016,0.48306151,0.38070755,0.53319025,0.50088617,0.47991171,0.57129498,0.60786013,0.49884478,0.58813885,0.46876312,0.47315453,0.70788658,0.64500084,0.62700798,0.57799894,0.65921705,0.64147230,0.52092791,0.46167970,0.55389026,0.46490167,0.53698470,0.57264576,0.41325748,0.67483631,0.53727302,0.57132266,0.54328793,0.58331615,0.47222433,0.63428339,0.46087985,0.55593255,0.47143563,0.54836018,0.56746379,0.56515947,0.51241698,0.52609079,0.57697906,0.54660027,0.52828943,0.52072062,0.48838815,0.56854332,0.58028576,0.55228350,0.53227433,0.45179747,0.57304395,0.68823008,0.42829039,0.46807887,0.60189341,0.58017865,0.52036971,0.58898115,0.48719953,0.59400837,0.57784511,0.52801304,0.46402008,0.51407319,0.56007013,0.46951422,0.45167989,0.47934775,0.59929547,0.62479000,0.70924611,0.50652977,0.47979869,0.46190282,0.48318823,0.58535364,0.55821278,0.51938352,0.66628826,0.47137848,0.71378339,0.00000000,0.21276805,0.56635379,0.56822608,0.37638137,0.47636040,0.50287978,0.44881157,0.50929063,0.54478151,0.42008381,0.44222476,0.59162715,0.55171148,0.52954264,0.61886437,0.68823008,0.56382211,0.50391427,0.47347665,0.37906510,0.46365680,0.61358287,0.41314121,0.57715674,0.55455717,0.71611721,0.66953624,0.60452993,0.54213875,0.53609505,0.53369908,0.44493216,0.47624000
B4940,0.50123497,0.51526987,0.56130217,0.56984511,0.61151950,0.48994197,0.48849197,0.47418844,0.54113267,0.63357926,0.62394457,0.51675473,0.45231543,0.47159010,0.47123707,0.43589909,0.60619122,0.54534092,0.59770956,0.44946583,0.37699593,0.56443164,0.50321246,0.69455597,0.43824563,0.50520554,0.52726025,0.52787982,0.60183839,0.64097299,0.52694926,0.49505961,0.47939773,0.59483823,0.49693346,0.49663841,0.67792574,0.53488733,0.71583421,0.55425404,0.52213742,0.56817988,0.48028569,0.42764106,0.44241871,0.45106930,0.54271055,0.45037617,0.57501887,0.57110234,0.50419854,0.38881032,0.56615135,0.46269351,0.44786954,0.43573350,0.62250911,0.43954585,0.39309938,0.52610429,0.48245067,0.58181959,0.49271135,0.52143154,0.61162029,0.48111642,0.55703179,0.43285909,0.59134209,0.66948518,0.57039309,0.48613003,0.53531545,0.59991868,0.55332986,0.60089623,0.62253650,0.46459828,0.66532365,0.57361067,0.61442753,0.58596741,0.37611825,0.46515450,0.58555868,0.49023998,0.62150620,0.54247304,0.56762937,0.38071191,0.58388982,0.57208577,0.51190029,0.50434385,0.58513681,0.44186414,0.53760262,0.40620917,0.55694569,0.58278814,0.49005963,0.50914206,0.40164429,0.52207612,0.56102027,0.44078689,0.48903523,0.43804351,0.51160439,0.53894947,0.56732894,0.44743113,0.62651609,0.60449342,0.51993274,0.61495110,0.56492527,0.48319898,0.46821766,0.51545304,0.37455500,0.45766387,0.50426607,0.58653477,0.45050687,0.44748876,0.51483372,0.48102406,0.49307684,0.49730431,0.46932255,0.56277836,0.56071951,0.39022036,0.45810549,0.49524787,0.61379073,0.53894401,0.52109751,0.50864254,0.57638998,0.47477213,0.50003969,0.56960156,0.49049407,0.60449342,0.46025366,0.59143371,0.45053165,0.46888194,0.48748492,0.55444645,0.50209340,0.45178244,0.47468508,0.48973980,0.49292490,0.47786924,0.55722350,0.43913311,0.43653598,0.47223139,0.50085307,0.53057005,0.61810446,0.56370423,0.49957086,0.54560435,0.62294396,0.58264542,0.53241762,0.40668301,0.49793339,0.49875014,0.49614825,0.53607886,0.48568411,0.56819839,0.66025618,0.43853237,0.52381760,0.49315519,0.49186087,0.48285803,0.55448996,0.58239585,0.53623657,0.55118285,0.44874857,0.50102191,0.67809193,0.61351773,0.57939801,0.45841972,0.59885762,0.61787822,0.54486947,0.36814510,0.52194014,0.45897766,0.50693720,0.57123493,0.49051519,0.54379935,0.52342340,0.46950967,0.44069660,0.44126542,0.53095700,0.50997990,0.47961150,0.55657634,0.49398786,0.55554079,0.56409033,0.49875065,0.43108906,0.51850498,0.45090914,0.42405044,0.52162487,0.48849197,0.45361378,0.52859482,0.60203059,0.42812886,0.57025158,0.48946727,0.53901310,0.59483879,0.46560889,0.49944930,0.48665414,0.45460011,0.49427636,0.53481703,0.45914273,0.59562261,0.55740779,0.56144438,0.43410316,0.45032353,0.56405194,0.45410347,0.43397741,0.47304588,0.58264542,0.53003588,0.65311360,0.46729836,0.45960356,0.46916373,0.48982062,0.44324888,0.47653486,0.50801953,0.64856873,0.44976752,0.63545835,0.21276805,0.00000000,0.54079364,0.55863587,0.51052649,0.44536728,0.46790782,0.47684807,0.48563102,0.56059185,0.51014620,0.40212265,0.58037960,0.51731942,0.41490299,0.58173913,0.59483879,0.52145637,0.58044383,0.49741326,0.44076097,0.40382792,0.52334519,0.45253065,0.58524858,0.53242570,0.65925346,0.63717239,0.55859865,0.55272929,0.55356904,0.54538352,0.46572593,0.47101613
B4948,0.50101212,0.57754322,0.58022673,0.59690115,0.55655267,0.50180317,0.53292206,0.55876460,0.66150390,0.65555957,0.66401974,0.57402815,0.54087430,0.60641369,0.51139215,0.48900493,0.75774298,0.66723493,0.62025164,0.50183862,0.47498197,0.60081418,0.50772605,0.67769688,0.49462099,0.64849816,0.61278435,0.55475578,0.58816655,0.62900344,0.65203842,0.48074051,0.50348925,0.62218300,0.54800751,0.50377140,0.69282549,0.59928128,0.74492172,0.66475357,0.63621990,0.71054219,0.50918509,0.63958374,0.49800137,0.55882178,0.64120544,0.53934576,0.61514076,0.60935548,0.53748396,0.54169349,0.71759269,0.49338956,0.50536140,0.55652332,0.66613846,0.59071123,0.53168410,0.50833165,0.59886575,0.66339285,0.57406630,0.44683507,0.69069020,0.54150404,0.57841685,0.58083713,0.60311411,0.70393119,0.59382584,0.54141896,0.56624564,0.53314637,0.60801237,0.69586927,0.62117402,0.54208820,0.58713500,0.61590254,0.59880727,0.68404073,0.55152439,0.58557791,0.59938107,0.59378590,0.60474867,0.59148829,0.68492975,0.48170634,0.46938902,0.60229089,0.47125974,0.60480738,0.62893308,0.58856439,0.47113219,0.57204893,0.58339925,0.62459190,0.68866476,0.57979041,0.46033043,0.58121478,0.59811870,0.59405575,0.62309034,0.56207688,0.47546984,0.64483587,0.55760510,0.62866435,0.53154037,0.54682993,0.58954445,0.59775837,0.62420621,0.61067765,0.58021100,0.58465551,0.52590846,0.47873387,0.38685502,0.61634770,0.58556016,0.59039646,0.62206862,0.49176540,0.66658884,0.58362649,0.52618832,0.61655621,0.58205559,0.51644126,0.38141272,0.53746518,0.61725145,0.54621272,0.66925680,0.47773244,0.50289248,0.57493882,0.56444768,0.60972181,0.52686206,0.54682993,0.58936552,0.67124170,0.53320297,0.52648780,0.53455194,0.64579104,0.62211974,0.35532509,0.54226907,0.51398915,0.53818604,0.54110868,0.66387746,0.50021229,0.64195927,0.59308482,0.47997484,0.44027149,0.54489111,0.49299705,0.55868764,0.48168552,0.52442492,0.51608068,0.55545850,0.51461332,0.53622812,0.41186074,0.50895761,0.49825644,0.62509998,0.54734723,0.69221141,0.50700811,0.59418634,0.51205667,0.47570253,0.58169263,0.59234736,0.66483636,0.50150969,0.55605068,0.50783144,0.53597075,0.73881087,0.64965799,0.69043850,0.54555374,0.70488029,0.72266366,0.54659482,0.54980942,0.48893489,0.59713870,0.58426874,0.65894576,0.60897878,0.66233588,0.57022317,0.59295905,0.51520574,0.54582925,0.64143050,0.64227669,0.53763932,0.63684521,0.58072895,0.62933741,0.57907167,0.56102418,0.55838936,0.56200188,0.56557791,0.51020607,0.65189335,0.53292206,0.51247020,0.63330945,0.60349830,0.55654610,0.60103532,0.53616298,0.67151880,0.75694228,0.55367065,0.55872451,0.68542921,0.61690740,0.47363429,0.63329766,0.52517066,0.62359252,0.61802143,0.59330831,0.53136481,0.51981400,0.42179582,0.45518311,0.53917823,0.54736838,0.51608068,0.65407640,0.70644469,0.50709692,0.52343581,0.39326221,0.56887460,0.54694405,0.46855512,0.46079509,0.61311046,0.51667717,0.63405602,0.56635379,0.54079364,0.00000000,0.47576961,0.55169426,0.51611389,0.50102970,0.45861743,0.58957283,0.54536178,0.62277981,0.58336923,0.50741708,0.54660209,0.52306321,0.68334129,0.75694228,0.62340271,0.51403844,0.56585910,0.53847719,0.49011752,0.58742456,0.51706754,0.52958393,0.55424199,0.58345495,0.60447807,0.63350223,0.48325471,0.35570461,0.55539909,0.45002957,0.55924561
B5026,0.40269585,0.39455175,0.45754520,0.42882272,0.47356067,0.33410406,0.46582348,0.51612865,0.47870062,0.59085958,0.58227352,0.40284954,0.48099064,0.54709238,0.33640722,0.34485664,0.76230393,0.66360687,0.46299499,0.37802503,0.29052157,0.40007604,0.30708283,0.54162223,0.34969372,0.54710075,0.41736397,0.46142528,0.49086025,0.51958715,0.56199603,0.37726104,0.46196620,0.52118252,0.44469789,0.37502196,0.60853254,0.46617041,0.61140174,0.60475262,0.50904000,0.69081996,0.37237723,0.53650088,0.32855832,0.51930321,0.59343954,0.53076545,0.45079806,0.50357088,0.43571019,0.49899212,0.59672188,0.37088853,0.38124115,0.48998461,0.62486695,0.50245086,0.47166918,0.31891635,0.49926803,0.64689382,0.55510344,0.49253283,0.70654456,0.57452999,0.62428679,0.48751715,0.52829488,0.61990818,0.41533006,0.47057724,0.46756262,0.44404685,0.59587706,0.69510970,0.50982322,0.49013833,0.50777204,0.51639506,0.45985798,0.66267040,0.50259129,0.49757467,0.54041768,0.50482151,0.51612811,0.42361029,0.60953049,0.40223074,0.38471742,0.55027289,0.34933748,0.43022000,0.58288854,0.54455799,0.38353293,0.51109603,0.45267492,0.57590631,0.67463896,0.55333998,0.41617207,0.54784647,0.54557227,0.56138962,0.62746868,0.45973423,0.32557732,0.60077961,0.47312382,0.58619227,0.35597144,0.47419824,0.47901715,0.53389501,0.60491928,0.53900679,0.53163606,0.58280970,0.43328720,0.43573846,0.32350854,0.50286005,0.50228130,0.54576926,0.62730277,0.44527235,0.65002332,0.53693605,0.39283904,0.42444514,0.37691234,0.51513481,0.41933180,0.48328622,0.57013535,0.45001014,0.55025894,0.45632710,0.48432811,0.57842407,0.43560306,0.53976121,0.43473405,0.47419824,0.44790545,0.55682219,0.52570151,0.40295493,0.52849545,0.60977323,0.58889366,0.32581727,0.50900414,0.40838311,0.48160661,0.49292865,0.52492631,0.43383134,0.63561020,0.48121001,0.33729590,0.35351991,0.47914906,0.40299909,0.45659674,0.37642374,0.41982291,0.43220492,0.38228571,0.45011078,0.48894723,0.45935412,0.42642875,0.48338304,0.62804257,0.47444087,0.59215999,0.39712297,0.52907328,0.35554221,0.38163903,0.42029627,0.43627195,0.59007784,0.38350263,0.41210400,0.42338125,0.52553855,0.60198967,0.47171437,0.60991569,0.55149433,0.62008436,0.55000212,0.42023298,0.47678942,0.43985435,0.57462141,0.42783994,0.49721599,0.54834527,0.65803610,0.52538862,0.53873554,0.46823290,0.43091219,0.60082790,0.60339167,0.52330461,0.50474587,0.55096804,0.49653468,0.55741031,0.46234228,0.43382846,0.40273385,0.56913051,0.47374737,0.59601605,0.46582348,0.36625277,0.50191120,0.57044411,0.53840488,0.54068381,0.52924054,0.53916318,0.68397333,0.55433448,0.53838317,0.61366378,0.52339151,0.33437369,0.53839164,0.45366827,0.61935362,0.55597184,0.56386885,0.40685968,0.41501171,0.37650924,0.42929133,0.50411611,0.49240921,0.43220492,0.52564713,0.63470291,0.47958120,0.37270745,0.37290013,0.56044663,0.42861677,0.45325877,0.34690623,0.42549439,0.43659810,0.42876130,0.56822608,0.55863587,0.47576961,0.00000000,0.53727616,0.52955027,0.44528646,0.44502995,0.52414340,0.45058608,0.62967131,0.49649202,0.30921255,0.47036424,0.32121516,0.61897785,0.68397333,0.58306472,0.50478579,0.55041087,0.47496499,0.34197634,0.47469482,0.44828240,0.47213424,0.50407299,0.51238762,0.48390766,0.46660281,0.36703958,0.38746549,0.45381814,0.44570670,0.44887553
B5059,0.54905626,0.57234832,0.60349219,0.54876305,0.58373086,0.56418860,0.50015333,0.51456794,0.57657281,0.61412655,0.55484090,0.52035070,0.43044882,0.48918703,0.49049734,0.48065326,0.72174889,0.67281592,0.58169339,0.58936105,0.49289807,0.69017139,0.55488741,0.70686768,0.48383016,0.61048830,0.61230226,0.58627767,0.55430014,0.55199651,0.60596124,0.40656244,0.37376917,0.61101537,0.54493846,0.47392108,0.65699047,0.54153967,0.66031111,0.58708102,0.51143175,0.68917088,0.51497461,0.49873754,0.52097744,0.50363578,0.57766504,0.58702448,0.56251859,0.57830752,0.50054890,0.53990760,0.60896030,0.50898263,0.58778520,0.50546910,0.50871748,0.51890528,0.49940736,0.57280390,0.60254399,0.53253348,0.41199857,0.46005626,0.64049004,0.33720946,0.31403908,0.42699726,0.59847327,0.59644030,0.58893745,0.56773572,0.60149239,0.64924116,0.55787594,0.54174039,0.65856722,0.48500472,0.64501503,0.49545749,0.52936364,0.58864159,0.53109614,0.42551437,0.55318417,0.53490312,0.60168965,0.53181554,0.49281880,0.49188451,0.60008035,0.59226912,0.51936186,0.56729105,0.64538960,0.50779441,0.60324891,0.38612998,0.48778981,0.53694732,0.59370977,0.42533795,0.43246746,0.34740605,0.52283411,0.42495709,0.47758250,0.46404439,0.47048924,0.53287855,0.55020858,0.59652787,0.61712597,0.70825980,0.52074018,0.61168359,0.55236313,0.41143019,0.45365648,0.39198257,0.49126143,0.35176476,0.53167389,0.60591075,0.49431751,0.45380526,0.65417151,0.40512772,0.65491471,0.53778223,0.53648973,0.60751083,0.65447969,0.44650324,0.49777408,0.41005573,0.58446614,0.62541278,0.55802708,0.46473730,0.46678461,0.62705833,0.50151391,0.59422784,0.50030597,0.70825980,0.50979478,0.59506771,0.42305982,0.49053700,0.50377933,0.56674054,0.61729246,0.44283728,0.50933948,0.54684484,0.40656912,0.42179967,0.60946240,0.43017011,0.51499383,0.49832919,0.48713058,0.54520232,0.70162769,0.54819805,0.43465885,0.53081263,0.57472626,0.58409689,0.55640431,0.51759293,0.39824437,0.42108189,0.46786036,0.54998177,0.47260712,0.51640278,0.65445849,0.45681974,0.39719697,0.54605639,0.48458158,0.53092809,0.61841945,0.56801362,0.50315789,0.60748830,0.47756259,0.42895845,0.70044863,0.68165098,0.60644569,0.58778196,0.62635186,0.65384148,0.45437193,0.48044083,0.53552093,0.45697375,0.52444709,0.51798623,0.42249448,0.66997765,0.47232245,0.57607635,0.52311421,0.60432932,0.50968178,0.75275218,0.47150721,0.56986012,0.53021787,0.56501815,0.56972070,0.50662114,0.58454834,0.50893951,0.60917799,0.56597483,0.51792284,0.50015333,0.52351348,0.59417423,0.53831119,0.54558950,0.51768276,0.50549521,0.54595231,0.69290237,0.36257693,0.32928214,0.63893841,0.55321854,0.49185393,0.57245802,0.52489536,0.59139718,0.55978876,0.54654519,0.50490142,0.53308642,0.53951147,0.47238179,0.43960608,0.52366300,0.58409689,0.58296443,0.65098820,0.55521617,0.49897269,0.44576296,0.45086880,0.60392081,0.50525008,0.48363264,0.64655905,0.42410256,0.64079099,0.37638137,0.51052649,0.55169426,0.53727616,0.00000000,0.36941698,0.47348500,0.46527453,0.52455880,0.55069184,0.37937363,0.46216524,0.53013989,0.58331611,0.59111947,0.60372486,0.69290237,0.59073907,0.40511213,0.52371303,0.42112494,0.47342137,0.55732440,0.42919123,0.50659164,0.53654850,0.65805782,0.55981152,0.54936976,0.52790596,0.47245168,0.54101518,0.46483499,0.52202322
B5079,0.50481442,0.57452862,0.60764696,0.56287036,0.61175723,0.52351073,0.51618188,0.47121101,0.56511513,0.62119827,0.62548298,0.49367457,0.48282703,0.49864603,0.49874928,0.47188170,0.59483591,0.50315430,0.60921444,0.52083810,0.41947587,0.66131629,0.54750674,0.62865964,0.46835908,0.55828676,0.57182530,0.54491448,0.56841481,0.64814752,0.56076153,0.31531470,0.29089488,0.60382689,0.55749117,0.45703232,0.70711697,0.57104574,0.67668655,0.59296466,0.52289493,0.55635658,0.47958764,0.48796771,0.48810743,0.42530112,0.52122058,0.47455961,0.61174086,0.58439110,0.51155245,0.48250801,0.58194272,0.47699182,0.51702404,0.61192779,0.59821141,0.42179069,0.43302552,0.55774368,0.52107107,0.53859323,0.43330066,0.39531399,0.64154487,0.15541015,0.40158028,0.42161807,0.61573841,0.60320814,0.53351081,0.54464172,0.53536081,0.66881350,0.56611774,0.63559594,0.66499484,0.49645474,0.68899559,0.58871840,0.61727623,0.61263999,0.40040387,0.51444571,0.58060201,0.52087374,0.59994890,0.51484758,0.58514738,0.45541590,0.56596115,0.55744704,0.51809000,0.47834167,0.62806997,0.51204293,0.57649400,0.48064235,0.58122327,0.52942845,0.52065891,0.44033235,0.36375347,0.39275769,0.60024042,0.42668143,0.47785014,0.48526769,0.56872881,0.57889342,0.59613245,0.45526784,0.61987191,0.62328418,0.54474791,0.62916582,0.49510218,0.57074109,0.47233125,0.50667310,0.38332339,0.45261682,0.55027483,0.55256011,0.41040567,0.43609797,0.52347678,0.46349800,0.45783899,0.47873408,0.49278928,0.58405463,0.58059793,0.35596281,0.40963490,0.47783519,0.62443335,0.62823408,0.54155505,0.47607178,0.52867375,0.59500343,0.54051331,0.63352861,0.53616958,0.62328418,0.49331378,0.59605572,0.40049201,0.53397818,0.54385132,0.58495173,0.51040853,0.43132998,0.39489102,0.49875919,0.47675224,0.44091915,0.54075894,0.46045546,0.57286013,0.48475624,0.53836621,0.50607373,0.62965318,0.51382407,0.53153574,0.52275043,0.59329832,0.56124429,0.53997194,0.50886990,0.47687395,0.41271443,0.51614545,0.58030116,0.47055750,0.60687833,0.72015735,0.43036064,0.54163985,0.54798169,0.54518305,0.52146708,0.59146310,0.58542735,0.57298292,0.58954370,0.44373809,0.40901418,0.63836236,0.58190182,0.58545981,0.55492545,0.57105199,0.60352686,0.56198055,0.42688366,0.61081805,0.46103289,0.51538978,0.55193008,0.47409891,0.50846931,0.46495048,0.44118393,0.48201992,0.47520098,0.54205240,0.67036771,0.43607989,0.54420309,0.49146963,0.50092297,0.57204322,0.48845157,0.53722424,0.54744144,0.49497257,0.46624116,0.49484227,0.51618188,0.44557055,0.48769707,0.54084403,0.42281272,0.58312218,0.54351257,0.53770041,0.63537607,0.41206103,0.32580898,0.57776580,0.54257577,0.54323237,0.57630306,0.53577082,0.61734401,0.56716467,0.55569298,0.50084674,0.45321911,0.58052745,0.44434051,0.35362399,0.47672880,0.56124429,0.55727085,0.64611832,0.50046848,0.50695088,0.37053106,0.34233305,0.47930221,0.46398003,0.45524832,0.67345311,0.37071436,0.63986316,0.47636040,0.44536728,0.51611389,0.52955027,0.36941698,0.00000000,0.39057546,0.42617435,0.49519199,0.58096959,0.41444231,0.56006709,0.58721111,0.55979577,0.48249353,0.58489872,0.63537607,0.52643413,0.46522214,0.44947233,0.47617545,0.42874093,0.50781144,0.42504151,0.55378120,0.54302725,0.69177179,0.60970852,0.61068809,0.49068440,0.46336793,0.55684960,0.44284466,0.48128647
B5292,0.50408527,0.51074642,0.53905302,0.53677798,0.50638085,0.44911285,0.45956538,0.42937915,0.50985912,0.63272538,0.59735468,0.50212225,0.46582547,0.48689460,0.38355127,0.41709749,0.60770257,0.51837983,0.55729636,0.43607637,0.35190895,0.48521275,0.45196765,0.63113866,0.41517427,0.48175948,0.47998443,0.50553918,0.55311005,0.52012769,0.48607165,0.35735899,0.35005118,0.55772752,0.54005620,0.44522632,0.71269769,0.56877617,0.65158118,0.57169556,0.46742117,0.56753086,0.42713512,0.44147992,0.42197084,0.47737786,0.51664265,0.43201988,0.51903542,0.54601200,0.49483569,0.44991698,0.53225840,0.44539261,0.43686661,0.50088797,0.66563016,0.36043856,0.37930168,0.47345290,0.43349343,0.52266762,0.40989340,0.30725210,0.51619307,0.46647776,0.45628069,0.40862280,0.56460778,0.57011682,0.49254317,0.48374198,0.49546988,0.57365661,0.53996458,0.60699111,0.60580289,0.43779595,0.63612074,0.53367942,0.57306191,0.53394988,0.36513827,0.47355376,0.53880927,0.46248604,0.51204836,0.51322576,0.56006989,0.46129111,0.49670899,0.58343684,0.45028399,0.46287908,0.61453117,0.46574559,0.50114091,0.44811431,0.45559183,0.52825052,0.53707030,0.41389587,0.39131338,0.43993647,0.53738815,0.43303921,0.50378688,0.44316266,0.39259588,0.53340054,0.52684512,0.44061252,0.48391685,0.49926620,0.45823732,0.61348175,0.55366375,0.51059544,0.45809485,0.49341604,0.39292717,0.43440288,0.40264429,0.50631234,0.36020336,0.42218118,0.52156528,0.38420450,0.55073959,0.49795552,0.38678866,0.51092719,0.48516704,0.40428809,0.31516461,0.52215279,0.59430684,0.55148464,0.56583995,0.39361354,0.47606571,0.52259865,0.50991435,0.62592762,0.50805175,0.49926620,0.45469694,0.57476360,0.39424974,0.38335936,0.54298132,0.56215737,0.46110005,0.40572939,0.50350255,0.38249634,0.52576843,0.35885740,0.53130164,0.46711033,0.55844071,0.44052755,0.34094228,0.37244960,0.50607111,0.37964883,0.40841556,0.41436732,0.48466893,0.46754917,0.40188848,0.41148360,0.52075263,0.28323598,0.41653479,0.52887068,0.49964622,0.46497051,0.70260900,0.44897511,0.54821484,0.43337394,0.44963217,0.48295676,0.55307075,0.57877405,0.47316057,0.47915817,0.41482918,0.44536322,0.62346480,0.56135905,0.62508884,0.55221422,0.60894388,0.57002204,0.40391906,0.40802030,0.50523364,0.42208534,0.48640751,0.47951301,0.44216283,0.52870116,0.46228834,0.48900371,0.40531467,0.38809258,0.60294688,0.59625375,0.45778171,0.48592733,0.44911393,0.49823080,0.56230261,0.40694109,0.39783623,0.52512136,0.54861993,0.47651342,0.56099622,0.45956538,0.39835004,0.50013540,0.49403679,0.40577594,0.52813926,0.54263370,0.50442902,0.64114553,0.45382861,0.44404884,0.51903155,0.46583362,0.35591567,0.55015172,0.50269038,0.62015887,0.48717984,0.59704257,0.43253685,0.44739479,0.45587847,0.19108326,0.37040928,0.46355435,0.46754917,0.51885335,0.63721324,0.45926940,0.41815165,0.34783371,0.48426527,0.39345653,0.34580264,0.40160023,0.58896574,0.30291516,0.45547591,0.50287978,0.46790782,0.50102970,0.44528646,0.47348500,0.39057546,0.00000000,0.39437677,0.47569915,0.51528510,0.58263398,0.44025147,0.40324828,0.50435236,0.37375020,0.60134136,0.64114553,0.53376966,0.46516911,0.54580753,0.45109637,0.38363987,0.40339468,0.42394042,0.47242809,0.51754285,0.62782661,0.57036954,0.55026181,0.44422057,0.47411393,0.51137415,0.40681425,0.45887311
B5293,0.38379557,0.47794889,0.50007844,0.49441067,0.47379116,0.39513143,0.46107184,0.38838110,0.44461752,0.55153311,0.58214505,0.34126283,0.38682838,0.41947604,0.40358607,0.36186521,0.63121431,0.55987979,0.46678889,0.46331172,0.35433400,0.56447329,0.42335836,0.62321203,0.35935145,0.50316242,0.49906602,0.44613811,0.50327775,0.56695906,0.50444635,0.38151988,0.34799544,0.52539795,0.49202641,0.41729493,0.65924353,0.45558005,0.61559247,0.47365879,0.48478880,0.59598142,0.42771349,0.39142277,0.39080721,0.40464891,0.41012554,0.47427824,0.55328973,0.55057700,0.36849028,0.41434390,0.57148278,0.36359055,0.46591689,0.49163191,0.58693930,0.46278991,0.42809718,0.46380365,0.51193264,0.49232614,0.37281489,0.42388860,0.53364023,0.42095376,0.43788252,0.38525375,0.54622538,0.52495571,0.51067466,0.49820420,0.45149004,0.50821935,0.46520716,0.56438415,0.63647420,0.41844737,0.60813440,0.57061160,0.48397733,0.50426741,0.38665630,0.45051784,0.53333626,0.42925753,0.49114723,0.49972981,0.54826765,0.41395698,0.43093637,0.43764849,0.33900404,0.43156259,0.61797868,0.51542414,0.41548988,0.32270155,0.52372155,0.55057626,0.55818650,0.36062225,0.30491898,0.47892933,0.49984116,0.45567531,0.51555050,0.37185684,0.47595585,0.51655665,0.50629313,0.48520525,0.49726529,0.55561994,0.46609966,0.51850266,0.56736481,0.52587999,0.45591975,0.49102904,0.42705609,0.35286837,0.38746568,0.60135339,0.44455322,0.39686682,0.58147000,0.37522801,0.54890159,0.50994696,0.47897289,0.49263378,0.53340985,0.34262243,0.40163990,0.39137214,0.54711923,0.49559013,0.59909753,0.32098049,0.38665522,0.57414179,0.38373317,0.53867972,0.43669168,0.55561994,0.42622002,0.51212329,0.35723492,0.42258430,0.48548711,0.47532624,0.51384210,0.34939851,0.48092836,0.48982332,0.38746446,0.48797701,0.56792371,0.34421069,0.51159934,0.43147607,0.43336125,0.46212423,0.56560570,0.49103720,0.47638991,0.37607527,0.49309084,0.41160897,0.51711051,0.43914779,0.38463203,0.41320665,0.43548182,0.50950482,0.51249012,0.56685241,0.59368606,0.37276718,0.54378571,0.42101353,0.52213518,0.38185636,0.41895315,0.49099730,0.47908617,0.49118358,0.37799122,0.45605317,0.62022460,0.50946317,0.61068731,0.57657636,0.52419206,0.51012176,0.49166717,0.44880251,0.48999813,0.42944381,0.43628999,0.49671090,0.38928719,0.55803378,0.46739733,0.55185833,0.48953640,0.51012626,0.54360380,0.62038927,0.46490161,0.47958682,0.33189141,0.45419668,0.48337258,0.50168151,0.50121313,0.41815185,0.53965114,0.46181015,0.52162578,0.46107184,0.39828575,0.40216150,0.47531574,0.43505931,0.52479399,0.48727895,0.51977323,0.67765036,0.41316485,0.42912878,0.63490712,0.53896089,0.42725604,0.48296490,0.40724427,0.48676460,0.49830921,0.51513631,0.34815157,0.40882586,0.45089754,0.34281679,0.39376757,0.46691614,0.41160897,0.46096483,0.59720315,0.45953696,0.37472613,0.37635623,0.43563502,0.51243518,0.47240969,0.33487541,0.56106537,0.32180092,0.59930771,0.44881157,0.47684807,0.45861743,0.44502995,0.46527453,0.42617435,0.39437677,0.00000000,0.45368495,0.47228858,0.50366912,0.52937108,0.46598568,0.49846484,0.45285027,0.56046044,0.67765036,0.48225491,0.39657858,0.49875773,0.41095481,0.36139451,0.42704410,0.32035229,0.40894019,0.50164717,0.62633903,0.56133044,0.57594931,0.39569483,0.42750899,0.43805023,0.01565091,0.31811702
B5474,0.42863916,0.47397420,0.50501459,0.40712792,0.52407987,0.45274758,0.44913752,0.41693863,0.44104421,0.39841467,0.42527062,0.39563772,0.30048531,0.44389386,0.41633286,0.41575060,0.55212014,0.50787247,0.43712535,0.43195538,0.42073035,0.56986098,0.48602278,0.67110244,0.41407932,0.49256128,0.48135608,0.43070274,0.40936387,0.60422399,0.49000144,0.47344704,0.42848127,0.45529577,0.49712154,0.44494003,0.54073111,0.47119898,0.46275714,0.37372147,0.35216363,0.55480661,0.46770603,0.45239568,0.41918989,0.37567948,0.44898010,0.46772198,0.49795324,0.51174765,0.47505609,0.42215322,0.45450268,0.41493530,0.43416667,0.41858476,0.47476724,0.47211424,0.51042090,0.50873143,0.57060859,0.49784796,0.40733679,0.48933736,0.44018973,0.50246809,0.54212448,0.32849899,0.50646758,0.52172926,0.49487175,0.45934473,0.49019764,0.61312557,0.35156753,0.47591066,0.54822855,0.46479163,0.43732115,0.54983274,0.40855237,0.46185053,0.38747752,0.46273019,0.44161433,0.41864959,0.52573754,0.47641532,0.45184777,0.55265946,0.51457678,0.42978837,0.46901860,0.42253226,0.45385591,0.37171506,0.52678897,0.45506960,0.51572228,0.46341987,0.55479932,0.42186806,0.43333021,0.53487158,0.39618985,0.51155770,0.54176394,0.45741760,0.46334753,0.38918012,0.49340471,0.47113204,0.46912280,0.65000044,0.35068643,0.59104864,0.60188605,0.49312874,0.40170098,0.39993236,0.38352554,0.42237553,0.45416646,0.37589901,0.46152937,0.43500246,0.46878394,0.36193612,0.49269686,0.36244651,0.49198049,0.52119307,0.54212430,0.46048792,0.52379752,0.43546388,0.44822745,0.60166028,0.45950496,0.49423878,0.56297672,0.58955203,0.49631494,0.44922674,0.41129160,0.65000044,0.37973786,0.53609489,0.48950109,0.47666419,0.50411174,0.33223658,0.46177991,0.46847167,0.56274504,0.50327192,0.42361794,0.51132871,0.54816721,0.44986250,0.49031478,0.43700132,0.48227936,0.56195818,0.64103766,0.59990187,0.51326695,0.55132351,0.61524551,0.58793623,0.41885685,0.46557724,0.43057349,0.50177405,0.55388038,0.43408464,0.54125936,0.49379793,0.50559420,0.45459944,0.52995573,0.46078376,0.44482558,0.49711980,0.54555821,0.51953703,0.53791858,0.50628213,0.43490680,0.49473930,0.59622419,0.57792114,0.43564885,0.63565520,0.57234671,0.55143773,0.51820384,0.43771375,0.48298458,0.33064995,0.39656505,0.39431371,0.43008211,0.49803472,0.27360301,0.45004820,0.55862418,0.49864564,0.51755695,0.58302456,0.46661410,0.42634712,0.43541288,0.41166878,0.40342450,0.50922996,0.48153058,0.39141628,0.52305293,0.50157863,0.51954245,0.44913752,0.46857298,0.40235507,0.50891098,0.45603385,0.40108374,0.50551051,0.39774052,0.47075122,0.45970715,0.54122538,0.51721836,0.54402917,0.47445378,0.39104615,0.30114791,0.31786084,0.37514572,0.54395021,0.45587236,0.45521110,0.51191427,0.47842826,0.46120790,0.41623443,0.58793623,0.38903921,0.60262150,0.40496252,0.47246353,0.51485049,0.35536493,0.49688469,0.50700494,0.45034965,0.60101175,0.42126733,0.56133959,0.50929063,0.48563102,0.58957283,0.52414340,0.52455880,0.49519199,0.47569915,0.45368495,0.00000000,0.49741812,0.54928302,0.49272904,0.47903312,0.57228321,0.43230356,0.61071089,0.47075122,0.52137337,0.54212194,0.56744594,0.40162931,0.44177091,0.43564405,0.50438653,0.53988783,0.41118902,0.46452824,0.43337444,0.47614010,0.51269049,0.55561299,0.47253470,0.45981377,0.49594823
B5665,0.39991806,0.43350883,0.41984762,0.48498750,0.49020851,0.39233956,0.52616003,0.56301273,0.49544232,0.48641232,0.45470060,0.37437923,0.42987802,0.42364962,0.42799637,0.44583362,0.72011311,0.66229898,0.43802128,0.43326095,0.36752411,0.47902525,0.42561025,0.59758255,0.45054497,0.54750811,0.46779773,0.40469179,0.43896992,0.59047849,0.51631056,0.43064274,0.47061713,0.51636991,0.48980543,0.42879267,0.59034125,0.44973819,0.48340506,0.51889791,0.45474337,0.66168251,0.41589059,0.57275213,0.41535924,0.49481575,0.61147048,0.54033956,0.52931740,0.51201576,0.46908512,0.49513029,0.53462277,0.38376194,0.43597322,0.44145480,0.56768039,0.54119486,0.50450706,0.46633604,0.43487930,0.66893954,0.53989998,0.55107764,0.63549666,0.62069694,0.63505505,0.52250320,0.41293848,0.66989263,0.44076512,0.45954538,0.41581544,0.51008520,0.54506052,0.60254303,0.54817809,0.43915969,0.52617675,0.57103791,0.50089457,0.61890752,0.45712505,0.52054798,0.50892481,0.50297051,0.53963045,0.42842496,0.52905139,0.46450628,0.53932700,0.51854168,0.38713729,0.49324762,0.46731632,0.46292353,0.44864038,0.49789697,0.51331805,0.43277212,0.62455763,0.55082288,0.43774058,0.56840953,0.47962240,0.53894006,0.62535240,0.47134462,0.44678101,0.47327209,0.03402408,0.63482853,0.39221835,0.66875894,0.46564949,0.56183173,0.65724382,0.41981841,0.56851135,0.52487607,0.41867967,0.38858150,0.49086211,0.47146863,0.53458710,0.56829896,0.59178383,0.39573566,0.61318112,0.56072429,0.38129177,0.44114083,0.54515748,0.49181873,0.58693811,0.44312628,0.39979800,0.50185610,0.54763464,0.45190495,0.49186834,0.59738191,0.44561786,0.57431159,0.32965772,0.66875894,0.42547353,0.61547046,0.49532586,0.34928365,0.53106892,0.55349876,0.58076785,0.45245723,0.49282641,0.37964647,0.43797746,0.59311687,0.60607116,0.44082960,0.67154957,0.49890279,0.38779792,0.48708427,0.60744601,0.55834485,0.52035007,0.44635623,0.58851499,0.48046294,0.40168061,0.44475615,0.43972311,0.55190362,0.43139813,0.50598805,0.63701852,0.49854072,0.55537607,0.42168321,0.54970123,0.40932528,0.45304796,0.38620087,0.51826023,0.53782464,0.49779627,0.45023252,0.43618056,0.61139833,0.68954971,0.60669490,0.58989180,0.70482546,0.73253409,0.57703035,0.53354701,0.52481997,0.54889811,0.52276841,0.36997466,0.49632587,0.46421839,0.64408616,0.47280166,0.52967341,0.46724658,0.50740011,0.54276536,0.60009719,0.57913497,0.53719479,0.54919596,0.49443005,0.48954924,0.55341472,0.53190052,0.38368972,0.61757881,0.55629692,0.65759835,0.52616003,0.39393228,0.44583516,0.58088247,0.50785258,0.49141100,0.53262014,0.58025796,0.66330895,0.55507172,0.60859886,0.65002014,0.53284167,0.38055116,0.51569777,0.42361370,0.56566244,0.43728427,0.56375606,0.37171346,0.48644967,0.56570123,0.52594821,0.52461733,0.59075797,0.48046294,0.48223440,0.67386272,0.58673658,0.32765091,0.41142499,0.50027492,0.49610301,0.51299026,0.44859132,0.50605987,0.46679446,0.59856242,0.54478151,0.56059185,0.54536178,0.45058608,0.55069184,0.58096959,0.51528510,0.47228858,0.49741812,0.00000000,0.64611004,0.51240497,0.35645129,0.35217361,0.43850503,0.70256370,0.66330895,0.65272112,0.51204806,0.59710466,0.42759891,0.32963071,0.52389266,0.40293071,0.54122469,0.36677223,0.54265770,0.45322864,0.50254837,0.48127127,0.52381352,0.43715954,0.47010441,0.45934672
B5674,0.66369391,0.69085199,0.70859734,0.60508702,0.70031204,0.64936804,0.63166463,0.53380543,0.63536737,0.66093253,0.65719952,0.58076523,0.54675306,0.53227785,0.57976025,0.59762156,0.74585448,0.65213408,0.69957911,0.62825885,0.53876052,0.72654216,0.65410020,0.68433730,0.60496439,0.65406775,0.69715196,0.67503624,0.61869340,0.68435581,0.63982578,0.49426538,0.46281770,0.73255471,0.59453496,0.52004516,0.77652867,0.65635050,0.70529480,0.64012467,0.55288955,0.69634553,0.58538849,0.57452172,0.61607684,0.52533772,0.55174492,0.60462480,0.70416825,0.71571865,0.58406317,0.50699592,0.58369132,0.58966843,0.62564115,0.57059080,0.61883579,0.54876595,0.51637301,0.65120157,0.64735235,0.58834415,0.47291765,0.56802777,0.67044257,0.45142533,0.50336505,0.48461045,0.68095187,0.60530077,0.69129033,0.63617735,0.66294696,0.73960104,0.64394775,0.62567584,0.72988668,0.56233192,0.74024629,0.60672366,0.63505831,0.61128200,0.56731399,0.53088633,0.72432232,0.50912215,0.65250067,0.66356511,0.59050684,0.52569283,0.69516070,0.64600003,0.64051507,0.51501239,0.62512963,0.57062138,0.65696287,0.43353610,0.60762009,0.56689399,0.64694602,0.48407096,0.48237511,0.49675229,0.62251850,0.47221638,0.51768252,0.55240403,0.60793780,0.55858751,0.64056482,0.60974561,0.74352919,0.68897282,0.65044589,0.74353587,0.54394282,0.58297494,0.50578291,0.51320217,0.53624253,0.46822895,0.59658445,0.64451448,0.52004866,0.51713425,0.65779010,0.51642384,0.63412033,0.51831502,0.62213115,0.74228769,0.66443179,0.48159846,0.58576100,0.53816664,0.63223987,0.65869391,0.57242649,0.53102197,0.54858162,0.67202349,0.60763357,0.66647408,0.53629265,0.68897282,0.52666894,0.60674856,0.50424952,0.63665226,0.55805923,0.64327493,0.63889452,0.53988971,0.59959089,0.62546776,0.54076954,0.49397670,0.57002306,0.57869703,0.48553493,0.55536984,0.63323039,0.60573430,0.70456808,0.64076034,0.55031596,0.62164074,0.70583678,0.64631175,0.66377444,0.49427834,0.53949409,0.55574643,0.57489302,0.61312960,0.51305394,0.65658888,0.75979004,0.51445044,0.55583770,0.60030420,0.57384098,0.60200114,0.69338421,0.53882904,0.55635140,0.69829105,0.55004540,0.37612803,0.67066214,0.67563379,0.60845138,0.62799106,0.57810534,0.64719509,0.59987413,0.51989323,0.64688705,0.51848658,0.63010372,0.54392999,0.47258343,0.64748207,0.53476919,0.54665595,0.55514276,0.61604536,0.47780094,0.67441675,0.46875330,0.54950082,0.58749804,0.60883165,0.67169038,0.53919025,0.59128685,0.57402391,0.58411375,0.52227347,0.57773039,0.63166463,0.59349006,0.60361000,0.55353550,0.59522671,0.61991257,0.55924184,0.55490073,0.61973814,0.49608696,0.40191229,0.61346900,0.62488174,0.63468705,0.65193140,0.56022155,0.66031114,0.60006328,0.52881120,0.58947435,0.56287513,0.60875752,0.58750927,0.48754822,0.50194218,0.64631175,0.59322269,0.64808995,0.55084012,0.61929866,0.50793113,0.50383240,0.61471954,0.56082058,0.57004417,0.74275847,0.51263595,0.72998647,0.42008381,0.51014620,0.62277981,0.62967131,0.37937363,0.41444231,0.58263398,0.50366912,0.54928302,0.64611004,0.00000000,0.56278528,0.69660597,0.66812915,0.62268037,0.55948896,0.61973814,0.51091287,0.50379288,0.47651798,0.48631937,0.56220102,0.66849020,0.48370249,0.57625541,0.68515341,0.74856325,0.66776216,0.65277743,0.54397642,0.57429926,0.67453335,0.50947242,0.53655178
B5722,0.53816730,0.49448999,0.56617754,0.44208324,0.54776755,0.44520505,0.39927538,0.43183952,0.49174480,0.54088651,0.51740868,0.47727634,0.40986532,0.46991413,0.37113521,0.41211392,0.68396599,0.59325969,0.52637854,0.51678962,0.43695949,0.55322849,0.43145759,0.62042321,0.41193348,0.52020524,0.51850658,0.52885447,0.57260863,0.51909950,0.50005567,0.45102555,0.50704401,0.55988246,0.42025138,0.41890910,0.53854890,0.42901881,0.58629134,0.52700665,0.42237886,0.63407809,0.45604659,0.42587310,0.44912472,0.45172473,0.61670664,0.56414541,0.43215100,0.44952980,0.43287450,0.44475432,0.50631099,0.47245735,0.51950621,0.42308767,0.59831146,0.47438235,0.39911163,0.46181936,0.49290932,0.57882356,0.49775298,0.54191933,0.60927305,0.60484833,0.54661346,0.42405897,0.57215968,0.60057783,0.54355803,0.47310964,0.49683127,0.54374220,0.53027552,0.53986668,0.50866752,0.41607056,0.56716760,0.44414174,0.48578277,0.61219593,0.47671129,0.44993729,0.56710347,0.44489916,0.58026171,0.51310023,0.47660788,0.48211027,0.53605020,0.59304753,0.49836424,0.42826478,0.54326970,0.44873430,0.51538091,0.42870581,0.42785337,0.56241640,0.52577066,0.52008640,0.42405292,0.48057810,0.37326970,0.47280968,0.54100955,0.39523497,0.39515874,0.46106327,0.52163509,0.53627625,0.50035316,0.59720797,0.43924615,0.66834709,0.55638749,0.33246379,0.37776570,0.47514412,0.43455076,0.39430414,0.43320617,0.59077497,0.46211385,0.44291124,0.56863150,0.39543395,0.58831703,0.50877968,0.44758505,0.48385194,0.52408576,0.49932679,0.49581005,0.48745565,0.53147193,0.55881782,0.48219444,0.48041298,0.52341078,0.45990166,0.46544658,0.52144558,0.46889076,0.59720797,0.39240379,0.48966310,0.48734964,0.38283253,0.46016437,0.52506425,0.53013179,0.43756184,0.51294313,0.45315343,0.48191669,0.42869042,0.54281945,0.43817929,0.50926049,0.41987747,0.39827927,0.48164199,0.60940266,0.51274641,0.37351494,0.48655655,0.52808343,0.56951332,0.44849134,0.42054547,0.48506258,0.45669315,0.42889483,0.48035495,0.54094273,0.42999209,0.53850013,0.41325442,0.47192845,0.45435252,0.41520922,0.45696830,0.53134435,0.53012833,0.46379436,0.52155909,0.44658832,0.46121052,0.57303257,0.55022511,0.52276490,0.53508447,0.56607812,0.53615085,0.38441782,0.36736958,0.46882744,0.47087203,0.44893584,0.45051287,0.48551451,0.59025123,0.45151543,0.59405755,0.42255073,0.44517631,0.60155454,0.60532436,0.47268461,0.49305081,0.57259464,0.54363786,0.56888138,0.43456082,0.46815913,0.44076981,0.58043096,0.46599650,0.54724060,0.39927538,0.42980416,0.49444262,0.59111054,0.53257429,0.36228692,0.46241897,0.50234611,0.65019787,0.49931102,0.49384891,0.51670276,0.46850207,0.39414957,0.46303213,0.45303495,0.58921561,0.48110096,0.56209500,0.44172351,0.48510309,0.50576122,0.47923141,0.48099605,0.50917248,0.56951332,0.50918579,0.59116543,0.51064291,0.45210015,0.47042332,0.51862356,0.44506129,0.50084187,0.49616308,0.47025562,0.43499988,0.54261603,0.44222476,0.40212265,0.58336923,0.49649202,0.46216524,0.56006709,0.44025147,0.52937108,0.49272904,0.51240497,0.56278528,0.00000000,0.43042310,0.51216868,0.41180430,0.56928755,0.65019787,0.54626217,0.54147396,0.51330855,0.37019984,0.41338345,0.49806007,0.47371761,0.53392065,0.55071646,0.57090242,0.55285516,0.45715985,0.53671414,0.53206635,0.48011070,0.52267971,0.52141611
B5727,0.39708642,0.36063799,0.36436830,0.44746891,0.35004075,0.31856795,0.41827355,0.54695058,0.49024344,0.51992441,0.44429642,0.43449825,0.39987792,0.48764820,0.30033138,0.30292041,0.65504479,0.56610308,0.39921256,0.38181225,0.33959993,0.44976768,0.34056443,0.62618373,0.30508961,0.57250572,0.37619311,0.38012852,0.45398300,0.55240264,0.51481251,0.39127004,0.46848162,0.40396924,0.40635070,0.41553314,0.56315626,0.43231629,0.52819012,0.49094610,0.44356178,0.59614162,0.36012530,0.48124928,0.35082267,0.48268731,0.61972720,0.51952940,0.36538478,0.40526360,0.38685568,0.47169511,0.53551401,0.36094719,0.38596852,0.48429691,0.60723592,0.53470465,0.47974556,0.36518542,0.41703017,0.63403975,0.54206687,0.48624982,0.60212996,0.62120344,0.58633933,0.45773382,0.49270689,0.61964915,0.44921484,0.39228419,0.44362186,0.39323751,0.49291936,0.62791653,0.48903689,0.42297565,0.48664029,0.49132643,0.40364482,0.58912691,0.44184731,0.52641019,0.41231101,0.50859084,0.45501254,0.44674723,0.53683110,0.48630954,0.34838842,0.52198163,0.29767700,0.48266892,0.55791025,0.47899785,0.39733805,0.50574895,0.42572425,0.52528120,0.62049071,0.54009228,0.48217397,0.52544232,0.44961255,0.53454880,0.59726001,0.41172939,0.25682311,0.53825808,0.38860761,0.52966943,0.28945675,0.53543203,0.36247574,0.47575081,0.65878306,0.40837873,0.53300244,0.49587348,0.41000212,0.44195830,0.26802511,0.51758099,0.53068629,0.52233122,0.52871878,0.42820089,0.62037188,0.56296344,0.29697410,0.34235647,0.44457310,0.54589486,0.48851544,0.50446709,0.50311138,0.46967078,0.54080263,0.43265589,0.49222253,0.56774770,0.40306576,0.48391005,0.36722594,0.53543203,0.43705208,0.54834516,0.55326199,0.23456623,0.57334468,0.51133206,0.54067624,0.34371580,0.58509811,0.28524329,0.50200100,0.51369855,0.56863415,0.41629885,0.65213532,0.40405975,0.18445123,0.40843839,0.50450026,0.46840887,0.47361965,0.32119082,0.35455310,0.41177363,0.29594106,0.42431437,0.50522171,0.43685367,0.43021013,0.44228405,0.59806111,0.43778029,0.52186079,0.43071571,0.54794142,0.34601238,0.41666765,0.39680911,0.41527204,0.55411116,0.45258924,0.36956478,0.41029271,0.55142745,0.65314100,0.56300055,0.58456207,0.59932473,0.65085902,0.56121762,0.42651766,0.47483389,0.42720720,0.51490580,0.38538603,0.44062649,0.51040189,0.56040658,0.43153340,0.59134722,0.45888525,0.43227909,0.63862464,0.63673490,0.57792254,0.52583271,0.51955116,0.50306916,0.44491610,0.49079550,0.42737368,0.38851672,0.55834882,0.51448758,0.58988291,0.41827355,0.36425499,0.52913700,0.51259507,0.48153151,0.46303389,0.57532904,0.51099754,0.70847047,0.55422064,0.59822618,0.58511582,0.44886744,0.17831426,0.50532554,0.42796897,0.53222202,0.38353344,0.62091230,0.38155228,0.43081732,0.38273760,0.45084213,0.52089878,0.52951414,0.41177363,0.51156263,0.63373551,0.48969084,0.34041231,0.37899136,0.50741726,0.43469828,0.43363414,0.36165195,0.39265233,0.42499931,0.43527522,0.59162715,0.58037960,0.50741708,0.30921255,0.53013989,0.58721111,0.40324828,0.46598568,0.47903312,0.35645129,0.69660597,0.43042310,0.00000000,0.36627740,0.36289701,0.67718645,0.70847047,0.62002995,0.51285837,0.63066486,0.47028659,0.33269477,0.38647038,0.49095950,0.41804748,0.40755157,0.49273576,0.43711633,0.45892449,0.37038769,0.45374753,0.39367166,0.46464501,0.51210368
B5780,0.44331073,0.45864276,0.45318795,0.54450589,0.52212443,0.37131324,0.51013414,0.53686198,0.55351332,0.56873417,0.53504628,0.46469870,0.46487572,0.51484191,0.41977439,0.37623309,0.68908914,0.61680956,0.45581551,0.43429286,0.35959720,0.54976177,0.42536445,0.69137006,0.37955886,0.55833594,0.42834857,0.40690174,0.49249313,0.64761021,0.61226717,0.44460699,0.53155072,0.49565375,0.45810010,0.41765392,0.64118639,0.44622629,0.62532105,0.53680804,0.51755539,0.63173463,0.38120842,0.48819192,0.35904636,0.52081547,0.66422502,0.53807933,0.46978916,0.41222737,0.42560560,0.50237167,0.59146550,0.33940167,0.43663832,0.51808844,0.63583224,0.56651921,0.49199665,0.43343599,0.34036625,0.65386885,0.55563425,0.56480347,0.64795232,0.59220562,0.59997442,0.53526811,0.47070757,0.69638975,0.46323195,0.46028237,0.36165659,0.49068146,0.57578679,0.64976571,0.54960220,0.43326885,0.62601979,0.55470755,0.52570595,0.63888518,0.46739301,0.50439365,0.53871508,0.53821661,0.54396805,0.44185884,0.59342428,0.43534214,0.50506041,0.53964158,0.40331261,0.52525725,0.64321320,0.54947037,0.42759433,0.52177450,0.53057006,0.56490550,0.58144141,0.55762820,0.45611897,0.55325570,0.54383164,0.59871936,0.65150625,0.45350235,0.48113284,0.58519391,0.40555664,0.57326708,0.46413236,0.62272656,0.46832873,0.52350391,0.67950819,0.45421895,0.60615517,0.55719458,0.42911804,0.48007325,0.46490934,0.55003891,0.58873308,0.52046356,0.57501493,0.52042234,0.59451037,0.59860580,0.31362866,0.34990624,0.43961893,0.49308788,0.53281169,0.53251172,0.55128596,0.49375801,0.59516536,0.47264966,0.53363972,0.49533033,0.44101612,0.58614610,0.38514635,0.62272656,0.48974805,0.64406846,0.53383493,0.27794647,0.56194220,0.58641764,0.60906139,0.43146499,0.48586291,0.31840174,0.52835679,0.59889828,0.59021087,0.40953681,0.70443558,0.46222990,0.41359957,0.48993440,0.57363033,0.53746038,0.52184780,0.40084098,0.50353241,0.44677373,0.44357734,0.47932142,0.53418804,0.53807684,0.46674828,0.57644533,0.64780813,0.56891999,0.64920724,0.43280508,0.58792864,0.42815232,0.54820611,0.36237640,0.47346565,0.61370211,0.50534490,0.39432881,0.40345729,0.65014138,0.72373086,0.61314598,0.63367384,0.63503122,0.73818991,0.60991828,0.53291931,0.51509576,0.57287819,0.58335894,0.31794163,0.57003511,0.51430149,0.61989788,0.52542913,0.65362503,0.51805808,0.52521421,0.67695402,0.65904929,0.64484149,0.59867874,0.53809991,0.55214967,0.50979420,0.52765802,0.57111162,0.43097296,0.59290103,0.50799754,0.66848338,0.51013414,0.29255662,0.55236799,0.59791046,0.52352969,0.56492028,0.56291833,0.57878798,0.77733512,0.51509625,0.55463198,0.63861259,0.44581463,0.40618167,0.55482246,0.47377786,0.58012404,0.49718942,0.59375517,0.35941064,0.39686581,0.54551635,0.52339727,0.44628190,0.59197687,0.44677373,0.57758766,0.71992645,0.56894947,0.36129550,0.43201342,0.50556290,0.52901077,0.48515581,0.42499373,0.48250654,0.42155636,0.54208491,0.55171148,0.51731942,0.54660209,0.47036424,0.58331611,0.55979577,0.50435236,0.49846484,0.57228321,0.35217361,0.66812915,0.51216868,0.36627740,0.00000000,0.36347117,0.74174460,0.77733512,0.66079254,0.54677036,0.60463387,0.53510156,0.33160452,0.45974793,0.42793788,0.51496633,0.47614554,0.62448500,0.52555539,0.52790796,0.51722308,0.54092038,0.37007368,0.48597049,0.46986491
B5782,0.37390650,0.29054387,0.42575364,0.37174367,0.47069199,0.30473301,0.35062474,0.41646174,0.41461682,0.50871407,0.50567554,0.39137766,0.41318972,0.46019656,0.24169458,0.23093675,0.58803914,0.48439138,0.38489083,0.20218342,0.17142488,0.27996513,0.30210705,0.54401025,0.23524020,0.44278627,0.23757044,0.35543391,0.41823733,0.45317521,0.49553351,0.37885569,0.44324882,0.40602942,0.40161510,0.37426791,0.54078159,0.44740063,0.52689883,0.52117351,0.41080908,0.56275678,0.35977017,0.37920249,0.26115817,0.42486907,0.54752441,0.36136135,0.35888374,0.42518501,0.38883869,0.40995758,0.50683063,0.31353832,0.20576573,0.41886010,0.60399047,0.38635900,0.33339219,0.29823737,0.36686735,0.55552018,0.49894267,0.42818931,0.58657002,0.56441135,0.58937104,0.37626056,0.52110903,0.58699292,0.41688195,0.35724657,0.40043705,0.45289981,0.51370670,0.56761199,0.47637806,0.40136861,0.48104457,0.46568384,0.42735147,0.56324314,0.34240339,0.42468145,0.45041266,0.43158722,0.43163680,0.40697043,0.52243267,0.42240878,0.40271202,0.56883154,0.34842396,0.39623778,0.50884873,0.43051963,0.40852633,0.44818585,0.42828255,0.57384912,0.50486057,0.51226572,0.37714617,0.51647561,0.48370214,0.42216926,0.48938941,0.39471968,0.37145405,0.49958849,0.46185371,0.38611037,0.35290361,0.44800512,0.37490830,0.52916180,0.57114763,0.48901096,0.45872912,0.52710995,0.30880820,0.44019486,0.33043544,0.41672390,0.40708247,0.43768272,0.46424881,0.40668207,0.47627428,0.45944820,0.30449192,0.35506272,0.16453213,0.42021626,0.39360160,0.50999675,0.50174846,0.42050774,0.47603590,0.46973724,0.53912513,0.48414467,0.35890252,0.46717179,0.45195276,0.44800512,0.41295096,0.53709158,0.49765633,0.32323257,0.53098655,0.51813200,0.47056312,0.37561159,0.50835351,0.32093563,0.50132581,0.45424337,0.48045506,0.42278839,0.53804873,0.38993390,0.34449284,0.34626002,0.44413593,0.41214547,0.35362646,0.38412096,0.41729183,0.44762636,0.32981580,0.42148712,0.51415785,0.40383266,0.40801576,0.47385215,0.48696786,0.42429191,0.54090624,0.39923274,0.54173695,0.30520185,0.39305214,0.37315894,0.37932044,0.51405395,0.41267356,0.28908904,0.37942437,0.48319681,0.55332948,0.48175470,0.52672186,0.50628548,0.60826414,0.49736124,0.37389300,0.39330107,0.44920743,0.40965896,0.32505469,0.43655149,0.49010275,0.48401810,0.43709236,0.41489714,0.34574720,0.30119675,0.57486758,0.51697394,0.53805417,0.46193523,0.50697802,0.48950182,0.44694613,0.39618815,0.38820240,0.36983731,0.49655771,0.38398348,0.58801708,0.35062474,0.29670928,0.48284686,0.57821397,0.36718186,0.50141895,0.53233263,0.45203715,0.62334689,0.50197647,0.51315872,0.45913841,0.39502890,0.33579820,0.46195097,0.38978381,0.53715474,0.46138982,0.57259507,0.30606323,0.32094034,0.41378002,0.38265488,0.41971045,0.44842194,0.44762636,0.51853672,0.63848857,0.42764870,0.33245136,0.41299823,0.49369035,0.30246880,0.34964257,0.34215680,0.42437230,0.33105624,0.26770255,0.52954264,0.41490299,0.52306321,0.32121516,0.59111947,0.48249353,0.37375020,0.45285027,0.43230356,0.43850503,0.62268037,0.41180430,0.36289701,0.36347117,0.00000000,0.62684141,0.62334689,0.55443160,0.57150374,0.56092928,0.44396200,0.26626531,0.35070697,0.47414117,0.50208529,0.42447801,0.48471778,0.44216191,0.40530044,0.50328927,0.46749948,0.37593817,0.44619567,0.49354453
B5793,0.67828768,0.64558907,0.70652703,0.59485830,0.68169939,0.64056019,0.63023166,0.52855421,0.58768656,0.67831733,0.62194118,0.60925323,0.59385587,0.56219054,0.59410560,0.57016021,0.75408165,0.66736308,0.63958424,0.66110132,0.60206940,0.70280673,0.57402247,0.45951751,0.56998338,0.63088416,0.67452400,0.74444777,0.64788333,0.75521024,0.57426596,0.63866817,0.63877290,0.71436254,0.59859195,0.59169977,0.73537590,0.68830769,0.66774066,0.63752080,0.52683404,0.68884414,0.61710858,0.54675554,0.62644142,0.53958570,0.63212104,0.65773873,0.62517533,0.66407554,0.61560313,0.54499164,0.53722031,0.65160689,0.66161671,0.56937663,0.61305697,0.53903061,0.54622116,0.57154629,0.70824532,0.64994403,0.48838463,0.64027692,0.68286583,0.58787923,0.64725807,0.49670825,0.67700885,0.56042674,0.63905545,0.63950000,0.71145719,0.65904516,0.63167277,0.71843301,0.66795464,0.67043703,0.61625898,0.71636702,0.63703016,0.64165393,0.59589658,0.69340420,0.77851889,0.52593776,0.65677133,0.59764985,0.68140870,0.60224160,0.67396294,0.62892292,0.62015635,0.28917861,0.59905384,0.49453958,0.62022912,0.51655282,0.69303969,0.67494624,0.54027745,0.49616492,0.54972297,0.67679787,0.65366759,0.55954268,0.59627629,0.52138473,0.52393294,0.54783108,0.68688433,0.60155859,0.60535418,0.65524428,0.62920321,0.72115117,0.45814699,0.63299257,0.48635763,0.60497097,0.56951209,0.61014624,0.54396265,0.62793208,0.52104605,0.54521265,0.67056297,0.52548691,0.68780188,0.49853085,0.65277670,0.66715651,0.66350808,0.54586283,0.62158263,0.62250699,0.63002968,0.62684924,0.49990282,0.66225492,0.70909625,0.69749923,0.62867020,0.65155030,0.63543607,0.65524428,0.44005854,0.25700772,0.52699056,0.66684365,0.57061283,0.62885767,0.64268760,0.61157484,0.62870972,0.65151083,0.62690581,0.51143267,0.47923166,0.53293449,0.51485863,0.42266599,0.59852299,0.60938821,0.66411398,0.63804663,0.62856677,0.65370560,0.67715784,0.75773466,0.60975340,0.57762408,0.61932726,0.59088949,0.58736996,0.55008183,0.60766444,0.60351202,0.75709498,0.56425227,0.68695215,0.60941482,0.48529552,0.63489131,0.67031308,0.55293710,0.61780315,0.71489356,0.63689703,0.47467443,0.33983687,0.40788962,0.54696429,0.63283118,0.14444462,0.30422060,0.60053811,0.52571554,0.53453150,0.56619154,0.67335938,0.48500632,0.55464855,0.66418742,0.55147106,0.54037103,0.54873490,0.58131487,0.59790388,0.69148626,0.53250475,0.49132521,0.60959240,0.53134359,0.75818495,0.50824056,0.52832598,0.64188084,0.64615321,0.60292687,0.49218042,0.63023166,0.65269751,0.51604670,0.68206669,0.58360344,0.63812820,0.57152251,0.54056487,0.45608592,0.69039811,0.56774064,0.66391975,0.63892508,0.58960864,0.48888708,0.54898850,0.70043840,0.58216432,0.65969154,0.64694078,0.59460616,0.58215289,0.60119029,0.60901395,0.53334386,0.75773466,0.47934359,0.28451925,0.53383544,0.63632752,0.61744849,0.59700193,0.57003420,0.60335669,0.65115850,0.65113185,0.52328728,0.67114176,0.61886437,0.58173913,0.68334129,0.61897785,0.60372486,0.58489872,0.60134136,0.56046044,0.61071089,0.70256370,0.55948896,0.56928755,0.67718645,0.74174460,0.62684141,0.00000000,0.45608592,0.18708656,0.65263607,0.51518910,0.50228717,0.59075832,0.57861856,0.57546858,0.65177502,0.70785271,0.63274441,0.63544403,0.62861947,0.64991342,0.67891364,0.72343318,0.56401978,0.59700032
B5796,0.69866057,0.70285124,0.77060948,0.60695664,0.77055069,0.72769403,0.71138145,0.58498955,0.65247101,0.63847138,0.62161413,0.64997732,0.56754327,0.52446822,0.65305756,0.67707016,0.59234695,0.60722776,0.73453255,0.60200776,0.60906364,0.65654963,0.63109186,0.66258152,0.67574331,0.63937302,0.65745356,0.79082570,0.58807843,0.80246179,0.61589472,0.70214524,0.62337107,0.68698789,0.66163809,0.63281801,0.68305321,0.70758263,0.63113115,0.55815393,0.49202039,0.60638700,0.68165296,0.60000578,0.64877571,0.48679120,0.59758626,0.61747597,0.70487534,0.71467118,0.70646239,0.53284663,0.50222295,0.76073842,0.60226065,0.56473769,0.64038486,0.57033125,0.59235230,0.62964601,0.70203716,0.63825301,0.52547961,0.60429312,0.60094861,0.63933094,0.71522601,0.55411290,0.70504561,0.61964285,0.64259881,0.62180065,0.74102245,0.74589243,0.56785890,0.66114581,0.61811966,0.70424633,0.56340899,0.71958305,0.68650511,0.57680403,0.55115564,0.69096806,0.74799448,0.57113251,0.68779451,0.61663270,0.61972747,0.67308529,0.69841542,0.58913779,0.69163983,0.50359732,0.48691291,0.41635409,0.71542477,0.61122781,0.71361060,0.63190766,0.54482855,0.54804488,0.64865563,0.67899440,0.65305071,0.55649949,0.55502921,0.66931461,0.59464017,0.44212272,0.64118014,0.57212291,0.67646750,0.69390268,0.58825224,0.71484917,0.61235643,0.68909096,0.50840433,0.49441398,0.48406020,0.67637387,0.67501410,0.47338231,0.56197563,0.58392712,0.54868762,0.52814908,0.55396690,0.45119105,0.65128519,0.74784309,0.67140967,0.57352049,0.67859493,0.58081847,0.57994578,0.60367749,0.47111282,0.69288704,0.75381702,0.70850085,0.71488544,0.64060050,0.61366314,0.69390268,0.51675374,0.54751673,0.59789290,0.70485293,0.59168210,0.54909721,0.58706192,0.68605169,0.69321106,0.65640155,0.58799006,0.58713947,0.60919179,0.68101816,0.58124764,0.57124198,0.64577949,0.71053452,0.72309015,0.74796008,0.63984325,0.71542704,0.72971737,0.80818541,0.58976374,0.62696682,0.58734866,0.65588215,0.66229313,0.59473897,0.56382106,0.63865438,0.69385216,0.70289719,0.76314181,0.59707849,0.58180277,0.70739370,0.69732555,0.61757151,0.71582768,0.79208776,0.70399485,0.54792270,0.57662443,0.68063927,0.49279338,0.65157558,0.48819815,0.55054997,0.65846528,0.52394421,0.58256331,0.50978405,0.66925445,0.55109405,0.61264769,0.60393723,0.44552294,0.44360655,0.63197694,0.59715536,0.56667034,0.61767191,0.52395931,0.56379863,0.64622020,0.61473392,0.70932842,0.59214639,0.55325306,0.68309661,0.53909697,0.54140347,0.55875684,0.71138145,0.69743129,0.51556373,0.70739601,0.54885478,0.64330456,0.59074241,0.54001751,0.00000000,0.67069885,0.61143512,0.60314867,0.65889875,0.63918271,0.58834515,0.49203716,0.58806063,0.48087290,0.66221777,0.72909719,0.64160495,0.68990871,0.64079964,0.63938182,0.58248224,0.80818541,0.44763051,0.50526128,0.58418324,0.67943574,0.68498963,0.53994400,0.58681130,0.60354071,0.71056232,0.78682495,0.64251359,0.61908992,0.68823008,0.59483879,0.75694228,0.68397333,0.69290237,0.63537607,0.64114553,0.67765036,0.47075122,0.66330895,0.61973814,0.65019787,0.70847047,0.77733512,0.62334689,0.45608592,0.00000000,0.49032218,0.74664993,0.55326004,0.52366522,0.62194503,0.59020651,0.63906341,0.71843354,0.62786484,0.56895705,0.57923865,0.60441589,0.69448831,0.77464852,0.76615319,0.67946390,0.65234538
B5812,0.61068997,0.58546935,0.66708838,0.58338188,0.64358832,0.57988033,0.58639426,0.46372234,0.55630663,0.54965016,0.52008874,0.53218687,0.45606206,0.50113318,0.56074984,0.52192010,0.69599905,0.59088485,0.61433975,0.58879462,0.51599507,0.66438149,0.54206042,0.54047903,0.52523778,0.58683554,0.61682291,0.65885276,0.57243512,0.73368946,0.52339791,0.56704689,0.54977790,0.64130370,0.55558273,0.53437807,0.66849498,0.62989670,0.63490761,0.58880709,0.45753497,0.62673074,0.57077475,0.49645920,0.57192829,0.41944745,0.58956159,0.61875264,0.55748422,0.58787586,0.55449936,0.49541164,0.49282918,0.57214215,0.58848298,0.49289077,0.56409818,0.49801418,0.51189297,0.54296264,0.65395413,0.62050733,0.49697509,0.56816527,0.66618917,0.52442273,0.60463777,0.44411824,0.63245689,0.54231612,0.62048566,0.50818991,0.63823286,0.64515611,0.55041311,0.69731168,0.60715952,0.57253874,0.64675735,0.61443122,0.61734477,0.62848584,0.53124773,0.63093280,0.69717194,0.49383158,0.68663429,0.58318849,0.65954654,0.55508849,0.57636883,0.56717344,0.58075986,0.32216072,0.55134912,0.43439730,0.55923551,0.46349493,0.65642437,0.57711861,0.53220726,0.50691458,0.46022782,0.56630779,0.57480525,0.51661247,0.51604247,0.47830069,0.50803821,0.54243141,0.64854039,0.53990922,0.60987863,0.60413938,0.57017450,0.70045539,0.51607474,0.62919620,0.47352449,0.54124169,0.51784112,0.49355955,0.50669466,0.61058144,0.47797209,0.48675258,0.57387336,0.48789544,0.62236373,0.46678485,0.56831047,0.66866063,0.62901536,0.51272262,0.50189980,0.55885686,0.54676823,0.54211713,0.48674630,0.57833482,0.64631296,0.61134555,0.56504115,0.60057382,0.57555322,0.60413938,0.34531817,0.28411431,0.49746169,0.59978601,0.49361147,0.53807819,0.60674445,0.50342224,0.57639680,0.57499867,0.56104738,0.45051614,0.49186329,0.43026654,0.52447320,0.34920892,0.53363271,0.55798120,0.63069402,0.54916898,0.59328800,0.59601909,0.64379720,0.65966186,0.55434826,0.46709778,0.55506893,0.56414595,0.53886923,0.48500257,0.51128290,0.59215860,0.72357300,0.51640640,0.67187091,0.53075334,0.45198986,0.55530188,0.62527791,0.52938162,0.53311419,0.65930687,0.57327636,0.46172246,0.38005946,0.44634260,0.48042564,0.55303256,0.19920927,0.32793120,0.55745604,0.50031026,0.51213511,0.54724760,0.60338955,0.44641964,0.52286396,0.58650030,0.49319163,0.53750765,0.51277282,0.54594964,0.55286271,0.58808421,0.43857666,0.49308480,0.54962727,0.51523251,0.70471552,0.46326670,0.48701041,0.54440565,0.57052284,0.52579185,0.48428128,0.58639426,0.56830107,0.45784429,0.61819420,0.52504920,0.57459515,0.49407937,0.52029841,0.49032218,0.57755033,0.47377436,0.61517355,0.58144321,0.52766394,0.47913897,0.47635389,0.61990173,0.54706997,0.54754363,0.56994855,0.54116979,0.45379150,0.53707579,0.51081182,0.43083772,0.65966186,0.42816100,0.36821339,0.43848147,0.57440161,0.49622272,0.44701717,0.55015388,0.55102775,0.57099211,0.65055336,0.49708137,0.64491943,0.56382211,0.52145637,0.62340271,0.58306472,0.59073907,0.52643413,0.53376966,0.48225491,0.52137337,0.65272112,0.51091287,0.54626217,0.62002995,0.66079254,0.55443160,0.18708656,0.49032218,0.00000000,0.64731943,0.49275659,0.46194669,0.50093547,0.55421830,0.50053285,0.60038497,0.64852991,0.66101971,0.64020811,0.65669525,0.57988260,0.59851424,0.64409930,0.49017667,0.54743615
B6082,0.50449536,0.57966861,0.56726879,0.53836875,0.48654860,0.49892582,0.56030318,0.52351235,0.61617634,0.65983562,0.60937212,0.48982225,0.47709507,0.54782435,0.49920898,0.47990637,0.76172951,0.69019954,0.60275411,0.57219041,0.46256439,0.69875431,0.50883202,0.71475821,0.48428750,0.63215137,0.58611861,0.49712057,0.51521391,0.59361024,0.58166469,0.38017737,0.42561991,0.62663072,0.54429629,0.45877176,0.69134530,0.54084683,0.62670018,0.57743564,0.53534382,0.70496069,0.43600961,0.54279135,0.45671771,0.52257197,0.51005971,0.58171060,0.59491023,0.62038506,0.50491578,0.52821426,0.64907734,0.43400032,0.57323890,0.58107565,0.68863280,0.51096885,0.46871331,0.55285591,0.57942172,0.58456670,0.44164409,0.49867093,0.60216920,0.50192575,0.48807001,0.47980124,0.61641523,0.61060588,0.52424898,0.59186723,0.49111668,0.55769310,0.59616596,0.63613993,0.64979659,0.52137494,0.69225750,0.61727727,0.55333781,0.59247764,0.52790262,0.54147901,0.57939038,0.54470204,0.48888947,0.50161519,0.56764883,0.47016497,0.53027634,0.51810877,0.40602202,0.52697850,0.63881720,0.56025923,0.49286097,0.47668423,0.54863394,0.59007936,0.65933732,0.43870017,0.42710686,0.49986494,0.55362418,0.55341655,0.60806225,0.47373321,0.49598277,0.53270623,0.51721667,0.62683752,0.52519260,0.64222893,0.49101367,0.57316214,0.59302808,0.51890853,0.54235314,0.51771667,0.52452921,0.46045330,0.47590964,0.60141602,0.48296649,0.47656477,0.70218308,0.44615183,0.68261504,0.60031218,0.49276963,0.55661067,0.64257429,0.40393025,0.46553099,0.42798050,0.57467007,0.63498628,0.64782717,0.26799909,0.17728616,0.66792810,0.53288633,0.67746321,0.45762640,0.64222893,0.53920494,0.63327090,0.41403406,0.48386772,0.51736706,0.59873171,0.61910614,0.45366240,0.47799009,0.49690868,0.42528810,0.50818872,0.60610732,0.48753285,0.64756626,0.55567500,0.48787757,0.50397846,0.59615523,0.53377193,0.52732462,0.39584527,0.47937194,0.46608728,0.55507790,0.51671252,0.42194181,0.43205325,0.48003832,0.56875627,0.60722222,0.54399068,0.70973157,0.45863579,0.53572814,0.52190599,0.53279043,0.48966275,0.52777562,0.60580790,0.51910204,0.55715074,0.44632059,0.54876325,0.70601576,0.62238802,0.70582081,0.63727950,0.67945367,0.69128773,0.52387847,0.54044349,0.54330023,0.51810754,0.54364381,0.56911894,0.48987070,0.68610467,0.53376640,0.68016727,0.51087512,0.59980480,0.63004918,0.70121514,0.56530815,0.57869554,0.48090768,0.54323753,0.53963979,0.57163332,0.60859938,0.55310560,0.63281751,0.54204173,0.52993960,0.56030318,0.49489525,0.55160858,0.46859973,0.58232004,0.56607048,0.51966222,0.58890785,0.74664993,0.48592480,0.42561526,0.68163189,0.60479925,0.48764515,0.57742318,0.52887891,0.61537757,0.52463052,0.47176647,0.50244066,0.49098590,0.53033615,0.44878149,0.33984599,0.54589278,0.46608728,0.54875842,0.66516388,0.55570884,0.42789544,0.45679377,0.53714423,0.60009636,0.43614923,0.36857834,0.66949865,0.40591260,0.66124922,0.50391427,0.58044383,0.51403844,0.50478579,0.40511213,0.46522214,0.46516911,0.39657858,0.54212194,0.51204806,0.50379288,0.54147396,0.51285837,0.54677036,0.57150374,0.65263607,0.74664993,0.64731943,0.00000000,0.55622806,0.52590470,0.43522178,0.51745885,0.34826734,0.33426831,0.50965997,0.70389897,0.57588568,0.64046488,0.38738589,0.46138282,0.49628206,0.39606157,0.43429858
B8018,0.62040533,0.66935034,0.70636813,0.57780792,0.68644450,0.57205861,0.48346783,0.36294680,0.59877699,0.65059244,0.65696327,0.57215493,0.56891839,0.56754992,0.57269832,0.55884341,0.72795915,0.61474882,0.67342836,0.58388983,0.51002180,0.67224964,0.55575239,0.66263358,0.55958990,0.54945424,0.64424311,0.66225481,0.62820078,0.68332661,0.49160040,0.49637582,0.48877670,0.67673897,0.55470930,0.51082375,0.72235621,0.58999373,0.70618182,0.61626454,0.58614409,0.61854494,0.52538158,0.53592135,0.57407152,0.49150583,0.57726442,0.57954911,0.64049213,0.63551256,0.58518308,0.53087422,0.57819197,0.58837467,0.58222215,0.56596446,0.60213495,0.44812043,0.48921156,0.56752329,0.58466752,0.59424417,0.49462123,0.52688964,0.65579077,0.48001629,0.61160949,0.47807499,0.64714128,0.62533411,0.60214164,0.62113210,0.62227910,0.65475583,0.60828363,0.57096327,0.66518839,0.54327115,0.66561026,0.64069899,0.66980897,0.62355151,0.52198607,0.59427611,0.69562428,0.52972629,0.67826722,0.59415371,0.56299016,0.49982812,0.59328534,0.58823322,0.56632243,0.49223214,0.58602766,0.50974320,0.58892032,0.47920050,0.62222209,0.62123990,0.36369282,0.51064474,0.44903065,0.57117974,0.59336723,0.44185514,0.47839787,0.50713873,0.52324403,0.49397609,0.58944577,0.55898594,0.67975894,0.56841001,0.62224891,0.71461075,0.55398663,0.56905644,0.42880618,0.51626357,0.48653725,0.48701668,0.53329341,0.63856744,0.43009591,0.37870783,0.61849958,0.46886113,0.58707953,0.52127584,0.55976896,0.64806490,0.63618500,0.45132421,0.49538554,0.49670675,0.61193481,0.62742605,0.52366072,0.57470450,0.59341831,0.49067304,0.61527624,0.65856562,0.52953302,0.56841001,0.51706300,0.57837308,0.45681740,0.60113127,0.47427452,0.61730473,0.59880671,0.46988361,0.53151685,0.55396430,0.50246036,0.48383119,0.54658494,0.54594077,0.57989241,0.53755599,0.53732896,0.50605914,0.58963946,0.54249566,0.56713293,0.58776988,0.64272827,0.63264501,0.56081312,0.48705907,0.50225693,0.53221136,0.52444825,0.55707681,0.48663154,0.56187114,0.71486672,0.52986866,0.57062019,0.56349413,0.48871021,0.58595906,0.66512792,0.57544462,0.53324113,0.66379832,0.56035251,0.43564581,0.66087123,0.64211551,0.57215102,0.48852395,0.53421470,0.58451475,0.56366233,0.44675608,0.53958333,0.55195110,0.60999815,0.56292746,0.49553759,0.61721445,0.52502727,0.53419480,0.51843186,0.52486185,0.56097177,0.62944667,0.43645979,0.57600883,0.57294979,0.55590281,0.67033628,0.51068450,0.49185334,0.57715657,0.55678309,0.46281134,0.56529476,0.48346783,0.55630392,0.53157635,0.62269310,0.55735989,0.55405547,0.47501352,0.58688198,0.55326004,0.56448243,0.50093743,0.61237124,0.59524539,0.53471367,0.57345994,0.53777994,0.63700152,0.61073838,0.59524126,0.57903637,0.51472306,0.51536413,0.52944900,0.47383348,0.46742895,0.63264501,0.56350762,0.60907014,0.50084940,0.54209920,0.47747134,0.52839776,0.51452771,0.51529356,0.54860006,0.66007543,0.50978966,0.69669869,0.47347665,0.49741326,0.56585910,0.55041087,0.52371303,0.44947233,0.54580753,0.49875773,0.56744594,0.59710466,0.47651798,0.51330855,0.63066486,0.60463387,0.56092928,0.51518910,0.55326004,0.49275659,0.55622806,0.00000000,0.36172399,0.48428205,0.60770261,0.43520909,0.57333746,0.60859561,0.67054071,0.61012132,0.60398649,0.52360416,0.58925156,0.65408376,0.49118679,0.46366413
B8019,0.46151674,0.49919313,0.55423359,0.41835569,0.56993938,0.43780948,0.41682742,0.36138575,0.43198339,0.42729718,0.49298792,0.35498298,0.38117072,0.46999300,0.40283806,0.39843609,0.67497577,0.58428647,0.47071929,0.46757968,0.36929086,0.58333727,0.48595507,0.60031449,0.39997507,0.48620200,0.51325206,0.51413672,0.47780602,0.59344039,0.46787190,0.45643553,0.42997769,0.45339983,0.41956379,0.39144831,0.55762897,0.40096336,0.54488144,0.47168839,0.38718771,0.62334996,0.43781727,0.41676816,0.42707931,0.42675095,0.49652099,0.54024046,0.50789691,0.49875804,0.40144750,0.43949673,0.43575466,0.43843392,0.46753389,0.43578125,0.43155404,0.41478265,0.50447693,0.48197998,0.56737409,0.47365401,0.36481353,0.43966918,0.51790579,0.48922920,0.49859368,0.34781201,0.48150612,0.41180601,0.48060328,0.48627249,0.50344112,0.58309103,0.45936232,0.42264954,0.56496800,0.41364040,0.48677961,0.47733970,0.47533848,0.48032974,0.47353654,0.43050293,0.49615223,0.34417910,0.58181251,0.44098582,0.41469084,0.45982069,0.50003161,0.51964860,0.42470857,0.37675809,0.48303059,0.38099225,0.51346102,0.32615587,0.48751049,0.54738726,0.55433330,0.37996146,0.31613058,0.49314731,0.34861295,0.43979670,0.48270788,0.38948308,0.44452597,0.34782318,0.43365227,0.54267403,0.55628679,0.59949037,0.44085459,0.58404875,0.55666085,0.38083723,0.20437249,0.40234231,0.38194467,0.34228715,0.46136340,0.51908865,0.39422361,0.40139239,0.56348981,0.34008808,0.53526854,0.40743222,0.49204139,0.54960128,0.55459914,0.38739456,0.47157147,0.44854323,0.40797243,0.54380176,0.44827360,0.50774479,0.53876077,0.54523582,0.41077348,0.46318725,0.45508192,0.59949037,0.36563100,0.47645913,0.36085599,0.45795383,0.42196494,0.46489701,0.56961958,0.36651295,0.46618216,0.49528695,0.44485329,0.42482542,0.48546700,0.38393824,0.43972485,0.37152860,0.43434625,0.47835712,0.58186785,0.50538720,0.46411217,0.50529433,0.57459886,0.56418559,0.43670175,0.43036840,0.45109196,0.48733639,0.42446823,0.45701331,0.49274750,0.46823984,0.48822289,0.39662973,0.44878442,0.45078066,0.40353808,0.42813220,0.52866229,0.41342238,0.49274755,0.52254248,0.41518245,0.42714246,0.53779481,0.52624651,0.45337552,0.59786646,0.49991950,0.45397122,0.44800548,0.33250022,0.46733885,0.39936547,0.38646685,0.35304803,0.34329946,0.58265783,0.38727678,0.46679585,0.53234714,0.51621503,0.50150442,0.63155009,0.34830411,0.39647382,0.44887883,0.40688985,0.50561040,0.44479166,0.49388239,0.36309351,0.53106313,0.46148464,0.50505115,0.41682742,0.45205529,0.40699336,0.55394847,0.53315884,0.31918085,0.42274755,0.40760568,0.52366522,0.46140842,0.46626759,0.61726763,0.52019022,0.42665648,0.37894562,0.38338847,0.44177916,0.47649260,0.50111796,0.41424165,0.45080780,0.47655704,0.44124715,0.48150902,0.44521483,0.56418559,0.45772117,0.59564956,0.45448583,0.37590444,0.44476889,0.41519475,0.50336561,0.50324036,0.44974827,0.52160276,0.38149718,0.56659399,0.37906510,0.44076097,0.53847719,0.47496499,0.42112494,0.47617545,0.45109637,0.41095481,0.40162931,0.42759891,0.48631937,0.37019984,0.47028659,0.53510156,0.44396200,0.50228717,0.52366522,0.46194669,0.52590470,0.36172399,0.00000000,0.34351699,0.51223889,0.40085029,0.54192296,0.44226081,0.51275158,0.50117422,0.46197889,0.49514863,0.52377123,0.48525358,0.41239351,0.43067656
B8105,0.35304077,0.36384744,0.43824781,0.41796708,0.40837573,0.29498325,0.36781666,0.44632360,0.39089304,0.48025980,0.47196040,0.29322018,0.36960485,0.41181831,0.29049992,0.28603883,0.59334295,0.50609310,0.41218413,0.29818948,0.19882075,0.38172391,0.31437770,0.59229188,0.29609092,0.44923596,0.39795238,0.39219489,0.40102151,0.55577332,0.44678892,0.35329632,0.39527135,0.44063562,0.33737836,0.33394881,0.56318148,0.34724519,0.53954882,0.46106570,0.39844820,0.53850929,0.32213407,0.37593359,0.30789638,0.40601500,0.46466817,0.42708419,0.39334335,0.40788621,0.31902030,0.39870739,0.47536989,0.31277241,0.29623757,0.38539873,0.55476290,0.40050617,0.35378533,0.31451728,0.43625083,0.53727173,0.41383081,0.41748490,0.58056828,0.49939446,0.52437976,0.37286930,0.47293240,0.58022163,0.35821428,0.40354383,0.39094159,0.41426518,0.49143874,0.56250115,0.48938175,0.34498201,0.50722211,0.47184967,0.44876194,0.51708199,0.34844129,0.43503606,0.49054432,0.43498086,0.51554720,0.33204491,0.50858298,0.30238167,0.40131998,0.44347262,0.30468746,0.37435094,0.49488421,0.39972039,0.35066478,0.36363178,0.42901011,0.48164266,0.47042448,0.42148086,0.24768966,0.45930445,0.44264263,0.42081262,0.49564862,0.33824821,0.35301434,0.44258137,0.35179190,0.44968756,0.42124521,0.50621795,0.40255277,0.52782546,0.57417406,0.40288515,0.46641772,0.44162512,0.28697831,0.34030871,0.37167064,0.46569838,0.39262155,0.40094747,0.50564021,0.36550845,0.45909255,0.44641147,0.31545157,0.36976850,0.39040541,0.29669947,0.41140977,0.37305399,0.42557544,0.39491587,0.43631618,0.41348566,0.44910763,0.46007239,0.32613151,0.49055791,0.33802892,0.50621795,0.33373248,0.50559714,0.35716047,0.24708749,0.44972772,0.48919263,0.51608685,0.31462442,0.35528722,0.32600187,0.36713384,0.44227088,0.45538590,0.29787199,0.56948250,0.35601039,0.27775716,0.39090214,0.52790306,0.45007133,0.40542192,0.35291609,0.45062353,0.42454990,0.35210575,0.38109264,0.36981872,0.40956506,0.34258250,0.43772679,0.49125894,0.47234359,0.52224907,0.33164100,0.49921398,0.29023764,0.43005962,0.31779306,0.35250495,0.49411185,0.42751539,0.37785343,0.34138265,0.50290930,0.58358502,0.50703949,0.49920645,0.53646175,0.57737982,0.47103083,0.42108528,0.39986613,0.44501915,0.42653297,0.32110367,0.41419454,0.39308793,0.50426740,0.41147304,0.48039227,0.39343951,0.37465440,0.55856623,0.55416368,0.49365161,0.48070197,0.43096259,0.43400749,0.46973273,0.41600930,0.42061307,0.35027988,0.47078309,0.37456142,0.51137866,0.36781666,0.30475801,0.41764698,0.53637029,0.40669145,0.46126427,0.45140506,0.48002692,0.62194503,0.41233607,0.45530135,0.54628153,0.44379442,0.27257459,0.43376663,0.36715993,0.49348853,0.39396137,0.46183472,0.30421069,0.34431284,0.42987989,0.37131647,0.38475294,0.48397561,0.42454990,0.43360729,0.60316485,0.48173889,0.16349024,0.31315995,0.39138899,0.37517063,0.36910739,0.30308543,0.39582057,0.32226645,0.41269373,0.46365680,0.40382792,0.49011752,0.34197634,0.47342137,0.42874093,0.38363987,0.36139451,0.44177091,0.32963071,0.56220102,0.41338345,0.33269477,0.33160452,0.26626531,0.59075832,0.62194503,0.50093547,0.43522178,0.48428205,0.34351699,0.00000000,0.38523593,0.31274478,0.45282018,0.42176386,0.52033226,0.45690455,0.42374283,0.42048527,0.46057324,0.35500937,0.35767915,0.38087529
B8159,0.41222713,0.38609006,0.43295107,0.35922197,0.47031685,0.41532763,0.41366256,0.45679581,0.43801548,0.51476193,0.45893014,0.43211091,0.41130967,0.40970082,0.30409019,0.26935186,0.39195224,0.34788453,0.39554486,0.37371407,0.38619425,0.46825187,0.39487730,0.56345877,0.27530598,0.50704614,0.34044893,0.40695789,0.40655177,0.56201440,0.45741923,0.42885802,0.48030690,0.39667935,0.48282907,0.44200919,0.51580263,0.46293919,0.46236865,0.50408572,0.36114158,0.35860824,0.39404559,0.35475558,0.34189478,0.34722714,0.51841004,0.33430030,0.38735915,0.39829408,0.39724630,0.39334895,0.47780967,0.36649756,0.37386657,0.50343018,0.56333359,0.40025426,0.36362905,0.43154922,0.38871825,0.52762957,0.44352902,0.43548049,0.52583628,0.55398048,0.53159540,0.31599177,0.51868783,0.47764998,0.48552718,0.30928873,0.48022173,0.46231769,0.49465363,0.62045750,0.45958643,0.46991168,0.46901154,0.59919788,0.39448176,0.50892090,0.25415756,0.52159104,0.46690831,0.44105421,0.43477469,0.45398088,0.56456235,0.47303210,0.48817467,0.54696927,0.39224429,0.41016180,0.53800812,0.39795868,0.45285386,0.45752947,0.55123252,0.58399681,0.41503788,0.44375045,0.43757021,0.52481207,0.47505374,0.43139528,0.46378884,0.37447919,0.43167106,0.45598448,0.54885327,0.29727605,0.38330880,0.52884070,0.37270171,0.47869846,0.57305139,0.52423270,0.44632077,0.48081977,0.32333248,0.51170330,0.38879066,0.48852819,0.38475145,0.38058040,0.34522055,0.40822791,0.42892261,0.45628861,0.38403010,0.42324695,0.43054209,0.44330729,0.45698324,0.52555948,0.51743859,0.52790279,0.46935861,0.46392558,0.51806686,0.53353464,0.43428085,0.51199275,0.49464048,0.52884070,0.41168826,0.47680537,0.52277349,0.34918963,0.58497152,0.52145892,0.31540383,0.48664962,0.57877210,0.39631812,0.52587127,0.43529956,0.52747883,0.42632028,0.56399735,0.34552131,0.40492966,0.49798845,0.51888744,0.50375401,0.47430252,0.41493555,0.41346205,0.48187727,0.39047026,0.53155021,0.52947782,0.36679303,0.49120260,0.50147539,0.45837090,0.56107105,0.53897430,0.43051681,0.60057845,0.40119292,0.53015614,0.48687097,0.42869438,0.48604751,0.54089035,0.41743019,0.46512332,0.52357522,0.53231169,0.52937858,0.50858016,0.56651052,0.53812076,0.50127605,0.45083714,0.44582382,0.47878482,0.39227484,0.38048788,0.38356923,0.52329735,0.35378743,0.40069436,0.46306468,0.43928703,0.40873479,0.63953640,0.62237895,0.55216082,0.42048866,0.47291323,0.43178141,0.45508167,0.40110199,0.48340837,0.43691386,0.47463641,0.46901936,0.51528197,0.41366256,0.35678928,0.48386967,0.50728401,0.24919644,0.49682307,0.58656913,0.39422669,0.59020651,0.54658457,0.55486211,0.47336891,0.44961616,0.40584284,0.46776903,0.42741064,0.51197694,0.40764414,0.65002127,0.43639474,0.41731677,0.50763329,0.43503337,0.43791284,0.53103091,0.48187727,0.43154792,0.53833505,0.53438440,0.41933265,0.52346398,0.50483267,0.41249144,0.37769551,0.40240266,0.50096926,0.30744814,0.36940867,0.61358287,0.52334519,0.58742456,0.47469482,0.55732440,0.50781144,0.40339468,0.42704410,0.43564405,0.52389266,0.66849020,0.49806007,0.38647038,0.45974793,0.35070697,0.57861856,0.59020651,0.55421830,0.51745885,0.60770261,0.51223889,0.38523593,0.00000000,0.48671916,0.48927591,0.40694248,0.46708953,0.41016559,0.43108871,0.54843802,0.52198132,0.45290761,0.42928505,0.48257094
B8396,0.43659501,0.50083510,0.52280325,0.53071889,0.52143662,0.40258991,0.47680888,0.45593493,0.49348058,0.58118460,0.54436588,0.40785672,0.37880371,0.42703637,0.45212850,0.43426354,0.71315822,0.59292601,0.53272169,0.51019113,0.36956327,0.59325658,0.40961725,0.64634856,0.43373957,0.45343889,0.53356518,0.46267485,0.51798273,0.58664764,0.47972469,0.36002977,0.37392060,0.59538186,0.45756530,0.39424108,0.66855195,0.45707213,0.65048728,0.51574019,0.47797238,0.64714587,0.38915663,0.40827819,0.40165944,0.41153701,0.53020309,0.51170452,0.52283153,0.52756152,0.44854461,0.39430893,0.61755661,0.38411381,0.51211019,0.47212272,0.58946321,0.39739854,0.41864189,0.44176249,0.52303476,0.49901532,0.39742195,0.48592873,0.58621025,0.46482972,0.53630766,0.39619973,0.48867190,0.63134274,0.47112080,0.49933139,0.42823927,0.53918924,0.49267125,0.62663641,0.61093971,0.43722993,0.66763109,0.55363565,0.54771203,0.53121182,0.41519499,0.44442621,0.55731474,0.48520672,0.54110045,0.43646853,0.53274712,0.35643158,0.50781557,0.47183268,0.39221032,0.44857616,0.62030201,0.46641609,0.46165860,0.36834948,0.52275025,0.49438774,0.50837992,0.40315978,0.26892094,0.47876566,0.52988962,0.45373398,0.53246248,0.38525495,0.47645738,0.51545042,0.41974943,0.53157262,0.54782430,0.59536668,0.44469061,0.58172026,0.56759339,0.44382354,0.49708807,0.48668241,0.43251602,0.32956443,0.47576626,0.58653628,0.38241076,0.38150950,0.60071567,0.42033859,0.59515443,0.54927393,0.47342918,0.49308681,0.57275343,0.29624590,0.42792121,0.32980353,0.53817631,0.51246783,0.57010294,0.37647100,0.37842984,0.55306914,0.45419317,0.58644794,0.38563437,0.59536668,0.40866321,0.54824331,0.30613183,0.38086409,0.43281047,0.48865751,0.52179875,0.39038220,0.42397973,0.47049809,0.33016639,0.48249589,0.56827167,0.33256257,0.56210351,0.43123088,0.41069250,0.43136740,0.58236107,0.47110261,0.42949501,0.37147999,0.51786209,0.45750513,0.49540756,0.39843080,0.33249623,0.44779190,0.37943590,0.51120114,0.52789118,0.55375839,0.64875798,0.40069610,0.51143101,0.44276350,0.49318071,0.35811955,0.49806241,0.56263720,0.47249075,0.52442147,0.35877657,0.47702385,0.63892806,0.56745309,0.59328046,0.61506221,0.57384575,0.52006155,0.46573716,0.46793417,0.52536844,0.45716702,0.46104273,0.49966109,0.39730149,0.59625182,0.50490335,0.60084801,0.44939746,0.48891192,0.53340050,0.61244223,0.41598286,0.52640354,0.39700671,0.46634935,0.51679447,0.48982276,0.47494122,0.44744806,0.56096191,0.45254883,0.51533766,0.47680888,0.40408406,0.43258405,0.50198669,0.48264062,0.55885887,0.43491961,0.54349108,0.63906341,0.38378353,0.36811319,0.60531611,0.53961218,0.40612559,0.52558418,0.46084526,0.56984260,0.46764104,0.43170778,0.37732410,0.44914549,0.51010576,0.41897090,0.30136535,0.48048110,0.45750513,0.49770095,0.65072180,0.48139183,0.34145562,0.36445988,0.41813047,0.49204525,0.46785834,0.35554105,0.57769060,0.33690170,0.63985436,0.41314121,0.45253065,0.51706754,0.44828240,0.42919123,0.42504151,0.42394042,0.32035229,0.50438653,0.40293071,0.48370249,0.47371761,0.49095950,0.42793788,0.47414117,0.57546858,0.63906341,0.50053285,0.34826734,0.43520909,0.40085029,0.31274478,0.48671916,0.00000000,0.44432775,0.47855494,0.68429651,0.60897812,0.58350822,0.39638029,0.47874629,0.42234238,0.31845989,0.21184982
B8536,0.49011304,0.53264881,0.58798770,0.52088055,0.50759365,0.44417887,0.51566732,0.47396404,0.54139750,0.63355151,0.58545715,0.52860297,0.51338133,0.51743145,0.46399231,0.46211022,0.70153443,0.65004202,0.55571472,0.49500595,0.46650117,0.63085487,0.52671152,0.72632134,0.46491807,0.56431324,0.50905570,0.51516151,0.51110042,0.57039423,0.54180712,0.44265248,0.48869971,0.55770441,0.53965259,0.53828321,0.65679101,0.57298169,0.60233816,0.56129752,0.50404171,0.64953802,0.44712352,0.48741278,0.44379066,0.52212732,0.57574431,0.56052533,0.58407975,0.60172206,0.48267163,0.53061444,0.60202495,0.40665955,0.49640433,0.54769828,0.65419119,0.53276227,0.44819961,0.52964541,0.54880116,0.63303738,0.49346796,0.53328553,0.62286340,0.54639746,0.50545116,0.45291872,0.63301818,0.63774049,0.54789098,0.53936679,0.48884997,0.59182975,0.58091055,0.64097101,0.58252198,0.51280019,0.61570588,0.54812375,0.54431091,0.59939960,0.51070493,0.50975752,0.58433525,0.53299948,0.47062680,0.54665098,0.58195489,0.53997921,0.49388645,0.52040780,0.36922290,0.54152075,0.63094607,0.56091326,0.52652899,0.47649680,0.48498692,0.59758750,0.61903136,0.48404864,0.49384105,0.52497827,0.56282226,0.47404604,0.51773200,0.44687799,0.45609489,0.53449318,0.55517993,0.61243940,0.48332596,0.48947413,0.49925820,0.58188314,0.59264674,0.55738873,0.52676093,0.56621680,0.51308514,0.48504534,0.39687112,0.58210587,0.51665008,0.47118187,0.62488703,0.43724446,0.63528260,0.56617672,0.44233179,0.52410052,0.55555468,0.51268754,0.50418094,0.49463880,0.58303002,0.58265421,0.62802512,0.34495812,0.35393493,0.65375097,0.48681455,0.62886126,0.51233116,0.48947413,0.49847020,0.62351887,0.52121133,0.45450505,0.55366390,0.59910073,0.61568953,0.45977530,0.62503184,0.42972926,0.49314132,0.55459376,0.61532736,0.47114820,0.63677084,0.52679945,0.44859342,0.47502588,0.53495320,0.50130207,0.46979249,0.37464562,0.43242857,0.41653943,0.43130238,0.48837083,0.49256918,0.47788522,0.43795546,0.52501644,0.51968660,0.51412999,0.64465416,0.46579697,0.57425345,0.48335279,0.47078116,0.48877479,0.48501049,0.62722402,0.45375108,0.52404275,0.43713028,0.51400534,0.69790467,0.66001145,0.67902509,0.55680409,0.67014068,0.65109071,0.48445290,0.51946563,0.49604667,0.53768777,0.50292303,0.57756685,0.53308362,0.64704188,0.54244988,0.66674910,0.46885866,0.52134488,0.67310287,0.68329211,0.59079790,0.57451320,0.53225405,0.55255359,0.56727041,0.57959900,0.49410607,0.53118953,0.64770625,0.55593500,0.55547101,0.51566732,0.48481440,0.55654775,0.34762928,0.56834088,0.58292418,0.55552078,0.55986048,0.71843354,0.49530683,0.48209104,0.64994190,0.56857049,0.44753836,0.52934521,0.51197192,0.60022812,0.51338546,0.57290072,0.50496874,0.48076480,0.43587875,0.47032417,0.38480163,0.49030872,0.41653943,0.51384086,0.66228968,0.47977893,0.45638271,0.41088226,0.54335078,0.52050653,0.40921743,0.38481631,0.59460360,0.42537974,0.59668226,0.57715674,0.58524858,0.52958393,0.47213424,0.50659164,0.55378120,0.47242809,0.40894019,0.53988783,0.54122469,0.57625541,0.53392065,0.41804748,0.51496633,0.50208529,0.65177502,0.71843354,0.60038497,0.33426831,0.57333746,0.54192296,0.45282018,0.48927591,0.44432775,0.00000000,0.52569879,0.62871929,0.49652961,0.55689509,0.26363143,0.51969443,0.51519244,0.39698933,0.45197358
B8554,0.35681496,0.39356942,0.37706183,0.39216754,0.49053228,0.41548065,0.44650398,0.55029686,0.49318610,0.40246424,0.40592334,0.42695919,0.32106489,0.48336559,0.38596648,0.37521245,0.59587500,0.55118964,0.44072459,0.42499856,0.44907140,0.55962136,0.45532464,0.65458746,0.37573566,0.55236406,0.40277655,0.33964639,0.36596284,0.55470427,0.53756169,0.45960308,0.47053816,0.35011935,0.50031423,0.45092759,0.48763898,0.46755313,0.41787374,0.42357934,0.39451065,0.53968473,0.42588475,0.50035762,0.35785930,0.38844797,0.51909328,0.47530569,0.44038019,0.45004476,0.42093853,0.52268641,0.54444583,0.35943807,0.42720765,0.52803085,0.50978028,0.47799388,0.49207727,0.48615827,0.49859405,0.51440122,0.44471431,0.47513632,0.47935163,0.53677482,0.59630277,0.44587275,0.42951518,0.57358945,0.51290236,0.37848401,0.44441386,0.50780586,0.42943635,0.50212907,0.52289877,0.56353815,0.46218135,0.54353614,0.42182589,0.49599063,0.43468587,0.51429534,0.28206383,0.46794793,0.42817027,0.47817506,0.44983415,0.52041225,0.49840056,0.47509550,0.32435759,0.50694621,0.46140934,0.35199290,0.48844924,0.52371205,0.51840305,0.49745472,0.61198662,0.45344954,0.45458691,0.55683624,0.42879090,0.47304523,0.49884003,0.49511959,0.48133750,0.45282386,0.38269985,0.50324790,0.38769453,0.63335809,0.35969901,0.41224460,0.63961021,0.49271609,0.47747110,0.46240426,0.42140049,0.44938318,0.48461775,0.43448719,0.46200185,0.51952904,0.49992421,0.40984997,0.54741194,0.50853994,0.44758207,0.42993563,0.53305947,0.48675836,0.51178079,0.47318669,0.45498068,0.56201604,0.52562087,0.52598010,0.54179069,0.61586308,0.43412059,0.47288449,0.43631803,0.63335809,0.43370416,0.59672163,0.47290862,0.42449342,0.54554973,0.43849624,0.50227680,0.50637760,0.52810498,0.46503396,0.46691074,0.56399924,0.56676239,0.47850348,0.60672307,0.47322479,0.48525285,0.53567309,0.56820302,0.57292538,0.50431270,0.47531518,0.51371469,0.53956572,0.40877833,0.50487405,0.47746727,0.47836862,0.50364462,0.47880560,0.50209614,0.54384894,0.51621275,0.47017233,0.53939633,0.45835635,0.47594559,0.42571552,0.44805884,0.51929387,0.56164674,0.43310580,0.42916712,0.60317464,0.65596797,0.64291225,0.50353562,0.62174838,0.68963275,0.59456803,0.48858893,0.47504308,0.48928150,0.35702020,0.41999188,0.48311651,0.47237483,0.54386079,0.35939074,0.50357469,0.53492257,0.52470162,0.57717132,0.60183700,0.52292064,0.49615587,0.45951040,0.45481478,0.26507645,0.55406943,0.54766496,0.42498642,0.57004201,0.55022005,0.64998190,0.44650398,0.44431400,0.45850491,0.52408429,0.43914931,0.44309577,0.54726505,0.47989087,0.62786484,0.52188775,0.59649196,0.61253089,0.51428929,0.47484481,0.46757769,0.41561670,0.44865821,0.38855477,0.60864540,0.45907899,0.46212163,0.57330640,0.50078233,0.46997280,0.50352849,0.53956572,0.46580919,0.63752006,0.49044656,0.42486599,0.49541952,0.46576361,0.51905784,0.48337663,0.44576191,0.57245139,0.43880885,0.52390018,0.55455717,0.53242570,0.55424199,0.50407299,0.53654850,0.54302725,0.51754285,0.50164717,0.41118902,0.36677223,0.68515341,0.55071646,0.40755157,0.47614554,0.42447801,0.70785271,0.62786484,0.64852991,0.50965997,0.60859561,0.44226081,0.42176386,0.40694248,0.47855494,0.52569879,0.00000000,0.48396254,0.39544813,0.49880662,0.52332928,0.52998067,0.45044754,0.50736468,0.52197933
B8561,0.46030322,0.46674911,0.54714937,0.30605011,0.59001152,0.52851713,0.48829960,0.55021982,0.45185057,0.44253924,0.47171102,0.48342823,0.52429014,0.59992625,0.43880592,0.42876911,0.65733564,0.66999268,0.43229853,0.45608921,0.51432509,0.55527360,0.50283057,0.65726353,0.42619588,0.63357060,0.47185433,0.60527971,0.48558366,0.64490645,0.61885122,0.58580436,0.61401587,0.40198690,0.51198244,0.48016229,0.31756580,0.38231432,0.41507283,0.54908047,0.44687325,0.66849967,0.56715213,0.60343057,0.45823941,0.53487435,0.60875258,0.62489180,0.50337818,0.47700572,0.52091231,0.55539085,0.54171412,0.54283050,0.46096218,0.54748422,0.54664876,0.62955257,0.62603908,0.47301572,0.63242956,0.63991852,0.54769212,0.65434140,0.60621348,0.65997335,0.70974559,0.47278843,0.54094292,0.54267128,0.40503243,0.47771848,0.65707017,0.62257999,0.57306574,0.62592103,0.56147143,0.62603819,0.04496906,0.61738776,0.37569302,0.61287742,0.59280210,0.50509236,0.54871253,0.52835898,0.56298550,0.40496501,0.63201035,0.61841555,0.55665860,0.58915198,0.49673458,0.50179017,0.48463373,0.47976254,0.57103440,0.60740327,0.56099443,0.66855764,0.67155274,0.56590293,0.59268707,0.66088307,0.47769576,0.59313318,0.60156514,0.54868628,0.52114804,0.52525742,0.52078928,0.65840907,0.46419808,0.69524801,0.48568380,0.54496892,0.65073280,0.51824785,0.48866458,0.56579207,0.46447937,0.56326857,0.51869238,0.48729354,0.62059265,0.60113504,0.59345105,0.48448280,0.57654588,0.48727537,0.58149451,0.57560151,0.53569540,0.61195771,0.64946124,0.56669303,0.41097957,0.55082880,0.57011365,0.64621665,0.68297657,0.67862972,0.51600249,0.39464999,0.47231886,0.69524801,0.48030424,0.56403236,0.62169871,0.55514634,0.61090957,0.60260635,0.61680601,0.59368106,0.68986933,0.59067078,0.56315417,0.64914082,0.61922448,0.54176213,0.67158533,0.52769947,0.56504136,0.61107705,0.67133057,0.64861848,0.62324510,0.65084730,0.66345927,0.68291811,0.42201275,0.65151334,0.57710399,0.62181906,0.58215967,0.56508139,0.61692875,0.62682699,0.37132536,0.47796565,0.63661390,0.50509404,0.54541402,0.57457030,0.49802578,0.50159194,0.62187741,0.56110748,0.55945221,0.64234049,0.59858171,0.64438503,0.59131958,0.68682413,0.64242297,0.58397306,0.57534388,0.57023553,0.53739368,0.52561935,0.43028521,0.47174290,0.59860209,0.67071475,0.47451377,0.54092527,0.66503725,0.59816483,0.68372614,0.69362621,0.58201615,0.50732193,0.64696228,0.55686367,0.53628268,0.61292558,0.63221263,0.40175246,0.56410045,0.57284619,0.67342182,0.48829960,0.57499500,0.53374101,0.67258719,0.62613668,0.46415584,0.61205446,0.51998186,0.56895705,0.65097638,0.71449921,0.64663965,0.58689000,0.55856341,0.44438102,0.45283961,0.47056401,0.52187689,0.66970362,0.59272121,0.55986449,0.59579287,0.61988630,0.62458581,0.62096544,0.68291811,0.49010956,0.56142757,0.61454679,0.54860165,0.61712727,0.58162133,0.58337932,0.59062876,0.55780206,0.53667864,0.52801654,0.48213099,0.71611721,0.65925346,0.58345495,0.51238762,0.65805782,0.69177179,0.62782661,0.62633903,0.46452824,0.54265770,0.74856325,0.57090242,0.49273576,0.62448500,0.48471778,0.63274441,0.56895705,0.66101971,0.70389897,0.67054071,0.51275158,0.52033226,0.46708953,0.68429651,0.62871929,0.48396254,0.00000000,0.32567291,0.32205675,0.64702593,0.58394438,0.55438491,0.62303646,0.63049125
B8562,0.46815568,0.45092691,0.50324370,0.33662341,0.56053017,0.46900392,0.43346212,0.54518794,0.48623209,0.43314467,0.36373784,0.42447968,0.49710378,0.48812356,0.40520716,0.40756590,0.62612785,0.60092593,0.40397619,0.43358104,0.46995130,0.54164309,0.47441542,0.66838373,0.40835771,0.56463217,0.40828174,0.48672634,0.22585592,0.61116976,0.51603591,0.50450468,0.55631431,0.42948081,0.50448560,0.44027234,0.45694778,0.45017803,0.28101832,0.55988533,0.35072644,0.58538632,0.49041860,0.50774892,0.42938804,0.46642112,0.59302764,0.55760978,0.44760004,0.47297557,0.46399245,0.53165973,0.42441159,0.48292409,0.43680800,0.48074525,0.49285543,0.51187430,0.53174230,0.46880361,0.55766586,0.63487061,0.48977659,0.53374326,0.54767058,0.61405526,0.60457442,0.40978176,0.50407543,0.54563159,0.31125008,0.49235915,0.56516637,0.54793216,0.56613085,0.59675062,0.41715401,0.57997664,0.32961845,0.59703936,0.35373139,0.53478719,0.49908429,0.53666077,0.51400884,0.46788258,0.52895527,0.32611068,0.53826686,0.59542233,0.57903818,0.52904688,0.44059225,0.46690087,0.45799159,0.36464600,0.53893661,0.58348407,0.53503083,0.59213352,0.57170826,0.50092899,0.55383770,0.60277598,0.46381578,0.46723159,0.49190303,0.51796918,0.43191418,0.40476977,0.43424513,0.56228203,0.40996555,0.64405861,0.43861234,0.54708197,0.61976976,0.48882424,0.46476643,0.48937330,0.43110482,0.50608728,0.49874588,0.34438709,0.50645743,0.50489069,0.49983645,0.37453336,0.58786542,0.40003701,0.47463174,0.52469818,0.48668897,0.56300983,0.62400204,0.57456431,0.39148340,0.56172736,0.42765800,0.55358784,0.59102708,0.66355248,0.46801104,0.45955191,0.46087586,0.64405861,0.42619656,0.56626942,0.59978834,0.45993635,0.55251855,0.57644362,0.54868308,0.59118888,0.61873016,0.48700982,0.57041915,0.54521426,0.51732606,0.50525952,0.66856323,0.44052069,0.49897956,0.56999564,0.64177789,0.61895302,0.52240016,0.57560897,0.59045572,0.59036677,0.34394845,0.57331372,0.57299539,0.50077842,0.54092131,0.50483862,0.50590142,0.53260194,0.46428664,0.46639943,0.57683518,0.45388753,0.49148938,0.50489186,0.51088188,0.49315620,0.56053250,0.52143320,0.51103883,0.57236508,0.64471819,0.63217595,0.46406806,0.64459991,0.63574380,0.61057343,0.49955344,0.52911593,0.53738851,0.45702389,0.40773827,0.40274060,0.53148691,0.58967486,0.41441496,0.52852054,0.56765754,0.55498001,0.65179825,0.70962616,0.58533753,0.43839940,0.58090997,0.45916974,0.52404085,0.52747925,0.57787361,0.40466112,0.61442570,0.58383872,0.63895566,0.43346212,0.50530013,0.50301485,0.57235162,0.53283241,0.44298478,0.55428420,0.39828712,0.57923865,0.60391343,0.63365899,0.60529661,0.54635646,0.48919795,0.40467860,0.44233051,0.54160242,0.45606195,0.69016414,0.52600249,0.51038038,0.59952626,0.54067216,0.53622085,0.60077700,0.59036677,0.44323865,0.59463966,0.59797584,0.47351686,0.55118213,0.53681221,0.54059178,0.53401431,0.49669687,0.49905185,0.46906022,0.41640986,0.66953624,0.63717239,0.60447807,0.48390766,0.55981152,0.60970852,0.57036954,0.56133044,0.43337444,0.45322864,0.66776216,0.55285516,0.43711633,0.52555539,0.44216191,0.63544403,0.57923865,0.64020811,0.57588568,0.61012132,0.50117422,0.45690455,0.41016559,0.60897812,0.49652961,0.39544813,0.32567291,0.00000000,0.28022999,0.55056242,0.55578048,0.48594919,0.55826618,0.59905403
B8563,0.47820190,0.39046425,0.50085705,0.35652013,0.57250323,0.43835154,0.38584496,0.49350098,0.44202543,0.51366456,0.45783547,0.45276300,0.52304807,0.48592926,0.36701233,0.37188514,0.71465311,0.63909485,0.44596188,0.42121864,0.44956160,0.50657479,0.45897283,0.68206015,0.36904373,0.49559001,0.36827673,0.54672414,0.43560983,0.59237960,0.60371952,0.51443214,0.56025700,0.47241588,0.50037148,0.46367118,0.41176797,0.43351032,0.44163230,0.58714277,0.45746865,0.67970899,0.48542569,0.44434973,0.38662447,0.53422486,0.62786500,0.56912098,0.40010415,0.41902583,0.43451795,0.47908598,0.50728043,0.44623694,0.42560245,0.49005473,0.55478236,0.52637454,0.50780964,0.43826942,0.52844243,0.63007842,0.52810330,0.61038596,0.61807325,0.62372039,0.60983429,0.40177279,0.55742786,0.62265521,0.39403585,0.48432591,0.52744185,0.58121544,0.57870064,0.63111593,0.54339709,0.52238465,0.32854670,0.56037679,0.38078949,0.56650443,0.51645495,0.46897505,0.59587288,0.54397608,0.55267363,0.38540975,0.54444084,0.53008119,0.57769062,0.59631984,0.47553775,0.48144569,0.54003564,0.42776341,0.55578861,0.53309737,0.52729448,0.64625082,0.56963099,0.53420587,0.51811542,0.57166989,0.47451136,0.49917647,0.55670288,0.47776922,0.42220229,0.44234942,0.51326530,0.58368139,0.48704205,0.66450992,0.40580322,0.55352644,0.66375444,0.41963188,0.45231988,0.56708721,0.40241031,0.52974317,0.47853305,0.44205619,0.51843943,0.48631270,0.53898039,0.44322765,0.60475844,0.46538260,0.50721715,0.49613368,0.47016478,0.58098483,0.61999992,0.57887506,0.49430952,0.51301674,0.50668496,0.60314381,0.61894328,0.64131267,0.43690440,0.49731734,0.53062253,0.66450992,0.43408384,0.56079227,0.60613050,0.41692626,0.56539748,0.57641492,0.55325831,0.56682158,0.62735410,0.51827386,0.57107584,0.57016550,0.56621038,0.46376509,0.62746873,0.44074443,0.48774298,0.57588388,0.64026955,0.60477784,0.48670053,0.57063446,0.58770428,0.62701229,0.36034348,0.56163442,0.58201629,0.53333769,0.52712623,0.53983695,0.57191360,0.55571172,0.49675641,0.45409442,0.51929994,0.43040528,0.49485375,0.46189659,0.50696129,0.51495323,0.56873158,0.48267433,0.49569552,0.52869316,0.63247799,0.65699793,0.54245272,0.66722472,0.63027710,0.60243290,0.48919081,0.47041986,0.54900336,0.44697627,0.36453866,0.45737741,0.56033121,0.63256618,0.45136606,0.50164519,0.52592012,0.54585199,0.61068187,0.69424990,0.55574488,0.52574880,0.60458036,0.52925163,0.55466243,0.55309712,0.53994102,0.43823985,0.62406659,0.56039436,0.64324388,0.38584496,0.48623881,0.55436156,0.60656270,0.54976929,0.47619847,0.56751300,0.42499271,0.60441589,0.60112603,0.62073992,0.56172978,0.47983168,0.47878608,0.41630896,0.47025051,0.58774219,0.45491317,0.66691864,0.49141208,0.51296735,0.60228911,0.58017738,0.59016669,0.56907873,0.62701229,0.51105306,0.64866483,0.56401977,0.43542924,0.58456446,0.56021642,0.53119552,0.52283960,0.49778931,0.45609594,0.45775389,0.41020029,0.60452993,0.55859865,0.63350223,0.46660281,0.54936976,0.61068809,0.55026181,0.57594931,0.47614010,0.50254837,0.65277743,0.45715985,0.45892449,0.52790796,0.40530044,0.62861947,0.60441589,0.65669525,0.64046488,0.60398649,0.46197889,0.42374283,0.43108871,0.58350822,0.55689509,0.49880662,0.32205675,0.28022999,0.00000000,0.60783102,0.60184552,0.49834175,0.57329756,0.56535303
B8603,0.45151405,0.53564654,0.54433107,0.53825849,0.46119715,0.40725153,0.55312646,0.55154611,0.57534772,0.64158044,0.62286776,0.48069811,0.45283905,0.49646424,0.46938121,0.48780588,0.72833343,0.59750375,0.59643928,0.46631763,0.41177798,0.55618758,0.46837940,0.68622130,0.49231585,0.59051896,0.55880891,0.44021178,0.55730124,0.59587105,0.57888439,0.40087879,0.42694545,0.55444948,0.52425172,0.49210688,0.70002005,0.50767368,0.64640541,0.56138864,0.54228679,0.65308534,0.39705972,0.54528836,0.43704641,0.47567334,0.58126489,0.53252841,0.57625985,0.62787461,0.47222634,0.44404718,0.63636861,0.42611951,0.46840269,0.55654568,0.67157612,0.54593790,0.44494848,0.47757622,0.56193577,0.67853636,0.55231566,0.47906603,0.66336134,0.49841956,0.56858614,0.49344865,0.59740132,0.65937300,0.47962108,0.55150573,0.46014115,0.51611019,0.55273619,0.66164652,0.61847121,0.53855335,0.63635921,0.57622304,0.55875162,0.63750566,0.47798013,0.56479332,0.54176165,0.53496557,0.51669536,0.49365073,0.60673059,0.42924401,0.41283550,0.45462877,0.35389047,0.48788766,0.61724172,0.55248847,0.44238635,0.50300647,0.51255194,0.52343205,0.67945763,0.54807003,0.45332602,0.49731805,0.57658625,0.49305197,0.54340926,0.50231537,0.37479146,0.57581381,0.50543567,0.56729002,0.45391761,0.46450311,0.51261503,0.56335340,0.60517787,0.58427342,0.55708157,0.54181550,0.48523756,0.43349010,0.36313529,0.60773041,0.53640952,0.52842596,0.60272117,0.43150716,0.61722146,0.55151804,0.41995610,0.55144327,0.56442576,0.47098658,0.40851844,0.47682012,0.57551168,0.51622077,0.61371079,0.38125320,0.39149686,0.61417934,0.49367099,0.62385629,0.42731134,0.46450311,0.48474548,0.60191455,0.49528034,0.48140495,0.46090658,0.57586565,0.56039487,0.34607713,0.54225204,0.39891286,0.47413915,0.51559804,0.64317362,0.45545202,0.64095576,0.53558774,0.37172073,0.40457919,0.49353726,0.42810614,0.53122556,0.34465204,0.42662394,0.36429971,0.41735639,0.36896359,0.47337649,0.42653011,0.40900046,0.48099505,0.54436966,0.47908883,0.67639693,0.45749003,0.56118822,0.44409979,0.41357381,0.46196593,0.50608064,0.63872964,0.40606481,0.53633884,0.45164192,0.52708589,0.70790237,0.59748510,0.65571588,0.50052948,0.64421222,0.65322245,0.49761410,0.51610044,0.45708018,0.57780256,0.54746342,0.57832563,0.53835521,0.59211605,0.53636045,0.62187246,0.42688668,0.41373226,0.57689219,0.60851897,0.47949677,0.59469718,0.53655409,0.55367107,0.53914147,0.53455199,0.37760468,0.48228654,0.54350307,0.46112192,0.60523854,0.55312646,0.44158627,0.50036302,0.45468303,0.54144364,0.57523340,0.46210405,0.60110552,0.69448831,0.52199501,0.45287787,0.59405159,0.60323304,0.36943196,0.59475019,0.47698728,0.59437113,0.52952272,0.52843713,0.43823247,0.47398515,0.37893996,0.41728552,0.45504982,0.48209007,0.36429971,0.51655620,0.66122513,0.46614289,0.44338044,0.26042176,0.50281979,0.41636601,0.44039441,0.32861219,0.61798694,0.47292970,0.62916453,0.54213875,0.55272929,0.48325471,0.36703958,0.52790596,0.49068440,0.44422057,0.39569483,0.51269049,0.48127127,0.54397642,0.53671414,0.37038769,0.51722308,0.50328927,0.64991342,0.69448831,0.57988260,0.38738589,0.52360416,0.49514863,0.42048527,0.54843802,0.39638029,0.26363143,0.52332928,0.64702593,0.55056242,0.60783102,0.00000000,0.42171206,0.50969333,0.39297557,0.40226958
B8836,0.47434927,0.49141277,0.49920146,0.52743113,0.48529512,0.44439784,0.54010701,0.55884931,0.60621284,0.63909021,0.61785909,0.48727754,0.48173221,0.55215406,0.44254204,0.41736301,0.74519544,0.62643594,0.57156510,0.45771655,0.40556106,0.58043253,0.42331546,0.66748234,0.42275235,0.61711863,0.55084763,0.47878490,0.53028212,0.56828006,0.65869134,0.37352196,0.39419905,0.56033241,0.49839459,0.42017779,0.67130473,0.54671892,0.68088223,0.61282350,0.53029798,0.71502741,0.46567835,0.55046953,0.42558393,0.51115145,0.56880763,0.53995192,0.53675456,0.55513426,0.46831986,0.53493792,0.67368426,0.42547329,0.45978802,0.53492302,0.63492267,0.56860459,0.50666249,0.45378726,0.53822015,0.62988261,0.53629943,0.43172880,0.68094960,0.49845106,0.54171128,0.53214006,0.53640149,0.66014107,0.52180021,0.52039250,0.51918185,0.47324377,0.57431633,0.65352974,0.53362075,0.52090689,0.59287030,0.57331783,0.54392575,0.62391664,0.51750761,0.53279998,0.52282027,0.52374198,0.48520535,0.53797701,0.62602570,0.45422867,0.43029953,0.57901448,0.36679111,0.53963485,0.59761499,0.54764748,0.41030239,0.52917721,0.54472016,0.54923916,0.70491880,0.54683390,0.42632283,0.51914815,0.57525414,0.56127291,0.60962359,0.50909565,0.43165710,0.62143098,0.54492748,0.59151596,0.44278500,0.55021744,0.49275462,0.55236105,0.60285198,0.56289036,0.57225091,0.55954226,0.53006134,0.41709627,0.37483074,0.58039641,0.56465480,0.56734914,0.62402017,0.44602555,0.69046142,0.55847999,0.47284648,0.52999010,0.51321691,0.49635200,0.39158597,0.45297286,0.62097555,0.51574284,0.59423086,0.40396105,0.43438794,0.57425085,0.47164063,0.55676452,0.45479175,0.55021744,0.50803125,0.61991135,0.49085478,0.44922210,0.50682799,0.59032792,0.56359817,0.38623919,0.49125482,0.48164132,0.45272474,0.48598385,0.64452630,0.43334760,0.65588913,0.52510660,0.41737210,0.41195730,0.55014481,0.45371329,0.51803765,0.40040638,0.40423722,0.41173395,0.55950527,0.48460427,0.45371629,0.38233768,0.50223699,0.47926094,0.61280891,0.55499174,0.69750086,0.47452161,0.52063884,0.43846393,0.45306599,0.46880675,0.48314002,0.59292794,0.44084146,0.45884535,0.45399813,0.55876926,0.69509162,0.55907205,0.64323508,0.55235897,0.69661402,0.67586651,0.50255584,0.56825899,0.48462537,0.54549490,0.51010688,0.56992427,0.54512951,0.62575405,0.54790934,0.62670589,0.50436236,0.56410393,0.59162510,0.66209768,0.52952501,0.57345412,0.52149332,0.56016562,0.53221802,0.47279815,0.53634900,0.47321932,0.60490570,0.52922476,0.65752590,0.54010701,0.41371274,0.54960212,0.52035113,0.52958629,0.58241405,0.50706832,0.59581298,0.77464852,0.48665400,0.48139473,0.67307365,0.60449851,0.41721629,0.60928528,0.47762603,0.61674709,0.60009869,0.56629956,0.44923533,0.44143054,0.45494512,0.47204243,0.43231522,0.53707299,0.41173395,0.59999369,0.68655734,0.53651022,0.47030809,0.39347393,0.51956302,0.56117585,0.46758459,0.34577339,0.56217564,0.46096046,0.56292749,0.53609505,0.55356904,0.35570461,0.38746549,0.47245168,0.46336793,0.47411393,0.42750899,0.55561299,0.52381352,0.57429926,0.53206635,0.45374753,0.54092038,0.46749948,0.67891364,0.77464852,0.59851424,0.46138282,0.58925156,0.52377123,0.46057324,0.52198132,0.47874629,0.51969443,0.52998067,0.58394438,0.55578048,0.60184552,0.42171206,0.00000000,0.45870354,0.43294689,0.52489830
B8905,0.30266739,0.31934036,0.36429006,0.46680974,0.42633860,0.30315397,0.36327116,0.51678899,0.48052855,0.50267671,0.44532206,0.39583030,0.37246794,0.55527912,0.38444041,0.28305477,0.76649538,0.65255521,0.39023137,0.38254769,0.36633560,0.53633443,0.34907881,0.69014122,0.27452050,0.54896100,0.36674600,0.33547039,0.40298829,0.58840969,0.60822273,0.32807546,0.47259862,0.40552096,0.41343978,0.37018113,0.56602318,0.41673856,0.54187130,0.48137105,0.43159239,0.71816388,0.37361153,0.47390896,0.27722647,0.47617825,0.59198754,0.51766824,0.40090179,0.41819850,0.33733212,0.49621123,0.64256351,0.23306357,0.38623446,0.46263284,0.58760065,0.56360319,0.53831309,0.34777998,0.42619217,0.60754940,0.54934463,0.57828521,0.63154619,0.56253953,0.58415644,0.39418969,0.49761410,0.66348517,0.42050588,0.40225595,0.29941743,0.46209152,0.49032195,0.60370774,0.53062642,0.46053632,0.54052071,0.55680290,0.41240256,0.61801674,0.49464327,0.43966546,0.42771339,0.49794792,0.48050841,0.37887904,0.55615372,0.48367304,0.41319271,0.50503076,0.30509857,0.50508498,0.61744407,0.48994215,0.38516965,0.48916965,0.52746812,0.51328474,0.66389685,0.55866584,0.39029043,0.54977144,0.43307071,0.55174418,0.59454768,0.38941906,0.44113042,0.53927956,0.49110410,0.57385501,0.38531724,0.66018921,0.30177584,0.47168362,0.65686283,0.42498473,0.54961903,0.47356793,0.47875180,0.40811489,0.43577643,0.51217338,0.56119113,0.45176946,0.59691702,0.47957999,0.62782075,0.55593796,0.38664949,0.31133426,0.48557553,0.48562664,0.49567344,0.44592411,0.53977860,0.41839253,0.58229356,0.49668198,0.51178196,0.56501114,0.33211376,0.47093892,0.41798304,0.66018921,0.44885133,0.60592745,0.51855650,0.29861416,0.47365542,0.48569008,0.59883074,0.44766055,0.52132426,0.40761425,0.43511838,0.60241218,0.56358056,0.33188460,0.66904279,0.45292863,0.43122277,0.48563751,0.63429044,0.51725879,0.51074144,0.38990304,0.52409646,0.44801630,0.49686511,0.50739507,0.44746169,0.52656452,0.48291510,0.55493063,0.59415032,0.51007368,0.56573908,0.40021246,0.52054031,0.36657554,0.50514128,0.29918035,0.31319498,0.59168269,0.49586954,0.32706760,0.34237903,0.62265440,0.65868181,0.55636005,0.60836625,0.64500064,0.69931336,0.60033440,0.49426681,0.57239289,0.51615095,0.49580887,0.27705913,0.52531053,0.51347115,0.64401712,0.43193613,0.67076688,0.54904368,0.54180480,0.64407233,0.69336586,0.59414531,0.55208444,0.43620086,0.47300236,0.41176776,0.57168011,0.59780826,0.37296596,0.61895429,0.51613403,0.64068412,0.36327116,0.26567773,0.51185944,0.57560239,0.53697685,0.48180747,0.47514154,0.52844576,0.76615319,0.44775886,0.52164431,0.59630385,0.44803906,0.42213915,0.47010811,0.38180816,0.49112426,0.48321310,0.59989993,0.28172541,0.36447990,0.53774473,0.50552302,0.45481452,0.52157575,0.44801630,0.54424616,0.70719097,0.50666744,0.34717099,0.44678821,0.44791563,0.54197443,0.56472592,0.35730057,0.48989315,0.36555453,0.45602453,0.53369908,0.54538352,0.55539909,0.45381814,0.54101518,0.55684960,0.51137415,0.43805023,0.47253470,0.43715954,0.67453335,0.48011070,0.39367166,0.37007368,0.37593817,0.72343318,0.76615319,0.64409930,0.49628206,0.65408376,0.48525358,0.35500937,0.45290761,0.42234238,0.51519244,0.45044754,0.55438491,0.48594919,0.49834175,0.50969333,0.45870354,0.00000000,0.44394108,0.47568936
B8929,0.38846779,0.48262111,0.50475067,0.50088878,0.48296139,0.39333371,0.45927412,0.38658338,0.44281980,0.55839640,0.58900834,0.34812612,0.39117530,0.42179583,0.40585006,0.36412921,0.63719981,0.56586529,0.47359854,0.46344956,0.35475074,0.56461113,0.42128315,0.63302817,0.36446119,0.50025470,0.49826719,0.44545451,0.50965709,0.56305667,0.50383740,0.38961569,0.35609126,0.52923991,0.49372965,0.41899817,0.65283972,0.44917624,0.61999115,0.47678025,0.48743748,0.59698002,0.43114508,0.38556021,0.39069878,0.40749392,0.41278830,0.47856519,0.55763378,0.55492105,0.37283434,0.41153792,0.57158037,0.36644455,0.46558827,0.48334431,0.58808625,0.45910242,0.42522467,0.46172844,0.50676972,0.49468252,0.37517127,0.43289408,0.53645869,0.43183293,0.44876168,0.38884566,0.55019709,0.53326952,0.51329684,0.50179611,0.45351920,0.50704678,0.46955408,0.55808725,0.63193331,0.41664966,0.61179138,0.56686064,0.49078697,0.50565348,0.38844623,0.45131263,0.53900995,0.43424712,0.50037198,0.50297665,0.54779212,0.41125968,0.42425122,0.43850139,0.33862634,0.43489558,0.61420616,0.51576102,0.41842962,0.32180644,0.51919886,0.54862197,0.54707436,0.36381466,0.30655210,0.48910619,0.50335491,0.45654519,0.51642038,0.37544875,0.46979881,0.51331798,0.50220472,0.49119075,0.50195525,0.55010188,0.46822493,0.52523835,0.57288136,0.51945992,0.45922437,0.49179028,0.42123421,0.33615356,0.37940316,0.60772746,0.44729255,0.39960615,0.58527900,0.37565461,0.54840231,0.51524726,0.46998143,0.49730601,0.52498574,0.34003333,0.39655272,0.39038657,0.54472432,0.49300189,0.60060436,0.31741860,0.38320595,0.56872631,0.38641516,0.53983938,0.43606574,0.55010188,0.42623865,0.51427193,0.36076323,0.42352383,0.48077353,0.47967316,0.51152652,0.34115600,0.47514967,0.47812405,0.38672446,0.48631976,0.57460951,0.34613309,0.51142377,0.43769451,0.42467657,0.45936239,0.56284386,0.48773041,0.47238090,0.37334711,0.49036268,0.40888081,0.51607508,0.42976427,0.38215386,0.41122053,0.42748937,0.50799190,0.51488452,0.55898323,0.60051210,0.37964744,0.53600658,0.41702087,0.52120539,0.38246225,0.41955904,0.49430281,0.47874284,0.49055092,0.38225807,0.46464773,0.62518087,0.51927931,0.61583024,0.54833564,0.53021135,0.51614104,0.48838914,0.44802961,0.48528060,0.43104575,0.44284929,0.50330894,0.38971793,0.56282247,0.47174425,0.55544062,0.48366741,0.50425727,0.54333696,0.61844847,0.47051440,0.48350738,0.33713895,0.45728882,0.48645706,0.50170868,0.49412344,0.42469346,0.53393673,0.45212341,0.52521769,0.45927412,0.40052669,0.40459959,0.47801877,0.43864930,0.52575127,0.48331601,0.52376024,0.67946390,0.41540300,0.43737402,0.63259507,0.53688561,0.41872874,0.48291180,0.40554869,0.49645446,0.50021800,0.51630409,0.34746798,0.40111877,0.44625978,0.33373696,0.38419842,0.47061050,0.40888081,0.46018733,0.59810392,0.46091187,0.37833161,0.38187305,0.44810938,0.50545000,0.47056420,0.33539422,0.56102165,0.33634752,0.59830842,0.44493216,0.46572593,0.45002957,0.44570670,0.46483499,0.44284466,0.40681425,0.01565091,0.45981377,0.47010441,0.50947242,0.52267971,0.46464501,0.48597049,0.44619567,0.56401978,0.67946390,0.49017667,0.39606157,0.49118679,0.41239351,0.35767915,0.42928505,0.31845989,0.39698933,0.50736468,0.62303646,0.55826618,0.57329756,0.39297557,0.43294689,0.44394108,0.00000000,0.31622462
B9254,0.39289461,0.50325682,0.55172663,0.52482917,0.60831847,0.41050326,0.49877065,0.42929114,0.45430934,0.61187329,0.60231337,0.44029074,0.44253842,0.45271490,0.44970378,0.43603909,0.66458986,0.63534112,0.53418811,0.48124055,0.39252550,0.60960023,0.45082061,0.67946832,0.43551513,0.49078614,0.54607681,0.53272082,0.55978617,0.63185609,0.56347884,0.40111961,0.41236320,0.53912640,0.50578851,0.43536926,0.69767448,0.45670534,0.63542478,0.48750082,0.51228128,0.57239372,0.36763489,0.44686018,0.39741357,0.41546857,0.50144323,0.53059491,0.59460925,0.56755804,0.43442744,0.36948636,0.56176751,0.37897971,0.48315961,0.50793289,0.63874915,0.48235781,0.45363978,0.49326540,0.53952926,0.58048202,0.45251271,0.55447323,0.62471764,0.48765963,0.58446660,0.45266551,0.53307501,0.62446869,0.48558416,0.51431600,0.46576524,0.55597419,0.54789729,0.68161366,0.66408425,0.50177175,0.61382583,0.61127021,0.53106582,0.60523719,0.42317299,0.44183426,0.62443268,0.49624762,0.57790852,0.47095915,0.59966221,0.35684952,0.45866796,0.49549355,0.45894061,0.44746651,0.62244914,0.53242381,0.44849515,0.38813533,0.54386466,0.57985135,0.57380129,0.45606498,0.36207252,0.54590970,0.55564042,0.50252283,0.54964582,0.38788027,0.48777836,0.53830781,0.47584092,0.56634672,0.57526156,0.60866508,0.51312397,0.57224816,0.59240923,0.47895694,0.52591998,0.48297520,0.44048223,0.41549273,0.45265016,0.63204064,0.46737003,0.38649848,0.57683127,0.46243215,0.52845188,0.53333518,0.49563508,0.52601989,0.61036557,0.37165081,0.49535642,0.40346857,0.57524831,0.46815201,0.62307479,0.40621604,0.42684841,0.55383955,0.44508620,0.57778819,0.38661642,0.60866508,0.43944927,0.55495510,0.40955010,0.44637899,0.49601553,0.55801530,0.55391694,0.36965913,0.51398706,0.49270399,0.40380550,0.57189149,0.62305383,0.36797157,0.63874296,0.45689543,0.44016434,0.47533884,0.57089896,0.50707300,0.50634314,0.45246205,0.58628825,0.44578579,0.48917103,0.41743001,0.41178068,0.50357887,0.41303061,0.51119116,0.54507452,0.56186732,0.59955840,0.35910217,0.58971185,0.43498140,0.52804483,0.41387607,0.47055970,0.57565897,0.47676879,0.54357020,0.39376455,0.55342126,0.65899999,0.57916909,0.64715017,0.58539899,0.60102155,0.52357538,0.53531255,0.44896800,0.51141676,0.52731012,0.45509007,0.57217167,0.49238196,0.63697588,0.52580037,0.60386261,0.51298177,0.52801049,0.56087535,0.56912002,0.45230804,0.55985232,0.46831114,0.51986028,0.55881564,0.54276143,0.46562049,0.47158592,0.49320117,0.44777210,0.55931507,0.49877065,0.41407670,0.40585561,0.53686409,0.52660783,0.56847880,0.49812468,0.57385060,0.65234538,0.43286189,0.49037516,0.59895440,0.54154187,0.43559743,0.52795776,0.40731529,0.53134799,0.50622454,0.54825010,0.43808355,0.45948793,0.50862360,0.43994210,0.40153798,0.55302252,0.44578579,0.43973511,0.58896919,0.55393325,0.34036647,0.42732757,0.46993429,0.53114382,0.51716056,0.36433731,0.59995522,0.40194600,0.65722425,0.47624000,0.47101613,0.55924561,0.44887553,0.52202322,0.48128647,0.45887311,0.31811702,0.49594823,0.45934672,0.53655178,0.52141611,0.51210368,0.46986491,0.49354453,0.59700032,0.65234538,0.54743615,0.43429858,0.46366413,0.43067656,0.38087529,0.48257094,0.21184982,0.45197358,0.52197933,0.63049125,0.59905403,0.56535303,0.40226958,0.52489830,0.47568936,0.31622462,0.00000000
