course_id,course_title,neighbor_rank,neighbor_course_id,neighbor_title,similarity
00819-A,Programming,1,00819-B,Programming,0.83428733
00819-A,Programming,2,37262,Computer Programming,0.78767634
00819-A,Programming,3,28623,Foundations of Informatics and Laboratory,0.74866169
00819-A,Programming,4,09730,Principles of Informatics,0.72670766
00819-A,Programming,5,15305,Foundations of Informatics A,0.72310700
00819-A,Programming,6,00819,Programming,0.71828611
00819-A,Programming,7,88145,Fundamentals of Computer Programming P1,0.70945206
00819-A,Programming,8,07276-A,Computer Science,0.70622788
00819-A,Programming,9,72940,Computational Models And Languages M,0.70098273
00819-A,Programming,10,B8905,Foundations of Programming,0.69733261
00819-B,Programming,1,00819-A,Programming,0.83428733
00819-B,Programming,2,09730,Principles of Informatics,0.79847889
00819-B,Programming,3,15305,Foundations of Informatics A,0.79487823
00819-B,Programming,4,16692,Laboratory of Informatics,0.78297928
00819-B,Programming,5,00819,Programming,0.78075611
00819-B,Programming,6,37262,Computer Programming,0.76125525
00819-B,Programming,7,28623,Foundations of Informatics and Laboratory,0.75923534
00819-B,Programming,8,88145,Fundamentals of Computer Programming P1,0.74581820
00819-B,Programming,9,93333,Programming Lab,0.72407932
00819-B,Programming,10,09730-A,Principles of Informatics,0.71366038
00819,Programming,1,00819-B,Programming,0.78075611
00819,Programming,2,37262,Computer Programming,0.72617111
00819,Programming,3,00819-A,Programming,0.71828611
00819,Programming,4,09730,Principles of Informatics,0.71021357
00819,Programming,5,15305,Foundations of Informatics A,0.70661291
00819,Programming,6,81612,Programming and Development paradigms,0.69489324
00819,Programming,7,16870,Programming Laboratory,0.69386888
00819,Programming,8,28623,Foundations of Informatics and Laboratory,0.68489647
00819,Programming,9,81609,"Languages, Compilers and Computational Models",0.68192444
00819,Programming,10,93333,Programming Lab,0.67260627
03716,Digital Design Principles and Computer Architecture,1,09730-A,Principles of Informatics,0.74348758
03716,Digital Design Principles and Computer Architecture,2,11925,Computer Architecture,0.73848882
03716,Digital Design Principles and Computer Architecture,3,69430,COMPUTER ARCHITECTURES M,0.72941792
03716,Digital Design Principles and Computer Architecture,4,96007,Foundations of Computer Architecture and Operating Systems,0.72794319
03716,Digital Design Principles and Computer Architecture,5,69731,Computer Architecture,0.71464240
03716,Digital Design Principles and Computer Architecture,6,09730,Principles of Informatics,0.71387200
03716,Digital Design Principles and Computer Architecture,7,15305,Foundations of Informatics A,0.71093893
03716,Digital Design Principles and Computer Architecture,8,95602,Programming and Computer Architectures,0.69902782
03716,Digital Design Principles and Computer Architecture,9,B8561,ARCHITETTURE DEI CALCOLATORI M,0.69394989
03716,Digital Design Principles and Computer Architecture,10,95604,Operating Systems and Networks,0.68205650
04138,Programming Languages,1,72940,Computational Models And Languages M,0.67684393
04138,Programming Languages,2,B5727,Introduction to Languages for Artificial Intelligence,0.64995925
04138,Programming Languages,3,81609,"Languages, Compilers and Computational Models",0.63847320
04138,Programming Languages,4,00819,Programming,0.63049921
04138,Programming Languages,5,B0063,Programming Laboratory,0.61248428
04138,Programming Languages,6,B1703,Introduction to Programming,0.60962813
04138,Programming Languages,7,16870,Programming Laboratory,0.60475633
04138,Programming Languages,8,81612,Programming and Development paradigms,0.60163206
04138,Programming Languages,9,91258-A,Natural Language Processing,0.59910015
04138,Programming Languages,10,89988,Elements of Informatics,0.59551098
07276-A,Computer Science,1,28040,Information Technology,0.89012626
07276-A,Computer Science,2,96346,INFORMATICA,0.80300072
07276-A,Computer Science,3,28623,Foundations of Informatics and Laboratory,0.78200555
07276-A,Computer Science,4,37262,Computer Programming,0.77952812
07276-A,Computer Science,5,93034-A,Foundations of Computer Science T,0.75254412
07276-A,Computer Science,6,93333,Programming Lab,0.74590269
07276-A,Computer Science,7,95602,Programming and Computer Architectures,0.73734361
07276-A,Computer Science,8,09730,Principles of Informatics,0.73591173
07276-A,Computer Science,9,15305,Foundations of Informatics A,0.73506129
07276-A,Computer Science,10,11933,Theoretical Computer Science,0.73169155
07276-B,Computer Science,1,96346-B,Computer Science,1.00000000
07276-B,Computer Science,2,57828,Informatics,0.70173299
07276-B,Computer Science,3,09730,Principles of Informatics,0.69873429
07276-B,Computer Science,4,15305,Foundations of Informatics A,0.69788384
07276-B,Computer Science,5,09730-A,Principles of Informatics,0.68409520
07276-B,Computer Science,6,B4826,Informatics for the Humanities,0.66358871
07276-B,Computer Science,7,82202,Informatic,0.65898092
07276-B,Computer Science,8,37262,Computer Programming,0.65686265
07276-B,Computer Science,9,69731,Computer Architecture,0.65675324
07276-B,Computer Science,10,07276-A,Computer Science,0.65010872
07276-C,Computer Science,1,82202,Informatic,0.77273857
07276-C,Computer Science,2,78510,Informatics,0.69103519
07276-C,Computer Science,3,57828,Informatics,0.69049560
07276-C,Computer Science,4,82202-A,Informatic,0.67292251
07276-C,Computer Science,5,07276,Computer Science,0.67260196
07276-C,Computer Science,6,39176,Basic and Laboratory Informatics,0.65529807
07276-C,Computer Science,7,B4826,Informatics for the Humanities,0.65372985
07276-C,Computer Science,8,81683,Internet of Things,0.64862974
07276-C,Computer Science,9,07276-B,Computer Science,0.64184090
07276-C,Computer Science,10,96346-B,Computer Science,0.64184090
07276,Computer Science,1,57828,Informatics,0.71990371
07276,Computer Science,2,96007,Foundations of Computer Architecture and Operating Systems,0.70023223
07276,Computer Science,3,11925,Computer Architecture,0.67535646
07276,Computer Science,4,07276-C,Computer Science,0.67260196
07276,Computer Science,5,78510,Informatics,0.67183247
07276,Computer Science,6,03716,Digital Design Principles and Computer Architecture,0.66167027
07276,Computer Science,7,B4826,Informatics for the Humanities,0.65919949
07276,Computer Science,8,09730,Principles of Informatics,0.65824231
07276,Computer Science,9,95602,Programming and Computer Architectures,0.65769342
07276,Computer Science,10,15305,Foundations of Informatics A,0.65739186
08574-A,Operating Systems,1,08574-B,Operating Systems,0.78920692
08574-A,Operating Systems,2,85728,Real Time OS M,0.72893665
08574-A,Operating Systems,3,96007,Foundations of Computer Architecture and Operating Systems,0.72447536
08574-A,Operating Systems,4,08574,Operating Systems,0.72086751
08574-A,Operating Systems,5,28020,Operating Systems T,0.71556301
08574-A,Operating Systems,6,09032,Software Engineering,0.66168287
08574-A,Operating Systems,7,28024,Computer Networks T,0.65369692
08574-A,Operating Systems,8,95604,Operating Systems and Networks,0.65332782
08574-A,Operating Systems,9,96859,Embedded Systems and Internet of Things,0.64647343
08574-A,Operating Systems,10,77780,Embedded Systems Programming and Internet of Things,0.64602426
08574-B,Operating Systems,1,08574-A,Operating Systems,0.78920692
08574-B,Operating Systems,2,28020,Operating Systems T,0.74440605
08574-B,Operating Systems,3,28024,Computer Networks T,0.69686504
08574-B,Operating Systems,4,85728,Real Time OS M,0.69568711
08574-B,Operating Systems,5,73025,Distributed Systems M,0.68054236
08574-B,Operating Systems,6,09032,Software Engineering,0.67858848
08574-B,Operating Systems,7,88324,System Administration T,0.67845364
08574-B,Operating Systems,8,69731,Computer Architecture,0.67558679
08574-B,Operating Systems,9,91161,"Networks, Security And Data Bases",0.66039732
08574-B,Operating Systems,10,57828,Informatics,0.65967938
08574,Operating Systems,1,96007,Foundations of Computer Architecture and Operating Systems,0.77110775
08574,Operating Systems,2,08574-A,Operating Systems,0.72086751
08574,Operating Systems,3,95602,Programming and Computer Architectures,0.70829245
08574,Operating Systems,4,B8105,Computational Management of Data,0.70677982
08574,Operating Systems,5,15305,Foundations of Informatics A,0.70640110
08574,Operating Systems,6,09730,Principles of Informatics,0.70554823
08574,Operating Systems,7,75969,Basic Informatics,0.70297281
08574,Operating Systems,8,88324,System Administration T,0.69534525
08574,Operating Systems,9,11929-B,Algorithm and Data Structures,0.68660694
08574,Operating Systems,10,28012,Electronic Calculators T,0.68346602
09032,Software Engineering,1,90106,Software Engineering,0.78927158
09032,Software Engineering,2,66858,Software Engineering,0.76622969
09032,Software Engineering,3,95627,Software Engineering,0.76171848
09032,Software Engineering,4,28652,IT Systems T-1,0.75621324
09032,Software Engineering,5,B0009,Advanced Software Modelling and Design,0.75398897
09032,Software Engineering,6,B1874,Project Management and Software Engineering for Cultural Heritage,0.74926794
09032,Software Engineering,7,81612,Programming and Development paradigms,0.74740156
09032,Software Engineering,8,28021,Software Engineering T,0.73670798
09032,Software Engineering,9,B0011,Software Process Engineering,0.72823241
09032,Software Engineering,10,90749,Computing Education,0.71178905
09679,Data Base Sistems,1,70155,Data Bases,0.74092374
09679,Data Base Sistems,2,30376,Business Intelligence,0.70068860
09679,Data Base Sistems,3,40720,Data Mining,0.67486154
09679,Data Base Sistems,4,96793,Information Systems and Database Management,0.65765288
09679,Data Base Sistems,5,95631-A,Machine Learning and Data Mining,0.64929567
09679,Data Base Sistems,6,81932,Big Data,0.64537334
09679,Data Base Sistems,7,57828,Informatics,0.64164798
09679,Data Base Sistems,8,28652,IT Systems T-1,0.63811815
09679,Data Base Sistems,9,88324,System Administration T,0.62521708
09679,Data Base Sistems,10,90107,BASI DI DATI,0.62017040
09730-A,Principles of Informatics,1,09730,Principles of Informatics,0.85487261
09730-A,Principles of Informatics,2,15305,Foundations of Informatics A,0.84349693
09730-A,Principles of Informatics,3,B5782,Algorithms and Data Structures for Computational Biology,0.75830542
09730-A,Principles of Informatics,4,28623,Foundations of Informatics and Laboratory,0.75480982
09730-A,Principles of Informatics,5,03716,Digital Design Principles and Computer Architecture,0.74348758
09730-A,Principles of Informatics,6,11929-B,Algorithm and Data Structures,0.73756071
09730-A,Principles of Informatics,7,29227-A,Foundations of Informatics T,0.73032170
09730-A,Principles of Informatics,8,89988,Elements of Informatics,0.72518313
09730-A,Principles of Informatics,9,11929-A,Algorithms and Data Structures,0.72251591
09730-A,Principles of Informatics,10,37635,Data Structure and Algorithms,0.72081065
09730,Principles of Informatics,1,15305,Foundations of Informatics A,0.98862432
09730,Principles of Informatics,2,09730-A,Principles of Informatics,0.85487261
09730,Principles of Informatics,3,28623,Foundations of Informatics and Laboratory,0.84314439
09730,Principles of Informatics,4,16692,Laboratory of Informatics,0.80611359
09730,Principles of Informatics,5,00819-B,Programming,0.79847889
09730,Principles of Informatics,6,29227,Foundations of Informatics T,0.79479811
09730,Principles of Informatics,7,37262,Computer Programming,0.77670803
09730,Principles of Informatics,8,B5782,Algorithms and Data Structures for Computational Biology,0.76906325
09730,Principles of Informatics,9,B4826,Informatics for the Humanities,0.76319817
09730,Principles of Informatics,10,88145,Fundamentals of Computer Programming P1,0.76179218
10906-A,Databases,1,28027,Information Systems T,0.78988867
10906-A,Databases,2,10906,Databases,0.78909026
10906-A,Databases,3,95611,Database Systems,0.77900191
10906-A,Databases,4,84530,Database and Big Data Technologies M,0.74440071
10906-A,Databases,5,70155,Data Bases,0.70712384
10906-A,Databases,6,79194,Databases,0.68667047
10906-A,Databases,7,84339,Advanced Database Systems,0.68468771
10906-A,Databases,8,90107,BASI DI DATI,0.64846433
10906-A,Databases,9,96793,Information Systems and Database Management,0.64047196
10906-A,Databases,10,28652,IT Systems T-1,0.62004160
10906,Databases,1,95611,Database Systems,0.98744776
10906,Databases,2,79194,Databases,0.85707403
10906,Databases,3,70155,Data Bases,0.79862316
10906,Databases,4,10906-A,Databases,0.78909026
10906,Databases,5,84339,Advanced Database Systems,0.76965740
10906,Databases,6,90107,BASI DI DATI,0.75404061
10906,Databases,7,96793,Information Systems and Database Management,0.75118544
10906,Databases,8,28796,Elements of Databases,0.71584358
10906,Databases,9,28027,Information Systems T,0.71444149
10906,Databases,10,84530,Database and Big Data Technologies M,0.65631966
11925,Computer Architecture,1,96007,Foundations of Computer Architecture and Operating Systems,0.76548277
11925,Computer Architecture,2,15305,Foundations of Informatics A,0.74693111
11925,Computer Architecture,3,09730,Principles of Informatics,0.74295707
11925,Computer Architecture,4,69731,Computer Architecture,0.73873425
11925,Computer Architecture,5,03716,Digital Design Principles and Computer Architecture,0.73848882
11925,Computer Architecture,6,95602,Programming and Computer Architectures,0.72773109
11925,Computer Architecture,7,09730-A,Principles of Informatics,0.70199912
11925,Computer Architecture,8,00819-B,Programming,0.68595306
11925,Computer Architecture,9,07276,Computer Science,0.67535646
11925,Computer Architecture,10,57828,Informatics,0.66852881
11929-A,Algorithms and Data Structures,1,37635,Data Structure and Algorithms,0.99788921
11929-A,Algorithms and Data Structures,2,11929-B,Algorithm and Data Structures,0.81179335
11929-A,Algorithms and Data Structures,3,B5782,Algorithms and Data Structures for Computational Biology,0.79781658
11929-A,Algorithms and Data Structures,4,11929,Algorithms and Data Structures,0.76838711
11929-A,Algorithms and Data Structures,5,B4913,ALGORITMI E STRUTTURE DATI,0.74596602
11929-A,Algorithms and Data Structures,6,09730,Principles of Informatics,0.73724586
11929-A,Algorithms and Data Structures,7,15305,Foundations of Informatics A,0.73287637
11929-A,Algorithms and Data Structures,8,09730-A,Principles of Informatics,0.72251591
11929-A,Algorithms and Data Structures,9,16692,Laboratory of Informatics,0.72107974
11929-A,Algorithms and Data Structures,10,41169,Theoretical Computer Science,0.71614263
11929-B,Algorithm and Data Structures,1,B5782,Algorithms and Data Structures for Computational Biology,0.82857512
11929-B,Algorithm and Data Structures,2,11929-A,Algorithms and Data Structures,0.81179335
11929-B,Algorithm and Data Structures,3,37635,Data Structure and Algorithms,0.81048089
11929-B,Algorithm and Data Structures,4,B8105,Computational Management of Data,0.80117925
11929-B,Algorithm and Data Structures,5,09730,Principles of Informatics,0.74906335
11929-B,Algorithm and Data Structures,6,15305,Foundations of Informatics A,0.74520642
11929-B,Algorithm and Data Structures,7,96346,INFORMATICA,0.74509637
11929-B,Algorithm and Data Structures,8,B0063,Programming Laboratory,0.74362101
11929-B,Algorithm and Data Structures,9,91762,Combinatorial Decision Making and Optimization,0.73974636
11929-B,Algorithm and Data Structures,10,09730-A,Principles of Informatics,0.73756071
11929,Algorithms and Data Structures,1,11929-A,Algorithms and Data Structures,0.76838711
11929,Algorithms and Data Structures,2,37635,Data Structure and Algorithms,0.76627631
11929,Algorithms and Data Structures,3,B5782,Algorithms and Data Structures for Computational Biology,0.72003487
11929,Algorithms and Data Structures,4,11929-B,Algorithm and Data Structures,0.71476694
11929,Algorithms and Data Structures,5,B4913,ALGORITMI E STRUTTURE DATI,0.69129471
11929,Algorithms and Data Structures,6,85301,Algorithms and Data Structures in Biology,0.68742451
11929,Algorithms and Data Structures,7,09730-A,Principles of Informatics,0.64475468
11929,Algorithms and Data Structures,8,11933,Theoretical Computer Science,0.64279300
11929,Algorithms and Data Structures,9,41169,Theoretical Computer Science,0.64058942
11929,Algorithms and Data Structures,10,16692,Laboratory of Informatics,0.62293347
11933,Theoretical Computer Science,1,41169,Theoretical Computer Science,0.90431567
11933,Theoretical Computer Science,2,07276-A,Computer Science,0.73169155
11933,Theoretical Computer Science,3,81609,"Languages, Compilers and Computational Models",0.71381124
11933,Theoretical Computer Science,4,09730,Principles of Informatics,0.71248644
11933,Theoretical Computer Science,5,15305,Foundations of Informatics A,0.70717565
11933,Theoretical Computer Science,6,11929-B,Algorithm and Data Structures,0.70693092
11933,Theoretical Computer Science,7,B2696,"Language, Technology, Research I: Computational Thinking",0.69821642
11933,Theoretical Computer Science,8,B5782,Algorithms and Data Structures for Computational Biology,0.69789295
11933,Theoretical Computer Science,9,89988,Elements of Informatics,0.69781362
11933,Theoretical Computer Science,10,73149,Logic for Informatics,0.69490516
14015,Cryptography,1,93467,Cryptography,0.76137552
14015,Cryptography,2,93466,FONDAMENTI DI CYBERSECURITY,0.74874047
14015,Cryptography,3,93470,Cybersecurity,0.68895190
14015,Cryptography,4,72942,Information Security M,0.67450409
14015,Cryptography,5,88325,Computer and Network Security Lab T,0.60287116
14015,Cryptography,6,90748,Blockchain and Cryptocurrencies,0.58221686
14015,Cryptography,7,93470-A,Cybersecurity,0.54918476
14015,Cryptography,8,B5793,Cybersecurity M,0.54048249
14015,Cryptography,9,95630,Big Data and Cloud Platforms,0.53729292
14015,Cryptography,10,B0833,Computer Security Laboratory T,0.52647279
15305,Foundations of Informatics A,1,09730,Principles of Informatics,0.98862432
15305,Foundations of Informatics A,2,28623,Foundations of Informatics and Laboratory,0.84782382
15305,Foundations of Informatics A,3,09730-A,Principles of Informatics,0.84349693
15305,Foundations of Informatics A,4,16692,Laboratory of Informatics,0.80343800
15305,Foundations of Informatics A,5,29227,Foundations of Informatics T,0.80089456
15305,Foundations of Informatics A,6,00819-B,Programming,0.79487823
15305,Foundations of Informatics A,7,37262,Computer Programming,0.77371346
15305,Foundations of Informatics A,8,B5782,Algorithms and Data Structures for Computational Biology,0.76475980
15305,Foundations of Informatics A,9,B4826,Informatics for the Humanities,0.76407266
15305,Foundations of Informatics A,10,88145,Fundamentals of Computer Programming P1,0.76284831
15920,Computer Lab,1,57828,Informatics,0.66902414
15920,Computer Lab,2,07276,Computer Science,0.64945587
15920,Computer Lab,3,82202-A,Informatic,0.64731691
15920,Computer Lab,4,28106,Computer Science for Environmental Sciences,0.64580203
15920,Computer Lab,5,39176,Basic and Laboratory Informatics,0.64475371
15920,Computer Lab,6,82202,Informatic,0.63833118
15920,Computer Lab,7,07276-B,Computer Science,0.59177641
15920,Computer Lab,8,96346-B,Computer Science,0.59177641
15920,Computer Lab,9,B4826,Informatics for the Humanities,0.59138228
15920,Computer Lab,10,37262,Computer Programming,0.56855816
16692,Laboratory of Informatics,1,09730,Principles of Informatics,0.80611359
16692,Laboratory of Informatics,2,15305,Foundations of Informatics A,0.80343800
16692,Laboratory of Informatics,3,28623,Foundations of Informatics and Laboratory,0.78436106
16692,Laboratory of Informatics,4,00819-B,Programming,0.78297928
16692,Laboratory of Informatics,5,B5782,Algorithms and Data Structures for Computational Biology,0.76242956
16692,Laboratory of Informatics,6,93333,Programming Lab,0.72117014
16692,Laboratory of Informatics,7,11929-A,Algorithms and Data Structures,0.72107974
16692,Laboratory of Informatics,8,37635,Data Structure and Algorithms,0.71859105
16692,Laboratory of Informatics,9,09730-A,Principles of Informatics,0.70699818
16692,Laboratory of Informatics,10,07276-A,Computer Science,0.69918532
16870,Programming Laboratory,1,70219,Object-Oriented Programming,0.75528373
16870,Programming Laboratory,2,95648,Software Design and Development,0.75084208
16870,Programming Laboratory,3,B0063,Programming Laboratory,0.73564830
16870,Programming Laboratory,4,37262,Computer Programming,0.72932843
16870,Programming Laboratory,5,93333,Programming Lab,0.71799619
16870,Programming Laboratory,6,00819,Programming,0.69386888
16870,Programming Laboratory,7,28623,Foundations of Informatics and Laboratory,0.69352461
16870,Programming Laboratory,8,09730,Principles of Informatics,0.69171001
16870,Programming Laboratory,9,15305,Foundations of Informatics A,0.69079618
16870,Programming Laboratory,10,85285,Programming,0.68135959
17628,Concurrent and Distributed Programming,1,B8562,SISTEMI CONCORRENTI E PARALLELI M,0.77414408
17628,Concurrent and Distributed Programming,2,73025,Distributed Systems M,0.69498930
17628,Concurrent and Distributed Programming,3,81612,Programming and Development paradigms,0.67388538
17628,Concurrent and Distributed Programming,4,81942,Scalable and Cloud Programming,0.66626247
17628,Concurrent and Distributed Programming,5,28020,Operating Systems T,0.65610203
17628,Concurrent and Distributed Programming,6,28024,Computer Networks T,0.64307576
17628,Concurrent and Distributed Programming,7,93468,Distributed Software Systems,0.64302552
17628,Concurrent and Distributed Programming,8,09730,Principles of Informatics,0.64140580
17628,Concurrent and Distributed Programming,9,08574-B,Operating Systems,0.63983427
17628,Concurrent and Distributed Programming,10,96995,Programmable Networking,0.63885530
17634,Computer Vision,1,93478,COMPUTER VISION,0.77593634
17634,Computer Vision,2,91254,Image Processing and Computer Vision,0.77445561
17634,Computer Vision,3,73302,Computer Vision And Image Processing M,0.74563139
17634,Computer Vision,4,69661,Image Processing And Computer Vision M,0.65156057
17634,Computer Vision,5,91266,Machine Learning for Computer Vision,0.61731689
17634,Computer Vision,6,B5782,Algorithms and Data Structures for Computational Biology,0.54682479
17634,Computer Vision,7,70210,Lab-based Course on Computer Graphics,0.54213063
17634,Computer Vision,8,91250-A,Deep Learning,0.53788548
17634,Computer Vision,9,93319,INTRODUZIONE ALL'APPRENDIMENTO AUTOMATICO,0.52614811
17634,Computer Vision,10,84401,Context-Aware Systems,0.52386105
20741,Information Processing Systems,1,82202-A,Informatic,0.67361951
20741,Information Processing Systems,2,39176,Basic and Laboratory Informatics,0.65518702
20741,Information Processing Systems,3,57828,Informatics,0.64861623
20741,Information Processing Systems,4,88324,System Administration T,0.64386290
20741,Information Processing Systems,5,75198,Health Information Processing Systems,0.64282872
20741,Information Processing Systems,6,82202,Informatic,0.63910940
20741,Information Processing Systems,7,78510,Informatics,0.62179856
20741,Information Processing Systems,8,95604,Operating Systems and Networks,0.59384364
20741,Information Processing Systems,9,96642,Virtualization and System Integration,0.58725708
20741,Information Processing Systems,10,B4826,Informatics for the Humanities,0.58558374
27311-A,Humanistic IT,1,27311,Humanistic IT,0.85088759
27311-A,Humanistic IT,2,B2696,"Language, Technology, Research I: Computational Thinking",0.69414507
27311-A,Humanistic IT,3,B4826,Informatics for the Humanities,0.69348682
27311-A,Humanistic IT,4,37262,Computer Programming,0.68863433
27311-A,Humanistic IT,5,B5079,Digital Humanities and Data Management for Cultural Heritage,0.68468530
27311-A,Humanistic IT,6,96346,INFORMATICA,0.68347030
27311-A,Humanistic IT,7,11929-B,Algorithm and Data Structures,0.67815831
27311-A,Humanistic IT,8,B0073,ELABORAZIONE DI TESTI E GESTIONE DOCUMENTALE,0.67814911
27311-A,Humanistic IT,9,15305,Foundations of Informatics A,0.67331957
27311-A,Humanistic IT,10,09730-A,Principles of Informatics,0.67282107
27311,Humanistic IT,1,27311-A,Humanistic IT,0.85088759
27311,Humanistic IT,2,B5079,Digital Humanities and Data Management for Cultural Heritage,0.70910512
27311,Humanistic IT,3,B0073,ELABORAZIONE DI TESTI E GESTIONE DOCUMENTALE,0.67846978
27311,Humanistic IT,4,B2696,"Language, Technology, Research I: Computational Thinking",0.66373480
27311,Humanistic IT,5,85445,Information Modelling and Web Technologies,0.65685922
27311,Humanistic IT,6,B4826,Informatics for the Humanities,0.65435031
27311,Humanistic IT,7,B5293,Computer Studies and Humanities,0.65200456
27311,Humanistic IT,8,B5292,Knowledge Engeneering for the Humanities,0.64994882
27311,Humanistic IT,9,B8929,Computer Studies and Human Sciences,0.64390874
27311,Humanistic IT,10,81934,HUMAN COMPUTER INTERACTION,0.64151630
28004,Foundations of Informatics T-1,1,15305,Foundations of Informatics A,0.71568150
28004,Foundations of Informatics T-1,2,09730,Principles of Informatics,0.71056956
28004,Foundations of Informatics T-1,3,09730-A,Principles of Informatics,0.69336130
28004,Foundations of Informatics T-1,4,69731,Computer Architecture,0.68458000
28004,Foundations of Informatics T-1,5,29227,Foundations of Informatics T,0.67871754
28004,Foundations of Informatics T-1,6,00819-A,Programming,0.66851393
28004,Foundations of Informatics T-1,7,88146,Fundamentals of Computer Programming P2,0.66758866
28004,Foundations of Informatics T-1,8,96007,Foundations of Computer Architecture and Operating Systems,0.66581006
28004,Foundations of Informatics T-1,9,93034,Foundations of Computer Science T,0.66532276
28004,Foundations of Informatics T-1,10,29227-A,Foundations of Informatics T,0.66489550
28011-A,Logic Design T,1,28011,Logic Design T,0.75053683
28011-A,Logic Design T,2,96007,Foundations of Computer Architecture and Operating Systems,0.66879111
28011-A,Logic Design T,3,09730-A,Principles of Informatics,0.66440962
28011-A,Logic Design T,4,B8105,Computational Management of Data,0.66262164
28011-A,Logic Design T,5,09730,Principles of Informatics,0.64240550
28011-A,Logic Design T,6,15305,Foundations of Informatics A,0.64217034
28011-A,Logic Design T,7,B1703,Introduction to Programming,0.63586406
28011-A,Logic Design T,8,28012,Electronic Calculators T,0.63557242
28011-A,Logic Design T,9,03716,Digital Design Principles and Computer Architecture,0.62948188
28011-A,Logic Design T,10,81612,Programming and Development paradigms,0.62063796
28011,Logic Design T,1,28011-A,Logic Design T,0.75053683
28011,Logic Design T,2,96007,Foundations of Computer Architecture and Operating Systems,0.68832560
28011,Logic Design T,3,09730-A,Principles of Informatics,0.68116507
28011,Logic Design T,4,11929-B,Algorithm and Data Structures,0.68093817
28011,Logic Design T,5,88324,System Administration T,0.67804790
28011,Logic Design T,6,28623,Foundations of Informatics and Laboratory,0.67595369
28011,Logic Design T,7,75969,Basic Informatics,0.67355160
28011,Logic Design T,8,09730,Principles of Informatics,0.66741226
28011,Logic Design T,9,15305,Foundations of Informatics A,0.66717710
28011,Logic Design T,10,B8105,Computational Management of Data,0.66605119
28012-A,Electronic Calculators T,1,B8561,ARCHITETTURE DEI CALCOLATORI M,0.68243420
28012-A,Electronic Calculators T,2,69430,COMPUTER ARCHITECTURES M,0.65773637
28012-A,Electronic Calculators T,3,03716,Digital Design Principles and Computer Architecture,0.63675220
28012-A,Electronic Calculators T,4,28012,Electronic Calculators T,0.63344088
28012-A,Electronic Calculators T,5,99195,Cyber-Physical Systems Programming M,0.58987987
28012-A,Electronic Calculators T,6,B8563,SISTEMI DI ELABORAZIONE ACCELERATA M,0.58823203
28012-A,Electronic Calculators T,7,88146,Fundamentals of Computer Programming P2,0.58359560
28012-A,Electronic Calculators T,8,91602,Computer Architectures,0.58353970
28012-A,Electronic Calculators T,9,08574-A,Operating Systems,0.58216901
28012-A,Electronic Calculators T,10,28020,Operating Systems T,0.57511117
28012,Electronic Calculators T,1,91602,Computer Architectures,0.69547393
28012,Electronic Calculators T,2,08574,Operating Systems,0.68346602
28012,Electronic Calculators T,3,96007,Foundations of Computer Architecture and Operating Systems,0.67854392
28012,Electronic Calculators T,4,58437,Parallel Calculus,0.67145081
28012,Electronic Calculators T,5,72778,High-Performance Computing,0.66984893
28012,Electronic Calculators T,6,29227,Foundations of Informatics T,0.65467030
28012,Electronic Calculators T,7,B8105,Computational Management of Data,0.65275481
28012,Electronic Calculators T,8,95602,Programming and Computer Architectures,0.64985699
28012,Electronic Calculators T,9,28004,Foundations of Informatics T-1,0.64906983
28012,Electronic Calculators T,10,90749,Computing Education,0.64743009
28020,Operating Systems T,1,08574-B,Operating Systems,0.74440605
28020,Operating Systems T,2,B8562,SISTEMI CONCORRENTI E PARALLELI M,0.71898168
28020,Operating Systems T,3,08574-A,Operating Systems,0.71556301
28020,Operating Systems T,4,28024,Computer Networks T,0.67752589
28020,Operating Systems T,5,03716,Digital Design Principles and Computer Architecture,0.66069964
28020,Operating Systems T,6,85728,Real Time OS M,0.65859815
28020,Operating Systems T,7,17628,Concurrent and Distributed Programming,0.65610203
28020,Operating Systems T,8,69731,Computer Architecture,0.64397993
28020,Operating Systems T,9,28004,Foundations of Informatics T-1,0.63175890
28020,Operating Systems T,10,96007,Foundations of Computer Architecture and Operating Systems,0.63147842
28021,Software Engineering T,1,90106,Software Engineering,0.79353533
28021,Software Engineering T,2,66858,Software Engineering,0.76925177
28021,Software Engineering T,3,B0010,Software Architecture and Platforms,0.76627722
28021,Software Engineering T,4,09032,Software Engineering,0.73670798
28021,Software Engineering T,5,B0009,Advanced Software Modelling and Design,0.72480877
28021,Software Engineering T,6,95627,Software Engineering,0.71716349
28021,Software Engineering T,7,B1874,Project Management and Software Engineering for Cultural Heritage,0.70594585
28021,Software Engineering T,8,72939,Software Systems Engineering M,0.69488538
28021,Software Engineering T,9,81612,Programming and Development paradigms,0.69163351
28021,Software Engineering T,10,B0011,Software Process Engineering,0.68532091
28024,Computer Networks T,1,95604,Operating Systems and Networks,0.74644269
28024,Computer Networks T,2,88324,System Administration T,0.74406775
28024,Computer Networks T,3,95644,Computer Networks and Network Programming,0.73323673
28024,Computer Networks T,4,84531,Infrastructures For Cloud Computing and Big Data M,0.73128626
28024,Computer Networks T,5,57828,Informatics,0.71519225
28024,Computer Networks T,6,28652,IT Systems T-1,0.71058544
28024,Computer Networks T,7,73025,Distributed Systems M,0.70824219
28024,Computer Networks T,8,37085,"Principles, Models and Applications for Distributed Systems M",0.70421390
28024,Computer Networks T,9,70226,Network Programming,0.70237533
28024,Computer Networks T,10,96995,Programmable Networking,0.69875861
28027,Information Systems T,1,10906-A,Databases,0.78988867
28027,Information Systems T,2,84530,Database and Big Data Technologies M,0.74666321
28027,Information Systems T,3,95611,Database Systems,0.72481314
28027,Information Systems T,4,10906,Databases,0.71444149
28027,Information Systems T,5,70155,Data Bases,0.70567510
28027,Information Systems T,6,84339,Advanced Database Systems,0.68351524
28027,Information Systems T,7,79194,Databases,0.67195553
28027,Information Systems T,8,96793,Information Systems and Database Management,0.66688362
28027,Information Systems T,9,28652,IT Systems T-1,0.66583326
28027,Information Systems T,10,90107,BASI DI DATI,0.66414789
28040,Information Technology,1,07276-A,Computer Science,0.89012626
28040,Information Technology,2,96346,INFORMATICA,0.79721920
28040,Information Technology,3,28623,Foundations of Informatics and Laboratory,0.75149625
28040,Information Technology,4,B1703,Introduction to Programming,0.71263468
28040,Information Technology,5,09730,Principles of Informatics,0.70438938
28040,Information Technology,6,37262,Computer Programming,0.69917954
28040,Information Technology,7,93333,Programming Lab,0.69614394
28040,Information Technology,8,15305,Foundations of Informatics A,0.69525515
28040,Information Technology,9,89988,Elements of Informatics,0.68894934
28040,Information Technology,10,93363,Advanced Programming,0.68567739
28106,Computer Science for Environmental Sciences,1,B4826,Informatics for the Humanities,0.73091479
28106,Computer Science for Environmental Sciences,2,57828,Informatics,0.71918253
28106,Computer Science for Environmental Sciences,3,91161,"Networks, Security And Data Bases",0.71667654
28106,Computer Science for Environmental Sciences,4,82202,Informatic,0.69306935
28106,Computer Science for Environmental Sciences,5,82202-A,Informatic,0.66847158
28106,Computer Science for Environmental Sciences,6,39176,Basic and Laboratory Informatics,0.66185813
28106,Computer Science for Environmental Sciences,7,79194,Databases,0.65835673
28106,Computer Science for Environmental Sciences,8,90749,Computing Education,0.65557646
28106,Computer Science for Environmental Sciences,9,78510,Informatics,0.65362233
28106,Computer Science for Environmental Sciences,10,70155,Data Bases,0.65123653
28623,Foundations of Informatics and Laboratory,1,15305,Foundations of Informatics A,0.84782382
28623,Foundations of Informatics and Laboratory,2,09730,Principles of Informatics,0.84314439
28623,Foundations of Informatics and Laboratory,3,16692,Laboratory of Informatics,0.78436106
28623,Foundations of Informatics and Laboratory,4,07276-A,Computer Science,0.78200555
28623,Foundations of Informatics and Laboratory,5,37262,Computer Programming,0.76763462
28623,Foundations of Informatics and Laboratory,6,96346,INFORMATICA,0.76284802
28623,Foundations of Informatics and Laboratory,7,00819-B,Programming,0.75923534
28623,Foundations of Informatics and Laboratory,8,09730-A,Principles of Informatics,0.75480982
28623,Foundations of Informatics and Laboratory,9,29227,Foundations of Informatics T,0.75420740
28623,Foundations of Informatics and Laboratory,10,28040,Information Technology,0.75149625
28652,IT Systems T-1,1,09032,Software Engineering,0.75621324
28652,IT Systems T-1,2,88324,System Administration T,0.72755563
28652,IT Systems T-1,3,B0832,Administration of Systems T,0.71628782
28652,IT Systems T-1,4,28024,Computer Networks T,0.71058544
28652,IT Systems T-1,5,70155,Data Bases,0.70406783
28652,IT Systems T-1,6,73025,Distributed Systems M,0.69803216
28652,IT Systems T-1,7,96793,Information Systems and Database Management,0.69787319
28652,IT Systems T-1,8,84339,Advanced Database Systems,0.69428684
28652,IT Systems T-1,9,82202,Informatic,0.68713339
28652,IT Systems T-1,10,57828,Informatics,0.68597215
28659,Web Technologies T,1,41731,Web-related Technologies,0.72521500
28659,Web Technologies T,2,75835,Web Technologies,0.71938714
28659,Web Technologies T,3,94442,Design of Web Applications T,0.69468762
28659,Web Technologies T,4,88566,Web Technology,0.66969821
28659,Web Technologies T,5,95645,Foundations of Web Systems,0.66872728
28659,Web Technologies T,6,95605,Web and Mobile Systems,0.64997582
28659,Web Technologies T,7,85445,Information Modelling and Web Technologies,0.63528759
28659,Web Technologies T,8,41731-A,Web-related Technologies,0.62367471
28659,Web Technologies T,9,81917,Interaction Multimedia Services,0.61350783
28659,Web Technologies T,10,28652,IT Systems T-1,0.61245614
28796,Elements of Databases,1,70155,Data Bases,0.81410649
28796,Elements of Databases,2,96793,Information Systems and Database Management,0.77842277
28796,Elements of Databases,3,79194,Databases,0.76691946
28796,Elements of Databases,4,10906,Databases,0.71584358
28796,Elements of Databases,5,95611,Database Systems,0.71342582
28796,Elements of Databases,6,90107,BASI DI DATI,0.70743201
28796,Elements of Databases,7,40720,Data Mining,0.69426863
28796,Elements of Databases,8,84339,Advanced Database Systems,0.68108478
28796,Elements of Databases,9,95631,Machine Learning and Data Mining,0.68022851
28796,Elements of Databases,10,B2125,Machine Learning and Data Mining M,0.67761559
29227-A,Foundations of Informatics T,1,29227-B,Foundations of Informatics T,0.82976643
29227-A,Foundations of Informatics T,2,15305,Foundations of Informatics A,0.74595617
29227-A,Foundations of Informatics T,3,09730,Principles of Informatics,0.73985972
29227-A,Foundations of Informatics T,4,09730-A,Principles of Informatics,0.73032170
29227-A,Foundations of Informatics T,5,29227,Foundations of Informatics T,0.71378552
29227-A,Foundations of Informatics T,6,69731,Computer Architecture,0.69736652
29227-A,Foundations of Informatics T,7,91161,"Networks, Security And Data Bases",0.68833100
29227-A,Foundations of Informatics T,8,00819-B,Programming,0.68413139
29227-A,Foundations of Informatics T,9,89988,Elements of Informatics,0.67902542
29227-A,Foundations of Informatics T,10,93034-A,Foundations of Computer Science T,0.67040869
29227-B,Foundations of Informatics T,1,29227-A,Foundations of Informatics T,0.82976643
29227-B,Foundations of Informatics T,2,15305,Foundations of Informatics A,0.73228383
29227-B,Foundations of Informatics T,3,09730,Principles of Informatics,0.72618738
29227-B,Foundations of Informatics T,4,29227,Foundations of Informatics T,0.72292824
29227-B,Foundations of Informatics T,5,91161,"Networks, Security And Data Bases",0.69374392
29227-B,Foundations of Informatics T,6,90749,Computing Education,0.68463823
29227-B,Foundations of Informatics T,7,09730-A,Principles of Informatics,0.67256468
29227-B,Foundations of Informatics T,8,28623,Foundations of Informatics and Laboratory,0.67017870
29227-B,Foundations of Informatics T,9,60348,Informatics,0.66902412
29227-B,Foundations of Informatics T,10,28004,Foundations of Informatics T-1,0.66086020
29227,Foundations of Informatics T,1,88145,Fundamentals of Computer Programming P1,0.88279437
29227,Foundations of Informatics T,2,15305,Foundations of Informatics A,0.80089456
29227,Foundations of Informatics T,3,09730,Principles of Informatics,0.79479811
29227,Foundations of Informatics T,4,28623,Foundations of Informatics and Laboratory,0.75420740
29227,Foundations of Informatics T,5,93034-A,Foundations of Computer Science T,0.74806948
29227,Foundations of Informatics T,6,29227-B,Foundations of Informatics T,0.72292824
29227,Foundations of Informatics T,7,93034,Foundations of Computer Science T,0.72255611
29227,Foundations of Informatics T,8,91685,History of Informatics and Computing Systems,0.71613948
29227,Foundations of Informatics T,9,29227-A,Foundations of Informatics T,0.71378552
29227,Foundations of Informatics T,10,09730-A,Principles of Informatics,0.71360133
30376,Business Intelligence,1,96142,Business Intelligence and Big Data M,0.72995839
30376,Business Intelligence,2,70155,Data Bases,0.70260896
30376,Business Intelligence,3,09679,Data Base Sistems,0.70068860
30376,Business Intelligence,4,81932,Big Data,0.68989820
30376,Business Intelligence,5,96143,Methods and Models for Data Analytics M,0.66740338
30376,Business Intelligence,6,28652,IT Systems T-1,0.66276556
30376,Business Intelligence,7,98671,Business Analytics,0.66016108
30376,Business Intelligence,8,40720,Data Mining,0.65967365
30376,Business Intelligence,9,96793,Information Systems and Database Management,0.65343256
30376,Business Intelligence,10,91261,Artificial Intelligence in Industry,0.65210219
37085,"Principles, Models and Applications for Distributed Systems M",1,28024,Computer Networks T,0.70421390
37085,"Principles, Models and Applications for Distributed Systems M",2,93468,Distributed Software Systems,0.68992005
37085,"Principles, Models and Applications for Distributed Systems M",3,87474,Distributed Systems,0.68544074
37085,"Principles, Models and Applications for Distributed Systems M",4,88324,System Administration T,0.67227218
37085,"Principles, Models and Applications for Distributed Systems M",5,73025,Distributed Systems M,0.66855877
37085,"Principles, Models and Applications for Distributed Systems M",6,91161,"Networks, Security And Data Bases",0.66750008
37085,"Principles, Models and Applications for Distributed Systems M",7,B0832,Administration of Systems T,0.66549924
37085,"Principles, Models and Applications for Distributed Systems M",8,84531,Infrastructures For Cloud Computing and Big Data M,0.66476398
37085,"Principles, Models and Applications for Distributed Systems M",9,95604,Operating Systems and Networks,0.65600771
37085,"Principles, Models and Applications for Distributed Systems M",10,95644,Computer Networks and Network Programming,0.65187299
37262,Computer Programming,1,95602,Programming and Computer Architectures,0.79788432
37262,Computer Programming,2,00819-A,Programming,0.78767634
37262,Computer Programming,3,07276-A,Computer Science,0.77952812
37262,Computer Programming,4,09730,Principles of Informatics,0.77670803
37262,Computer Programming,5,15305,Foundations of Informatics A,0.77371346
37262,Computer Programming,6,28623,Foundations of Informatics and Laboratory,0.76763462
37262,Computer Programming,7,B8905,Foundations of Programming,0.76693643
37262,Computer Programming,8,96346,INFORMATICA,0.76189820
37262,Computer Programming,9,00819-B,Programming,0.76125525
37262,Computer Programming,10,93034-A,Foundations of Computer Science T,0.75972807
37635,Data Structure and Algorithms,1,11929-A,Algorithms and Data Structures,0.99788921
37635,Data Structure and Algorithms,2,11929-B,Algorithm and Data Structures,0.81048089
37635,Data Structure and Algorithms,3,B5782,Algorithms and Data Structures for Computational Biology,0.79423427
37635,Data Structure and Algorithms,4,11929,Algorithms and Data Structures,0.76627631
37635,Data Structure and Algorithms,5,B4913,ALGORITMI E STRUTTURE DATI,0.73886359
37635,Data Structure and Algorithms,6,09730,Principles of Informatics,0.73554060
37635,Data Structure and Algorithms,7,15305,Foundations of Informatics A,0.73194747
37635,Data Structure and Algorithms,8,09730-A,Principles of Informatics,0.72081065
37635,Data Structure and Algorithms,9,16692,Laboratory of Informatics,0.71859105
37635,Data Structure and Algorithms,10,41169,Theoretical Computer Science,0.71137075
37760,Systems Simulation,1,B0009,Advanced Software Modelling and Design,0.69779786
37760,Systems Simulation,2,81934,HUMAN COMPUTER INTERACTION,0.63812232
37760,Systems Simulation,3,88324,System Administration T,0.61937166
37760,Systems Simulation,4,B8105,Computational Management of Data,0.61460127
37760,Systems Simulation,5,B0063,Programming Laboratory,0.61402377
37760,Systems Simulation,6,28623,Foundations of Informatics and Laboratory,0.61047688
37760,Systems Simulation,7,78778,Intelligent Systems M,0.60699877
37760,Systems Simulation,8,72945,Real-Time Systems M,0.60521840
37760,Systems Simulation,9,28011,Logic Design T,0.60475846
37760,Systems Simulation,10,95602,Programming and Computer Architectures,0.60119111
37925,Virtual System Design,1,95646,Virtualized Systems,0.71039486
37925,Virtual System Design,2,96995,Programmable Networking,0.63349688
37925,Virtual System Design,3,08574-A,Operating Systems,0.62651888
37925,Virtual System Design,4,77780,Embedded Systems Programming and Internet of Things,0.60964372
37925,Virtual System Design,5,91721,Laboratory of Virtual Reality and Advanced Reality,0.59908821
37925,Virtual System Design,6,96859,Embedded Systems and Internet of Things,0.58286996
37925,Virtual System Design,7,95604,Operating Systems and Networks,0.57906092
37925,Virtual System Design,8,91161,"Networks, Security And Data Bases",0.57244106
37925,Virtual System Design,9,81683,Internet of Things,0.56890581
37925,Virtual System Design,10,B8019,PROGRAMMING THE INTERNET OF THINGS M,0.56844596
39176,Basic and Laboratory Informatics,1,82202-A,Informatic,0.96776639
39176,Basic and Laboratory Informatics,2,57828,Informatics,0.74058321
39176,Basic and Laboratory Informatics,3,82202,Informatic,0.73701357
39176,Basic and Laboratory Informatics,4,B4826,Informatics for the Humanities,0.72815408
39176,Basic and Laboratory Informatics,5,75969,Basic Informatics,0.68107100
39176,Basic and Laboratory Informatics,6,70155,Data Bases,0.66314855
39176,Basic and Laboratory Informatics,7,28106,Computer Science for Environmental Sciences,0.66185813
39176,Basic and Laboratory Informatics,8,90730,Social Network Analysis,0.65966519
39176,Basic and Laboratory Informatics,9,96793,Information Systems and Database Management,0.65865576
39176,Basic and Laboratory Informatics,10,07276-C,Computer Science,0.65529807
40720,Data Mining,1,95631-A,Machine Learning and Data Mining,0.88683413
40720,Data Mining,2,95631,Machine Learning and Data Mining,0.78214732
40720,Data Mining,3,B2125,Machine Learning and Data Mining M,0.77670364
40720,Data Mining,4,B2133,Big Data Analytics and Text Mining,0.76239326
40720,Data Mining,5,70155,Data Bases,0.73125223
40720,Data Mining,6,81932,Big Data,0.69525060
40720,Data Mining,7,77933,Multimedia Data Management M,0.69447825
40720,Data Mining,8,28796,Elements of Databases,0.69426863
40720,Data Mining,9,96793,Information Systems and Database Management,0.68288750
40720,Data Mining,10,93653,Iot And Big Data For Smart Agricultural Systems,0.68008070
41169,Theoretical Computer Science,1,11933,Theoretical Computer Science,0.90431567
41169,Theoretical Computer Science,2,07276-A,Computer Science,0.71683149
41169,Theoretical Computer Science,3,11929-A,Algorithms and Data Structures,0.71614263
41169,Theoretical Computer Science,4,37635,Data Structure and Algorithms,0.71137075
41169,Theoretical Computer Science,5,09730,Principles of Informatics,0.70443467
41169,Theoretical Computer Science,6,B5782,Algorithms and Data Structures for Computational Biology,0.70176263
41169,Theoretical Computer Science,7,15305,Foundations of Informatics A,0.69912389
41169,Theoretical Computer Science,8,11929-B,Algorithm and Data Structures,0.69895974
41169,Theoretical Computer Science,9,B4913,ALGORITMI E STRUTTURE DATI,0.69502535
41169,Theoretical Computer Science,10,98931,Fundamentals of Artificial Intelligence,0.69444059
41588,INTRODUZIONE ALL'ANALISI DEI DATI,1,96346,INFORMATICA,0.76343054
41588,INTRODUZIONE ALL'ANALISI DEI DATI,2,85189,Systems and Algorithms for Data Science,0.72688608
41588,INTRODUZIONE ALL'ANALISI DEI DATI,3,90477,Machine Learning Systems For Data Science,0.71143343
41588,INTRODUZIONE ALL'ANALISI DEI DATI,4,85285,Programming,0.67841443
41588,INTRODUZIONE ALL'ANALISI DEI DATI,5,B0063,Programming Laboratory,0.67839240
41588,INTRODUZIONE ALL'ANALISI DEI DATI,6,95602,Programming and Computer Architectures,0.66557883
41588,INTRODUZIONE ALL'ANALISI DEI DATI,7,89988,Elements of Informatics,0.66275811
41588,INTRODUZIONE ALL'ANALISI DEI DATI,8,B5780,Computational Methods for Bioinformatics,0.65963375
41588,INTRODUZIONE ALL'ANALISI DEI DATI,9,37262,Computer Programming,0.65280487
41588,INTRODUZIONE ALL'ANALISI DEI DATI,10,93333,Programming Lab,0.65267291
41731-A,Web-related Technologies,1,95645,Foundations of Web Systems,0.78750233
41731-A,Web-related Technologies,2,41731,Web-related Technologies,0.75599825
41731-A,Web-related Technologies,3,75835,Web Technologies,0.74292216
41731-A,Web-related Technologies,4,69867,Web Services and Applications,0.72730011
41731-A,Web-related Technologies,5,95605,Web and Mobile Systems,0.70256571
41731-A,Web-related Technologies,6,88566,Web Technology,0.69508024
41731-A,Web-related Technologies,7,94442,Design of Web Applications T,0.68258085
41731-A,Web-related Technologies,8,47240,Web Systems Engineering,0.67855331
41731-A,Web-related Technologies,9,85445,Information Modelling and Web Technologies,0.65882905
41731-A,Web-related Technologies,10,28659,Web Technologies T,0.62367471
41731,Web-related Technologies,1,75835,Web Technologies,0.98857799
41731,Web-related Technologies,2,95605,Web and Mobile Systems,0.84194163
41731,Web-related Technologies,3,88566,Web Technology,0.84160215
41731,Web-related Technologies,4,94442,Design of Web Applications T,0.78243574
41731,Web-related Technologies,5,95645,Foundations of Web Systems,0.77682476
41731,Web-related Technologies,6,41731-A,Web-related Technologies,0.75599825
41731,Web-related Technologies,7,85445,Information Modelling and Web Technologies,0.73567755
41731,Web-related Technologies,8,28659,Web Technologies T,0.72521500
41731,Web-related Technologies,9,69867,Web Services and Applications,0.71533075
41731,Web-related Technologies,10,47240,Web Systems Engineering,0.70333450
42500,Semantic Web,1,85446,Knowledge Representation and Extraction,0.72053027
42500,Semantic Web,2,B0070,METODOLOGIE E TECNICHE DI SIMULAZIONE,0.71522574
42500,Semantic Web,3,91265,Knowledge Engineering,0.69307014
42500,Semantic Web,4,B5292,Knowledge Engeneering for the Humanities,0.69274790
42500,Semantic Web,5,90730,Social Network Analysis,0.65147791
42500,Semantic Web,6,84401,Context-Aware Systems,0.65029625
42500,Semantic Web,7,B2133,Big Data Analytics and Text Mining,0.64309670
42500,Semantic Web,8,94442,Design of Web Applications T,0.63915527
42500,Semantic Web,9,75835,Web Technologies,0.63437441
42500,Semantic Web,10,41731,Web-related Technologies,0.63357408
47240,Web Systems Engineering,1,69867,Web Services and Applications,0.74184253
47240,Web Systems Engineering,2,95645,Foundations of Web Systems,0.71624227
47240,Web Systems Engineering,3,75835,Web Technologies,0.70526146
47240,Web Systems Engineering,4,41731,Web-related Technologies,0.70333450
47240,Web Systems Engineering,5,95605,Web and Mobile Systems,0.68987314
47240,Web Systems Engineering,6,41731-A,Web-related Technologies,0.67855331
47240,Web Systems Engineering,7,94442,Design of Web Applications T,0.66170024
47240,Web Systems Engineering,8,88566,Web Technology,0.59545625
47240,Web Systems Engineering,9,70226,Network Programming,0.57458926
47240,Web Systems Engineering,10,66860,Mobile Applications Laboratory,0.56635156
48693-A,Computer Science for Cultural Heritage,1,B5079,Digital Humanities and Data Management for Cultural Heritage,0.84458985
48693-A,Computer Science for Cultural Heritage,2,48693,Computer Science for Cultural Heritage,0.67711253
48693-A,Computer Science for Cultural Heritage,3,76011,Multimedia Technologies in Archaelogy,0.66883718
48693-A,Computer Science for Cultural Heritage,4,98618,"""Document Digitization Techniques """,0.66519520
48693-A,Computer Science for Cultural Heritage,5,B5059,Interaction Media Design,0.66279054
48693-A,Computer Science for Cultural Heritage,6,B1874,Project Management and Software Engineering for Cultural Heritage,0.64377655
48693-A,Computer Science for Cultural Heritage,7,B1873,Machine Learning for Humanities,0.62085794
48693-A,Computer Science for Cultural Heritage,8,B0073,ELABORAZIONE DI TESTI E GESTIONE DOCUMENTALE,0.61757109
48693-A,Computer Science for Cultural Heritage,9,75969,Basic Informatics,0.61107238
48693-A,Computer Science for Cultural Heritage,10,97466,Digital represention of the Landscape Project,0.60798208
48693,Computer Science for Cultural Heritage,1,B5059,Interaction Media Design,0.68596092
48693,Computer Science for Cultural Heritage,2,48693-A,Computer Science for Cultural Heritage,0.67711253
48693,Computer Science for Cultural Heritage,3,98618,"""Document Digitization Techniques """,0.66550602
48693,Computer Science for Cultural Heritage,4,76011,Multimedia Technologies in Archaelogy,0.65195596
48693,Computer Science for Cultural Heritage,5,97466,Digital represention of the Landscape Project,0.60443126
48693,Computer Science for Cultural Heritage,6,B5079,Digital Humanities and Data Management for Cultural Heritage,0.59841972
48693,Computer Science for Cultural Heritage,7,27311,Humanistic IT,0.59001102
48693,Computer Science for Cultural Heritage,8,73273,Informatic Tecnologies for Fashion,0.58869804
48693,Computer Science for Cultural Heritage,9,69259,Computer Science,0.58841163
48693,Computer Science for Cultural Heritage,10,70210,Lab-based Course on Computer Graphics,0.57602951
57828,Informatics,1,B4826,Informatics for the Humanities,0.80272593
57828,Informatics,2,82202,Informatic,0.78584684
57828,Informatics,3,82202-A,Informatic,0.77048220
57828,Informatics,4,09730,Principles of Informatics,0.75036508
57828,Informatics,5,78510,Informatics,0.75031243
57828,Informatics,6,15305,Foundations of Informatics A,0.74652786
57828,Informatics,7,39176,Basic and Laboratory Informatics,0.74058321
57828,Informatics,8,07276,Computer Science,0.71990371
57828,Informatics,9,28106,Computer Science for Environmental Sciences,0.71918253
57828,Informatics,10,28024,Computer Networks T,0.71519225
58348,Lab-based Course on Operating Systems,1,08574,Operating Systems,0.62427303
58348,Lab-based Course on Operating Systems,2,96007,Foundations of Computer Architecture and Operating Systems,0.59721208
58348,Lab-based Course on Operating Systems,3,95604,Operating Systems and Networks,0.59486277
58348,Lab-based Course on Operating Systems,4,B5665,Real Time Systems and Programming for Automation M,0.58706152
58348,Lab-based Course on Operating Systems,5,28623,Foundations of Informatics and Laboratory,0.58586190
58348,Lab-based Course on Operating Systems,6,90749,Computing Education,0.58475753
58348,Lab-based Course on Operating Systems,7,08574-A,Operating Systems,0.58462113
58348,Lab-based Course on Operating Systems,8,B8554,SISTEMI SOFTWARE A OGGETTI T,0.57048482
58348,Lab-based Course on Operating Systems,9,37262,Computer Programming,0.56523491
58348,Lab-based Course on Operating Systems,10,28024,Computer Networks T,0.56507934
58423,Internet Architecture,1,95644,Computer Networks and Network Programming,0.74749869
58423,Internet Architecture,2,70226,Network Programming,0.70574530
58423,Internet Architecture,3,95604,Operating Systems and Networks,0.68413800
58423,Internet Architecture,4,93315,Computer Networks,0.66414608
58423,Internet Architecture,5,81683,Internet of Things,0.65199462
58423,Internet Architecture,6,75835,Web Technologies,0.63231989
58423,Internet Architecture,7,41731,Web-related Technologies,0.62891253
58423,Internet Architecture,8,37085,"Principles, Models and Applications for Distributed Systems M",0.61843211
58423,Internet Architecture,9,90730,Social Network Analysis,0.60640374
58423,Internet Architecture,10,96995,Programmable Networking,0.60142922
58437,Parallel Calculus,1,72778,High-Performance Computing,0.87402174
58437,Parallel Calculus,2,B8562,SISTEMI CONCORRENTI E PARALLELI M,0.68874992
58437,Parallel Calculus,3,41169,Theoretical Computer Science,0.67711509
58437,Parallel Calculus,4,28012,Electronic Calculators T,0.67145081
58437,Parallel Calculus,5,91259,Architecture and Platforms for Artificial Intelligence,0.65962473
58437,Parallel Calculus,6,11933,Theoretical Computer Science,0.65197172
58437,Parallel Calculus,7,B8105,Computational Management of Data,0.64178572
58437,Parallel Calculus,8,11929-B,Algorithm and Data Structures,0.63466452
58437,Parallel Calculus,9,91266,Machine Learning for Computer Vision,0.63079646
58437,Parallel Calculus,10,91762,Combinatorial Decision Making and Optimization,0.62727276
60348,Informatics,1,09730,Principles of Informatics,0.71938372
60348,Informatics,2,15305,Foundations of Informatics A,0.71554649
60348,Informatics,3,00819-B,Programming,0.70080778
60348,Informatics,4,B8159,INFORMATICA,0.69071127
60348,Informatics,5,16692,Laboratory of Informatics,0.68473280
60348,Informatics,6,28623,Foundations of Informatics and Laboratory,0.67421461
60348,Informatics,7,29227-B,Foundations of Informatics T,0.66902412
60348,Informatics,8,37262,Computer Programming,0.66854523
60348,Informatics,9,00819-A,Programming,0.66757823
60348,Informatics,10,09730-A,Principles of Informatics,0.65833193
65094,ADVANCED PROGRAMMING,1,37262,Computer Programming,0.75786233
65094,ADVANCED PROGRAMMING,2,96346,INFORMATICA,0.75388403
65094,ADVANCED PROGRAMMING,3,95602,Programming and Computer Architectures,0.70389920
65094,ADVANCED PROGRAMMING,4,B8905,Foundations of Programming,0.70058257
65094,ADVANCED PROGRAMMING,5,93363,Advanced Programming,0.69280153
65094,ADVANCED PROGRAMMING,6,85285,Programming,0.69139771
65094,ADVANCED PROGRAMMING,7,07276-A,Computer Science,0.69004597
65094,ADVANCED PROGRAMMING,8,B0063,Programming Laboratory,0.68722112
65094,ADVANCED PROGRAMMING,9,28623,Foundations of Informatics and Laboratory,0.68116564
65094,ADVANCED PROGRAMMING,10,85189,Systems and Algorithms for Data Science,0.67128934
66857,Logic for Computer Science,1,73149,Logic for Informatics,0.88355847
66857,Logic for Computer Science,2,11933,Theoretical Computer Science,0.69443424
66857,Logic for Computer Science,3,81609,"Languages, Compilers and Computational Models",0.69074096
66857,Logic for Computer Science,4,41169,Theoretical Computer Science,0.66569727
66857,Logic for Computer Science,5,98931,Fundamentals of Artificial Intelligence,0.65605282
66857,Logic for Computer Science,6,91248,Fundamentals of Artificial Intelligence and Knowledge Representation,0.64604823
66857,Logic for Computer Science,7,09730-A,Principles of Informatics,0.63687709
66857,Logic for Computer Science,8,72940,Computational Models And Languages M,0.63415706
66857,Logic for Computer Science,9,09730,Principles of Informatics,0.61699172
66857,Logic for Computer Science,10,15305,Foundations of Informatics A,0.61402121
66858,Software Engineering,1,90106,Software Engineering,0.95381996
66858,Software Engineering,2,28021,Software Engineering T,0.76925177
66858,Software Engineering,3,09032,Software Engineering,0.76622969
66858,Software Engineering,4,B1874,Project Management and Software Engineering for Cultural Heritage,0.72892565
66858,Software Engineering,5,81612,Programming and Development paradigms,0.72200890
66858,Software Engineering,6,95627,Software Engineering,0.71674787
66858,Software Engineering,7,B0010,Software Architecture and Platforms,0.68826202
66858,Software Engineering,8,B0011,Software Process Engineering,0.67530113
66858,Software Engineering,9,B0009,Advanced Software Modelling and Design,0.66765506
66858,Software Engineering,10,B1459,"ARTIFICIAL INTELLIGENCE, BLOCKCHAIN E CRIPTOVALUTE NELLO SVILUPPO SOFTWARE",0.64977803
66860,Mobile Applications Laboratory,1,72787,Mobile Application Programming,0.78071510
66860,Mobile Applications Laboratory,2,95605,Web and Mobile Systems,0.64397612
66860,Mobile Applications Laboratory,3,78779,Mobile Systems M,0.59291698
66860,Mobile Applications Laboratory,4,84401,Context-Aware Systems,0.57836285
66860,Mobile Applications Laboratory,5,B8019,PROGRAMMING THE INTERNET OF THINGS M,0.57735046
66860,Mobile Applications Laboratory,6,81683,Internet of Things,0.56972664
66860,Mobile Applications Laboratory,7,94442,Design of Web Applications T,0.56867524
66860,Mobile Applications Laboratory,8,47240,Web Systems Engineering,0.56635156
66860,Mobile Applications Laboratory,9,95648,Software Design and Development,0.54600880
66860,Mobile Applications Laboratory,10,41731,Web-related Technologies,0.54269445
66870,Concurrent Models and Systems,1,17628,Concurrent and Distributed Programming,0.61581932
66870,Concurrent Models and Systems,2,87474,Distributed Systems,0.61504036
66870,Concurrent Models and Systems,3,81609,"Languages, Compilers and Computational Models",0.60399619
66870,Concurrent Models and Systems,4,28011,Logic Design T,0.58998986
66870,Concurrent Models and Systems,5,73025,Distributed Systems M,0.58575603
66870,Concurrent Models and Systems,6,93468,Distributed Software Systems,0.58332795
66870,Concurrent Models and Systems,7,B8562,SISTEMI CONCORRENTI E PARALLELI M,0.58284599
66870,Concurrent Models and Systems,8,11933,Theoretical Computer Science,0.57911373
66870,Concurrent Models and Systems,9,95782,Network Analysis,0.57258809
66870,Concurrent Models and Systems,10,37760,Systems Simulation,0.57251540
69259,Computer Science,1,89988,Elements of Informatics,0.66586282
69259,Computer Science,2,B8105,Computational Management of Data,0.65501799
69259,Computer Science,3,09730-A,Principles of Informatics,0.64026519
69259,Computer Science,4,78510,Informatics,0.63456524
69259,Computer Science,5,11929-B,Algorithm and Data Structures,0.63363193
69259,Computer Science,6,70210,Lab-based Course on Computer Graphics,0.62646359
69259,Computer Science,7,57828,Informatics,0.62642345
69259,Computer Science,8,28011,Logic Design T,0.62546298
69259,Computer Science,9,07276-C,Computer Science,0.62218901
69259,Computer Science,10,37262,Computer Programming,0.62192419
69430,COMPUTER ARCHITECTURES M,1,B8561,ARCHITETTURE DEI CALCOLATORI M,0.95503094
69430,COMPUTER ARCHITECTURES M,2,03716,Digital Design Principles and Computer Architecture,0.72941792
69430,COMPUTER ARCHITECTURES M,3,91602,Computer Architectures,0.68224753
69430,COMPUTER ARCHITECTURES M,4,69731,Computer Architecture,0.67985730
69430,COMPUTER ARCHITECTURES M,5,B8563,SISTEMI DI ELABORAZIONE ACCELERATA M,0.67145330
69430,COMPUTER ARCHITECTURES M,6,B8562,SISTEMI CONCORRENTI E PARALLELI M,0.67038155
69430,COMPUTER ARCHITECTURES M,7,28012-A,Electronic Calculators T,0.65773637
69430,COMPUTER ARCHITECTURES M,8,96007,Foundations of Computer Architecture and Operating Systems,0.64385865
69430,COMPUTER ARCHITECTURES M,9,72778,High-Performance Computing,0.62676004
69430,COMPUTER ARCHITECTURES M,10,11925,Computer Architecture,0.62325179
69661,Image Processing And Computer Vision M,1,73302,Computer Vision And Image Processing M,0.90086413
69661,Image Processing And Computer Vision M,2,91254,Image Processing and Computer Vision,0.75386862
69661,Image Processing And Computer Vision M,3,93478,COMPUTER VISION,0.68378498
69661,Image Processing And Computer Vision M,4,17634,Computer Vision,0.65156057
69661,Image Processing And Computer Vision M,5,70210,Lab-based Course on Computer Graphics,0.63334162
69661,Image Processing And Computer Vision M,6,91266,Machine Learning for Computer Vision,0.60076872
69661,Image Processing And Computer Vision M,7,97466,Digital represention of the Landscape Project,0.59465169
69661,Image Processing And Computer Vision M,8,69259,Computer Science,0.58998053
69661,Image Processing And Computer Vision M,9,09032,Software Engineering,0.58900284
69661,Image Processing And Computer Vision M,10,93319,INTRODUZIONE ALL'APPRENDIMENTO AUTOMATICO,0.57983039
69731,Computer Architecture,1,11925,Computer Architecture,0.73873425
69731,Computer Architecture,2,96007,Foundations of Computer Architecture and Operating Systems,0.71762444
69731,Computer Architecture,3,03716,Digital Design Principles and Computer Architecture,0.71464240
69731,Computer Architecture,4,29227-A,Foundations of Informatics T,0.69736652
69731,Computer Architecture,5,15305,Foundations of Informatics A,0.69730464
69731,Computer Architecture,6,09730-A,Principles of Informatics,0.69375910
69731,Computer Architecture,7,09730,Principles of Informatics,0.69333059
69731,Computer Architecture,8,28004,Foundations of Informatics T-1,0.68458000
69731,Computer Architecture,9,69430,COMPUTER ARCHITECTURES M,0.67985730
69731,Computer Architecture,10,08574-B,Operating Systems,0.67558679
69867,Web Services and Applications,1,47240,Web Systems Engineering,0.74184253
69867,Web Services and Applications,2,41731-A,Web-related Technologies,0.72730011
69867,Web Services and Applications,3,41731,Web-related Technologies,0.71533075
69867,Web Services and Applications,4,75835,Web Technologies,0.71518102
69867,Web Services and Applications,5,94442,Design of Web Applications T,0.71083002
69867,Web Services and Applications,6,95645,Foundations of Web Systems,0.70169094
69867,Web Services and Applications,7,95605,Web and Mobile Systems,0.68764900
69867,Web Services and Applications,8,88566,Web Technology,0.63645813
69867,Web Services and Applications,9,85445,Information Modelling and Web Technologies,0.60067897
69867,Web Services and Applications,10,28659,Web Technologies T,0.59402709
70155,Data Bases,1,96793,Information Systems and Database Management,0.84712527
70155,Data Bases,2,79194,Databases,0.84591220
70155,Data Bases,3,90107,BASI DI DATI,0.82285311
70155,Data Bases,4,28796,Elements of Databases,0.81410649
70155,Data Bases,5,10906,Databases,0.79862316
70155,Data Bases,6,95611,Database Systems,0.79088340
70155,Data Bases,7,84339,Advanced Database Systems,0.76930354
70155,Data Bases,8,81932,Big Data,0.76635664
70155,Data Bases,9,B8159,INFORMATICA,0.74584244
70155,Data Bases,10,09679,Data Base Sistems,0.74092374
70210,Lab-based Course on Computer Graphics,1,97466,Digital represention of the Landscape Project,0.71484879
70210,Lab-based Course on Computer Graphics,2,91254,Image Processing and Computer Vision,0.65687249
70210,Lab-based Course on Computer Graphics,3,73302,Computer Vision And Image Processing M,0.65586711
70210,Lab-based Course on Computer Graphics,4,93363,Advanced Programming,0.64108652
70210,Lab-based Course on Computer Graphics,5,69661,Image Processing And Computer Vision M,0.63334162
70210,Lab-based Course on Computer Graphics,6,69259,Computer Science,0.62646359
70210,Lab-based Course on Computer Graphics,7,95602,Programming and Computer Architectures,0.62557268
70210,Lab-based Course on Computer Graphics,8,37262,Computer Programming,0.62182464
70210,Lab-based Course on Computer Graphics,9,09730-A,Principles of Informatics,0.61514395
70210,Lab-based Course on Computer Graphics,10,57828,Informatics,0.61321480
70219,Object-Oriented Programming,1,95648,Software Design and Development,0.84851706
70219,Object-Oriented Programming,2,16870,Programming Laboratory,0.75528373
70219,Object-Oriented Programming,3,B8554,SISTEMI SOFTWARE A OGGETTI T,0.71793617
70219,Object-Oriented Programming,4,81612,Programming and Development paradigms,0.68146523
70219,Object-Oriented Programming,5,15305,Foundations of Informatics A,0.66594144
70219,Object-Oriented Programming,6,09730,Principles of Informatics,0.66495297
70219,Object-Oriented Programming,7,09032,Software Engineering,0.66268158
70219,Object-Oriented Programming,8,00819,Programming,0.64525111
70219,Object-Oriented Programming,9,28004,Foundations of Informatics T-1,0.64168131
70219,Object-Oriented Programming,10,37262,Computer Programming,0.63093545
70226,Network Programming,1,95644,Computer Networks and Network Programming,0.90517135
70226,Network Programming,2,95604,Operating Systems and Networks,0.75335164
70226,Network Programming,3,58423,Internet Architecture,0.70574530
70226,Network Programming,4,28024,Computer Networks T,0.70237533
70226,Network Programming,5,95782,Network Analysis,0.69904994
70226,Network Programming,6,93315,Computer Networks,0.68956889
70226,Network Programming,7,96995,Programmable Networking,0.67762151
70226,Network Programming,8,41731,Web-related Technologies,0.67177282
70226,Network Programming,9,75835,Web Technologies,0.66307444
70226,Network Programming,10,81683,Internet of Things,0.66227374
72671,Complements of Programming Languages,1,81612,Programming and Development paradigms,0.64416799
72671,Complements of Programming Languages,2,81609,"Languages, Compilers and Computational Models",0.64228737
72671,Complements of Programming Languages,3,72940,Computational Models And Languages M,0.63890615
72671,Complements of Programming Languages,4,95648,Software Design and Development,0.62815171
72671,Complements of Programming Languages,5,09730,Principles of Informatics,0.61469737
72671,Complements of Programming Languages,6,15305,Foundations of Informatics A,0.61351140
72671,Complements of Programming Languages,7,00819,Programming,0.60030134
72671,Complements of Programming Languages,8,28623,Foundations of Informatics and Laboratory,0.59872422
72671,Complements of Programming Languages,9,B0064,Introduction to Data Science and Computational Thinking,0.59774700
72671,Complements of Programming Languages,10,00819-B,Programming,0.58956502
72778,High-Performance Computing,1,58437,Parallel Calculus,0.87402174
72778,High-Performance Computing,2,91259,Architecture and Platforms for Artificial Intelligence,0.68409941
72778,High-Performance Computing,3,41169,Theoretical Computer Science,0.68118132
72778,High-Performance Computing,4,90749,Computing Education,0.67473019
72778,High-Performance Computing,5,11933,Theoretical Computer Science,0.67399202
72778,High-Performance Computing,6,B8562,SISTEMI CONCORRENTI E PARALLELI M,0.67388932
72778,High-Performance Computing,7,28012,Electronic Calculators T,0.66984893
72778,High-Performance Computing,8,B8105,Computational Management of Data,0.66795509
72778,High-Performance Computing,9,95602,Programming and Computer Architectures,0.66255539
72778,High-Performance Computing,10,08574,Operating Systems,0.65386466
72787,Mobile Application Programming,1,66860,Mobile Applications Laboratory,0.78071510
72787,Mobile Application Programming,2,78779,Mobile Systems M,0.68103562
72787,Mobile Application Programming,3,84401,Context-Aware Systems,0.66110056
72787,Mobile Application Programming,4,95605,Web and Mobile Systems,0.64795011
72787,Mobile Application Programming,5,94442,Design of Web Applications T,0.63549881
72787,Mobile Application Programming,6,B8019,PROGRAMMING THE INTERNET OF THINGS M,0.58530916
72787,Mobile Application Programming,7,81683,Internet of Things,0.57757558
72787,Mobile Application Programming,8,41731,Web-related Technologies,0.56772039
72787,Mobile Application Programming,9,81612,Programming and Development paradigms,0.56447060
72787,Mobile Application Programming,10,09032,Software Engineering,0.56218167
72796,Data Intensive Applications,1,B8105,Computational Management of Data,0.69761833
72796,Data Intensive Applications,2,11929-B,Algorithm and Data Structures,0.67566976
72796,Data Intensive Applications,3,B1703,Introduction to Programming,0.66351156
72796,Data Intensive Applications,4,B1873,Machine Learning for Humanities,0.65719123
72796,Data Intensive Applications,5,90147,Artificial intelligence,0.65605024
72796,Data Intensive Applications,6,85445,Information Modelling and Web Technologies,0.64424423
72796,Data Intensive Applications,7,B8396,Basic IT Skills,0.64356842
72796,Data Intensive Applications,8,B9254,Basic IT Skills,0.64315048
72796,Data Intensive Applications,9,75969,Basic Informatics,0.64309784
72796,Data Intensive Applications,10,96143,Methods and Models for Data Analytics M,0.64242921
72938,Foundations Of Artificial Intelligence T,1,90147,Artificial intelligence,0.76161758
72938,Foundations Of Artificial Intelligence T,2,98931,Fundamentals of Artificial Intelligence,0.74456463
72938,Foundations Of Artificial Intelligence T,3,91248,Fundamentals of Artificial Intelligence and Knowledge Representation,0.73442238
72938,Foundations Of Artificial Intelligence T,4,81940,Artificial Intelligence,0.73401999
72938,Foundations Of Artificial Intelligence T,5,B0069,Artificial Intelligence for Digital Innovation,0.72426082
72938,Foundations Of Artificial Intelligence T,6,93034,Foundations of Computer Science T,0.70634835
72938,Foundations Of Artificial Intelligence T,7,78778,Intelligent Systems M,0.67982924
72938,Foundations Of Artificial Intelligence T,8,93669,Intelligent Systems Engineering,0.66353220
72938,Foundations Of Artificial Intelligence T,9,91762,Combinatorial Decision Making and Optimization,0.66281326
72938,Foundations Of Artificial Intelligence T,10,B5727,Introduction to Languages for Artificial Intelligence,0.65161158
72939,Software Systems Engineering M,1,28021,Software Engineering T,0.69488538
72939,Software Systems Engineering M,2,09032,Software Engineering,0.66747955
72939,Software Systems Engineering M,3,B0009,Advanced Software Modelling and Design,0.64777949
72939,Software Systems Engineering M,4,66858,Software Engineering,0.63668775
72939,Software Systems Engineering M,5,90106,Software Engineering,0.62788300
72939,Software Systems Engineering M,6,B0832,Administration of Systems T,0.62293318
72939,Software Systems Engineering M,7,B0011,Software Process Engineering,0.62179707
72939,Software Systems Engineering M,8,B1874,Project Management and Software Engineering for Cultural Heritage,0.61256593
72939,Software Systems Engineering M,9,95627,Software Engineering,0.60677670
72939,Software Systems Engineering M,10,28652,IT Systems T-1,0.59091711
72940,Computational Models And Languages M,1,09730,Principles of Informatics,0.73144708
72940,Computational Models And Languages M,2,91258-A,Natural Language Processing,0.73144690
72940,Computational Models And Languages M,3,15305,Foundations of Informatics A,0.73071350
72940,Computational Models And Languages M,4,28623,Foundations of Informatics and Laboratory,0.72675274
72940,Computational Models And Languages M,5,B2696,"Language, Technology, Research I: Computational Thinking",0.72208739
72940,Computational Models And Languages M,6,37262,Computer Programming,0.71342365
72940,Computational Models And Languages M,7,81609,"Languages, Compilers and Computational Models",0.71030822
72940,Computational Models And Languages M,8,29227,Foundations of Informatics T,0.70800108
72940,Computational Models And Languages M,9,B5727,Introduction to Languages for Artificial Intelligence,0.70232300
72940,Computational Models And Languages M,10,00819-A,Programming,0.70098273
72942,Information Security M,1,93467,Cryptography,0.77200406
72942,Information Security M,2,88325,Computer and Network Security Lab T,0.76440989
72942,Information Security M,3,93466,FONDAMENTI DI CYBERSECURITY,0.75822417
72942,Information Security M,4,93470,Cybersecurity,0.75191997
72942,Information Security M,5,91161,"Networks, Security And Data Bases",0.71798897
72942,Information Security M,6,B5793,Cybersecurity M,0.71082139
72942,Information Security M,7,93470-A,Cybersecurity,0.70920343
72942,Information Security M,8,88324,System Administration T,0.68927218
72942,Information Security M,9,B0833,Computer Security Laboratory T,0.68065613
72942,Information Security M,10,B5812,Cybersecurity Governance,0.67783928
72945,Real-Time Systems M,1,85728,Real Time OS M,0.69089783
72945,Real-Time Systems M,2,B0009,Advanced Software Modelling and Design,0.60748877
72945,Real-Time Systems M,3,28024,Computer Networks T,0.60689681
72945,Real-Time Systems M,4,37760,Systems Simulation,0.60521840
72945,Real-Time Systems M,5,73025,Distributed Systems M,0.60307185
72945,Real-Time Systems M,6,08574-A,Operating Systems,0.58373261
72945,Real-Time Systems M,7,28652,IT Systems T-1,0.57670065
72945,Real-Time Systems M,8,88324,System Administration T,0.56967845
72945,Real-Time Systems M,9,09032,Software Engineering,0.56858873
72945,Real-Time Systems M,10,95627,Software Engineering,0.56671607
73025,Distributed Systems M,1,28024,Computer Networks T,0.70824219
73025,Distributed Systems M,2,78779,Mobile Systems M,0.70791659
73025,Distributed Systems M,3,28652,IT Systems T-1,0.69803216
73025,Distributed Systems M,4,17628,Concurrent and Distributed Programming,0.69498930
73025,Distributed Systems M,5,94442,Design of Web Applications T,0.68646053
73025,Distributed Systems M,6,09032,Software Engineering,0.68567164
73025,Distributed Systems M,7,08574-B,Operating Systems,0.68054236
73025,Distributed Systems M,8,88324,System Administration T,0.67981747
73025,Distributed Systems M,9,93468,Distributed Software Systems,0.67464109
73025,Distributed Systems M,10,95627,Software Engineering,0.67189157
73149,Logic for Informatics,1,66857,Logic for Computer Science,0.88355847
73149,Logic for Informatics,2,11933,Theoretical Computer Science,0.69490516
73149,Logic for Informatics,3,81609,"Languages, Compilers and Computational Models",0.67313191
73149,Logic for Informatics,4,98931,Fundamentals of Artificial Intelligence,0.67289555
73149,Logic for Informatics,5,72940,Computational Models And Languages M,0.67226444
73149,Logic for Informatics,6,96346,INFORMATICA,0.66900721
73149,Logic for Informatics,7,09730,Principles of Informatics,0.66732151
73149,Logic for Informatics,8,41169,Theoretical Computer Science,0.66616819
73149,Logic for Informatics,9,91248,Fundamentals of Artificial Intelligence and Knowledge Representation,0.66470603
73149,Logic for Informatics,10,B2696,"Language, Technology, Research I: Computational Thinking",0.66439269
73273,Informatic Tecnologies for Fashion,1,78510,Informatics,0.70487484
73273,Informatic Tecnologies for Fashion,2,75969,Basic Informatics,0.70181640
73273,Informatic Tecnologies for Fashion,3,B4826,Informatics for the Humanities,0.69609847
73273,Informatic Tecnologies for Fashion,4,B8929,Computer Studies and Human Sciences,0.67819356
73273,Informatic Tecnologies for Fashion,5,B5293,Computer Studies and Humanities,0.67729845
73273,Informatic Tecnologies for Fashion,6,57828,Informatics,0.67500534
73273,Informatic Tecnologies for Fashion,7,B8019,PROGRAMMING THE INTERNET OF THINGS M,0.67384413
73273,Informatic Tecnologies for Fashion,8,B4925,IMMERSIVE TECHNOLOGIES FOR FASHION,0.67123595
73273,Informatic Tecnologies for Fashion,9,90864,Elements of Computer Technologies for Fashion E-Commerce,0.67015058
73273,Informatic Tecnologies for Fashion,10,81934,HUMAN COMPUTER INTERACTION,0.66954395
73302,Computer Vision And Image Processing M,1,69661,Image Processing And Computer Vision M,0.90086413
73302,Computer Vision And Image Processing M,2,91254,Image Processing and Computer Vision,0.78155684
73302,Computer Vision And Image Processing M,3,17634,Computer Vision,0.74563139
73302,Computer Vision And Image Processing M,4,93478,COMPUTER VISION,0.74552777
73302,Computer Vision And Image Processing M,5,91266,Machine Learning for Computer Vision,0.66572878
73302,Computer Vision And Image Processing M,6,70210,Lab-based Course on Computer Graphics,0.65586711
73302,Computer Vision And Image Processing M,7,69259,Computer Science,0.60171769
73302,Computer Vision And Image Processing M,8,97466,Digital represention of the Landscape Project,0.59623972
73302,Computer Vision And Image Processing M,9,09730-A,Principles of Informatics,0.59046163
73302,Computer Vision And Image Processing M,10,09730,Principles of Informatics,0.58464311
73435,Project Management,1,B1874,Project Management and Software Engineering for Cultural Heritage,0.63390295
73435,Project Management,2,95627,Software Engineering,0.60599832
73435,Project Management,3,95632,Laboratory on Digital Transformation Technologies,0.58611305
73435,Project Management,4,B0011,Software Process Engineering,0.58213822
73435,Project Management,5,28021,Software Engineering T,0.57796982
73435,Project Management,6,81612,Programming and Development paradigms,0.57562359
73435,Project Management,7,09032,Software Engineering,0.57390327
73435,Project Management,8,B5665,Real Time Systems and Programming for Automation M,0.56722788
73435,Project Management,9,09679,Data Base Sistems,0.56496300
73435,Project Management,10,81934,HUMAN COMPUTER INTERACTION,0.56332818
75198,Health Information Processing Systems,1,82202,Informatic,0.68224124
75198,Health Information Processing Systems,2,96793,Information Systems and Database Management,0.64828415
75198,Health Information Processing Systems,3,20741,Information Processing Systems,0.64282872
75198,Health Information Processing Systems,4,B8018,DIGITAL HEALTH M,0.63630718
75198,Health Information Processing Systems,5,70155,Data Bases,0.62156507
75198,Health Information Processing Systems,6,82202-A,Informatic,0.61155899
75198,Health Information Processing Systems,7,39176,Basic and Laboratory Informatics,0.60648381
75198,Health Information Processing Systems,8,77933,Multimedia Data Management M,0.60219065
75198,Health Information Processing Systems,9,57828,Informatics,0.59810939
75198,Health Information Processing Systems,10,40720,Data Mining,0.59347222
75835,Web Technologies,1,41731,Web-related Technologies,0.98857799
75835,Web Technologies,2,88566,Web Technology,0.83747460
75835,Web Technologies,3,95605,Web and Mobile Systems,0.83735419
75835,Web Technologies,4,95645,Foundations of Web Systems,0.78673733
75835,Web Technologies,5,94442,Design of Web Applications T,0.77394382
75835,Web Technologies,6,41731-A,Web-related Technologies,0.74292216
75835,Web Technologies,7,85445,Information Modelling and Web Technologies,0.72363765
75835,Web Technologies,8,28659,Web Technologies T,0.71938714
75835,Web Technologies,9,69867,Web Services and Applications,0.71518102
75835,Web Technologies,10,47240,Web Systems Engineering,0.70526146
75969,Basic Informatics,1,B8105,Computational Management of Data,0.75231034
75969,Basic Informatics,2,B4826,Informatics for the Humanities,0.74544830
75969,Basic Informatics,3,90749,Computing Education,0.73323378
75969,Basic Informatics,4,B8396,Basic IT Skills,0.73107906
75969,Basic Informatics,5,88566,Web Technology,0.71959746
75969,Basic Informatics,6,85445,Information Modelling and Web Technologies,0.71441839
75969,Basic Informatics,7,B1703,Introduction to Programming,0.71406686
75969,Basic Informatics,8,91685,History of Informatics and Computing Systems,0.71096981
75969,Basic Informatics,9,B0063,Programming Laboratory,0.70999804
75969,Basic Informatics,10,93363,Advanced Programming,0.70999612
76011,Multimedia Technologies in Archaelogy,1,98618,"""Document Digitization Techniques """,0.68001789
76011,Multimedia Technologies in Archaelogy,2,48693-A,Computer Science for Cultural Heritage,0.66883718
76011,Multimedia Technologies in Archaelogy,3,B5059,Interaction Media Design,0.65259395
76011,Multimedia Technologies in Archaelogy,4,48693,Computer Science for Cultural Heritage,0.65195596
76011,Multimedia Technologies in Archaelogy,5,97466,Digital represention of the Landscape Project,0.62228078
76011,Multimedia Technologies in Archaelogy,6,B5079,Digital Humanities and Data Management for Cultural Heritage,0.60724231
76011,Multimedia Technologies in Archaelogy,7,09032,Software Engineering,0.59406318
76011,Multimedia Technologies in Archaelogy,8,B1874,Project Management and Software Engineering for Cultural Heritage,0.58829875
76011,Multimedia Technologies in Archaelogy,9,28652,IT Systems T-1,0.58762683
76011,Multimedia Technologies in Archaelogy,10,B1873,Machine Learning for Humanities,0.58523193
77780,Embedded Systems Programming and Internet of Things,1,96859,Embedded Systems and Internet of Things,0.94715519
77780,Embedded Systems Programming and Internet of Things,2,09032,Software Engineering,0.68842520
77780,Embedded Systems Programming and Internet of Things,3,81683,Internet of Things,0.67493111
77780,Embedded Systems Programming and Internet of Things,4,99195,Cyber-Physical Systems Programming M,0.66030936
77780,Embedded Systems Programming and Internet of Things,5,B8019,PROGRAMMING THE INTERNET OF THINGS M,0.65138705
77780,Embedded Systems Programming and Internet of Things,6,81612,Programming and Development paradigms,0.64759967
77780,Embedded Systems Programming and Internet of Things,7,81678,Laboratory of Making,0.64606687
77780,Embedded Systems Programming and Internet of Things,8,08574-A,Operating Systems,0.64602426
77780,Embedded Systems Programming and Internet of Things,9,69731,Computer Architecture,0.64081188
77780,Embedded Systems Programming and Internet of Things,10,08574-B,Operating Systems,0.64000045
77933,Multimedia Data Management M,1,78096,Multimedia Data Management M,0.95526391
77933,Multimedia Data Management M,2,91269,Multimedia Data Management,0.94888171
77933,Multimedia Data Management M,3,40720,Data Mining,0.69447825
77933,Multimedia Data Management M,4,70155,Data Bases,0.67549590
77933,Multimedia Data Management M,5,B2125,Machine Learning and Data Mining M,0.66510578
77933,Multimedia Data Management M,6,96793,Information Systems and Database Management,0.66294514
77933,Multimedia Data Management M,7,81932,Big Data,0.65913065
77933,Multimedia Data Management M,8,95631-A,Machine Learning and Data Mining,0.65395999
77933,Multimedia Data Management M,9,95631,Machine Learning and Data Mining,0.65239705
77933,Multimedia Data Management M,10,79194,Databases,0.64925974
78096,Multimedia Data Management M,1,91269,Multimedia Data Management,0.99361780
78096,Multimedia Data Management M,2,77933,Multimedia Data Management M,0.95526391
78096,Multimedia Data Management M,3,28652,IT Systems T-1,0.64954579
78096,Multimedia Data Management M,4,40720,Data Mining,0.63218415
78096,Multimedia Data Management M,5,73025,Distributed Systems M,0.63170122
78096,Multimedia Data Management M,6,96793,Information Systems and Database Management,0.61558367
78096,Multimedia Data Management M,7,96143,Methods and Models for Data Analytics M,0.60593123
78096,Multimedia Data Management M,8,79194,Databases,0.60281034
78096,Multimedia Data Management M,9,70155,Data Bases,0.60174089
78096,Multimedia Data Management M,10,81932,Big Data,0.59714587
78510,Informatics,1,B4826,Informatics for the Humanities,0.75837913
78510,Informatics,2,57828,Informatics,0.75031243
78510,Informatics,3,82202,Informatic,0.73369552
78510,Informatics,4,90749,Computing Education,0.73309977
78510,Informatics,5,09730,Principles of Informatics,0.72920068
78510,Informatics,6,15305,Foundations of Informatics A,0.72536346
78510,Informatics,7,91685,History of Informatics and Computing Systems,0.70825525
78510,Informatics,8,73273,Informatic Tecnologies for Fashion,0.70487484
78510,Informatics,9,29227,Foundations of Informatics T,0.69909060
78510,Informatics,10,09730-A,Principles of Informatics,0.69806263
78778,Intelligent Systems M,1,98931,Fundamentals of Artificial Intelligence,0.80636005
78778,Intelligent Systems M,2,91248,Fundamentals of Artificial Intelligence and Knowledge Representation,0.79525359
78778,Intelligent Systems M,3,81940,Artificial Intelligence,0.77822625
78778,Intelligent Systems M,4,B5727,Introduction to Languages for Artificial Intelligence,0.74317689
78778,Intelligent Systems M,5,B0069,Artificial Intelligence for Digital Innovation,0.74017650
78778,Intelligent Systems M,6,92858,Autonomous and Adaptive Systems M,0.73474780
78778,Intelligent Systems M,7,93669,Intelligent Systems Engineering,0.71688957
78778,Intelligent Systems M,8,90147,Artificial intelligence,0.70864716
78778,Intelligent Systems M,9,91762,Combinatorial Decision Making and Optimization,0.70637321
78778,Intelligent Systems M,10,91411,Intelligent Robotic Systems,0.70365940
78779,Mobile Systems M,1,73025,Distributed Systems M,0.70791659
78779,Mobile Systems M,2,84401,Context-Aware Systems,0.70217314
78779,Mobile Systems M,3,81683,Internet of Things,0.68993750
78779,Mobile Systems M,4,72787,Mobile Application Programming,0.68103562
78779,Mobile Systems M,5,28024,Computer Networks T,0.66844027
78779,Mobile Systems M,6,95604,Operating Systems and Networks,0.65512356
78779,Mobile Systems M,7,B8019,PROGRAMMING THE INTERNET OF THINGS M,0.65217682
78779,Mobile Systems M,8,84531,Infrastructures For Cloud Computing and Big Data M,0.63838923
78779,Mobile Systems M,9,94442,Design of Web Applications T,0.63382666
78779,Mobile Systems M,10,95644,Computer Networks and Network Programming,0.62954967
78810,Real Time Systems for Automation M,1,B5665,Real Time Systems and Programming for Automation M,0.96597592
78810,Real Time Systems for Automation M,2,88155,Industrial Informatics P,0.67435857
78810,Real Time Systems for Automation M,3,B8105,Computational Management of Data,0.64820810
78810,Real Time Systems for Automation M,4,85728,Real Time OS M,0.63884051
78810,Real Time Systems for Automation M,5,B1703,Introduction to Programming,0.63035005
78810,Real Time Systems for Automation M,6,B8554,SISTEMI SOFTWARE A OGGETTI T,0.61730015
78810,Real Time Systems for Automation M,7,89988,Elements of Informatics,0.61210890
78810,Real Time Systems for Automation M,8,B5727,Introduction to Languages for Artificial Intelligence,0.61139239
78810,Real Time Systems for Automation M,9,11929-B,Algorithm and Data Structures,0.61061495
78810,Real Time Systems for Automation M,10,84401,Context-Aware Systems,0.60593425
79194,Databases,1,96793,Information Systems and Database Management,0.88150604
79194,Databases,2,10906,Databases,0.85707403
79194,Databases,3,95611,Database Systems,0.84670401
79194,Databases,4,70155,Data Bases,0.84591220
79194,Databases,5,28796,Elements of Databases,0.76691946
79194,Databases,6,84339,Advanced Database Systems,0.74832744
79194,Databases,7,90107,BASI DI DATI,0.70505362
79194,Databases,8,B8159,INFORMATICA,0.70272395
79194,Databases,9,81932,Big Data,0.69218727
79194,Databases,10,10906-A,Databases,0.68667047
81609,"Languages, Compilers and Computational Models",1,11933,Theoretical Computer Science,0.71381124
81609,"Languages, Compilers and Computational Models",2,B5727,Introduction to Languages for Artificial Intelligence,0.71054325
81609,"Languages, Compilers and Computational Models",3,72940,Computational Models And Languages M,0.71030822
81609,"Languages, Compilers and Computational Models",4,09730-A,Principles of Informatics,0.69162687
81609,"Languages, Compilers and Computational Models",5,66857,Logic for Computer Science,0.69074096
81609,"Languages, Compilers and Computational Models",6,09730,Principles of Informatics,0.68414212
81609,"Languages, Compilers and Computational Models",7,15305,Foundations of Informatics A,0.68217627
81609,"Languages, Compilers and Computational Models",8,00819,Programming,0.68192444
81609,"Languages, Compilers and Computational Models",9,00819-B,Programming,0.68172674
81609,"Languages, Compilers and Computational Models",10,41169,Theoretical Computer Science,0.67606760
81610,Machine Learning,1,88202,Machine Learning,1.00000000
81610,Machine Learning,2,91250-B,Deep Learning,0.80033206
81610,Machine Learning,3,91250-A,Deep Learning,0.74055299
81610,Machine Learning,4,95965,Artificial Intelligence and Machine Learning for Business,0.70298795
81610,Machine Learning,5,91250,DEEP LEARNING,0.69540961
81610,Machine Learning,6,B0069,Artificial Intelligence for Digital Innovation,0.67796810
81610,Machine Learning,7,95631-A,Machine Learning and Data Mining,0.67341543
81610,Machine Learning,8,90477,Machine Learning Systems For Data Science,0.66129288
81610,Machine Learning,9,81940,Artificial Intelligence,0.65991268
81610,Machine Learning,10,93319,INTRODUZIONE ALL'APPRENDIMENTO AUTOMATICO,0.64987533
81612,Programming and Development paradigms,1,09032,Software Engineering,0.74740156
81612,Programming and Development paradigms,2,90106,Software Engineering,0.73960962
81612,Programming and Development paradigms,3,B0011,Software Process Engineering,0.73009079
81612,Programming and Development paradigms,4,95648,Software Design and Development,0.72484871
81612,Programming and Development paradigms,5,28623,Foundations of Informatics and Laboratory,0.72338931
81612,Programming and Development paradigms,6,66858,Software Engineering,0.72200890
81612,Programming and Development paradigms,7,95627,Software Engineering,0.72150164
81612,Programming and Development paradigms,8,15305,Foundations of Informatics A,0.71194569
81612,Programming and Development paradigms,9,09730,Principles of Informatics,0.71095077
81612,Programming and Development paradigms,10,B8905,Foundations of Programming,0.69822416
81672,Emerging Programming Paradigms,1,95648,Software Design and Development,0.63325315
81672,Emerging Programming Paradigms,2,00819-A,Programming,0.62221299
81672,Emerging Programming Paradigms,3,72940,Computational Models And Languages M,0.62112696
81672,Emerging Programming Paradigms,4,81612,Programming and Development paradigms,0.59985778
81672,Emerging Programming Paradigms,5,00819,Programming,0.59926766
81672,Emerging Programming Paradigms,6,70219,Object-Oriented Programming,0.59836653
81672,Emerging Programming Paradigms,7,28623,Foundations of Informatics and Laboratory,0.59071423
81672,Emerging Programming Paradigms,8,B8554,SISTEMI SOFTWARE A OGGETTI T,0.58775540
81672,Emerging Programming Paradigms,9,28004,Foundations of Informatics T-1,0.58506160
81672,Emerging Programming Paradigms,10,09730,Principles of Informatics,0.58185612
81676,Digital Forensic,1,98618,"""Document Digitization Techniques """,0.57726443
81676,Digital Forensic,2,57828,Informatics,0.56421192
81676,Digital Forensic,3,93379,Digital Culture,0.55941653
81676,Digital Forensic,4,72942,Information Security M,0.55940909
81676,Digital Forensic,5,B4826,Informatics for the Humanities,0.54206749
81676,Digital Forensic,6,B5793,Cybersecurity M,0.54185301
81676,Digital Forensic,7,78510,Informatics,0.53013515
81676,Digital Forensic,8,88325,Computer and Network Security Lab T,0.52681459
81676,Digital Forensic,9,93467,Cryptography,0.52386628
81676,Digital Forensic,10,93466,FONDAMENTI DI CYBERSECURITY,0.52141601
81678,Laboratory of Making,1,B5722,Embedded Sensors,0.66753621
81678,Laboratory of Making,2,89988,Elements of Informatics,0.65623588
81678,Laboratory of Making,3,28011,Logic Design T,0.65026170
81678,Laboratory of Making,4,77780,Embedded Systems Programming and Internet of Things,0.64606687
81678,Laboratory of Making,5,96859,Embedded Systems and Internet of Things,0.64173911
81678,Laboratory of Making,6,90749,Computing Education,0.62624101
81678,Laboratory of Making,7,88155,Industrial Informatics P,0.62300383
81678,Laboratory of Making,8,B8019,PROGRAMMING THE INTERNET OF THINGS M,0.61916277
81678,Laboratory of Making,9,B1703,Introduction to Programming,0.61773278
81678,Laboratory of Making,10,96007,Foundations of Computer Architecture and Operating Systems,0.61235477
81683,Internet of Things,1,B8019,PROGRAMMING THE INTERNET OF THINGS M,0.79562751
81683,Internet of Things,2,93653,Iot And Big Data For Smart Agricultural Systems,0.72253783
81683,Internet of Things,3,96859,Embedded Systems and Internet of Things,0.71773111
81683,Internet of Things,4,57828,Informatics,0.69273744
81683,Internet of Things,5,78779,Mobile Systems M,0.68993750
81683,Internet of Things,6,41731,Web-related Technologies,0.67624805
81683,Internet of Things,7,95604,Operating Systems and Networks,0.67565819
81683,Internet of Things,8,77780,Embedded Systems Programming and Internet of Things,0.67493111
81683,Internet of Things,9,95644,Computer Networks and Network Programming,0.67025772
81683,Internet of Things,10,75835,Web Technologies,0.66550111
81917,Interaction Multimedia Services,1,95627,Software Engineering,0.70208959
81917,Interaction Multimedia Services,2,09032,Software Engineering,0.68244083
81917,Interaction Multimedia Services,3,73025,Distributed Systems M,0.65923480
81917,Interaction Multimedia Services,4,28652,IT Systems T-1,0.64116717
81917,Interaction Multimedia Services,5,B0832,Administration of Systems T,0.63794085
81917,Interaction Multimedia Services,6,B0009,Advanced Software Modelling and Design,0.63414475
81917,Interaction Multimedia Services,7,97466,Digital represention of the Landscape Project,0.63114236
81917,Interaction Multimedia Services,8,81934,HUMAN COMPUTER INTERACTION,0.63080106
81917,Interaction Multimedia Services,9,41731,Web-related Technologies,0.62724548
81917,Interaction Multimedia Services,10,28024,Computer Networks T,0.62229980
81932,Big Data,1,95630,Big Data and Cloud Platforms,0.78244499
81932,Big Data,2,70155,Data Bases,0.76635664
81932,Big Data,3,B2133,Big Data Analytics and Text Mining,0.74550958
81932,Big Data,4,84530,Database and Big Data Technologies M,0.73417158
81932,Big Data,5,93653,Iot And Big Data For Smart Agricultural Systems,0.73200276
81932,Big Data,6,95631,Machine Learning and Data Mining,0.71726433
81932,Big Data,7,11929-B,Algorithm and Data Structures,0.71471067
81932,Big Data,8,B2125,Machine Learning and Data Mining M,0.71384123
81932,Big Data,9,B8105,Computational Management of Data,0.71302169
81932,Big Data,10,96793,Information Systems and Database Management,0.70463875
81934,HUMAN COMPUTER INTERACTION,1,85573,Usability and User Experience,0.71491849
81934,HUMAN COMPUTER INTERACTION,2,90720,Usability & User Experience Design,0.71195545
81934,HUMAN COMPUTER INTERACTION,3,91264,User Experience Design,0.70781366
81934,HUMAN COMPUTER INTERACTION,4,90749,Computing Education,0.70042456
81934,HUMAN COMPUTER INTERACTION,5,B0063,Programming Laboratory,0.69775142
81934,HUMAN COMPUTER INTERACTION,6,75969,Basic Informatics,0.68650305
81934,HUMAN COMPUTER INTERACTION,7,88566,Web Technology,0.67414562
81934,HUMAN COMPUTER INTERACTION,8,B8396,Basic IT Skills,0.67043557
81934,HUMAN COMPUTER INTERACTION,9,09032,Software Engineering,0.66957148
81934,HUMAN COMPUTER INTERACTION,10,73273,Informatic Tecnologies for Fashion,0.66954395
81940,Artificial Intelligence,1,B0069,Artificial Intelligence for Digital Innovation,0.79328814
81940,Artificial Intelligence,2,98931,Fundamentals of Artificial Intelligence,0.79293279
81940,Artificial Intelligence,3,91248,Fundamentals of Artificial Intelligence and Knowledge Representation,0.78126824
81940,Artificial Intelligence,4,78778,Intelligent Systems M,0.77822625
81940,Artificial Intelligence,5,90147,Artificial intelligence,0.77664205
81940,Artificial Intelligence,6,72938,Foundations Of Artificial Intelligence T,0.73401999
81940,Artificial Intelligence,7,93669,Intelligent Systems Engineering,0.73207825
81940,Artificial Intelligence,8,B5727,Introduction to Languages for Artificial Intelligence,0.73197489
81940,Artificial Intelligence,9,91250-A,Deep Learning,0.71299366
81940,Artificial Intelligence,10,09730,Principles of Informatics,0.70934785
81942,Scalable and Cloud Programming,1,84531,Infrastructures For Cloud Computing and Big Data M,0.68024939
81942,Scalable and Cloud Programming,2,95630,Big Data and Cloud Platforms,0.66970337
81942,Scalable and Cloud Programming,3,17628,Concurrent and Distributed Programming,0.66626247
81942,Scalable and Cloud Programming,4,B8562,SISTEMI CONCORRENTI E PARALLELI M,0.65561291
81942,Scalable and Cloud Programming,5,28024,Computer Networks T,0.63782252
81942,Scalable and Cloud Programming,6,73025,Distributed Systems M,0.62640912
81942,Scalable and Cloud Programming,7,95627,Software Engineering,0.62524102
81942,Scalable and Cloud Programming,8,B5474,ARCHITETTURE SOFTWARE A MICROSERVIZI,0.62410099
81942,Scalable and Cloud Programming,9,94442,Design of Web Applications T,0.61332099
81942,Scalable and Cloud Programming,10,81932,Big Data,0.60827427
82202-A,Informatic,1,39176,Basic and Laboratory Informatics,0.96776639
82202-A,Informatic,2,57828,Informatics,0.77048220
82202-A,Informatic,3,82202,Informatic,0.76924719
82202-A,Informatic,4,B4826,Informatics for the Humanities,0.73176934
82202-A,Informatic,5,75969,Basic Informatics,0.67418941
82202-A,Informatic,6,20741,Information Processing Systems,0.67361951
82202-A,Informatic,7,90730,Social Network Analysis,0.67331986
82202-A,Informatic,8,07276-C,Computer Science,0.67292251
82202-A,Informatic,9,28106,Computer Science for Environmental Sciences,0.66847158
82202-A,Informatic,10,96793,Information Systems and Database Management,0.66729223
82202,Informatic,1,57828,Informatics,0.78584684
82202,Informatic,2,07276-C,Computer Science,0.77273857
82202,Informatic,3,82202-A,Informatic,0.76924719
82202,Informatic,4,39176,Basic and Laboratory Informatics,0.73701357
82202,Informatic,5,78510,Informatics,0.73369552
82202,Informatic,6,B4826,Informatics for the Humanities,0.72204830
82202,Informatic,7,28106,Computer Science for Environmental Sciences,0.69306935
82202,Informatic,8,28652,IT Systems T-1,0.68713339
82202,Informatic,9,75198,Health Information Processing Systems,0.68224124
82202,Informatic,10,70155,Data Bases,0.66149400
84339,Advanced Database Systems,1,95611,Database Systems,0.78349256
84339,Advanced Database Systems,2,96793,Information Systems and Database Management,0.78101704
84339,Advanced Database Systems,3,10906,Databases,0.76965740
84339,Advanced Database Systems,4,70155,Data Bases,0.76930354
84339,Advanced Database Systems,5,79194,Databases,0.74832744
84339,Advanced Database Systems,6,28652,IT Systems T-1,0.69428684
84339,Advanced Database Systems,7,10906-A,Databases,0.68468771
84339,Advanced Database Systems,8,28027,Information Systems T,0.68351524
84339,Advanced Database Systems,9,28796,Elements of Databases,0.68108478
84339,Advanced Database Systems,10,90107,BASI DI DATI,0.67775704
84401,Context-Aware Systems,1,78779,Mobile Systems M,0.70217314
84401,Context-Aware Systems,2,57828,Informatics,0.67581264
84401,Context-Aware Systems,3,95605,Web and Mobile Systems,0.66943702
84401,Context-Aware Systems,4,81932,Big Data,0.66884924
84401,Context-Aware Systems,5,81683,Internet of Things,0.66455708
84401,Context-Aware Systems,6,72787,Mobile Application Programming,0.66110056
84401,Context-Aware Systems,7,41731,Web-related Technologies,0.65991284
84401,Context-Aware Systems,8,B8019,PROGRAMMING THE INTERNET OF THINGS M,0.65991192
84401,Context-Aware Systems,9,28024,Computer Networks T,0.65889083
84401,Context-Aware Systems,10,94442,Design of Web Applications T,0.65115339
84530,Database and Big Data Technologies M,1,28027,Information Systems T,0.74666321
84530,Database and Big Data Technologies M,2,10906-A,Databases,0.74440071
84530,Database and Big Data Technologies M,3,96142,Business Intelligence and Big Data M,0.73501491
84530,Database and Big Data Technologies M,4,81932,Big Data,0.73417158
84530,Database and Big Data Technologies M,5,70155,Data Bases,0.69550077
84530,Database and Big Data Technologies M,6,28652,IT Systems T-1,0.68061912
84530,Database and Big Data Technologies M,7,96143,Methods and Models for Data Analytics M,0.67338365
84530,Database and Big Data Technologies M,8,79194,Databases,0.66164961
84530,Database and Big Data Technologies M,9,95611,Database Systems,0.65737971
84530,Database and Big Data Technologies M,10,10906,Databases,0.65631966
84531,Infrastructures For Cloud Computing and Big Data M,1,28024,Computer Networks T,0.73128626
84531,Infrastructures For Cloud Computing and Big Data M,2,87474,Distributed Systems,0.70932774
84531,Infrastructures For Cloud Computing and Big Data M,3,95630,Big Data and Cloud Platforms,0.69717952
84531,Infrastructures For Cloud Computing and Big Data M,4,93468,Distributed Software Systems,0.68329243
84531,Infrastructures For Cloud Computing and Big Data M,5,81942,Scalable and Cloud Programming,0.68024939
84531,Infrastructures For Cloud Computing and Big Data M,6,81932,Big Data,0.67951952
84531,Infrastructures For Cloud Computing and Big Data M,7,57828,Informatics,0.66568533
84531,Infrastructures For Cloud Computing and Big Data M,8,37085,"Principles, Models and Applications for Distributed Systems M",0.66476398
84531,Infrastructures For Cloud Computing and Big Data M,9,73025,Distributed Systems M,0.66048974
84531,Infrastructures For Cloud Computing and Big Data M,10,96995,Programmable Networking,0.65440912
85189,Systems and Algorithms for Data Science,1,90477,Machine Learning Systems For Data Science,0.97157714
85189,Systems and Algorithms for Data Science,2,96346,INFORMATICA,0.73070160
85189,Systems and Algorithms for Data Science,3,41588,INTRODUZIONE ALL'ANALISI DEI DATI,0.72688608
85189,Systems and Algorithms for Data Science,4,89988,Elements of Informatics,0.71246061
85189,Systems and Algorithms for Data Science,5,B5727,Introduction to Languages for Artificial Intelligence,0.70302590
85189,Systems and Algorithms for Data Science,6,98931,Fundamentals of Artificial Intelligence,0.70221468
85189,Systems and Algorithms for Data Science,7,91259,Architecture and Platforms for Artificial Intelligence,0.69837665
85189,Systems and Algorithms for Data Science,8,B5782,Algorithms and Data Structures for Computational Biology,0.69550808
85189,Systems and Algorithms for Data Science,9,11929-B,Algorithm and Data Structures,0.69507355
85189,Systems and Algorithms for Data Science,10,91248,Fundamentals of Artificial Intelligence and Knowledge Representation,0.69173746
85285,Programming,1,93333,Programming Lab,0.75403724
85285,Programming,2,96346,INFORMATICA,0.74164255
85285,Programming,3,37262,Computer Programming,0.72905376
85285,Programming,4,95602,Programming and Computer Architectures,0.72019719
85285,Programming,5,07276-A,Computer Science,0.71905225
85285,Programming,6,B0063,Programming Laboratory,0.71222159
85285,Programming,7,09730,Principles of Informatics,0.69913071
85285,Programming,8,15305,Foundations of Informatics A,0.69553005
85285,Programming,9,65094,ADVANCED PROGRAMMING,0.69139771
85285,Programming,10,B8905,Foundations of Programming,0.68866574
85301,Algorithms and Data Structures in Biology,1,B5782,Algorithms and Data Structures for Computational Biology,0.83546787
85301,Algorithms and Data Structures in Biology,2,11929-B,Algorithm and Data Structures,0.73723840
85301,Algorithms and Data Structures in Biology,3,11929-A,Algorithms and Data Structures,0.71101443
85301,Algorithms and Data Structures in Biology,4,37635,Data Structure and Algorithms,0.70883776
85301,Algorithms and Data Structures in Biology,5,16692,Laboratory of Informatics,0.69074041
85301,Algorithms and Data Structures in Biology,6,11929,Algorithms and Data Structures,0.68742451
85301,Algorithms and Data Structures in Biology,7,B4913,ALGORITMI E STRUTTURE DATI,0.68576125
85301,Algorithms and Data Structures in Biology,8,09730-A,Principles of Informatics,0.66791482
85301,Algorithms and Data Structures in Biology,9,09730,Principles of Informatics,0.65414409
85301,Algorithms and Data Structures in Biology,10,15305,Foundations of Informatics A,0.64943295
85445,Information Modelling and Web Technologies,1,88566,Web Technology,0.85969372
85445,Information Modelling and Web Technologies,2,41731,Web-related Technologies,0.73567755
85445,Information Modelling and Web Technologies,3,75835,Web Technologies,0.72363765
85445,Information Modelling and Web Technologies,4,95645,Foundations of Web Systems,0.71477140
85445,Information Modelling and Web Technologies,5,75969,Basic Informatics,0.71441839
85445,Information Modelling and Web Technologies,6,B0073,ELABORAZIONE DI TESTI E GESTIONE DOCUMENTALE,0.70880307
85445,Information Modelling and Web Technologies,7,B8396,Basic IT Skills,0.70375410
85445,Information Modelling and Web Technologies,8,95605,Web and Mobile Systems,0.70359701
85445,Information Modelling and Web Technologies,9,B8105,Computational Management of Data,0.70330053
85445,Information Modelling and Web Technologies,10,11929-B,Algorithm and Data Structures,0.67641837
85446,Knowledge Representation and Extraction,1,42500,Semantic Web,0.72053027
85446,Knowledge Representation and Extraction,2,91265,Knowledge Engineering,0.71834607
85446,Knowledge Representation and Extraction,3,B0070,METODOLOGIE E TECNICHE DI SIMULAZIONE,0.70406900
85446,Knowledge Representation and Extraction,4,91250,DEEP LEARNING,0.69277046
85446,Knowledge Representation and Extraction,5,B5292,Knowledge Engeneering for the Humanities,0.68483539
85446,Knowledge Representation and Extraction,6,90147,Artificial intelligence,0.68230658
85446,Knowledge Representation and Extraction,7,91250-A,Deep Learning,0.66928391
85446,Knowledge Representation and Extraction,8,B1873,Machine Learning for Humanities,0.66675624
85446,Knowledge Representation and Extraction,9,B0069,Artificial Intelligence for Digital Innovation,0.64895712
85446,Knowledge Representation and Extraction,10,75969,Basic Informatics,0.63371919
85573,Usability and User Experience,1,90720,Usability & User Experience Design,0.99551888
85573,Usability and User Experience,2,91264,User Experience Design,0.97841592
85573,Usability and User Experience,3,81934,HUMAN COMPUTER INTERACTION,0.71491849
85573,Usability and User Experience,4,75969,Basic Informatics,0.69254457
85573,Usability and User Experience,5,88566,Web Technology,0.68701736
85573,Usability and User Experience,6,B8396,Basic IT Skills,0.67019647
85573,Usability and User Experience,7,85445,Information Modelling and Web Technologies,0.66883341
85573,Usability and User Experience,8,09032,Software Engineering,0.66625793
85573,Usability and User Experience,9,90749,Computing Education,0.64773943
85573,Usability and User Experience,10,B8105,Computational Management of Data,0.62694601
85728,Real Time OS M,1,08574-A,Operating Systems,0.72893665
85728,Real Time OS M,2,08574-B,Operating Systems,0.69568711
85728,Real Time OS M,3,72945,Real-Time Systems M,0.69089783
85728,Real Time OS M,4,08574,Operating Systems,0.66198284
85728,Real Time OS M,5,28020,Operating Systems T,0.65859815
85728,Real Time OS M,6,99195,Cyber-Physical Systems Programming M,0.64182334
85728,Real Time OS M,7,78810,Real Time Systems for Automation M,0.63884051
85728,Real Time OS M,8,28024,Computer Networks T,0.63634756
85728,Real Time OS M,9,09032,Software Engineering,0.62708413
85728,Real Time OS M,10,88324,System Administration T,0.62489046
87469,Decision Making with Constraint Programming,1,91762,Combinatorial Decision Making and Optimization,0.76196926
87469,Decision Making with Constraint Programming,2,41169,Theoretical Computer Science,0.64132095
87469,Decision Making with Constraint Programming,3,93034,Foundations of Computer Science T,0.64074035
87469,Decision Making with Constraint Programming,4,11929-B,Algorithm and Data Structures,0.63145310
87469,Decision Making with Constraint Programming,5,00819-A,Programming,0.62927647
87469,Decision Making with Constraint Programming,6,11929-A,Algorithms and Data Structures,0.62831014
87469,Decision Making with Constraint Programming,7,37635,Data Structure and Algorithms,0.62425135
87469,Decision Making with Constraint Programming,8,72938,Foundations Of Artificial Intelligence T,0.62202081
87469,Decision Making with Constraint Programming,9,11933,Theoretical Computer Science,0.62110525
87469,Decision Making with Constraint Programming,10,00819-B,Programming,0.61699701
87474,Distributed Systems,1,93468,Distributed Software Systems,0.89939358
87474,Distributed Systems,2,84531,Infrastructures For Cloud Computing and Big Data M,0.70932774
87474,Distributed Systems,3,37085,"Principles, Models and Applications for Distributed Systems M",0.68544074
87474,Distributed Systems,4,28024,Computer Networks T,0.67557751
87474,Distributed Systems,5,73025,Distributed Systems M,0.66642743
87474,Distributed Systems,6,88324,System Administration T,0.63174843
87474,Distributed Systems,7,17628,Concurrent and Distributed Programming,0.62427894
87474,Distributed Systems,8,95604,Operating Systems and Networks,0.61842240
87474,Distributed Systems,9,66870,Concurrent Models and Systems,0.61504036
87474,Distributed Systems,10,95627,Software Engineering,0.60522199
87898,Methods and Technologies for Interpreting,1,87901,Methods and Advanced Technologies for Interpreting,0.89678101
87898,Methods and Technologies for Interpreting,2,B6082,Technology-Assisted Interpreting I,0.73200091
87898,Methods and Technologies for Interpreting,3,B2696,"Language, Technology, Research I: Computational Thinking",0.70909929
87898,Methods and Technologies for Interpreting,4,B8929,Computer Studies and Human Sciences,0.68258140
87898,Methods and Technologies for Interpreting,5,B5293,Computer Studies and Humanities,0.67901951
87898,Methods and Technologies for Interpreting,6,B8536,"Computer-Aided Human Translation: CAT, MT and AI",0.65504188
87898,Methods and Technologies for Interpreting,7,B0073,ELABORAZIONE DI TESTI E GESTIONE DOCUMENTALE,0.64912316
87898,Methods and Technologies for Interpreting,8,72940,Computational Models And Languages M,0.64223909
87898,Methods and Technologies for Interpreting,9,27311-A,Humanistic IT,0.64007309
87898,Methods and Technologies for Interpreting,10,91258-A,Natural Language Processing,0.63043282
87901,Methods and Advanced Technologies for Interpreting,1,87898,Methods and Technologies for Interpreting,0.89678101
87901,Methods and Advanced Technologies for Interpreting,2,B6082,Technology-Assisted Interpreting I,0.82271384
87901,Methods and Advanced Technologies for Interpreting,3,B2696,"Language, Technology, Research I: Computational Thinking",0.69298320
87901,Methods and Advanced Technologies for Interpreting,4,B8536,"Computer-Aided Human Translation: CAT, MT and AI",0.64606507
87901,Methods and Advanced Technologies for Interpreting,5,27311-A,Humanistic IT,0.62986966
87901,Methods and Advanced Technologies for Interpreting,6,B8396,Basic IT Skills,0.62157016
87901,Methods and Advanced Technologies for Interpreting,7,B8929,Computer Studies and Human Sciences,0.61679405
87901,Methods and Advanced Technologies for Interpreting,8,72940,Computational Models And Languages M,0.61481003
87901,Methods and Advanced Technologies for Interpreting,9,B5293,Computer Studies and Humanities,0.61334478
87901,Methods and Advanced Technologies for Interpreting,10,B0073,ELABORAZIONE DI TESTI E GESTIONE DOCUMENTALE,0.61020121
88016,Statistics,1,82202,Informatic,0.60019433
88016,Statistics,2,37760,Systems Simulation,0.57784034
88016,Statistics,3,41588,INTRODUZIONE ALL'ANALISI DEI DATI,0.57258025
88016,Statistics,4,40720,Data Mining,0.56095059
88016,Statistics,5,96346,INFORMATICA,0.55764247
88016,Statistics,6,11929-B,Algorithm and Data Structures,0.54580759
88016,Statistics,7,B0063,Programming Laboratory,0.54221660
88016,Statistics,8,93469,Human Data Science,0.54083968
88016,Statistics,9,96143,Methods and Models for Data Analytics M,0.54030821
88016,Statistics,10,B5722,Embedded Sensors,0.54009834
88145,Fundamentals of Computer Programming P1,1,29227,Foundations of Informatics T,0.88279437
88145,Fundamentals of Computer Programming P1,2,15305,Foundations of Informatics A,0.76284831
88145,Fundamentals of Computer Programming P1,3,09730,Principles of Informatics,0.76179218
88145,Fundamentals of Computer Programming P1,4,B0063,Programming Laboratory,0.75018750
88145,Fundamentals of Computer Programming P1,5,00819-B,Programming,0.74581820
88145,Fundamentals of Computer Programming P1,6,28623,Foundations of Informatics and Laboratory,0.74028366
88145,Fundamentals of Computer Programming P1,7,93034-A,Foundations of Computer Science T,0.73076148
88145,Fundamentals of Computer Programming P1,8,37262,Computer Programming,0.72405811
88145,Fundamentals of Computer Programming P1,9,95602,Programming and Computer Architectures,0.72037126
88145,Fundamentals of Computer Programming P1,10,11929-B,Algorithm and Data Structures,0.71180466
88146,Fundamentals of Computer Programming P2,1,28004,Foundations of Informatics T-1,0.66758866
88146,Fundamentals of Computer Programming P2,2,69731,Computer Architecture,0.65656713
88146,Fundamentals of Computer Programming P2,3,11925,Computer Architecture,0.64958005
88146,Fundamentals of Computer Programming P2,4,03716,Digital Design Principles and Computer Architecture,0.64795724
88146,Fundamentals of Computer Programming P2,5,96007,Foundations of Computer Architecture and Operating Systems,0.63661920
88146,Fundamentals of Computer Programming P2,6,09730-A,Principles of Informatics,0.63261528
88146,Fundamentals of Computer Programming P2,7,95602,Programming and Computer Architectures,0.62307204
88146,Fundamentals of Computer Programming P2,8,69430,COMPUTER ARCHITECTURES M,0.61925559
88146,Fundamentals of Computer Programming P2,9,09730,Principles of Informatics,0.61380780
88146,Fundamentals of Computer Programming P2,10,15305,Foundations of Informatics A,0.61304719
88155,Industrial Informatics P,1,78810,Real Time Systems for Automation M,0.67435857
88155,Industrial Informatics P,2,B5665,Real Time Systems and Programming for Automation M,0.67034228
88155,Industrial Informatics P,3,B0009,Advanced Software Modelling and Design,0.66983771
88155,Industrial Informatics P,4,09032,Software Engineering,0.66581450
88155,Industrial Informatics P,5,89988,Elements of Informatics,0.66532026
88155,Industrial Informatics P,6,B8105,Computational Management of Data,0.66197108
88155,Industrial Informatics P,7,B1703,Introduction to Programming,0.65620600
88155,Industrial Informatics P,8,B0832,Administration of Systems T,0.64875524
88155,Industrial Informatics P,9,96007,Foundations of Computer Architecture and Operating Systems,0.64581700
88155,Industrial Informatics P,10,28623,Foundations of Informatics and Laboratory,0.64340577
88202,Machine Learning,1,81610,Machine Learning,1.00000000
88202,Machine Learning,2,91250-B,Deep Learning,0.80033206
88202,Machine Learning,3,91250-A,Deep Learning,0.74055299
88202,Machine Learning,4,95965,Artificial Intelligence and Machine Learning for Business,0.70298795
88202,Machine Learning,5,91250,DEEP LEARNING,0.69540961
88202,Machine Learning,6,B0069,Artificial Intelligence for Digital Innovation,0.67796810
88202,Machine Learning,7,95631-A,Machine Learning and Data Mining,0.67341543
88202,Machine Learning,8,90477,Machine Learning Systems For Data Science,0.66129288
88202,Machine Learning,9,81940,Artificial Intelligence,0.65991268
88202,Machine Learning,10,93319,INTRODUZIONE ALL'APPRENDIMENTO AUTOMATICO,0.64987533
88324,System Administration T,1,B0832,Administration of Systems T,0.86630266
88324,System Administration T,2,28024,Computer Networks T,0.74406775
88324,System Administration T,3,28652,IT Systems T-1,0.72755563
88324,System Administration T,4,96642,Virtualization and System Integration,0.71831929
88324,System Administration T,5,95604,Operating Systems and Networks,0.71290144
88324,System Administration T,6,91161,"Networks, Security And Data Bases",0.70865625
88324,System Administration T,7,57828,Informatics,0.70435046
88324,System Administration T,8,08574,Operating Systems,0.69534525
88324,System Administration T,9,72942,Information Security M,0.68927218
88324,System Administration T,10,90749,Computing Education,0.68727653
88325,Computer and Network Security Lab T,1,B0833,Computer Security Laboratory T,0.81022107
88325,Computer and Network Security Lab T,2,72942,Information Security M,0.76440989
88325,Computer and Network Security Lab T,3,93470-A,Cybersecurity,0.74741995
88325,Computer and Network Security Lab T,4,B5793,Cybersecurity M,0.74299228
88325,Computer and Network Security Lab T,5,93470,Cybersecurity,0.72253865
88325,Computer and Network Security Lab T,6,B5812,Cybersecurity Governance,0.71588569
88325,Computer and Network Security Lab T,7,93466,FONDAMENTI DI CYBERSECURITY,0.69902238
88325,Computer and Network Security Lab T,8,88324,System Administration T,0.68647006
88325,Computer and Network Security Lab T,9,91161,"Networks, Security And Data Bases",0.67028981
88325,Computer and Network Security Lab T,10,93467,Cryptography,0.62347414
88566,Web Technology,1,85445,Information Modelling and Web Technologies,0.85969372
88566,Web Technology,2,41731,Web-related Technologies,0.84160215
88566,Web Technology,3,75835,Web Technologies,0.83747460
88566,Web Technology,4,95605,Web and Mobile Systems,0.80394996
88566,Web Technology,5,95645,Foundations of Web Systems,0.77753104
88566,Web Technology,6,75969,Basic Informatics,0.71959746
88566,Web Technology,7,41731-A,Web-related Technologies,0.69508024
88566,Web Technology,8,B8396,Basic IT Skills,0.69386817
88566,Web Technology,9,90720,Usability & User Experience Design,0.68711943
88566,Web Technology,10,85573,Usability and User Experience,0.68701736
89988,Elements of Informatics,1,B5727,Introduction to Languages for Artificial Intelligence,0.76543377
89988,Elements of Informatics,2,B8105,Computational Management of Data,0.75291251
89988,Elements of Informatics,3,96346,INFORMATICA,0.74936621
89988,Elements of Informatics,4,37262,Computer Programming,0.74842666
89988,Elements of Informatics,5,98931,Fundamentals of Artificial Intelligence,0.73814011
89988,Elements of Informatics,6,91248,Fundamentals of Artificial Intelligence and Knowledge Representation,0.73445493
89988,Elements of Informatics,7,93034-A,Foundations of Computer Science T,0.73342420
89988,Elements of Informatics,8,09730,Principles of Informatics,0.73327296
89988,Elements of Informatics,9,15305,Foundations of Informatics A,0.72667780
89988,Elements of Informatics,10,07276-A,Computer Science,0.72518405
90074,Smart Vehicular Systems,1,96994,Smart Vehicular-Systems,0.99945197
90074,Smart Vehicular Systems,2,92858,Autonomous and Adaptive Systems M,0.61962088
90074,Smart Vehicular Systems,3,09032,Software Engineering,0.59518223
90074,Smart Vehicular Systems,4,B1873,Machine Learning for Humanities,0.59476602
90074,Smart Vehicular Systems,5,95639,Industry 4.0,0.59277467
90074,Smart Vehicular Systems,6,91261,Artificial Intelligence in Industry,0.59030166
90074,Smart Vehicular Systems,7,88324,System Administration T,0.58996925
90074,Smart Vehicular Systems,8,41169,Theoretical Computer Science,0.58295074
90074,Smart Vehicular Systems,9,81934,HUMAN COMPUTER INTERACTION,0.58252005
90074,Smart Vehicular Systems,10,91266,Machine Learning for Computer Vision,0.57880325
90106,Software Engineering,1,66858,Software Engineering,0.95381996
90106,Software Engineering,2,28021,Software Engineering T,0.79353533
90106,Software Engineering,3,09032,Software Engineering,0.78927158
90106,Software Engineering,4,81612,Programming and Development paradigms,0.73960962
90106,Software Engineering,5,95627,Software Engineering,0.73723057
90106,Software Engineering,6,B1874,Project Management and Software Engineering for Cultural Heritage,0.72939017
90106,Software Engineering,7,B0010,Software Architecture and Platforms,0.69928011
90106,Software Engineering,8,B0009,Advanced Software Modelling and Design,0.68402759
90106,Software Engineering,9,B0011,Software Process Engineering,0.67863052
90106,Software Engineering,10,B1459,"ARTIFICIAL INTELLIGENCE, BLOCKCHAIN E CRIPTOVALUTE NELLO SVILUPPO SOFTWARE",0.67470391
90107,BASI DI DATI,1,70155,Data Bases,0.82285311
90107,BASI DI DATI,2,10906,Databases,0.75404061
90107,BASI DI DATI,3,95611,Database Systems,0.74393257
90107,BASI DI DATI,4,28796,Elements of Databases,0.70743201
90107,BASI DI DATI,5,96793,Information Systems and Database Management,0.70653257
90107,BASI DI DATI,6,79194,Databases,0.70505362
90107,BASI DI DATI,7,B8159,INFORMATICA,0.68459617
90107,BASI DI DATI,8,84339,Advanced Database Systems,0.67775704
90107,BASI DI DATI,9,28027,Information Systems T,0.66414789
90107,BASI DI DATI,10,10906-A,Databases,0.64846433
90147,Artificial intelligence,1,B0069,Artificial Intelligence for Digital Innovation,0.78219126
90147,Artificial intelligence,2,81940,Artificial Intelligence,0.77664205
90147,Artificial intelligence,3,98931,Fundamentals of Artificial Intelligence,0.76351251
90147,Artificial intelligence,4,72938,Foundations Of Artificial Intelligence T,0.76161758
90147,Artificial intelligence,5,91248,Fundamentals of Artificial Intelligence and Knowledge Representation,0.75195194
90147,Artificial intelligence,6,B1873,Machine Learning for Humanities,0.73896724
90147,Artificial intelligence,7,11929-B,Algorithm and Data Structures,0.71305945
90147,Artificial intelligence,8,78778,Intelligent Systems M,0.70864716
90147,Artificial intelligence,9,91250-A,Deep Learning,0.69922987
90147,Artificial intelligence,10,93319,INTRODUZIONE ALL'APPRENDIMENTO AUTOMATICO,0.69443172
90157,Open Science,1,75969,Basic Informatics,0.66682449
90157,Open Science,2,B8105,Computational Management of Data,0.64471278
90157,Open Science,3,85445,Information Modelling and Web Technologies,0.62190939
90157,Open Science,4,88566,Web Technology,0.61191721
90157,Open Science,5,B5079,Digital Humanities and Data Management for Cultural Heritage,0.60510898
90157,Open Science,6,72796,Data Intensive Applications,0.59312579
90157,Open Science,7,90749,Computing Education,0.58832637
90157,Open Science,8,B1703,Introduction to Programming,0.58730146
90157,Open Science,9,B1873,Machine Learning for Humanities,0.58180343
90157,Open Science,10,B8396,Basic IT Skills,0.57602027
90477,Machine Learning Systems For Data Science,1,85189,Systems and Algorithms for Data Science,0.97157714
90477,Machine Learning Systems For Data Science,2,96346,INFORMATICA,0.71841359
90477,Machine Learning Systems For Data Science,3,91250-A,Deep Learning,0.71768523
90477,Machine Learning Systems For Data Science,4,B5727,Introduction to Languages for Artificial Intelligence,0.71475671
90477,Machine Learning Systems For Data Science,5,98931,Fundamentals of Artificial Intelligence,0.71423736
90477,Machine Learning Systems For Data Science,6,41588,INTRODUZIONE ALL'ANALISI DEI DATI,0.71143343
90477,Machine Learning Systems For Data Science,7,91248,Fundamentals of Artificial Intelligence and Knowledge Representation,0.71115738
90477,Machine Learning Systems For Data Science,8,95631,Machine Learning and Data Mining,0.71060706
90477,Machine Learning Systems For Data Science,9,B2125,Machine Learning and Data Mining M,0.70711562
90477,Machine Learning Systems For Data Science,10,91259,Architecture and Platforms for Artificial Intelligence,0.70155875
90720,Usability & User Experience Design,1,85573,Usability and User Experience,0.99551888
90720,Usability & User Experience Design,2,91264,User Experience Design,0.98133432
90720,Usability & User Experience Design,3,81934,HUMAN COMPUTER INTERACTION,0.71195545
90720,Usability & User Experience Design,4,75969,Basic Informatics,0.69501435
90720,Usability & User Experience Design,5,88566,Web Technology,0.68711943
90720,Usability & User Experience Design,6,85445,Information Modelling and Web Technologies,0.67515614
90720,Usability & User Experience Design,7,09032,Software Engineering,0.67313559
90720,Usability & User Experience Design,8,B8396,Basic IT Skills,0.66983361
90720,Usability & User Experience Design,9,90749,Computing Education,0.64904817
90720,Usability & User Experience Design,10,73273,Informatic Tecnologies for Fashion,0.63706624
90730,Social Network Analysis,1,95782,Network Analysis,0.84387977
90730,Social Network Analysis,2,82202-A,Informatic,0.67331986
90730,Social Network Analysis,3,39176,Basic and Laboratory Informatics,0.65966519
90730,Social Network Analysis,4,42500,Semantic Web,0.65147791
90730,Social Network Analysis,5,91161,"Networks, Security And Data Bases",0.64979837
90730,Social Network Analysis,6,B4826,Informatics for the Humanities,0.64893792
90730,Social Network Analysis,7,B5292,Knowledge Engeneering for the Humanities,0.64114260
90730,Social Network Analysis,8,91265,Knowledge Engineering,0.63787731
90730,Social Network Analysis,9,95604,Operating Systems and Networks,0.63409877
90730,Social Network Analysis,10,70226,Network Programming,0.63042386
90748,Blockchain and Cryptocurrencies,1,72942,Information Security M,0.64834290
90748,Blockchain and Cryptocurrencies,2,93467,Cryptography,0.58351686
90748,Blockchain and Cryptocurrencies,3,14015,Cryptography,0.58221686
90748,Blockchain and Cryptocurrencies,4,B4826,Informatics for the Humanities,0.56644220
90748,Blockchain and Cryptocurrencies,5,B0074,PIATTAFORME PER LA TRASFORMAZIONE DIGITALE,0.55907979
90748,Blockchain and Cryptocurrencies,6,91161,"Networks, Security And Data Bases",0.55406830
90748,Blockchain and Cryptocurrencies,7,09730,Principles of Informatics,0.54990997
90748,Blockchain and Cryptocurrencies,8,B1459,"ARTIFICIAL INTELLIGENCE, BLOCKCHAIN E CRIPTOVALUTE NELLO SVILUPPO SOFTWARE",0.54950211
90748,Blockchain and Cryptocurrencies,9,81683,Internet of Things,0.54838293
90748,Blockchain and Cryptocurrencies,10,96995,Programmable Networking,0.54685455
90749,Computing Education,1,91685,History of Informatics and Computing Systems,0.76379585
90749,Computing Education,2,75969,Basic Informatics,0.73323378
90749,Computing Education,3,78510,Informatics,0.73309977
90749,Computing Education,4,37262,Computer Programming,0.73031123
90749,Computing Education,5,91161,"Networks, Security And Data Bases",0.72930844
90749,Computing Education,6,93034-A,Foundations of Computer Science T,0.71830011
90749,Computing Education,7,28623,Foundations of Informatics and Laboratory,0.71483125
90749,Computing Education,8,B0063,Programming Laboratory,0.71308217
90749,Computing Education,9,29227,Foundations of Informatics T,0.71221087
90749,Computing Education,10,09730,Principles of Informatics,0.71207187
90864,Elements of Computer Technologies for Fashion E-Commerce,1,B4925,IMMERSIVE TECHNOLOGIES FOR FASHION,0.68082838
90864,Elements of Computer Technologies for Fashion E-Commerce,2,73273,Informatic Tecnologies for Fashion,0.67015058
90864,Elements of Computer Technologies for Fashion E-Commerce,3,81683,Internet of Things,0.60318881
90864,Elements of Computer Technologies for Fashion E-Commerce,4,93379,Digital Culture,0.59416502
90864,Elements of Computer Technologies for Fashion E-Commerce,5,41731,Web-related Technologies,0.58639042
90864,Elements of Computer Technologies for Fashion E-Commerce,6,94442,Design of Web Applications T,0.57711697
90864,Elements of Computer Technologies for Fashion E-Commerce,7,57828,Informatics,0.57559911
90864,Elements of Computer Technologies for Fashion E-Commerce,8,75835,Web Technologies,0.56605278
90864,Elements of Computer Technologies for Fashion E-Commerce,9,B4940,DATA SCIENCE FOR FASHION SYSTEM,0.56346402
90864,Elements of Computer Technologies for Fashion E-Commerce,10,B8019,PROGRAMMING THE INTERNET OF THINGS M,0.56027515
91161,"Networks, Security And Data Bases",1,90749,Computing Education,0.72930844
91161,"Networks, Security And Data Bases",2,72942,Information Security M,0.71798897
91161,"Networks, Security And Data Bases",3,28106,Computer Science for Environmental Sciences,0.71667654
91161,"Networks, Security And Data Bases",4,88324,System Administration T,0.70865625
91161,"Networks, Security And Data Bases",5,15305,Foundations of Informatics A,0.70369393
91161,"Networks, Security And Data Bases",6,09730,Principles of Informatics,0.70033678
91161,"Networks, Security And Data Bases",7,28024,Computer Networks T,0.69681557
91161,"Networks, Security And Data Bases",8,29227-B,Foundations of Informatics T,0.69374392
91161,"Networks, Security And Data Bases",9,B4826,Informatics for the Humanities,0.68944004
91161,"Networks, Security And Data Bases",10,29227-A,Foundations of Informatics T,0.68833100
91248,Fundamentals of Artificial Intelligence and Knowledge Representation,1,98931,Fundamentals of Artificial Intelligence,0.98897924
91248,Fundamentals of Artificial Intelligence and Knowledge Representation,2,B5727,Introduction to Languages for Artificial Intelligence,0.81554877
91248,Fundamentals of Artificial Intelligence and Knowledge Representation,3,78778,Intelligent Systems M,0.79525359
91248,Fundamentals of Artificial Intelligence and Knowledge Representation,4,81940,Artificial Intelligence,0.78126824
91248,Fundamentals of Artificial Intelligence and Knowledge Representation,5,90147,Artificial intelligence,0.75195194
91248,Fundamentals of Artificial Intelligence and Knowledge Representation,6,89988,Elements of Informatics,0.73445493
91248,Fundamentals of Artificial Intelligence and Knowledge Representation,7,72938,Foundations Of Artificial Intelligence T,0.73442238
91248,Fundamentals of Artificial Intelligence and Knowledge Representation,8,95965,Artificial Intelligence and Machine Learning for Business,0.72610203
91248,Fundamentals of Artificial Intelligence and Knowledge Representation,9,B8105,Computational Management of Data,0.72224284
91248,Fundamentals of Artificial Intelligence and Knowledge Representation,10,91762,Combinatorial Decision Making and Optimization,0.71817985
91250-A,Deep Learning,1,91250,DEEP LEARNING,0.88840689
91250-A,Deep Learning,2,91250-B,Deep Learning,0.76236462
91250-A,Deep Learning,3,81610,Machine Learning,0.74055299
91250-A,Deep Learning,4,88202,Machine Learning,0.74055299
91250-A,Deep Learning,5,93319,INTRODUZIONE ALL'APPRENDIMENTO AUTOMATICO,0.73316357
91250-A,Deep Learning,6,91266,Machine Learning for Computer Vision,0.72217058
91250-A,Deep Learning,7,90477,Machine Learning Systems For Data Science,0.71768523
91250-A,Deep Learning,8,B1873,Machine Learning for Humanities,0.71312444
91250-A,Deep Learning,9,81940,Artificial Intelligence,0.71299366
91250-A,Deep Learning,10,90147,Artificial intelligence,0.69922987
91250-B,Deep Learning,1,81610,Machine Learning,0.80033206
91250-B,Deep Learning,2,88202,Machine Learning,0.80033206
91250-B,Deep Learning,3,91250,DEEP LEARNING,0.77251121
91250-B,Deep Learning,4,91250-A,Deep Learning,0.76236462
91250-B,Deep Learning,5,90477,Machine Learning Systems For Data Science,0.68926235
91250-B,Deep Learning,6,85189,Systems and Algorithms for Data Science,0.65790581
91250-B,Deep Learning,7,93319,INTRODUZIONE ALL'APPRENDIMENTO AUTOMATICO,0.65472488
91250-B,Deep Learning,8,B0069,Artificial Intelligence for Digital Innovation,0.65273860
91250-B,Deep Learning,9,81940,Artificial Intelligence,0.64711531
91250-B,Deep Learning,10,95965,Artificial Intelligence and Machine Learning for Business,0.64025646
91250,DEEP LEARNING,1,91250-A,Deep Learning,0.88840689
91250,DEEP LEARNING,2,91250-B,Deep Learning,0.77251121
91250,DEEP LEARNING,3,93319,INTRODUZIONE ALL'APPRENDIMENTO AUTOMATICO,0.71273591
91250,DEEP LEARNING,4,B1873,Machine Learning for Humanities,0.71074810
91250,DEEP LEARNING,5,91266,Machine Learning for Computer Vision,0.70915678
91250,DEEP LEARNING,6,81610,Machine Learning,0.69540961
91250,DEEP LEARNING,7,88202,Machine Learning,0.69540961
91250,DEEP LEARNING,8,85446,Knowledge Representation and Extraction,0.69277046
91250,DEEP LEARNING,9,90477,Machine Learning Systems For Data Science,0.68499524
91250,DEEP LEARNING,10,B0069,Artificial Intelligence for Digital Innovation,0.67962295
91254,Image Processing and Computer Vision,1,93478,COMPUTER VISION,0.88308825
91254,Image Processing and Computer Vision,2,73302,Computer Vision And Image Processing M,0.78155684
91254,Image Processing and Computer Vision,3,17634,Computer Vision,0.77445561
91254,Image Processing and Computer Vision,4,69661,Image Processing And Computer Vision M,0.75386862
91254,Image Processing and Computer Vision,5,91266,Machine Learning for Computer Vision,0.73745580
91254,Image Processing and Computer Vision,6,70210,Lab-based Course on Computer Graphics,0.65687249
91254,Image Processing and Computer Vision,7,B5782,Algorithms and Data Structures for Computational Biology,0.64637354
91254,Image Processing and Computer Vision,8,97466,Digital represention of the Landscape Project,0.62845852
91254,Image Processing and Computer Vision,9,B5722,Embedded Sensors,0.62648506
91254,Image Processing and Computer Vision,10,93319,INTRODUZIONE ALL'APPRENDIMENTO AUTOMATICO,0.62333351
91258-A,Natural Language Processing,1,91258-B,Natural Language Processing,0.82506226
91258-A,Natural Language Processing,2,91258,Natural Language Processing,0.75873719
91258-A,Natural Language Processing,3,B0385,Natural Language Processing,0.75873719
91258-A,Natural Language Processing,4,72940,Computational Models And Languages M,0.73144690
91258-A,Natural Language Processing,5,81940,Artificial Intelligence,0.68286642
91258-A,Natural Language Processing,6,B5727,Introduction to Languages for Artificial Intelligence,0.67880918
91258-A,Natural Language Processing,7,B2696,"Language, Technology, Research I: Computational Thinking",0.67426906
91258-A,Natural Language Processing,8,B1873,Machine Learning for Humanities,0.66918598
91258-A,Natural Language Processing,9,89988,Elements of Informatics,0.66308181
91258-A,Natural Language Processing,10,91248,Fundamentals of Artificial Intelligence and Knowledge Representation,0.66233554
91258-B,Natural Language Processing,1,91258-A,Natural Language Processing,0.82506226
91258-B,Natural Language Processing,2,91258,Natural Language Processing,0.73554198
91258-B,Natural Language Processing,3,B0385,Natural Language Processing,0.73554198
91258-B,Natural Language Processing,4,72940,Computational Models And Languages M,0.69802379
91258-B,Natural Language Processing,5,81940,Artificial Intelligence,0.66763170
91258-B,Natural Language Processing,6,B5727,Introduction to Languages for Artificial Intelligence,0.64544690
91258-B,Natural Language Processing,7,81609,"Languages, Compilers and Computational Models",0.62477863
91258-B,Natural Language Processing,8,91265,Knowledge Engineering,0.61835145
91258-B,Natural Language Processing,9,B2133,Big Data Analytics and Text Mining,0.61689639
91258-B,Natural Language Processing,10,B2696,"Language, Technology, Research I: Computational Thinking",0.61394372
91258,Natural Language Processing,1,B0385,Natural Language Processing,1.00000000
91258,Natural Language Processing,2,91258-A,Natural Language Processing,0.75873719
91258,Natural Language Processing,3,91258-B,Natural Language Processing,0.73554198
91258,Natural Language Processing,4,B2696,"Language, Technology, Research I: Computational Thinking",0.69256411
91258,Natural Language Processing,5,72940,Computational Models And Languages M,0.66970032
91258,Natural Language Processing,6,B8603,Machine Translation and Artificial Intelligence for Language Services,0.63570029
91258,Natural Language Processing,7,87898,Methods and Technologies for Interpreting,0.62650595
91258,Natural Language Processing,8,B1873,Machine Learning for Humanities,0.62350863
91258,Natural Language Processing,9,91250-A,Deep Learning,0.62277370
91258,Natural Language Processing,10,81940,Artificial Intelligence,0.61082232
91259,Architecture and Platforms for Artificial Intelligence,1,98931,Fundamentals of Artificial Intelligence,0.70428228
91259,Architecture and Platforms for Artificial Intelligence,2,B5727,Introduction to Languages for Artificial Intelligence,0.70405894
91259,Architecture and Platforms for Artificial Intelligence,3,81932,Big Data,0.70336222
91259,Architecture and Platforms for Artificial Intelligence,4,90477,Machine Learning Systems For Data Science,0.70155875
91259,Architecture and Platforms for Artificial Intelligence,5,85189,Systems and Algorithms for Data Science,0.69837665
91259,Architecture and Platforms for Artificial Intelligence,6,91248,Fundamentals of Artificial Intelligence and Knowledge Representation,0.69374408
91259,Architecture and Platforms for Artificial Intelligence,7,91266,Machine Learning for Computer Vision,0.69175445
91259,Architecture and Platforms for Artificial Intelligence,8,09730-A,Principles of Informatics,0.68715956
91259,Architecture and Platforms for Artificial Intelligence,9,72778,High-Performance Computing,0.68409941
91259,Architecture and Platforms for Artificial Intelligence,10,B5782,Algorithms and Data Structures for Computational Biology,0.67018420
91261,Artificial Intelligence in Industry,1,B1873,Machine Learning for Humanities,0.69974562
91261,Artificial Intelligence in Industry,2,95965,Artificial Intelligence and Machine Learning for Business,0.69140116
91261,Artificial Intelligence in Industry,3,91762,Combinatorial Decision Making and Optimization,0.67392987
91261,Artificial Intelligence in Industry,4,98931,Fundamentals of Artificial Intelligence,0.66993940
91261,Artificial Intelligence in Industry,5,91248,Fundamentals of Artificial Intelligence and Knowledge Representation,0.65937900
91261,Artificial Intelligence in Industry,6,90147,Artificial intelligence,0.65853376
91261,Artificial Intelligence in Industry,7,30376,Business Intelligence,0.65210219
91261,Artificial Intelligence in Industry,8,11929-B,Algorithm and Data Structures,0.64869320
91261,Artificial Intelligence in Industry,9,78778,Intelligent Systems M,0.64034918
91261,Artificial Intelligence in Industry,10,92858,Autonomous and Adaptive Systems M,0.64028061
91264,User Experience Design,1,90720,Usability & User Experience Design,0.98133432
91264,User Experience Design,2,85573,Usability and User Experience,0.97841592
91264,User Experience Design,3,81934,HUMAN COMPUTER INTERACTION,0.70781366
91264,User Experience Design,4,75969,Basic Informatics,0.68593369
91264,User Experience Design,5,88566,Web Technology,0.68266180
91264,User Experience Design,6,B8396,Basic IT Skills,0.66750377
91264,User Experience Design,7,09032,Software Engineering,0.66553903
91264,User Experience Design,8,85445,Information Modelling and Web Technologies,0.66435763
91264,User Experience Design,9,90749,Computing Education,0.64178049
91264,User Experience Design,10,B8105,Computational Management of Data,0.63018128
91265,Knowledge Engineering,1,85446,Knowledge Representation and Extraction,0.71834607
91265,Knowledge Engineering,2,B5292,Knowledge Engeneering for the Humanities,0.71676402
91265,Knowledge Engineering,3,B0070,METODOLOGIE E TECNICHE DI SIMULAZIONE,0.70245725
91265,Knowledge Engineering,4,42500,Semantic Web,0.69307014
91265,Knowledge Engineering,5,09730-A,Principles of Informatics,0.66547239
91265,Knowledge Engineering,6,91248,Fundamentals of Artificial Intelligence and Knowledge Representation,0.66321331
91265,Knowledge Engineering,7,40720,Data Mining,0.66192361
91265,Knowledge Engineering,8,B2133,Big Data Analytics and Text Mining,0.65971327
91265,Knowledge Engineering,9,81940,Artificial Intelligence,0.65842545
91265,Knowledge Engineering,10,B4826,Informatics for the Humanities,0.65714376
91266,Machine Learning for Computer Vision,1,93478,COMPUTER VISION,0.77071534
91266,Machine Learning for Computer Vision,2,91254,Image Processing and Computer Vision,0.73745580
91266,Machine Learning for Computer Vision,3,B1873,Machine Learning for Humanities,0.72320060
91266,Machine Learning for Computer Vision,4,91250-A,Deep Learning,0.72217058
91266,Machine Learning for Computer Vision,5,91250,DEEP LEARNING,0.70915678
91266,Machine Learning for Computer Vision,6,91259,Architecture and Platforms for Artificial Intelligence,0.69175445
91266,Machine Learning for Computer Vision,7,90147,Artificial intelligence,0.66969235
91266,Machine Learning for Computer Vision,8,73302,Computer Vision And Image Processing M,0.66572878
91266,Machine Learning for Computer Vision,9,91248,Fundamentals of Artificial Intelligence and Knowledge Representation,0.66250745
91266,Machine Learning for Computer Vision,10,98931,Fundamentals of Artificial Intelligence,0.66185453
91267,Multi-Agent Systems,1,93669,Intelligent Systems Engineering,0.74909508
91267,Multi-Agent Systems,2,92858,Autonomous and Adaptive Systems M,0.69367103
91267,Multi-Agent Systems,3,81940,Artificial Intelligence,0.63564135
91267,Multi-Agent Systems,4,78778,Intelligent Systems M,0.62525631
91267,Multi-Agent Systems,5,98931,Fundamentals of Artificial Intelligence,0.62015029
91267,Multi-Agent Systems,6,91248,Fundamentals of Artificial Intelligence and Knowledge Representation,0.61256912
91267,Multi-Agent Systems,7,B0009,Advanced Software Modelling and Design,0.60646401
91267,Multi-Agent Systems,8,B0069,Artificial Intelligence for Digital Innovation,0.60289589
91267,Multi-Agent Systems,9,88324,System Administration T,0.59997780
91267,Multi-Agent Systems,10,91411,Intelligent Robotic Systems,0.59829142
91269,Multimedia Data Management,1,78096,Multimedia Data Management M,0.99361780
91269,Multimedia Data Management,2,77933,Multimedia Data Management M,0.94888171
91269,Multimedia Data Management,3,28652,IT Systems T-1,0.64726585
91269,Multimedia Data Management,4,40720,Data Mining,0.63790104
91269,Multimedia Data Management,5,96793,Information Systems and Database Management,0.62119952
91269,Multimedia Data Management,6,73025,Distributed Systems M,0.62000670
91269,Multimedia Data Management,7,70155,Data Bases,0.60817228
91269,Multimedia Data Management,8,79194,Databases,0.60774249
91269,Multimedia Data Management,9,81932,Big Data,0.60141919
91269,Multimedia Data Management,10,82202,Informatic,0.60125873
91411,Intelligent Robotic Systems,1,92858,Autonomous and Adaptive Systems M,0.76357127
91411,Intelligent Robotic Systems,2,78778,Intelligent Systems M,0.70365940
91411,Intelligent Robotic Systems,3,93669,Intelligent Systems Engineering,0.67100233
91411,Intelligent Robotic Systems,4,81940,Artificial Intelligence,0.65911926
91411,Intelligent Robotic Systems,5,90147,Artificial intelligence,0.65435027
91411,Intelligent Robotic Systems,6,98931,Fundamentals of Artificial Intelligence,0.64133866
91411,Intelligent Robotic Systems,7,91248,Fundamentals of Artificial Intelligence and Knowledge Representation,0.63295487
91411,Intelligent Robotic Systems,8,95965,Artificial Intelligence and Machine Learning for Business,0.62719155
91411,Intelligent Robotic Systems,9,B0069,Artificial Intelligence for Digital Innovation,0.62712304
91411,Intelligent Robotic Systems,10,28040,Information Technology,0.60426428
91602,Computer Architectures,1,28012,Electronic Calculators T,0.69547393
91602,Computer Architectures,2,69430,COMPUTER ARCHITECTURES M,0.68224753
91602,Computer Architectures,3,96007,Foundations of Computer Architecture and Operating Systems,0.65666552
91602,Computer Architectures,4,03716,Digital Design Principles and Computer Architecture,0.65411866
91602,Computer Architectures,5,69731,Computer Architecture,0.64623811
91602,Computer Architectures,6,08574-A,Operating Systems,0.63930562
91602,Computer Architectures,7,11925,Computer Architecture,0.62882930
91602,Computer Architectures,8,B8561,ARCHITETTURE DEI CALCOLATORI M,0.62867464
91602,Computer Architectures,9,88146,Fundamentals of Computer Programming P2,0.60753887
91602,Computer Architectures,10,28004,Foundations of Informatics T-1,0.60315739
91685,History of Informatics and Computing Systems,1,90749,Computing Education,0.76379585
91685,History of Informatics and Computing Systems,2,09730,Principles of Informatics,0.73403560
91685,History of Informatics and Computing Systems,3,15305,Foundations of Informatics A,0.73365265
91685,History of Informatics and Computing Systems,4,96007,Foundations of Computer Architecture and Operating Systems,0.71747527
91685,History of Informatics and Computing Systems,5,29227,Foundations of Informatics T,0.71613948
91685,History of Informatics and Computing Systems,6,75969,Basic Informatics,0.71096981
91685,History of Informatics and Computing Systems,7,78510,Informatics,0.70825525
91685,History of Informatics and Computing Systems,8,95602,Programming and Computer Architectures,0.70648652
91685,History of Informatics and Computing Systems,9,B4826,Informatics for the Humanities,0.70566451
91685,History of Informatics and Computing Systems,10,37262,Computer Programming,0.70461460
91721,Laboratory of Virtual Reality and Advanced Reality,1,B4925,IMMERSIVE TECHNOLOGIES FOR FASHION,0.61929245
91721,Laboratory of Virtual Reality and Advanced Reality,2,70210,Lab-based Course on Computer Graphics,0.61184923
91721,Laboratory of Virtual Reality and Advanced Reality,3,81934,HUMAN COMPUTER INTERACTION,0.60637026
91721,Laboratory of Virtual Reality and Advanced Reality,4,B5059,Interaction Media Design,0.60280303
91721,Laboratory of Virtual Reality and Advanced Reality,5,37925,Virtual System Design,0.59908821
91721,Laboratory of Virtual Reality and Advanced Reality,6,84401,Context-Aware Systems,0.56880272
91721,Laboratory of Virtual Reality and Advanced Reality,7,95646,Virtualized Systems,0.56612517
91721,Laboratory of Virtual Reality and Advanced Reality,8,73302,Computer Vision And Image Processing M,0.56569536
91721,Laboratory of Virtual Reality and Advanced Reality,9,91254,Image Processing and Computer Vision,0.56513499
91721,Laboratory of Virtual Reality and Advanced Reality,10,97466,Digital represention of the Landscape Project,0.56271704
91762,Combinatorial Decision Making and Optimization,1,87469,Decision Making with Constraint Programming,0.76196926
91762,Combinatorial Decision Making and Optimization,2,11929-B,Algorithm and Data Structures,0.73974636
91762,Combinatorial Decision Making and Optimization,3,98931,Fundamentals of Artificial Intelligence,0.72910036
91762,Combinatorial Decision Making and Optimization,4,91248,Fundamentals of Artificial Intelligence and Knowledge Representation,0.71817985
91762,Combinatorial Decision Making and Optimization,5,B8105,Computational Management of Data,0.70976236
91762,Combinatorial Decision Making and Optimization,6,78778,Intelligent Systems M,0.70637321
91762,Combinatorial Decision Making and Optimization,7,81940,Artificial Intelligence,0.69769587
91762,Combinatorial Decision Making and Optimization,8,B5782,Algorithms and Data Structures for Computational Biology,0.69479815
91762,Combinatorial Decision Making and Optimization,9,11933,Theoretical Computer Science,0.69230743
91762,Combinatorial Decision Making and Optimization,10,11929-A,Algorithms and Data Structures,0.68301076
92858,Autonomous and Adaptive Systems M,1,91411,Intelligent Robotic Systems,0.76357127
92858,Autonomous and Adaptive Systems M,2,93669,Intelligent Systems Engineering,0.74944757
92858,Autonomous and Adaptive Systems M,3,78778,Intelligent Systems M,0.73474780
92858,Autonomous and Adaptive Systems M,4,81940,Artificial Intelligence,0.70429241
92858,Autonomous and Adaptive Systems M,5,B0069,Artificial Intelligence for Digital Innovation,0.70413237
92858,Autonomous and Adaptive Systems M,6,95965,Artificial Intelligence and Machine Learning for Business,0.70026474
92858,Autonomous and Adaptive Systems M,7,91267,Multi-Agent Systems,0.69367103
92858,Autonomous and Adaptive Systems M,8,93319,INTRODUZIONE ALL'APPRENDIMENTO AUTOMATICO,0.66442844
92858,Autonomous and Adaptive Systems M,9,98931,Fundamentals of Artificial Intelligence,0.66420826
92858,Autonomous and Adaptive Systems M,10,91250-A,Deep Learning,0.66346827
93034-A,Foundations of Computer Science T,1,37262,Computer Programming,0.75972807
93034-A,Foundations of Computer Science T,2,07276-A,Computer Science,0.75254412
93034-A,Foundations of Computer Science T,3,29227,Foundations of Informatics T,0.74806948
93034-A,Foundations of Computer Science T,4,B0063,Programming Laboratory,0.73558515
93034-A,Foundations of Computer Science T,5,89988,Elements of Informatics,0.73342420
93034-A,Foundations of Computer Science T,6,88145,Fundamentals of Computer Programming P1,0.73076148
93034-A,Foundations of Computer Science T,7,96346,INFORMATICA,0.71980350
93034-A,Foundations of Computer Science T,8,28623,Foundations of Informatics and Laboratory,0.71921963
93034-A,Foundations of Computer Science T,9,90749,Computing Education,0.71830011
93034-A,Foundations of Computer Science T,10,95602,Programming and Computer Architectures,0.70965565
93034,Foundations of Computer Science T,1,29227,Foundations of Informatics T,0.72255611
93034,Foundations of Computer Science T,2,15305,Foundations of Informatics A,0.72072535
93034,Foundations of Computer Science T,3,09730,Principles of Informatics,0.71231682
93034,Foundations of Computer Science T,4,72938,Foundations Of Artificial Intelligence T,0.70634835
93034,Foundations of Computer Science T,5,28623,Foundations of Informatics and Laboratory,0.69728355
93034,Foundations of Computer Science T,6,41169,Theoretical Computer Science,0.69320682
93034,Foundations of Computer Science T,7,B8905,Foundations of Programming,0.68680502
93034,Foundations of Computer Science T,8,00819-A,Programming,0.67909814
93034,Foundations of Computer Science T,9,72940,Computational Models And Languages M,0.67633344
93034,Foundations of Computer Science T,10,88145,Fundamentals of Computer Programming P1,0.67134769
93315,Computer Networks,1,95604,Operating Systems and Networks,0.72679210
93315,Computer Networks,2,95644,Computer Networks and Network Programming,0.71188617
93315,Computer Networks,3,70226,Network Programming,0.68956889
93315,Computer Networks,4,58423,Internet Architecture,0.66414608
93315,Computer Networks,5,96995,Programmable Networking,0.64286929
93315,Computer Networks,6,28024,Computer Networks T,0.62911908
93315,Computer Networks,7,91161,"Networks, Security And Data Bases",0.62196903
93315,Computer Networks,8,81683,Internet of Things,0.61892734
93315,Computer Networks,9,95782,Network Analysis,0.61867700
93315,Computer Networks,10,03716,Digital Design Principles and Computer Architecture,0.61809847
93319,INTRODUZIONE ALL'APPRENDIMENTO AUTOMATICO,1,91250-A,Deep Learning,0.73316357
93319,INTRODUZIONE ALL'APPRENDIMENTO AUTOMATICO,2,B0069,Artificial Intelligence for Digital Innovation,0.72405574
93319,INTRODUZIONE ALL'APPRENDIMENTO AUTOMATICO,3,91250,DEEP LEARNING,0.71273591
93319,INTRODUZIONE ALL'APPRENDIMENTO AUTOMATICO,4,90147,Artificial intelligence,0.69443172
93319,INTRODUZIONE ALL'APPRENDIMENTO AUTOMATICO,5,81940,Artificial Intelligence,0.67921557
93319,INTRODUZIONE ALL'APPRENDIMENTO AUTOMATICO,6,93478,COMPUTER VISION,0.67269743
93319,INTRODUZIONE ALL'APPRENDIMENTO AUTOMATICO,7,B1873,Machine Learning for Humanities,0.67218356
93319,INTRODUZIONE ALL'APPRENDIMENTO AUTOMATICO,8,92858,Autonomous and Adaptive Systems M,0.66442844
93319,INTRODUZIONE ALL'APPRENDIMENTO AUTOMATICO,9,91250-B,Deep Learning,0.65472488
93319,INTRODUZIONE ALL'APPRENDIMENTO AUTOMATICO,10,81610,Machine Learning,0.64987533
93333,Programming Lab,1,37262,Computer Programming,0.75748086
93333,Programming Lab,2,85285,Programming,0.75403724
93333,Programming Lab,3,07276-A,Computer Science,0.74590269
93333,Programming Lab,4,96346,INFORMATICA,0.72679939
93333,Programming Lab,5,00819-B,Programming,0.72407932
93333,Programming Lab,6,95602,Programming and Computer Architectures,0.72193612
93333,Programming Lab,7,16692,Laboratory of Informatics,0.72117014
93333,Programming Lab,8,28623,Foundations of Informatics and Laboratory,0.71893138
93333,Programming Lab,9,16870,Programming Laboratory,0.71799619
93333,Programming Lab,10,15305,Foundations of Informatics A,0.71301090
93363,Advanced Programming,1,37262,Computer Programming,0.75248229
93363,Advanced Programming,2,95602,Programming and Computer Architectures,0.74503987
93363,Advanced Programming,3,07276-A,Computer Science,0.71632890
93363,Advanced Programming,4,75969,Basic Informatics,0.70999612
93363,Advanced Programming,5,B0063,Programming Laboratory,0.70889552
93363,Advanced Programming,6,93034-A,Foundations of Computer Science T,0.70003123
93363,Advanced Programming,7,65094,ADVANCED PROGRAMMING,0.69280153
93363,Advanced Programming,8,28040,Information Technology,0.68567739
93363,Advanced Programming,9,90749,Computing Education,0.68188053
93363,Advanced Programming,10,11929-B,Algorithm and Data Structures,0.67524318
93379,Digital Culture,1,40720,Data Mining,0.63833468
93379,Digital Culture,2,B0074,PIATTAFORME PER LA TRASFORMAZIONE DIGITALE,0.63353991
93379,Digital Culture,3,81683,Internet of Things,0.62725528
93379,Digital Culture,4,B5674,Management of Digital Media,0.62387197
93379,Digital Culture,5,93653,Iot And Big Data For Smart Agricultural Systems,0.62360721
93379,Digital Culture,6,57828,Informatics,0.61711698
93379,Digital Culture,7,95631-A,Machine Learning and Data Mining,0.61351902
93379,Digital Culture,8,73273,Informatic Tecnologies for Fashion,0.61202179
93379,Digital Culture,9,B0069,Artificial Intelligence for Digital Innovation,0.60484790
93379,Digital Culture,10,B4826,Informatics for the Humanities,0.60126920
93466,FONDAMENTI DI CYBERSECURITY,1,93470,Cybersecurity,0.79118410
93466,FONDAMENTI DI CYBERSECURITY,2,72942,Information Security M,0.75822417
93466,FONDAMENTI DI CYBERSECURITY,3,14015,Cryptography,0.74874047
93466,FONDAMENTI DI CYBERSECURITY,4,93467,Cryptography,0.73660511
93466,FONDAMENTI DI CYBERSECURITY,5,88325,Computer and Network Security Lab T,0.69902238
93466,FONDAMENTI DI CYBERSECURITY,6,93470-A,Cybersecurity,0.69473006
93466,FONDAMENTI DI CYBERSECURITY,7,B5793,Cybersecurity M,0.66016313
93466,FONDAMENTI DI CYBERSECURITY,8,91161,"Networks, Security And Data Bases",0.64383482
93466,FONDAMENTI DI CYBERSECURITY,9,B5812,Cybersecurity Governance,0.61994054
93466,FONDAMENTI DI CYBERSECURITY,10,B0833,Computer Security Laboratory T,0.60041749
93467,Cryptography,1,72942,Information Security M,0.77200406
93467,Cryptography,2,14015,Cryptography,0.76137552
93467,Cryptography,3,93466,FONDAMENTI DI CYBERSECURITY,0.73660511
93467,Cryptography,4,93470,Cybersecurity,0.71384387
93467,Cryptography,5,88325,Computer and Network Security Lab T,0.62347414
93467,Cryptography,6,93470-A,Cybersecurity,0.59367175
93467,Cryptography,7,91161,"Networks, Security And Data Bases",0.59331675
93467,Cryptography,8,B5793,Cybersecurity M,0.59211038
93467,Cryptography,9,90748,Blockchain and Cryptocurrencies,0.58351686
93467,Cryptography,10,11929-B,Algorithm and Data Structures,0.57725066
93468,Distributed Software Systems,1,87474,Distributed Systems,0.89939358
93468,Distributed Software Systems,2,37085,"Principles, Models and Applications for Distributed Systems M",0.68992005
93468,Distributed Software Systems,3,84531,Infrastructures For Cloud Computing and Big Data M,0.68329243
93468,Distributed Software Systems,4,73025,Distributed Systems M,0.67464109
93468,Distributed Software Systems,5,17628,Concurrent and Distributed Programming,0.64302552
93468,Distributed Software Systems,6,28024,Computer Networks T,0.64240659
93468,Distributed Software Systems,7,95627,Software Engineering,0.63412378
93468,Distributed Software Systems,8,88324,System Administration T,0.63051114
93468,Distributed Software Systems,9,91161,"Networks, Security And Data Bases",0.62012251
93468,Distributed Software Systems,10,08574-B,Operating Systems,0.60139736
93469,Human Data Science,1,95965,Artificial Intelligence and Machine Learning for Business,0.64423006
93469,Human Data Science,2,95631-A,Machine Learning and Data Mining,0.61332352
93469,Human Data Science,3,40720,Data Mining,0.60360089
93469,Human Data Science,4,B0069,Artificial Intelligence for Digital Innovation,0.59560722
93469,Human Data Science,5,81610,Machine Learning,0.58118168
93469,Human Data Science,6,88202,Machine Learning,0.58118168
93469,Human Data Science,7,91269,Multimedia Data Management,0.57611197
93469,Human Data Science,8,95631,Machine Learning and Data Mining,0.57597917
93469,Human Data Science,9,B2125,Machine Learning and Data Mining M,0.57487654
93469,Human Data Science,10,78096,Multimedia Data Management M,0.57400229
93470-A,Cybersecurity,1,B5793,Cybersecurity M,0.85555538
93470-A,Cybersecurity,2,B5812,Cybersecurity Governance,0.80079073
93470-A,Cybersecurity,3,88325,Computer and Network Security Lab T,0.74741995
93470-A,Cybersecurity,4,93470,Cybersecurity,0.72212889
93470-A,Cybersecurity,5,72942,Information Security M,0.70920343
93470-A,Cybersecurity,6,93466,FONDAMENTI DI CYBERSECURITY,0.69473006
93470-A,Cybersecurity,7,B0833,Computer Security Laboratory T,0.65237140
93470-A,Cybersecurity,8,91161,"Networks, Security And Data Bases",0.63379434
93470-A,Cybersecurity,9,93467,Cryptography,0.59367175
93470-A,Cybersecurity,10,88324,System Administration T,0.59066214
93470,Cybersecurity,1,93466,FONDAMENTI DI CYBERSECURITY,0.79118410
93470,Cybersecurity,2,72942,Information Security M,0.75191997
93470,Cybersecurity,3,88325,Computer and Network Security Lab T,0.72253865
93470,Cybersecurity,4,93470-A,Cybersecurity,0.72212889
93470,Cybersecurity,5,93467,Cryptography,0.71384387
93470,Cybersecurity,6,B5793,Cybersecurity M,0.69577940
93470,Cybersecurity,7,14015,Cryptography,0.68895190
93470,Cybersecurity,8,B5812,Cybersecurity Governance,0.67206880
93470,Cybersecurity,9,91161,"Networks, Security And Data Bases",0.66433927
93470,Cybersecurity,10,95604,Operating Systems and Networks,0.61623215
93478,COMPUTER VISION,1,91254,Image Processing and Computer Vision,0.88308825
93478,COMPUTER VISION,2,17634,Computer Vision,0.77593634
93478,COMPUTER VISION,3,91266,Machine Learning for Computer Vision,0.77071534
93478,COMPUTER VISION,4,73302,Computer Vision And Image Processing M,0.74552777
93478,COMPUTER VISION,5,91250-A,Deep Learning,0.69036753
93478,COMPUTER VISION,6,69661,Image Processing And Computer Vision M,0.68378498
93478,COMPUTER VISION,7,93319,INTRODUZIONE ALL'APPRENDIMENTO AUTOMATICO,0.67269743
93478,COMPUTER VISION,8,78778,Intelligent Systems M,0.66440658
93478,COMPUTER VISION,9,91250,DEEP LEARNING,0.66430880
93478,COMPUTER VISION,10,98931,Fundamentals of Artificial Intelligence,0.63437423
93653,Iot And Big Data For Smart Agricultural Systems,1,81932,Big Data,0.73200276
93653,Iot And Big Data For Smart Agricultural Systems,2,81683,Internet of Things,0.72253783
93653,Iot And Big Data For Smart Agricultural Systems,3,40720,Data Mining,0.68008070
93653,Iot And Big Data For Smart Agricultural Systems,4,95630,Big Data and Cloud Platforms,0.67402578
93653,Iot And Big Data For Smart Agricultural Systems,5,B8019,PROGRAMMING THE INTERNET OF THINGS M,0.66749978
93653,Iot And Big Data For Smart Agricultural Systems,6,95639,Industry 4.0,0.65841296
93653,Iot And Big Data For Smart Agricultural Systems,7,30376,Business Intelligence,0.64885075
93653,Iot And Big Data For Smart Agricultural Systems,8,73025,Distributed Systems M,0.63643271
93653,Iot And Big Data For Smart Agricultural Systems,9,82202,Informatic,0.63413795
93653,Iot And Big Data For Smart Agricultural Systems,10,84401,Context-Aware Systems,0.63404063
93669,Intelligent Systems Engineering,1,92858,Autonomous and Adaptive Systems M,0.74944757
93669,Intelligent Systems Engineering,2,91267,Multi-Agent Systems,0.74909508
93669,Intelligent Systems Engineering,3,81940,Artificial Intelligence,0.73207825
93669,Intelligent Systems Engineering,4,78778,Intelligent Systems M,0.71688957
93669,Intelligent Systems Engineering,5,98931,Fundamentals of Artificial Intelligence,0.71050427
93669,Intelligent Systems Engineering,6,91248,Fundamentals of Artificial Intelligence and Knowledge Representation,0.69750043
93669,Intelligent Systems Engineering,7,B0069,Artificial Intelligence for Digital Innovation,0.68607673
93669,Intelligent Systems Engineering,8,90147,Artificial intelligence,0.67539358
93669,Intelligent Systems Engineering,9,91411,Intelligent Robotic Systems,0.67100233
93669,Intelligent Systems Engineering,10,95965,Artificial Intelligence and Machine Learning for Business,0.67025167
94442,Design of Web Applications T,1,41731,Web-related Technologies,0.78243574
94442,Design of Web Applications T,2,75835,Web Technologies,0.77394382
94442,Design of Web Applications T,3,69867,Web Services and Applications,0.71083002
94442,Design of Web Applications T,4,95645,Foundations of Web Systems,0.70786878
94442,Design of Web Applications T,5,95605,Web and Mobile Systems,0.70377992
94442,Design of Web Applications T,6,28659,Web Technologies T,0.69468762
94442,Design of Web Applications T,7,73025,Distributed Systems M,0.68646053
94442,Design of Web Applications T,8,41731-A,Web-related Technologies,0.68258085
94442,Design of Web Applications T,9,88566,Web Technology,0.67072700
94442,Design of Web Applications T,10,57828,Informatics,0.67070856
95602,Programming and Computer Architectures,1,37262,Computer Programming,0.79788432
95602,Programming and Computer Architectures,2,96007,Foundations of Computer Architecture and Operating Systems,0.76789109
95602,Programming and Computer Architectures,3,96346,INFORMATICA,0.76164179
95602,Programming and Computer Architectures,4,15305,Foundations of Informatics A,0.75968285
95602,Programming and Computer Architectures,5,09730,Principles of Informatics,0.75808153
95602,Programming and Computer Architectures,6,B0063,Programming Laboratory,0.75603957
95602,Programming and Computer Architectures,7,93363,Advanced Programming,0.74503987
95602,Programming and Computer Architectures,8,07276-A,Computer Science,0.73734361
95602,Programming and Computer Architectures,9,28623,Foundations of Informatics and Laboratory,0.72995949
95602,Programming and Computer Architectures,10,11925,Computer Architecture,0.72773109
95604,Operating Systems and Networks,1,95644,Computer Networks and Network Programming,0.79825289
95604,Operating Systems and Networks,2,70226,Network Programming,0.75335164
95604,Operating Systems and Networks,3,28024,Computer Networks T,0.74644269
95604,Operating Systems and Networks,4,93315,Computer Networks,0.72679210
95604,Operating Systems and Networks,5,88324,System Administration T,0.71290144
95604,Operating Systems and Networks,6,57828,Informatics,0.71081025
95604,Operating Systems and Networks,7,96995,Programmable Networking,0.70892336
95604,Operating Systems and Networks,8,95782,Network Analysis,0.70658411
95604,Operating Systems and Networks,9,96007,Foundations of Computer Architecture and Operating Systems,0.68513408
95604,Operating Systems and Networks,10,58423,Internet Architecture,0.68413800
95605,Web and Mobile Systems,1,41731,Web-related Technologies,0.84194163
95605,Web and Mobile Systems,2,75835,Web Technologies,0.83735419
95605,Web and Mobile Systems,3,88566,Web Technology,0.80394996
95605,Web and Mobile Systems,4,95645,Foundations of Web Systems,0.78016090
95605,Web and Mobile Systems,5,94442,Design of Web Applications T,0.70377992
95605,Web and Mobile Systems,6,85445,Information Modelling and Web Technologies,0.70359701
95605,Web and Mobile Systems,7,41731-A,Web-related Technologies,0.70256571
95605,Web and Mobile Systems,8,47240,Web Systems Engineering,0.68987314
95605,Web and Mobile Systems,9,69867,Web Services and Applications,0.68764900
95605,Web and Mobile Systems,10,84401,Context-Aware Systems,0.66943702
95611,Database Systems,1,10906,Databases,0.98744776
95611,Database Systems,2,79194,Databases,0.84670401
95611,Database Systems,3,70155,Data Bases,0.79088340
95611,Database Systems,4,84339,Advanced Database Systems,0.78349256
95611,Database Systems,5,10906-A,Databases,0.77900191
95611,Database Systems,6,96793,Information Systems and Database Management,0.76235881
95611,Database Systems,7,90107,BASI DI DATI,0.74393257
95611,Database Systems,8,28027,Information Systems T,0.72481314
95611,Database Systems,9,28796,Elements of Databases,0.71342582
95611,Database Systems,10,84530,Database and Big Data Technologies M,0.65737971
95627,Software Engineering,1,09032,Software Engineering,0.76171848
95627,Software Engineering,2,B0011,Software Process Engineering,0.74996539
95627,Software Engineering,3,90106,Software Engineering,0.73723057
95627,Software Engineering,4,B5474,ARCHITETTURE SOFTWARE A MICROSERVIZI,0.72639699
95627,Software Engineering,5,81612,Programming and Development paradigms,0.72150164
95627,Software Engineering,6,28021,Software Engineering T,0.71716349
95627,Software Engineering,7,66858,Software Engineering,0.71674787
95627,Software Engineering,8,B1874,Project Management and Software Engineering for Cultural Heritage,0.71599490
95627,Software Engineering,9,B0009,Advanced Software Modelling and Design,0.70802422
95627,Software Engineering,10,81917,Interaction Multimedia Services,0.70208959
95630,Big Data and Cloud Platforms,1,81932,Big Data,0.78244499
95630,Big Data and Cloud Platforms,2,84531,Infrastructures For Cloud Computing and Big Data M,0.69717952
95630,Big Data and Cloud Platforms,3,96793,Information Systems and Database Management,0.67844728
95630,Big Data and Cloud Platforms,4,93653,Iot And Big Data For Smart Agricultural Systems,0.67402578
95630,Big Data and Cloud Platforms,5,70155,Data Bases,0.67324792
95630,Big Data and Cloud Platforms,6,81942,Scalable and Cloud Programming,0.66970337
95630,Big Data and Cloud Platforms,7,28796,Elements of Databases,0.65443713
95630,Big Data and Cloud Platforms,8,95631,Machine Learning and Data Mining,0.64515466
95630,Big Data and Cloud Platforms,9,B2125,Machine Learning and Data Mining M,0.64046248
95630,Big Data and Cloud Platforms,10,B2133,Big Data Analytics and Text Mining,0.63613158
95631-A,Machine Learning and Data Mining,1,40720,Data Mining,0.88683413
95631-A,Machine Learning and Data Mining,2,95631,Machine Learning and Data Mining,0.80375090
95631-A,Machine Learning and Data Mining,3,B2125,Machine Learning and Data Mining M,0.79789806
95631-A,Machine Learning and Data Mining,4,95965,Artificial Intelligence and Machine Learning for Business,0.74414937
95631-A,Machine Learning and Data Mining,5,B2133,Big Data Analytics and Text Mining,0.70781610
95631-A,Machine Learning and Data Mining,6,B1873,Machine Learning for Humanities,0.69119307
95631-A,Machine Learning and Data Mining,7,70155,Data Bases,0.68387356
95631-A,Machine Learning and Data Mining,8,90477,Machine Learning Systems For Data Science,0.68133862
95631-A,Machine Learning and Data Mining,9,81610,Machine Learning,0.67341543
95631-A,Machine Learning and Data Mining,10,88202,Machine Learning,0.67341543
95631,Machine Learning and Data Mining,1,B2125,Machine Learning and Data Mining M,0.99414716
95631,Machine Learning and Data Mining,2,95631-A,Machine Learning and Data Mining,0.80375090
95631,Machine Learning and Data Mining,3,40720,Data Mining,0.78214732
95631,Machine Learning and Data Mining,4,95965,Artificial Intelligence and Machine Learning for Business,0.76141863
95631,Machine Learning and Data Mining,5,81932,Big Data,0.71726433
95631,Machine Learning and Data Mining,6,70155,Data Bases,0.71147122
95631,Machine Learning and Data Mining,7,90477,Machine Learning Systems For Data Science,0.71060706
95631,Machine Learning and Data Mining,8,B2133,Big Data Analytics and Text Mining,0.70638559
95631,Machine Learning and Data Mining,9,96143,Methods and Models for Data Analytics M,0.70265713
95631,Machine Learning and Data Mining,10,B5782,Algorithms and Data Structures for Computational Biology,0.69880325
95632,Laboratory on Digital Transformation Technologies,1,09679,Data Base Sistems,0.61351545
95632,Laboratory on Digital Transformation Technologies,2,95630,Big Data and Cloud Platforms,0.58675247
95632,Laboratory on Digital Transformation Technologies,3,73435,Project Management,0.58611305
95632,Laboratory on Digital Transformation Technologies,4,93379,Digital Culture,0.55471536
95632,Laboratory on Digital Transformation Technologies,5,95639,Industry 4.0,0.54626045
95632,Laboratory on Digital Transformation Technologies,6,91261,Artificial Intelligence in Industry,0.54056658
95632,Laboratory on Digital Transformation Technologies,7,73273,Informatic Tecnologies for Fashion,0.53506012
95632,Laboratory on Digital Transformation Technologies,8,27311,Humanistic IT,0.53376148
95632,Laboratory on Digital Transformation Technologies,9,B4925,IMMERSIVE TECHNOLOGIES FOR FASHION,0.52777567
95632,Laboratory on Digital Transformation Technologies,10,95965,Artificial Intelligence and Machine Learning for Business,0.52654206
95638,Operational Analytics,1,96143,Methods and Models for Data Analytics M,0.59471153
95638,Operational Analytics,2,91762,Combinatorial Decision Making and Optimization,0.54125718
95638,Operational Analytics,3,91261,Artificial Intelligence in Industry,0.52308913
95638,Operational Analytics,4,40720,Data Mining,0.52057909
95638,Operational Analytics,5,96142,Business Intelligence and Big Data M,0.51589401
95638,Operational Analytics,6,95631,Machine Learning and Data Mining,0.50077532
95638,Operational Analytics,7,B2125,Machine Learning and Data Mining M,0.50065805
95638,Operational Analytics,8,95965,Artificial Intelligence and Machine Learning for Business,0.49902792
95638,Operational Analytics,9,B4940,DATA SCIENCE FOR FASHION SYSTEM,0.49002010
95638,Operational Analytics,10,93469,Human Data Science,0.48857010
95639,Industry 4.0,1,81683,Internet of Things,0.66188893
95639,Industry 4.0,2,93653,Iot And Big Data For Smart Agricultural Systems,0.65841296
95639,Industry 4.0,3,B8019,PROGRAMMING THE INTERNET OF THINGS M,0.65169589
95639,Industry 4.0,4,81917,Interaction Multimedia Services,0.61880370
95639,Industry 4.0,5,88566,Web Technology,0.61699485
95639,Industry 4.0,6,09032,Software Engineering,0.61481467
95639,Industry 4.0,7,28652,IT Systems T-1,0.61282276
95639,Industry 4.0,8,93379,Digital Culture,0.59981272
95639,Industry 4.0,9,41731,Web-related Technologies,0.59499003
95639,Industry 4.0,10,91261,Artificial Intelligence in Industry,0.59428502
95644,Computer Networks and Network Programming,1,70226,Network Programming,0.90517135
95644,Computer Networks and Network Programming,2,95604,Operating Systems and Networks,0.79825289
95644,Computer Networks and Network Programming,3,58423,Internet Architecture,0.74749869
95644,Computer Networks and Network Programming,4,28024,Computer Networks T,0.73323673
95644,Computer Networks and Network Programming,5,96995,Programmable Networking,0.71787858
95644,Computer Networks and Network Programming,6,93315,Computer Networks,0.71188617
95644,Computer Networks and Network Programming,7,95782,Network Analysis,0.69272638
95644,Computer Networks and Network Programming,8,81683,Internet of Things,0.67025772
95644,Computer Networks and Network Programming,9,41731,Web-related Technologies,0.66623611
95644,Computer Networks and Network Programming,10,75835,Web Technologies,0.65859015
95645,Foundations of Web Systems,1,41731-A,Web-related Technologies,0.78750233
95645,Foundations of Web Systems,2,75835,Web Technologies,0.78673733
95645,Foundations of Web Systems,3,95605,Web and Mobile Systems,0.78016090
95645,Foundations of Web Systems,4,88566,Web Technology,0.77753104
95645,Foundations of Web Systems,5,41731,Web-related Technologies,0.77682476
95645,Foundations of Web Systems,6,47240,Web Systems Engineering,0.71624227
95645,Foundations of Web Systems,7,85445,Information Modelling and Web Technologies,0.71477140
95645,Foundations of Web Systems,8,94442,Design of Web Applications T,0.70786878
95645,Foundations of Web Systems,9,69867,Web Services and Applications,0.70169094
95645,Foundations of Web Systems,10,28659,Web Technologies T,0.66872728
95646,Virtualized Systems,1,96642,Virtualization and System Integration,0.72132066
95646,Virtualized Systems,2,37925,Virtual System Design,0.71039486
95646,Virtualized Systems,3,96995,Programmable Networking,0.67269362
95646,Virtualized Systems,4,57828,Informatics,0.64333321
95646,Virtualized Systems,5,95604,Operating Systems and Networks,0.63960216
95646,Virtualized Systems,6,95644,Computer Networks and Network Programming,0.63776896
95646,Virtualized Systems,7,88324,System Administration T,0.63517941
95646,Virtualized Systems,8,08574,Operating Systems,0.63186984
95646,Virtualized Systems,9,28024,Computer Networks T,0.62467623
95646,Virtualized Systems,10,B4826,Informatics for the Humanities,0.62147307
95648,Software Design and Development,1,70219,Object-Oriented Programming,0.84851706
95648,Software Design and Development,2,16870,Programming Laboratory,0.75084208
95648,Software Design and Development,3,B8554,SISTEMI SOFTWARE A OGGETTI T,0.73492355
95648,Software Design and Development,4,81612,Programming and Development paradigms,0.72484871
95648,Software Design and Development,5,09032,Software Engineering,0.70027135
95648,Software Design and Development,6,00819-A,Programming,0.67345690
95648,Software Design and Development,7,15305,Foundations of Informatics A,0.67239798
95648,Software Design and Development,8,09730,Principles of Informatics,0.67229885
95648,Software Design and Development,9,28623,Foundations of Informatics and Laboratory,0.66097210
95648,Software Design and Development,10,00819,Programming,0.66070149
95782,Network Analysis,1,90730,Social Network Analysis,0.84387977
95782,Network Analysis,2,95604,Operating Systems and Networks,0.70658411
95782,Network Analysis,3,70226,Network Programming,0.69904994
95782,Network Analysis,4,95644,Computer Networks and Network Programming,0.69272638
95782,Network Analysis,5,82202-A,Informatic,0.64977945
95782,Network Analysis,6,91161,"Networks, Security And Data Bases",0.64357828
95782,Network Analysis,7,39176,Basic and Laboratory Informatics,0.63939512
95782,Network Analysis,8,95631-A,Machine Learning and Data Mining,0.63868156
95782,Network Analysis,9,28024,Computer Networks T,0.63823980
95782,Network Analysis,10,88324,System Administration T,0.63630795
95965,Artificial Intelligence and Machine Learning for Business,1,95631,Machine Learning and Data Mining,0.76141863
95965,Artificial Intelligence and Machine Learning for Business,2,B2125,Machine Learning and Data Mining M,0.75691475
95965,Artificial Intelligence and Machine Learning for Business,3,95631-A,Machine Learning and Data Mining,0.74414937
95965,Artificial Intelligence and Machine Learning for Business,4,98931,Fundamentals of Artificial Intelligence,0.73082540
95965,Artificial Intelligence and Machine Learning for Business,5,91248,Fundamentals of Artificial Intelligence and Knowledge Representation,0.72610203
95965,Artificial Intelligence and Machine Learning for Business,6,81940,Artificial Intelligence,0.70868093
95965,Artificial Intelligence and Machine Learning for Business,7,81610,Machine Learning,0.70298795
95965,Artificial Intelligence and Machine Learning for Business,8,88202,Machine Learning,0.70298795
95965,Artificial Intelligence and Machine Learning for Business,9,92858,Autonomous and Adaptive Systems M,0.70026474
95965,Artificial Intelligence and Machine Learning for Business,10,B0069,Artificial Intelligence for Digital Innovation,0.69522200
96007,Foundations of Computer Architecture and Operating Systems,1,08574,Operating Systems,0.77110775
96007,Foundations of Computer Architecture and Operating Systems,2,95602,Programming and Computer Architectures,0.76789109
96007,Foundations of Computer Architecture and Operating Systems,3,11925,Computer Architecture,0.76548277
96007,Foundations of Computer Architecture and Operating Systems,4,15305,Foundations of Informatics A,0.74512062
96007,Foundations of Computer Architecture and Operating Systems,5,09730,Principles of Informatics,0.73621924
96007,Foundations of Computer Architecture and Operating Systems,6,03716,Digital Design Principles and Computer Architecture,0.72794319
96007,Foundations of Computer Architecture and Operating Systems,7,08574-A,Operating Systems,0.72447536
96007,Foundations of Computer Architecture and Operating Systems,8,69731,Computer Architecture,0.71762444
96007,Foundations of Computer Architecture and Operating Systems,9,91685,History of Informatics and Computing Systems,0.71747527
96007,Foundations of Computer Architecture and Operating Systems,10,09730-A,Principles of Informatics,0.71436795
96142,Business Intelligence and Big Data M,1,96143,Methods and Models for Data Analytics M,0.76624037
96142,Business Intelligence and Big Data M,2,84530,Database and Big Data Technologies M,0.73501491
96142,Business Intelligence and Big Data M,3,30376,Business Intelligence,0.72995839
96142,Business Intelligence and Big Data M,4,81932,Big Data,0.70171915
96142,Business Intelligence and Big Data M,5,28652,IT Systems T-1,0.63912858
96142,Business Intelligence and Big Data M,6,93653,Iot And Big Data For Smart Agricultural Systems,0.61651240
96142,Business Intelligence and Big Data M,7,B2133,Big Data Analytics and Text Mining,0.61347127
96142,Business Intelligence and Big Data M,8,72796,Data Intensive Applications,0.60831338
96142,Business Intelligence and Big Data M,9,98671,Business Analytics,0.59651475
96142,Business Intelligence and Big Data M,10,B2125,Machine Learning and Data Mining M,0.59202187
96143,Methods and Models for Data Analytics M,1,96142,Business Intelligence and Big Data M,0.76624037
96143,Methods and Models for Data Analytics M,2,B2125,Machine Learning and Data Mining M,0.71567217
96143,Methods and Models for Data Analytics M,3,95631,Machine Learning and Data Mining,0.70265713
96143,Methods and Models for Data Analytics M,4,81932,Big Data,0.69922215
96143,Methods and Models for Data Analytics M,5,40720,Data Mining,0.67704601
96143,Methods and Models for Data Analytics M,6,84530,Database and Big Data Technologies M,0.67338365
96143,Methods and Models for Data Analytics M,7,28652,IT Systems T-1,0.67234422
96143,Methods and Models for Data Analytics M,8,30376,Business Intelligence,0.66740338
96143,Methods and Models for Data Analytics M,9,11929-B,Algorithm and Data Structures,0.65336174
96143,Methods and Models for Data Analytics M,10,72796,Data Intensive Applications,0.64242921
96346-A,Informatics,1,57828,Informatics,0.60506968
96346-A,Informatics,2,82202,Informatic,0.57707983
96346-A,Informatics,3,78510,Informatics,0.56769766
96346-A,Informatics,4,82202-A,Informatic,0.55375308
96346-A,Informatics,5,72942,Information Security M,0.55315604
96346-A,Informatics,6,81683,Internet of Things,0.54957887
96346-A,Informatics,7,B0073,ELABORAZIONE DI TESTI E GESTIONE DOCUMENTALE,0.54660474
96346-A,Informatics,8,B4826,Informatics for the Humanities,0.54191922
96346-A,Informatics,9,41731,Web-related Technologies,0.54056096
96346-A,Informatics,10,75835,Web Technologies,0.53761074
96346-B,Computer Science,1,07276-B,Computer Science,1.00000000
96346-B,Computer Science,2,57828,Informatics,0.70173299
96346-B,Computer Science,3,09730,Principles of Informatics,0.69873429
96346-B,Computer Science,4,15305,Foundations of Informatics A,0.69788384
96346-B,Computer Science,5,09730-A,Principles of Informatics,0.68409520
96346-B,Computer Science,6,B4826,Informatics for the Humanities,0.66358871
96346-B,Computer Science,7,82202,Informatic,0.65898092
96346-B,Computer Science,8,37262,Computer Programming,0.65686265
96346-B,Computer Science,9,69731,Computer Architecture,0.65675324
96346-B,Computer Science,10,07276-A,Computer Science,0.65010872
96346,INFORMATICA,1,07276-A,Computer Science,0.80300072
96346,INFORMATICA,2,28040,Information Technology,0.79721920
96346,INFORMATICA,3,B0063,Programming Laboratory,0.77646271
96346,INFORMATICA,4,41588,INTRODUZIONE ALL'ANALISI DEI DATI,0.76343054
96346,INFORMATICA,5,28623,Foundations of Informatics and Laboratory,0.76284802
96346,INFORMATICA,6,37262,Computer Programming,0.76189820
96346,INFORMATICA,7,95602,Programming and Computer Architectures,0.76164179
96346,INFORMATICA,8,09730,Principles of Informatics,0.75412489
96346,INFORMATICA,9,65094,ADVANCED PROGRAMMING,0.75388403
96346,INFORMATICA,10,89988,Elements of Informatics,0.74936621
96642,Virtualization and System Integration,1,95646,Virtualized Systems,0.72132066
96642,Virtualization and System Integration,2,88324,System Administration T,0.71831929
96642,Virtualization and System Integration,3,B0832,Administration of Systems T,0.71147782
96642,Virtualization and System Integration,4,28652,IT Systems T-1,0.66098229
96642,Virtualization and System Integration,5,72942,Information Security M,0.65327437
96642,Virtualization and System Integration,6,08574,Operating Systems,0.64011035
96642,Virtualization and System Integration,7,70226,Network Programming,0.63763885
96642,Virtualization and System Integration,8,28024,Computer Networks T,0.63408766
96642,Virtualization and System Integration,9,37085,"Principles, Models and Applications for Distributed Systems M",0.62868513
96642,Virtualization and System Integration,10,99195,Cyber-Physical Systems Programming M,0.62865031
96725,IT and Game Localization,1,B8536,"Computer-Aided Human Translation: CAT, MT and AI",0.65237072
96725,IT and Game Localization,2,87898,Methods and Technologies for Interpreting,0.57707875
96725,IT and Game Localization,3,84401,Context-Aware Systems,0.57614868
96725,IT and Game Localization,4,72940,Computational Models And Languages M,0.57189298
96725,IT and Game Localization,5,B2696,"Language, Technology, Research I: Computational Thinking",0.56968514
96725,IT and Game Localization,6,B0073,ELABORAZIONE DI TESTI E GESTIONE DOCUMENTALE,0.56336956
96725,IT and Game Localization,7,B8603,Machine Translation and Artificial Intelligence for Language Services,0.54531697
96725,IT and Game Localization,8,87901,Methods and Advanced Technologies for Interpreting,0.54425117
96725,IT and Game Localization,9,37262,Computer Programming,0.53968289
96725,IT and Game Localization,10,27311-A,Humanistic IT,0.53780245
96793,Information Systems and Database Management,1,79194,Databases,0.88150604
96793,Information Systems and Database Management,2,70155,Data Bases,0.84712527
96793,Information Systems and Database Management,3,84339,Advanced Database Systems,0.78101704
96793,Information Systems and Database Management,4,28796,Elements of Databases,0.77842277
96793,Information Systems and Database Management,5,95611,Database Systems,0.76235881
96793,Information Systems and Database Management,6,10906,Databases,0.75118544
96793,Information Systems and Database Management,7,B8159,INFORMATICA,0.75080356
96793,Information Systems and Database Management,8,90107,BASI DI DATI,0.70653257
96793,Information Systems and Database Management,9,81932,Big Data,0.70463875
96793,Information Systems and Database Management,10,28652,IT Systems T-1,0.69787319
96859,Embedded Systems and Internet of Things,1,77780,Embedded Systems Programming and Internet of Things,0.94715519
96859,Embedded Systems and Internet of Things,2,81683,Internet of Things,0.71773111
96859,Embedded Systems and Internet of Things,3,B8019,PROGRAMMING THE INTERNET OF THINGS M,0.68081915
96859,Embedded Systems and Internet of Things,4,99195,Cyber-Physical Systems Programming M,0.65274346
96859,Embedded Systems and Internet of Things,5,08574-A,Operating Systems,0.64647343
96859,Embedded Systems and Internet of Things,6,09032,Software Engineering,0.64258597
96859,Embedded Systems and Internet of Things,7,81678,Laboratory of Making,0.64173911
96859,Embedded Systems and Internet of Things,8,B5722,Embedded Sensors,0.63771308
96859,Embedded Systems and Internet of Things,9,95627,Software Engineering,0.62731609
96859,Embedded Systems and Internet of Things,10,95604,Operating Systems and Networks,0.62480324
96994,Smart Vehicular-Systems,1,90074,Smart Vehicular Systems,0.99945197
96994,Smart Vehicular-Systems,2,92858,Autonomous and Adaptive Systems M,0.61819803
96994,Smart Vehicular-Systems,3,B1873,Machine Learning for Humanities,0.59364739
96994,Smart Vehicular-Systems,4,09032,Software Engineering,0.59273297
96994,Smart Vehicular-Systems,5,95639,Industry 4.0,0.59197103
96994,Smart Vehicular-Systems,6,88324,System Administration T,0.58832105
96994,Smart Vehicular-Systems,7,91261,Artificial Intelligence in Industry,0.58786009
96994,Smart Vehicular-Systems,8,41169,Theoretical Computer Science,0.58044126
96994,Smart Vehicular-Systems,9,81934,HUMAN COMPUTER INTERACTION,0.58030848
96994,Smart Vehicular-Systems,10,B8019,PROGRAMMING THE INTERNET OF THINGS M,0.57725245
96995,Programmable Networking,1,95644,Computer Networks and Network Programming,0.71787858
96995,Programmable Networking,2,95604,Operating Systems and Networks,0.70892336
96995,Programmable Networking,3,28024,Computer Networks T,0.69875861
96995,Programmable Networking,4,70226,Network Programming,0.67762151
96995,Programmable Networking,5,95646,Virtualized Systems,0.67269362
96995,Programmable Networking,6,91161,"Networks, Security And Data Bases",0.67217892
96995,Programmable Networking,7,57828,Informatics,0.66979733
96995,Programmable Networking,8,81683,Internet of Things,0.65696061
96995,Programmable Networking,9,84531,Infrastructures For Cloud Computing and Big Data M,0.65440912
96995,Programmable Networking,10,28106,Computer Science for Environmental Sciences,0.64755816
97431,Scalable and Reliable Services M,1,B5796,Scalable and Reliable Services M,1.00000000
97431,Scalable and Reliable Services M,2,73025,Distributed Systems M,0.58364591
97431,Scalable and Reliable Services M,3,78779,Mobile Systems M,0.55787728
97431,Scalable and Reliable Services M,4,95630,Big Data and Cloud Platforms,0.55639345
97431,Scalable and Reliable Services M,5,95627,Software Engineering,0.55447706
97431,Scalable and Reliable Services M,6,B0832,Administration of Systems T,0.55236949
97431,Scalable and Reliable Services M,7,84531,Infrastructures For Cloud Computing and Big Data M,0.54880895
97431,Scalable and Reliable Services M,8,B5793,Cybersecurity M,0.54391408
97431,Scalable and Reliable Services M,9,B5474,ARCHITETTURE SOFTWARE A MICROSERVIZI,0.52924878
97431,Scalable and Reliable Services M,10,87474,Distributed Systems,0.52888718
97466,Digital represention of the Landscape Project,1,70210,Lab-based Course on Computer Graphics,0.71484879
97466,Digital represention of the Landscape Project,2,B1874,Project Management and Software Engineering for Cultural Heritage,0.64609182
97466,Digital represention of the Landscape Project,3,98618,"""Document Digitization Techniques """,0.64437905
97466,Digital represention of the Landscape Project,4,09032,Software Engineering,0.63874336
97466,Digital represention of the Landscape Project,5,B5059,Interaction Media Design,0.63742307
97466,Digital represention of the Landscape Project,6,81917,Interaction Multimedia Services,0.63114236
97466,Digital represention of the Landscape Project,7,91254,Image Processing and Computer Vision,0.62845852
97466,Digital represention of the Landscape Project,8,B0073,ELABORAZIONE DI TESTI E GESTIONE DOCUMENTALE,0.62424410
97466,Digital represention of the Landscape Project,9,76011,Multimedia Technologies in Archaelogy,0.62228078
97466,Digital represention of the Landscape Project,10,B8396,Basic IT Skills,0.61621647
98618,"""Document Digitization Techniques """,1,B0073,ELABORAZIONE DI TESTI E GESTIONE DOCUMENTALE,0.68326971
98618,"""Document Digitization Techniques """,2,76011,Multimedia Technologies in Archaelogy,0.68001789
98618,"""Document Digitization Techniques """,3,B5079,Digital Humanities and Data Management for Cultural Heritage,0.67419102
98618,"""Document Digitization Techniques """,4,B5059,Interaction Media Design,0.67071786
98618,"""Document Digitization Techniques """,5,48693,Computer Science for Cultural Heritage,0.66550602
98618,"""Document Digitization Techniques """,6,48693-A,Computer Science for Cultural Heritage,0.66519520
98618,"""Document Digitization Techniques """,7,97466,Digital represention of the Landscape Project,0.64437905
98618,"""Document Digitization Techniques """,8,B8396,Basic IT Skills,0.63188681
98618,"""Document Digitization Techniques """,9,75969,Basic Informatics,0.62919165
98618,"""Document Digitization Techniques """,10,B4826,Informatics for the Humanities,0.61500201
98671,Business Analytics,1,30376,Business Intelligence,0.66016108
98671,Business Analytics,2,96793,Information Systems and Database Management,0.63094233
98671,Business Analytics,3,40720,Data Mining,0.62923874
98671,Business Analytics,4,95631,Machine Learning and Data Mining,0.62609081
98671,Business Analytics,5,B2125,Machine Learning and Data Mining M,0.62392202
98671,Business Analytics,6,70155,Data Bases,0.61894984
98671,Business Analytics,7,95631-A,Machine Learning and Data Mining,0.61592972
98671,Business Analytics,8,79194,Databases,0.60128009
98671,Business Analytics,9,81932,Big Data,0.59981444
98671,Business Analytics,10,96142,Business Intelligence and Big Data M,0.59651475
98735,Python Coding and Data Science,1,85189,Systems and Algorithms for Data Science,0.65027971
98735,Python Coding and Data Science,2,95602,Programming and Computer Architectures,0.63880128
98735,Python Coding and Data Science,3,41588,INTRODUZIONE ALL'ANALISI DEI DATI,0.63785343
98735,Python Coding and Data Science,4,90477,Machine Learning Systems For Data Science,0.63253087
98735,Python Coding and Data Science,5,09730,Principles of Informatics,0.62041153
98735,Python Coding and Data Science,6,40720,Data Mining,0.62039869
98735,Python Coding and Data Science,7,15305,Foundations of Informatics A,0.61457177
98735,Python Coding and Data Science,8,37262,Computer Programming,0.61425165
98735,Python Coding and Data Science,9,96346,INFORMATICA,0.61160180
98735,Python Coding and Data Science,10,B5782,Algorithms and Data Structures for Computational Biology,0.60497110
98931,Fundamentals of Artificial Intelligence,1,91248,Fundamentals of Artificial Intelligence and Knowledge Representation,0.98897924
98931,Fundamentals of Artificial Intelligence,2,B5727,Introduction to Languages for Artificial Intelligence,0.82168574
98931,Fundamentals of Artificial Intelligence,3,78778,Intelligent Systems M,0.80636005
98931,Fundamentals of Artificial Intelligence,4,81940,Artificial Intelligence,0.79293279
98931,Fundamentals of Artificial Intelligence,5,90147,Artificial intelligence,0.76351251
98931,Fundamentals of Artificial Intelligence,6,72938,Foundations Of Artificial Intelligence T,0.74456463
98931,Fundamentals of Artificial Intelligence,7,89988,Elements of Informatics,0.73814011
98931,Fundamentals of Artificial Intelligence,8,95965,Artificial Intelligence and Machine Learning for Business,0.73082540
98931,Fundamentals of Artificial Intelligence,9,91762,Combinatorial Decision Making and Optimization,0.72910036
98931,Fundamentals of Artificial Intelligence,10,B8105,Computational Management of Data,0.72742541
99195,Cyber-Physical Systems Programming M,1,77780,Embedded Systems Programming and Internet of Things,0.66030936
99195,Cyber-Physical Systems Programming M,2,96859,Embedded Systems and Internet of Things,0.65274346
99195,Cyber-Physical Systems Programming M,3,B0009,Advanced Software Modelling and Design,0.65090617
99195,Cyber-Physical Systems Programming M,4,85728,Real Time OS M,0.64182334
99195,Cyber-Physical Systems Programming M,5,90749,Computing Education,0.63947991
99195,Cyber-Physical Systems Programming M,6,95602,Programming and Computer Architectures,0.63362149
99195,Cyber-Physical Systems Programming M,7,57828,Informatics,0.63103959
99195,Cyber-Physical Systems Programming M,8,81683,Internet of Things,0.63012501
99195,Cyber-Physical Systems Programming M,9,96642,Virtualization and System Integration,0.62865031
99195,Cyber-Physical Systems Programming M,10,03716,Digital Design Principles and Computer Architecture,0.62790780
B0009,Advanced Software Modelling and Design,1,09032,Software Engineering,0.75398897
B0009,Advanced Software Modelling and Design,2,28021,Software Engineering T,0.72480877
B0009,Advanced Software Modelling and Design,3,95627,Software Engineering,0.70802422
B0009,Advanced Software Modelling and Design,4,B0010,Software Architecture and Platforms,0.70348341
B0009,Advanced Software Modelling and Design,5,B5474,ARCHITETTURE SOFTWARE A MICROSERVIZI,0.69885209
B0009,Advanced Software Modelling and Design,6,37760,Systems Simulation,0.69779786
B0009,Advanced Software Modelling and Design,7,B0011,Software Process Engineering,0.68954205
B0009,Advanced Software Modelling and Design,8,90106,Software Engineering,0.68402759
B0009,Advanced Software Modelling and Design,9,28623,Foundations of Informatics and Laboratory,0.68173219
B0009,Advanced Software Modelling and Design,10,81612,Programming and Development paradigms,0.68120114
B0010,Software Architecture and Platforms,1,28021,Software Engineering T,0.76627722
B0010,Software Architecture and Platforms,2,09032,Software Engineering,0.70373154
B0010,Software Architecture and Platforms,3,B0009,Advanced Software Modelling and Design,0.70348341
B0010,Software Architecture and Platforms,4,90106,Software Engineering,0.69928011
B0010,Software Architecture and Platforms,5,95627,Software Engineering,0.68976274
B0010,Software Architecture and Platforms,6,66858,Software Engineering,0.68826202
B0010,Software Architecture and Platforms,7,B5474,ARCHITETTURE SOFTWARE A MICROSERVIZI,0.68213916
B0010,Software Architecture and Platforms,8,81612,Programming and Development paradigms,0.66717463
B0010,Software Architecture and Platforms,9,B1874,Project Management and Software Engineering for Cultural Heritage,0.66714463
B0010,Software Architecture and Platforms,10,95648,Software Design and Development,0.65803386
B0011,Software Process Engineering,1,95627,Software Engineering,0.74996539
B0011,Software Process Engineering,2,81612,Programming and Development paradigms,0.73009079
B0011,Software Process Engineering,3,09032,Software Engineering,0.72823241
B0011,Software Process Engineering,4,B0009,Advanced Software Modelling and Design,0.68954205
B0011,Software Process Engineering,5,28021,Software Engineering T,0.68532091
B0011,Software Process Engineering,6,90106,Software Engineering,0.67863052
B0011,Software Process Engineering,7,66858,Software Engineering,0.67530113
B0011,Software Process Engineering,8,73025,Distributed Systems M,0.66596288
B0011,Software Process Engineering,9,B1874,Project Management and Software Engineering for Cultural Heritage,0.64577131
B0011,Software Process Engineering,10,28652,IT Systems T-1,0.63828948
B0061,Computer Methods for Digital Transformation,1,09032,Software Engineering,0.59445313
B0061,Computer Methods for Digital Transformation,2,91264,User Experience Design,0.57896973
B0061,Computer Methods for Digital Transformation,3,90720,Usability & User Experience Design,0.57894054
B0061,Computer Methods for Digital Transformation,4,85573,Usability and User Experience,0.57615797
B0061,Computer Methods for Digital Transformation,5,B8396,Basic IT Skills,0.56829222
B0061,Computer Methods for Digital Transformation,6,75969,Basic Informatics,0.56589452
B0061,Computer Methods for Digital Transformation,7,98618,"""Document Digitization Techniques """,0.56389635
B0061,Computer Methods for Digital Transformation,8,90749,Computing Education,0.55874813
B0061,Computer Methods for Digital Transformation,9,B8105,Computational Management of Data,0.53816528
B0061,Computer Methods for Digital Transformation,10,28011,Logic Design T,0.53639717
B0063,Programming Laboratory,1,96346,INFORMATICA,0.77646271
B0063,Programming Laboratory,2,95602,Programming and Computer Architectures,0.75603957
B0063,Programming Laboratory,3,37262,Computer Programming,0.75533799
B0063,Programming Laboratory,4,88145,Fundamentals of Computer Programming P1,0.75018750
B0063,Programming Laboratory,5,11929-B,Algorithm and Data Structures,0.74362101
B0063,Programming Laboratory,6,16870,Programming Laboratory,0.73564830
B0063,Programming Laboratory,7,93034-A,Foundations of Computer Science T,0.73558515
B0063,Programming Laboratory,8,B8905,Foundations of Programming,0.71827459
B0063,Programming Laboratory,9,07276-A,Computer Science,0.71593117
B0063,Programming Laboratory,10,90749,Computing Education,0.71308217
B0064,Introduction to Data Science and Computational Thinking,1,09730,Principles of Informatics,0.75421766
B0064,Introduction to Data Science and Computational Thinking,2,15305,Foundations of Informatics A,0.74873637
B0064,Introduction to Data Science and Computational Thinking,3,B4826,Informatics for the Humanities,0.72108695
B0064,Introduction to Data Science and Computational Thinking,4,28623,Foundations of Informatics and Laboratory,0.71741697
B0064,Introduction to Data Science and Computational Thinking,5,96346,INFORMATICA,0.70696298
B0064,Introduction to Data Science and Computational Thinking,6,95602,Programming and Computer Architectures,0.70380286
B0064,Introduction to Data Science and Computational Thinking,7,37262,Computer Programming,0.69779356
B0064,Introduction to Data Science and Computational Thinking,8,72940,Computational Models And Languages M,0.68658124
B0064,Introduction to Data Science and Computational Thinking,9,85189,Systems and Algorithms for Data Science,0.68183484
B0064,Introduction to Data Science and Computational Thinking,10,B5782,Algorithms and Data Structures for Computational Biology,0.67905966
B0069,Artificial Intelligence for Digital Innovation,1,81940,Artificial Intelligence,0.79328814
B0069,Artificial Intelligence for Digital Innovation,2,90147,Artificial intelligence,0.78219126
B0069,Artificial Intelligence for Digital Innovation,3,78778,Intelligent Systems M,0.74017650
B0069,Artificial Intelligence for Digital Innovation,4,72938,Foundations Of Artificial Intelligence T,0.72426082
B0069,Artificial Intelligence for Digital Innovation,5,93319,INTRODUZIONE ALL'APPRENDIMENTO AUTOMATICO,0.72405574
B0069,Artificial Intelligence for Digital Innovation,6,98931,Fundamentals of Artificial Intelligence,0.71744221
B0069,Artificial Intelligence for Digital Innovation,7,91248,Fundamentals of Artificial Intelligence and Knowledge Representation,0.70749695
B0069,Artificial Intelligence for Digital Innovation,8,92858,Autonomous and Adaptive Systems M,0.70413237
B0069,Artificial Intelligence for Digital Innovation,9,95965,Artificial Intelligence and Machine Learning for Business,0.69522200
B0069,Artificial Intelligence for Digital Innovation,10,91250-A,Deep Learning,0.68972571
B0070,METODOLOGIE E TECNICHE DI SIMULAZIONE,1,B5292,Knowledge Engeneering for the Humanities,0.80891674
B0070,METODOLOGIE E TECNICHE DI SIMULAZIONE,2,42500,Semantic Web,0.71522574
B0070,METODOLOGIE E TECNICHE DI SIMULAZIONE,3,85446,Knowledge Representation and Extraction,0.70406900
B0070,METODOLOGIE E TECNICHE DI SIMULAZIONE,4,91265,Knowledge Engineering,0.70245725
B0070,METODOLOGIE E TECNICHE DI SIMULAZIONE,5,B8929,Computer Studies and Human Sciences,0.66626304
B0070,METODOLOGIE E TECNICHE DI SIMULAZIONE,6,11929-B,Algorithm and Data Structures,0.66342543
B0070,METODOLOGIE E TECNICHE DI SIMULAZIONE,7,B5293,Computer Studies and Humanities,0.65718321
B0070,METODOLOGIE E TECNICHE DI SIMULAZIONE,8,B1873,Machine Learning for Humanities,0.65559626
B0070,METODOLOGIE E TECNICHE DI SIMULAZIONE,9,90147,Artificial intelligence,0.64368836
B0070,METODOLOGIE E TECNICHE DI SIMULAZIONE,10,85189,Systems and Algorithms for Data Science,0.63419838
B0073,ELABORAZIONE DI TESTI E GESTIONE DOCUMENTALE,1,85445,Information Modelling and Web Technologies,0.70880307
B0073,ELABORAZIONE DI TESTI E GESTIONE DOCUMENTALE,2,B8396,Basic IT Skills,0.69863465
B0073,ELABORAZIONE DI TESTI E GESTIONE DOCUMENTALE,3,98618,"""Document Digitization Techniques """,0.68326971
B0073,ELABORAZIONE DI TESTI E GESTIONE DOCUMENTALE,4,27311,Humanistic IT,0.67846978
B0073,ELABORAZIONE DI TESTI E GESTIONE DOCUMENTALE,5,27311-A,Humanistic IT,0.67814911
B0073,ELABORAZIONE DI TESTI E GESTIONE DOCUMENTALE,6,B4826,Informatics for the Humanities,0.67561057
B0073,ELABORAZIONE DI TESTI E GESTIONE DOCUMENTALE,7,B6082,Technology-Assisted Interpreting I,0.66015401
B0073,ELABORAZIONE DI TESTI E GESTIONE DOCUMENTALE,8,88566,Web Technology,0.65741154
B0073,ELABORAZIONE DI TESTI E GESTIONE DOCUMENTALE,9,87898,Methods and Technologies for Interpreting,0.64912316
B0073,ELABORAZIONE DI TESTI E GESTIONE DOCUMENTALE,10,B5079,Digital Humanities and Data Management for Cultural Heritage,0.64637601
B0074,PIATTAFORME PER LA TRASFORMAZIONE DIGITALE,1,B1459,"ARTIFICIAL INTELLIGENCE, BLOCKCHAIN E CRIPTOVALUTE NELLO SVILUPPO SOFTWARE",0.94293968
B0074,PIATTAFORME PER LA TRASFORMAZIONE DIGITALE,2,90106,Software Engineering,0.66145953
B0074,PIATTAFORME PER LA TRASFORMAZIONE DIGITALE,3,92858,Autonomous and Adaptive Systems M,0.64121920
B0074,PIATTAFORME PER LA TRASFORMAZIONE DIGITALE,4,B0069,Artificial Intelligence for Digital Innovation,0.63965105
B0074,PIATTAFORME PER LA TRASFORMAZIONE DIGITALE,5,66858,Software Engineering,0.63653365
B0074,PIATTAFORME PER LA TRASFORMAZIONE DIGITALE,6,93379,Digital Culture,0.63353991
B0074,PIATTAFORME PER LA TRASFORMAZIONE DIGITALE,7,B1874,Project Management and Software Engineering for Cultural Heritage,0.63091533
B0074,PIATTAFORME PER LA TRASFORMAZIONE DIGITALE,8,57828,Informatics,0.62546494
B0074,PIATTAFORME PER LA TRASFORMAZIONE DIGITALE,9,81612,Programming and Development paradigms,0.62267400
B0074,PIATTAFORME PER LA TRASFORMAZIONE DIGITALE,10,09730,Principles of Informatics,0.61616829
B0385,Natural Language Processing,1,91258,Natural Language Processing,1.00000000
B0385,Natural Language Processing,2,91258-A,Natural Language Processing,0.75873719
B0385,Natural Language Processing,3,91258-B,Natural Language Processing,0.73554198
B0385,Natural Language Processing,4,B2696,"Language, Technology, Research I: Computational Thinking",0.69256411
B0385,Natural Language Processing,5,72940,Computational Models And Languages M,0.66970032
B0385,Natural Language Processing,6,B8603,Machine Translation and Artificial Intelligence for Language Services,0.63570029
B0385,Natural Language Processing,7,87898,Methods and Technologies for Interpreting,0.62650595
B0385,Natural Language Processing,8,B1873,Machine Learning for Humanities,0.62350863
B0385,Natural Language Processing,9,91250-A,Deep Learning,0.62277370
B0385,Natural Language Processing,10,81940,Artificial Intelligence,0.61082232
B0832,Administration of Systems T,1,88324,System Administration T,0.86630266
B0832,Administration of Systems T,2,28652,IT Systems T-1,0.71628782
B0832,Administration of Systems T,3,96642,Virtualization and System Integration,0.71147782
B0832,Administration of Systems T,4,B0833,Computer Security Laboratory T,0.67780250
B0832,Administration of Systems T,5,28024,Computer Networks T,0.67592933
B0832,Administration of Systems T,6,37085,"Principles, Models and Applications for Distributed Systems M",0.66549924
B0832,Administration of Systems T,7,B0009,Advanced Software Modelling and Design,0.66130076
B0832,Administration of Systems T,8,88155,Industrial Informatics P,0.64875524
B0832,Administration of Systems T,9,09032,Software Engineering,0.63869920
B0832,Administration of Systems T,10,81917,Interaction Multimedia Services,0.63794085
B0833,Computer Security Laboratory T,1,88325,Computer and Network Security Lab T,0.81022107
B0833,Computer Security Laboratory T,2,B5793,Cybersecurity M,0.71548075
B0833,Computer Security Laboratory T,3,72942,Information Security M,0.68065613
B0833,Computer Security Laboratory T,4,B0832,Administration of Systems T,0.67780250
B0833,Computer Security Laboratory T,5,93470-A,Cybersecurity,0.65237140
B0833,Computer Security Laboratory T,6,B5812,Cybersecurity Governance,0.63178661
B0833,Computer Security Laboratory T,7,93470,Cybersecurity,0.60602843
B0833,Computer Security Laboratory T,8,88324,System Administration T,0.60266181
B0833,Computer Security Laboratory T,9,93466,FONDAMENTI DI CYBERSECURITY,0.60041749
B0833,Computer Security Laboratory T,10,93467,Cryptography,0.57463876
B1459,"ARTIFICIAL INTELLIGENCE, BLOCKCHAIN E CRIPTOVALUTE NELLO SVILUPPO SOFTWARE",1,B0074,PIATTAFORME PER LA TRASFORMAZIONE DIGITALE,0.94293968
B1459,"ARTIFICIAL INTELLIGENCE, BLOCKCHAIN E CRIPTOVALUTE NELLO SVILUPPO SOFTWARE",2,90106,Software Engineering,0.67470391
B1459,"ARTIFICIAL INTELLIGENCE, BLOCKCHAIN E CRIPTOVALUTE NELLO SVILUPPO SOFTWARE",3,81940,Artificial Intelligence,0.65321402
B1459,"ARTIFICIAL INTELLIGENCE, BLOCKCHAIN E CRIPTOVALUTE NELLO SVILUPPO SOFTWARE",4,66858,Software Engineering,0.64977803
B1459,"ARTIFICIAL INTELLIGENCE, BLOCKCHAIN E CRIPTOVALUTE NELLO SVILUPPO SOFTWARE",5,B0069,Artificial Intelligence for Digital Innovation,0.64760118
B1459,"ARTIFICIAL INTELLIGENCE, BLOCKCHAIN E CRIPTOVALUTE NELLO SVILUPPO SOFTWARE",6,92858,Autonomous and Adaptive Systems M,0.64699377
B1459,"ARTIFICIAL INTELLIGENCE, BLOCKCHAIN E CRIPTOVALUTE NELLO SVILUPPO SOFTWARE",7,90147,Artificial intelligence,0.64309940
B1459,"ARTIFICIAL INTELLIGENCE, BLOCKCHAIN E CRIPTOVALUTE NELLO SVILUPPO SOFTWARE",8,81612,Programming and Development paradigms,0.62624579
B1459,"ARTIFICIAL INTELLIGENCE, BLOCKCHAIN E CRIPTOVALUTE NELLO SVILUPPO SOFTWARE",9,57828,Informatics,0.62568557
B1459,"ARTIFICIAL INTELLIGENCE, BLOCKCHAIN E CRIPTOVALUTE NELLO SVILUPPO SOFTWARE",10,09730,Principles of Informatics,0.62507569
B1703,Introduction to Programming,1,B8105,Computational Management of Data,0.83650976
B1703,Introduction to Programming,2,75969,Basic Informatics,0.71406686
B1703,Introduction to Programming,3,28040,Information Technology,0.71263468
B1703,Introduction to Programming,4,89988,Elements of Informatics,0.70241395
B1703,Introduction to Programming,5,11929-B,Algorithm and Data Structures,0.70032959
B1703,Introduction to Programming,6,07276-A,Computer Science,0.69865687
B1703,Introduction to Programming,7,28623,Foundations of Informatics and Laboratory,0.68964095
B1703,Introduction to Programming,8,37262,Computer Programming,0.67952135
B1703,Introduction to Programming,9,95602,Programming and Computer Architectures,0.67876038
B1703,Introduction to Programming,10,09730-A,Principles of Informatics,0.67514133
B1873,Machine Learning for Humanities,1,B8603,Machine Translation and Artificial Intelligence for Language Services,0.73957824
B1873,Machine Learning for Humanities,2,90147,Artificial intelligence,0.73896724
B1873,Machine Learning for Humanities,3,91266,Machine Learning for Computer Vision,0.72320060
B1873,Machine Learning for Humanities,4,91250-A,Deep Learning,0.71312444
B1873,Machine Learning for Humanities,5,91250,DEEP LEARNING,0.71074810
B1873,Machine Learning for Humanities,6,91261,Artificial Intelligence in Industry,0.69974562
B1873,Machine Learning for Humanities,7,90477,Machine Learning Systems For Data Science,0.69388079
B1873,Machine Learning for Humanities,8,95631-A,Machine Learning and Data Mining,0.69119307
B1873,Machine Learning for Humanities,9,B8105,Computational Management of Data,0.68684005
B1873,Machine Learning for Humanities,10,B0069,Artificial Intelligence for Digital Innovation,0.67435130
B1874,Project Management and Software Engineering for Cultural Heritage,1,09032,Software Engineering,0.74926794
B1874,Project Management and Software Engineering for Cultural Heritage,2,90106,Software Engineering,0.72939017
B1874,Project Management and Software Engineering for Cultural Heritage,3,66858,Software Engineering,0.72892565
B1874,Project Management and Software Engineering for Cultural Heritage,4,95627,Software Engineering,0.71599490
B1874,Project Management and Software Engineering for Cultural Heritage,5,28021,Software Engineering T,0.70594585
B1874,Project Management and Software Engineering for Cultural Heritage,6,28652,IT Systems T-1,0.68025367
B1874,Project Management and Software Engineering for Cultural Heritage,7,81612,Programming and Development paradigms,0.66908040
B1874,Project Management and Software Engineering for Cultural Heritage,8,B0009,Advanced Software Modelling and Design,0.66733359
B1874,Project Management and Software Engineering for Cultural Heritage,9,B0010,Software Architecture and Platforms,0.66714463
B1874,Project Management and Software Engineering for Cultural Heritage,10,90749,Computing Education,0.66005241
B2125,Machine Learning and Data Mining M,1,95631,Machine Learning and Data Mining,0.99414716
B2125,Machine Learning and Data Mining M,2,95631-A,Machine Learning and Data Mining,0.79789806
B2125,Machine Learning and Data Mining M,3,40720,Data Mining,0.77670364
B2125,Machine Learning and Data Mining M,4,95965,Artificial Intelligence and Machine Learning for Business,0.75691475
B2125,Machine Learning and Data Mining M,5,96143,Methods and Models for Data Analytics M,0.71567217
B2125,Machine Learning and Data Mining M,6,81932,Big Data,0.71384123
B2125,Machine Learning and Data Mining M,7,90477,Machine Learning Systems For Data Science,0.70711562
B2125,Machine Learning and Data Mining M,8,70155,Data Bases,0.70688265
B2125,Machine Learning and Data Mining M,9,B2133,Big Data Analytics and Text Mining,0.70175240
B2125,Machine Learning and Data Mining M,10,B5782,Algorithms and Data Structures for Computational Biology,0.69753120
B2133,Big Data Analytics and Text Mining,1,40720,Data Mining,0.76239326
B2133,Big Data Analytics and Text Mining,2,81932,Big Data,0.74550958
B2133,Big Data Analytics and Text Mining,3,95631-A,Machine Learning and Data Mining,0.70781610
B2133,Big Data Analytics and Text Mining,4,95631,Machine Learning and Data Mining,0.70638559
B2133,Big Data Analytics and Text Mining,5,B2125,Machine Learning and Data Mining M,0.70175240
B2133,Big Data Analytics and Text Mining,6,90477,Machine Learning Systems For Data Science,0.68848568
B2133,Big Data Analytics and Text Mining,7,85189,Systems and Algorithms for Data Science,0.68378687
B2133,Big Data Analytics and Text Mining,8,70155,Data Bases,0.67067383
B2133,Big Data Analytics and Text Mining,9,11929-B,Algorithm and Data Structures,0.66762815
B2133,Big Data Analytics and Text Mining,10,28796,Elements of Databases,0.66146891
B2696,"Language, Technology, Research I: Computational Thinking",1,37262,Computer Programming,0.75282389
B2696,"Language, Technology, Research I: Computational Thinking",2,72940,Computational Models And Languages M,0.72208739
B2696,"Language, Technology, Research I: Computational Thinking",3,11929-B,Algorithm and Data Structures,0.71984837
B2696,"Language, Technology, Research I: Computational Thinking",4,28623,Foundations of Informatics and Laboratory,0.71172003
B2696,"Language, Technology, Research I: Computational Thinking",5,07276-A,Computer Science,0.71169033
B2696,"Language, Technology, Research I: Computational Thinking",6,87898,Methods and Technologies for Interpreting,0.70909929
B2696,"Language, Technology, Research I: Computational Thinking",7,96346,INFORMATICA,0.70542933
B2696,"Language, Technology, Research I: Computational Thinking",8,89988,Elements of Informatics,0.70074697
B2696,"Language, Technology, Research I: Computational Thinking",9,11933,Theoretical Computer Science,0.69821642
B2696,"Language, Technology, Research I: Computational Thinking",10,B8105,Computational Management of Data,0.69691457
B3567,INTRODUCTION TO QUANTUM COMPUTING,1,89988,Elements of Informatics,0.64057414
B3567,INTRODUCTION TO QUANTUM COMPUTING,2,09730-A,Principles of Informatics,0.62274608
B3567,INTRODUCTION TO QUANTUM COMPUTING,3,B5727,Introduction to Languages for Artificial Intelligence,0.60734767
B3567,INTRODUCTION TO QUANTUM COMPUTING,4,B8105,Computational Management of Data,0.60417943
B3567,INTRODUCTION TO QUANTUM COMPUTING,5,41169,Theoretical Computer Science,0.60128277
B3567,INTRODUCTION TO QUANTUM COMPUTING,6,91161,"Networks, Security And Data Bases",0.59964129
B3567,INTRODUCTION TO QUANTUM COMPUTING,7,09730,Principles of Informatics,0.59782821
B3567,INTRODUCTION TO QUANTUM COMPUTING,8,11933,Theoretical Computer Science,0.59404727
B3567,INTRODUCTION TO QUANTUM COMPUTING,9,15305,Foundations of Informatics A,0.59389858
B3567,INTRODUCTION TO QUANTUM COMPUTING,10,98931,Fundamentals of Artificial Intelligence,0.58827567
B4826,Informatics for the Humanities,1,57828,Informatics,0.80272593
B4826,Informatics for the Humanities,2,15305,Foundations of Informatics A,0.76407266
B4826,Informatics for the Humanities,3,09730,Principles of Informatics,0.76319817
B4826,Informatics for the Humanities,4,78510,Informatics,0.75837913
B4826,Informatics for the Humanities,5,75969,Basic Informatics,0.74544830
B4826,Informatics for the Humanities,6,82202-A,Informatic,0.73176934
B4826,Informatics for the Humanities,7,28106,Computer Science for Environmental Sciences,0.73091479
B4826,Informatics for the Humanities,8,28623,Foundations of Informatics and Laboratory,0.72878771
B4826,Informatics for the Humanities,9,39176,Basic and Laboratory Informatics,0.72815408
B4826,Informatics for the Humanities,10,82202,Informatic,0.72204830
B4913,ALGORITMI E STRUTTURE DATI,1,11929-A,Algorithms and Data Structures,0.74596602
B4913,ALGORITMI E STRUTTURE DATI,2,37635,Data Structure and Algorithms,0.73886359
B4913,ALGORITMI E STRUTTURE DATI,3,B5782,Algorithms and Data Structures for Computational Biology,0.73229745
B4913,ALGORITMI E STRUTTURE DATI,4,41169,Theoretical Computer Science,0.69502535
B4913,ALGORITMI E STRUTTURE DATI,5,11929,Algorithms and Data Structures,0.69129471
B4913,ALGORITMI E STRUTTURE DATI,6,85301,Algorithms and Data Structures in Biology,0.68576125
B4913,ALGORITMI E STRUTTURE DATI,7,16692,Laboratory of Informatics,0.68169781
B4913,ALGORITMI E STRUTTURE DATI,8,11929-B,Algorithm and Data Structures,0.65216544
B4913,ALGORITMI E STRUTTURE DATI,9,09730,Principles of Informatics,0.65084465
B4913,ALGORITMI E STRUTTURE DATI,10,15305,Foundations of Informatics A,0.64769460
B4925,IMMERSIVE TECHNOLOGIES FOR FASHION,1,B4940,DATA SCIENCE FOR FASHION SYSTEM,0.78723195
B4925,IMMERSIVE TECHNOLOGIES FOR FASHION,2,90864,Elements of Computer Technologies for Fashion E-Commerce,0.68082838
B4925,IMMERSIVE TECHNOLOGIES FOR FASHION,3,73273,Informatic Tecnologies for Fashion,0.67123595
B4925,IMMERSIVE TECHNOLOGIES FOR FASHION,4,B5059,Interaction Media Design,0.62361863
B4925,IMMERSIVE TECHNOLOGIES FOR FASHION,5,B8019,PROGRAMMING THE INTERNET OF THINGS M,0.62093490
B4925,IMMERSIVE TECHNOLOGIES FOR FASHION,6,81934,HUMAN COMPUTER INTERACTION,0.61950183
B4925,IMMERSIVE TECHNOLOGIES FOR FASHION,7,91721,Laboratory of Virtual Reality and Advanced Reality,0.61929245
B4925,IMMERSIVE TECHNOLOGIES FOR FASHION,8,88566,Web Technology,0.59453212
B4925,IMMERSIVE TECHNOLOGIES FOR FASHION,9,91261,Artificial Intelligence in Industry,0.59248074
B4925,IMMERSIVE TECHNOLOGIES FOR FASHION,10,B8396,Basic IT Skills,0.58685879
B4940,DATA SCIENCE FOR FASHION SYSTEM,1,B4925,IMMERSIVE TECHNOLOGIES FOR FASHION,0.78723195
B4940,DATA SCIENCE FOR FASHION SYSTEM,2,93653,Iot And Big Data For Smart Agricultural Systems,0.63185490
B4940,DATA SCIENCE FOR FASHION SYSTEM,3,81932,Big Data,0.62544500
B4940,DATA SCIENCE FOR FASHION SYSTEM,4,70155,Data Bases,0.62388175
B4940,DATA SCIENCE FOR FASHION SYSTEM,5,11929-B,Algorithm and Data Structures,0.62300407
B4940,DATA SCIENCE FOR FASHION SYSTEM,6,72796,Data Intensive Applications,0.61928809
B4940,DATA SCIENCE FOR FASHION SYSTEM,7,30376,Business Intelligence,0.61118968
B4940,DATA SCIENCE FOR FASHION SYSTEM,8,85445,Information Modelling and Web Technologies,0.60977964
B4940,DATA SCIENCE FOR FASHION SYSTEM,9,40720,Data Mining,0.60690062
B4940,DATA SCIENCE FOR FASHION SYSTEM,10,75969,Basic Informatics,0.59835571
B4948,Cognitive Sematics for Artificial Intelligence,1,90147,Artificial intelligence,0.64467491
B4948,Cognitive Sematics for Artificial Intelligence,2,B8836,Universal Semantics,0.64429539
B4948,Cognitive Sematics for Artificial Intelligence,3,85446,Knowledge Representation and Extraction,0.61858728
B4948,Cognitive Sematics for Artificial Intelligence,4,81940,Artificial Intelligence,0.61314498
B4948,Cognitive Sematics for Artificial Intelligence,5,B1873,Machine Learning for Humanities,0.60673779
B4948,Cognitive Sematics for Artificial Intelligence,6,91265,Knowledge Engineering,0.58813926
B4948,Cognitive Sematics for Artificial Intelligence,7,B0069,Artificial Intelligence for Digital Innovation,0.57820418
B4948,Cognitive Sematics for Artificial Intelligence,8,91250-A,Deep Learning,0.55972851
B4948,Cognitive Sematics for Artificial Intelligence,9,42500,Semantic Web,0.55316493
B4948,Cognitive Sematics for Artificial Intelligence,10,B8929,Computer Studies and Human Sciences,0.54997043
B5026,Introduction to Computability and Complexity,1,11929-B,Algorithm and Data Structures,0.70947843
B5026,Introduction to Computability and Complexity,2,11933,Theoretical Computer Science,0.69291717
B5026,Introduction to Computability and Complexity,3,B5727,Introduction to Languages for Artificial Intelligence,0.69078745
B5026,Introduction to Computability and Complexity,4,41169,Theoretical Computer Science,0.68108365
B5026,Introduction to Computability and Complexity,5,B5782,Algorithms and Data Structures for Computational Biology,0.67878484
B5026,Introduction to Computability and Complexity,6,81940,Artificial Intelligence,0.67649146
B5026,Introduction to Computability and Complexity,7,78778,Intelligent Systems M,0.67442268
B5026,Introduction to Computability and Complexity,8,90147,Artificial intelligence,0.67418273
B5026,Introduction to Computability and Complexity,9,28623,Foundations of Informatics and Laboratory,0.67144168
B5026,Introduction to Computability and Complexity,10,07276-A,Computer Science,0.66589594
B5059,Interaction Media Design,1,48693,Computer Science for Cultural Heritage,0.68596092
B5059,Interaction Media Design,2,98618,"""Document Digitization Techniques """,0.67071786
B5059,Interaction Media Design,3,48693-A,Computer Science for Cultural Heritage,0.66279054
B5059,Interaction Media Design,4,76011,Multimedia Technologies in Archaelogy,0.65259395
B5059,Interaction Media Design,5,81934,HUMAN COMPUTER INTERACTION,0.64823524
B5059,Interaction Media Design,6,97466,Digital represention of the Landscape Project,0.63742307
B5059,Interaction Media Design,7,B5079,Digital Humanities and Data Management for Cultural Heritage,0.63058302
B5059,Interaction Media Design,8,27311,Humanistic IT,0.62623083
B5059,Interaction Media Design,9,B4925,IMMERSIVE TECHNOLOGIES FOR FASHION,0.62361863
B5059,Interaction Media Design,10,B5674,Management of Digital Media,0.62062637
B5079,Digital Humanities and Data Management for Cultural Heritage,1,48693-A,Computer Science for Cultural Heritage,0.84458985
B5079,Digital Humanities and Data Management for Cultural Heritage,2,27311,Humanistic IT,0.70910512
B5079,Digital Humanities and Data Management for Cultural Heritage,3,27311-A,Humanistic IT,0.68468530
B5079,Digital Humanities and Data Management for Cultural Heritage,4,98618,"""Document Digitization Techniques """,0.67419102
B5079,Digital Humanities and Data Management for Cultural Heritage,5,B1874,Project Management and Software Engineering for Cultural Heritage,0.65766695
B5079,Digital Humanities and Data Management for Cultural Heritage,6,B0073,ELABORAZIONE DI TESTI E GESTIONE DOCUMENTALE,0.64637601
B5079,Digital Humanities and Data Management for Cultural Heritage,7,85445,Information Modelling and Web Technologies,0.64403719
B5079,Digital Humanities and Data Management for Cultural Heritage,8,75969,Basic Informatics,0.63624653
B5079,Digital Humanities and Data Management for Cultural Heritage,9,B5059,Interaction Media Design,0.63058302
B5079,Digital Humanities and Data Management for Cultural Heritage,10,B1873,Machine Learning for Humanities,0.62946894
B5292,Knowledge Engeneering for the Humanities,1,B0070,METODOLOGIE E TECNICHE DI SIMULAZIONE,0.80891674
B5292,Knowledge Engeneering for the Humanities,2,91265,Knowledge Engineering,0.71676402
B5292,Knowledge Engeneering for the Humanities,3,B4826,Informatics for the Humanities,0.69708484
B5292,Knowledge Engeneering for the Humanities,4,42500,Semantic Web,0.69274790
B5292,Knowledge Engeneering for the Humanities,5,85446,Knowledge Representation and Extraction,0.68483539
B5292,Knowledge Engeneering for the Humanities,6,91248,Fundamentals of Artificial Intelligence and Knowledge Representation,0.65905772
B5292,Knowledge Engeneering for the Humanities,7,B2133,Big Data Analytics and Text Mining,0.65419736
B5292,Knowledge Engeneering for the Humanities,8,B1873,Machine Learning for Humanities,0.65216629
B5292,Knowledge Engeneering for the Humanities,9,27311,Humanistic IT,0.64994882
B5292,Knowledge Engeneering for the Humanities,10,11929-B,Algorithm and Data Structures,0.64809105
B5293,Computer Studies and Humanities,1,B8929,Computer Studies and Human Sciences,0.98434909
B5293,Computer Studies and Humanities,2,75969,Basic Informatics,0.69508102
B5293,Computer Studies and Humanities,3,B9254,Basic IT Skills,0.68188298
B5293,Computer Studies and Humanities,4,B8396,Basic IT Skills,0.67964771
B5293,Computer Studies and Humanities,5,87898,Methods and Technologies for Interpreting,0.67901951
B5293,Computer Studies and Humanities,6,B4826,Informatics for the Humanities,0.67819908
B5293,Computer Studies and Humanities,7,73273,Informatic Tecnologies for Fashion,0.67729845
B5293,Computer Studies and Humanities,8,95645,Foundations of Web Systems,0.66810859
B5293,Computer Studies and Humanities,9,B2696,"Language, Technology, Research I: Computational Thinking",0.66512459
B5293,Computer Studies and Humanities,10,72940,Computational Models And Languages M,0.66099596
B5474,ARCHITETTURE SOFTWARE A MICROSERVIZI,1,95627,Software Engineering,0.72639699
B5474,ARCHITETTURE SOFTWARE A MICROSERVIZI,2,09032,Software Engineering,0.69951469
B5474,ARCHITETTURE SOFTWARE A MICROSERVIZI,3,B0009,Advanced Software Modelling and Design,0.69885209
B5474,ARCHITETTURE SOFTWARE A MICROSERVIZI,4,B0010,Software Architecture and Platforms,0.68213916
B5474,ARCHITETTURE SOFTWARE A MICROSERVIZI,5,57828,Informatics,0.67150101
B5474,ARCHITETTURE SOFTWARE A MICROSERVIZI,6,94442,Design of Web Applications T,0.66935005
B5474,ARCHITETTURE SOFTWARE A MICROSERVIZI,7,90106,Software Engineering,0.66776342
B5474,ARCHITETTURE SOFTWARE A MICROSERVIZI,8,81612,Programming and Development paradigms,0.64931357
B5474,ARCHITETTURE SOFTWARE A MICROSERVIZI,9,66858,Software Engineering,0.64843247
B5474,ARCHITETTURE SOFTWARE A MICROSERVIZI,10,28024,Computer Networks T,0.64783637
B5665,Real Time Systems and Programming for Automation M,1,78810,Real Time Systems for Automation M,0.96597592
B5665,Real Time Systems and Programming for Automation M,2,B1703,Introduction to Programming,0.67234909
B5665,Real Time Systems and Programming for Automation M,3,B8105,Computational Management of Data,0.67036929
B5665,Real Time Systems and Programming for Automation M,4,88155,Industrial Informatics P,0.67034228
B5665,Real Time Systems and Programming for Automation M,5,89988,Elements of Informatics,0.65071635
B5665,Real Time Systems and Programming for Automation M,6,B5780,Computational Methods for Bioinformatics,0.64782639
B5665,Real Time Systems and Programming for Automation M,7,B5727,Introduction to Languages for Artificial Intelligence,0.64354871
B5665,Real Time Systems and Programming for Automation M,8,B8554,SISTEMI SOFTWARE A OGGETTI T,0.63322777
B5665,Real Time Systems and Programming for Automation M,9,11929-B,Algorithm and Data Structures,0.63247589
B5665,Real Time Systems and Programming for Automation M,10,95602,Programming and Computer Architectures,0.63002534
B5674,Management of Digital Media,1,93379,Digital Culture,0.62387197
B5674,Management of Digital Media,2,B5059,Interaction Media Design,0.62062637
B5674,Management of Digital Media,3,98618,"""Document Digitization Techniques """,0.59808771
B5674,Management of Digital Media,4,B5079,Digital Humanities and Data Management for Cultural Heritage,0.58555769
B5674,Management of Digital Media,5,B4925,IMMERSIVE TECHNOLOGIES FOR FASHION,0.57991619
B5674,Management of Digital Media,6,73273,Informatic Tecnologies for Fashion,0.56646390
B5674,Management of Digital Media,7,48693-A,Computer Science for Cultural Heritage,0.54857467
B5674,Management of Digital Media,8,27311,Humanistic IT,0.53718230
B5674,Management of Digital Media,9,81934,HUMAN COMPUTER INTERACTION,0.53177105
B5674,Management of Digital Media,10,95639,Industry 4.0,0.53124670
B5722,Embedded Sensors,1,81678,Laboratory of Making,0.66753621
B5722,Embedded Sensors,2,96859,Embedded Systems and Internet of Things,0.63771308
B5722,Embedded Sensors,3,93653,Iot And Big Data For Smart Agricultural Systems,0.63263042
B5722,Embedded Sensors,4,B8019,PROGRAMMING THE INTERNET OF THINGS M,0.62980016
B5722,Embedded Sensors,5,09730-A,Principles of Informatics,0.62886479
B5722,Embedded Sensors,6,77780,Embedded Systems Programming and Internet of Things,0.62673030
B5722,Embedded Sensors,7,91254,Image Processing and Computer Vision,0.62648506
B5722,Embedded Sensors,8,81683,Internet of Things,0.62223430
B5722,Embedded Sensors,9,89988,Elements of Informatics,0.61716747
B5722,Embedded Sensors,10,93478,COMPUTER VISION,0.61558218
B5727,Introduction to Languages for Artificial Intelligence,1,98931,Fundamentals of Artificial Intelligence,0.82168574
B5727,Introduction to Languages for Artificial Intelligence,2,91248,Fundamentals of Artificial Intelligence and Knowledge Representation,0.81554877
B5727,Introduction to Languages for Artificial Intelligence,3,89988,Elements of Informatics,0.76543377
B5727,Introduction to Languages for Artificial Intelligence,4,78778,Intelligent Systems M,0.74317689
B5727,Introduction to Languages for Artificial Intelligence,5,81940,Artificial Intelligence,0.73197489
B5727,Introduction to Languages for Artificial Intelligence,6,90477,Machine Learning Systems For Data Science,0.71475671
B5727,Introduction to Languages for Artificial Intelligence,7,81609,"Languages, Compilers and Computational Models",0.71054325
B5727,Introduction to Languages for Artificial Intelligence,8,91259,Architecture and Platforms for Artificial Intelligence,0.70405894
B5727,Introduction to Languages for Artificial Intelligence,9,85189,Systems and Algorithms for Data Science,0.70302590
B5727,Introduction to Languages for Artificial Intelligence,10,72940,Computational Models And Languages M,0.70232300
B5780,Computational Methods for Bioinformatics,1,89988,Elements of Informatics,0.72205353
B5780,Computational Methods for Bioinformatics,2,96346,INFORMATICA,0.70744338
B5780,Computational Methods for Bioinformatics,3,85189,Systems and Algorithms for Data Science,0.68637134
B5780,Computational Methods for Bioinformatics,4,95602,Programming and Computer Architectures,0.68205837
B5780,Computational Methods for Bioinformatics,5,90477,Machine Learning Systems For Data Science,0.68159826
B5780,Computational Methods for Bioinformatics,6,B8105,Computational Management of Data,0.66839548
B5780,Computational Methods for Bioinformatics,7,37262,Computer Programming,0.66059833
B5780,Computational Methods for Bioinformatics,8,41588,INTRODUZIONE ALL'ANALISI DEI DATI,0.65963375
B5780,Computational Methods for Bioinformatics,9,85285,Programming,0.65009376
B5780,Computational Methods for Bioinformatics,10,B5665,Real Time Systems and Programming for Automation M,0.64782639
B5782,Algorithms and Data Structures for Computational Biology,1,85301,Algorithms and Data Structures in Biology,0.83546787
B5782,Algorithms and Data Structures for Computational Biology,2,11929-B,Algorithm and Data Structures,0.82857512
B5782,Algorithms and Data Structures for Computational Biology,3,11929-A,Algorithms and Data Structures,0.79781658
B5782,Algorithms and Data Structures for Computational Biology,4,37635,Data Structure and Algorithms,0.79423427
B5782,Algorithms and Data Structures for Computational Biology,5,09730,Principles of Informatics,0.76906325
B5782,Algorithms and Data Structures for Computational Biology,6,15305,Foundations of Informatics A,0.76475980
B5782,Algorithms and Data Structures for Computational Biology,7,16692,Laboratory of Informatics,0.76242956
B5782,Algorithms and Data Structures for Computational Biology,8,09730-A,Principles of Informatics,0.75830542
B5782,Algorithms and Data Structures for Computational Biology,9,28623,Foundations of Informatics and Laboratory,0.73884183
B5782,Algorithms and Data Structures for Computational Biology,10,B8105,Computational Management of Data,0.73373469
B5793,Cybersecurity M,1,93470-A,Cybersecurity,0.85555538
B5793,Cybersecurity M,2,B5812,Cybersecurity Governance,0.81291344
B5793,Cybersecurity M,3,88325,Computer and Network Security Lab T,0.74299228
B5793,Cybersecurity M,4,B0833,Computer Security Laboratory T,0.71548075
B5793,Cybersecurity M,5,72942,Information Security M,0.71082139
B5793,Cybersecurity M,6,93470,Cybersecurity,0.69577940
B5793,Cybersecurity M,7,93466,FONDAMENTI DI CYBERSECURITY,0.66016313
B5793,Cybersecurity M,8,93467,Cryptography,0.59211038
B5793,Cybersecurity M,9,91161,"Networks, Security And Data Bases",0.57733401
B5793,Cybersecurity M,10,88324,System Administration T,0.55994146
B5796,Scalable and Reliable Services M,1,97431,Scalable and Reliable Services M,1.00000000
B5796,Scalable and Reliable Services M,2,73025,Distributed Systems M,0.58364591
B5796,Scalable and Reliable Services M,3,78779,Mobile Systems M,0.55787728
B5796,Scalable and Reliable Services M,4,95630,Big Data and Cloud Platforms,0.55639345
B5796,Scalable and Reliable Services M,5,95627,Software Engineering,0.55447706
B5796,Scalable and Reliable Services M,6,B0832,Administration of Systems T,0.55236949
B5796,Scalable and Reliable Services M,7,84531,Infrastructures For Cloud Computing and Big Data M,0.54880895
B5796,Scalable and Reliable Services M,8,B5793,Cybersecurity M,0.54391408
B5796,Scalable and Reliable Services M,9,B5474,ARCHITETTURE SOFTWARE A MICROSERVIZI,0.52924878
B5796,Scalable and Reliable Services M,10,87474,Distributed Systems,0.52888718
B5812,Cybersecurity Governance,1,B5793,Cybersecurity M,0.81291344
B5812,Cybersecurity Governance,2,93470-A,Cybersecurity,0.80079073
B5812,Cybersecurity Governance,3,88325,Computer and Network Security Lab T,0.71588569
B5812,Cybersecurity Governance,4,72942,Information Security M,0.67783928
B5812,Cybersecurity Governance,5,93470,Cybersecurity,0.67206880
B5812,Cybersecurity Governance,6,88324,System Administration T,0.65468183
B5812,Cybersecurity Governance,7,91161,"Networks, Security And Data Bases",0.65079108
B5812,Cybersecurity Governance,8,B0833,Computer Security Laboratory T,0.63178661
B5812,Cybersecurity Governance,9,93466,FONDAMENTI DI CYBERSECURITY,0.61994054
B5812,Cybersecurity Governance,10,28652,IT Systems T-1,0.58055255
B6082,Technology-Assisted Interpreting I,1,87901,Methods and Advanced Technologies for Interpreting,0.82271384
B6082,Technology-Assisted Interpreting I,2,87898,Methods and Technologies for Interpreting,0.73200091
B6082,Technology-Assisted Interpreting I,3,B8536,"Computer-Aided Human Translation: CAT, MT and AI",0.66573169
B6082,Technology-Assisted Interpreting I,4,B0073,ELABORAZIONE DI TESTI E GESTIONE DOCUMENTALE,0.66015401
B6082,Technology-Assisted Interpreting I,5,B8396,Basic IT Skills,0.65173266
B6082,Technology-Assisted Interpreting I,6,B2696,"Language, Technology, Research I: Computational Thinking",0.63142166
B6082,Technology-Assisted Interpreting I,7,27311-A,Humanistic IT,0.61982263
B6082,Technology-Assisted Interpreting I,8,B8603,Machine Translation and Artificial Intelligence for Language Services,0.61261411
B6082,Technology-Assisted Interpreting I,9,91258-A,Natural Language Processing,0.60415473
B6082,Technology-Assisted Interpreting I,10,B8929,Computer Studies and Human Sciences,0.60393843
B8018,DIGITAL HEALTH M,1,B8019,PROGRAMMING THE INTERNET OF THINGS M,0.63827601
B8018,DIGITAL HEALTH M,2,07276-C,Computer Science,0.63705320
B8018,DIGITAL HEALTH M,3,75198,Health Information Processing Systems,0.63630718
B8018,DIGITAL HEALTH M,4,82202,Informatic,0.62129217
B8018,DIGITAL HEALTH M,5,81683,Internet of Things,0.57119382
B8018,DIGITAL HEALTH M,6,82202-A,Informatic,0.56990409
B8018,DIGITAL HEALTH M,7,B8396,Basic IT Skills,0.56479091
B8018,DIGITAL HEALTH M,8,93379,Digital Culture,0.56435419
B8018,DIGITAL HEALTH M,9,95639,Industry 4.0,0.56354021
B8018,DIGITAL HEALTH M,10,77933,Multimedia Data Management M,0.55814486
B8019,PROGRAMMING THE INTERNET OF THINGS M,1,81683,Internet of Things,0.79562751
B8019,PROGRAMMING THE INTERNET OF THINGS M,2,75969,Basic Informatics,0.68386942
B8019,PROGRAMMING THE INTERNET OF THINGS M,3,96859,Embedded Systems and Internet of Things,0.68081915
B8019,PROGRAMMING THE INTERNET OF THINGS M,4,73273,Informatic Tecnologies for Fashion,0.67384413
B8019,PROGRAMMING THE INTERNET OF THINGS M,5,93653,Iot And Big Data For Smart Agricultural Systems,0.66749978
B8019,PROGRAMMING THE INTERNET OF THINGS M,6,84401,Context-Aware Systems,0.65991192
B8019,PROGRAMMING THE INTERNET OF THINGS M,7,81934,HUMAN COMPUTER INTERACTION,0.65771285
B8019,PROGRAMMING THE INTERNET OF THINGS M,8,95605,Web and Mobile Systems,0.65670054
B8019,PROGRAMMING THE INTERNET OF THINGS M,9,B8105,Computational Management of Data,0.65648301
B8019,PROGRAMMING THE INTERNET OF THINGS M,10,70226,Network Programming,0.65582090
B8105,Computational Management of Data,1,B1703,Introduction to Programming,0.83650976
B8105,Computational Management of Data,2,11929-B,Algorithm and Data Structures,0.80117925
B8105,Computational Management of Data,3,89988,Elements of Informatics,0.75291251
B8105,Computational Management of Data,4,75969,Basic Informatics,0.75231034
B8105,Computational Management of Data,5,B5782,Algorithms and Data Structures for Computational Biology,0.73373469
B8105,Computational Management of Data,6,98931,Fundamentals of Artificial Intelligence,0.72742541
B8105,Computational Management of Data,7,91248,Fundamentals of Artificial Intelligence and Knowledge Representation,0.72224284
B8105,Computational Management of Data,8,09730,Principles of Informatics,0.71396117
B8105,Computational Management of Data,9,81932,Big Data,0.71302169
B8105,Computational Management of Data,10,91762,Combinatorial Decision Making and Optimization,0.70976236
B8159,INFORMATICA,1,96793,Information Systems and Database Management,0.75080356
B8159,INFORMATICA,2,70155,Data Bases,0.74584244
B8159,INFORMATICA,3,09730,Principles of Informatics,0.73064814
B8159,INFORMATICA,4,15305,Foundations of Informatics A,0.72469402
B8159,INFORMATICA,5,79194,Databases,0.70272395
B8159,INFORMATICA,6,09730-A,Principles of Informatics,0.69590981
B8159,INFORMATICA,7,B4826,Informatics for the Humanities,0.69255186
B8159,INFORMATICA,8,60348,Informatics,0.69071127
B8159,INFORMATICA,9,90107,BASI DI DATI,0.68459617
B8159,INFORMATICA,10,57828,Informatics,0.68400823
B8396,Basic IT Skills,1,B9254,Basic IT Skills,0.78815018
B8396,Basic IT Skills,2,75969,Basic Informatics,0.73107906
B8396,Basic IT Skills,3,85445,Information Modelling and Web Technologies,0.70375410
B8396,Basic IT Skills,4,B0073,ELABORAZIONE DI TESTI E GESTIONE DOCUMENTALE,0.69863465
B8396,Basic IT Skills,5,88566,Web Technology,0.69386817
B8396,Basic IT Skills,6,B8105,Computational Management of Data,0.68725522
B8396,Basic IT Skills,7,B8929,Computer Studies and Human Sciences,0.68154011
B8396,Basic IT Skills,8,B5293,Computer Studies and Humanities,0.67964771
B8396,Basic IT Skills,9,81934,HUMAN COMPUTER INTERACTION,0.67043557
B8396,Basic IT Skills,10,85573,Usability and User Experience,0.67019647
B8536,"Computer-Aided Human Translation: CAT, MT and AI",1,B8603,Machine Translation and Artificial Intelligence for Language Services,0.73636857
B8536,"Computer-Aided Human Translation: CAT, MT and AI",2,B6082,Technology-Assisted Interpreting I,0.66573169
B8536,"Computer-Aided Human Translation: CAT, MT and AI",3,87898,Methods and Technologies for Interpreting,0.65504188
B8536,"Computer-Aided Human Translation: CAT, MT and AI",4,96725,IT and Game Localization,0.65237072
B8536,"Computer-Aided Human Translation: CAT, MT and AI",5,87901,Methods and Advanced Technologies for Interpreting,0.64606507
B8536,"Computer-Aided Human Translation: CAT, MT and AI",6,72940,Computational Models And Languages M,0.63077710
B8536,"Computer-Aided Human Translation: CAT, MT and AI",7,91258-A,Natural Language Processing,0.62535438
B8536,"Computer-Aided Human Translation: CAT, MT and AI",8,B0073,ELABORAZIONE DI TESTI E GESTIONE DOCUMENTALE,0.61519837
B8536,"Computer-Aided Human Translation: CAT, MT and AI",9,B2696,"Language, Technology, Research I: Computational Thinking",0.61518369
B8536,"Computer-Aided Human Translation: CAT, MT and AI",10,81940,Artificial Intelligence,0.60312888
B8554,SISTEMI SOFTWARE A OGGETTI T,1,95648,Software Design and Development,0.73492355
B8554,SISTEMI SOFTWARE A OGGETTI T,2,70219,Object-Oriented Programming,0.71793617
B8554,SISTEMI SOFTWARE A OGGETTI T,3,09032,Software Engineering,0.67893511
B8554,SISTEMI SOFTWARE A OGGETTI T,4,72940,Computational Models And Languages M,0.67564241
B8554,SISTEMI SOFTWARE A OGGETTI T,5,16870,Programming Laboratory,0.66035361
B8554,SISTEMI SOFTWARE A OGGETTI T,6,28004,Foundations of Informatics T-1,0.64988065
B8554,SISTEMI SOFTWARE A OGGETTI T,7,73025,Distributed Systems M,0.64800710
B8554,SISTEMI SOFTWARE A OGGETTI T,8,00819-A,Programming,0.64318504
B8554,SISTEMI SOFTWARE A OGGETTI T,9,94442,Design of Web Applications T,0.64297980
B8554,SISTEMI SOFTWARE A OGGETTI T,10,28623,Foundations of Informatics and Laboratory,0.64214070
B8561,ARCHITETTURE DEI CALCOLATORI M,1,69430,COMPUTER ARCHITECTURES M,0.95503094
B8561,ARCHITETTURE DEI CALCOLATORI M,2,03716,Digital Design Principles and Computer Architecture,0.69394989
B8561,ARCHITETTURE DEI CALCOLATORI M,3,28012-A,Electronic Calculators T,0.68243420
B8561,ARCHITETTURE DEI CALCOLATORI M,4,B8563,SISTEMI DI ELABORAZIONE ACCELERATA M,0.67794325
B8561,ARCHITETTURE DEI CALCOLATORI M,5,B8562,SISTEMI CONCORRENTI E PARALLELI M,0.67432709
B8561,ARCHITETTURE DEI CALCOLATORI M,6,91602,Computer Architectures,0.62867464
B8561,ARCHITETTURE DEI CALCOLATORI M,7,69731,Computer Architecture,0.62430698
B8561,ARCHITETTURE DEI CALCOLATORI M,8,28012,Electronic Calculators T,0.61768568
B8561,ARCHITETTURE DEI CALCOLATORI M,9,88146,Fundamentals of Computer Programming P2,0.60535001
B8561,ARCHITETTURE DEI CALCOLATORI M,10,96007,Foundations of Computer Architecture and Operating Systems,0.59824754
B8562,SISTEMI CONCORRENTI E PARALLELI M,1,17628,Concurrent and Distributed Programming,0.77414408
B8562,SISTEMI CONCORRENTI E PARALLELI M,2,B8563,SISTEMI DI ELABORAZIONE ACCELERATA M,0.71977001
B8562,SISTEMI CONCORRENTI E PARALLELI M,3,28020,Operating Systems T,0.71898168
B8562,SISTEMI CONCORRENTI E PARALLELI M,4,58437,Parallel Calculus,0.68874992
B8562,SISTEMI CONCORRENTI E PARALLELI M,5,B8561,ARCHITETTURE DEI CALCOLATORI M,0.67432709
B8562,SISTEMI CONCORRENTI E PARALLELI M,6,72778,High-Performance Computing,0.67388932
B8562,SISTEMI CONCORRENTI E PARALLELI M,7,69430,COMPUTER ARCHITECTURES M,0.67038155
B8562,SISTEMI CONCORRENTI E PARALLELI M,8,03716,Digital Design Principles and Computer Architecture,0.66337659
B8562,SISTEMI CONCORRENTI E PARALLELI M,9,91259,Architecture and Platforms for Artificial Intelligence,0.65605155
B8562,SISTEMI CONCORRENTI E PARALLELI M,10,81942,Scalable and Cloud Programming,0.65561291
B8563,SISTEMI DI ELABORAZIONE ACCELERATA M,1,B8562,SISTEMI CONCORRENTI E PARALLELI M,0.71977001
B8563,SISTEMI DI ELABORAZIONE ACCELERATA M,2,B8561,ARCHITETTURE DEI CALCOLATORI M,0.67794325
B8563,SISTEMI DI ELABORAZIONE ACCELERATA M,3,69430,COMPUTER ARCHITECTURES M,0.67145330
B8563,SISTEMI DI ELABORAZIONE ACCELERATA M,4,03716,Digital Design Principles and Computer Architecture,0.64347987
B8563,SISTEMI DI ELABORAZIONE ACCELERATA M,5,91259,Architecture and Platforms for Artificial Intelligence,0.63965652
B8563,SISTEMI DI ELABORAZIONE ACCELERATA M,6,95602,Programming and Computer Architectures,0.63546134
B8563,SISTEMI DI ELABORAZIONE ACCELERATA M,7,09730-A,Principles of Informatics,0.63298767
B8563,SISTEMI DI ELABORAZIONE ACCELERATA M,8,16692,Laboratory of Informatics,0.63172327
B8563,SISTEMI DI ELABORAZIONE ACCELERATA M,9,15305,Foundations of Informatics A,0.63095627
B8563,SISTEMI DI ELABORAZIONE ACCELERATA M,10,09730,Principles of Informatics,0.62811486
B8603,Machine Translation and Artificial Intelligence for Language Services,1,B1873,Machine Learning for Humanities,0.73957824
B8603,Machine Translation and Artificial Intelligence for Language Services,2,B8536,"Computer-Aided Human Translation: CAT, MT and AI",0.73636857
B8603,Machine Translation and Artificial Intelligence for Language Services,3,B2696,"Language, Technology, Research I: Computational Thinking",0.67138781
B8603,Machine Translation and Artificial Intelligence for Language Services,4,91258-A,Natural Language Processing,0.65534796
B8603,Machine Translation and Artificial Intelligence for Language Services,5,90147,Artificial intelligence,0.65392287
B8603,Machine Translation and Artificial Intelligence for Language Services,6,72940,Computational Models And Languages M,0.64610953
B8603,Machine Translation and Artificial Intelligence for Language Services,7,81940,Artificial Intelligence,0.63686471
B8603,Machine Translation and Artificial Intelligence for Language Services,8,91258,Natural Language Processing,0.63570029
B8603,Machine Translation and Artificial Intelligence for Language Services,9,B0385,Natural Language Processing,0.63570029
B8603,Machine Translation and Artificial Intelligence for Language Services,10,B5026,Introduction to Computability and Complexity,0.63296042
B8836,Universal Semantics,1,B2696,"Language, Technology, Research I: Computational Thinking",0.65422661
B8836,Universal Semantics,2,B4948,Cognitive Sematics for Artificial Intelligence,0.64429539
B8836,Universal Semantics,3,72940,Computational Models And Languages M,0.63320889
B8836,Universal Semantics,4,27311-A,Humanistic IT,0.62647804
B8836,Universal Semantics,5,81940,Artificial Intelligence,0.62516926
B8836,Universal Semantics,6,91265,Knowledge Engineering,0.61766232
B8836,Universal Semantics,7,90147,Artificial intelligence,0.61376081
B8836,Universal Semantics,8,B5026,Introduction to Computability and Complexity,0.61253451
B8836,Universal Semantics,9,85446,Knowledge Representation and Extraction,0.60841403
B8836,Universal Semantics,10,B1873,Machine Learning for Humanities,0.60652607
B8905,Foundations of Programming,1,37262,Computer Programming,0.76693643
B8905,Foundations of Programming,2,96346,INFORMATICA,0.73432227
B8905,Foundations of Programming,3,15305,Foundations of Informatics A,0.72547950
B8905,Foundations of Programming,4,95602,Programming and Computer Architectures,0.72294087
B8905,Foundations of Programming,5,28623,Foundations of Informatics and Laboratory,0.72277353
B8905,Foundations of Programming,6,B0063,Programming Laboratory,0.71827459
B8905,Foundations of Programming,7,09730,Principles of Informatics,0.71694523
B8905,Foundations of Programming,8,89988,Elements of Informatics,0.70138584
B8905,Foundations of Programming,9,93034-A,Foundations of Computer Science T,0.70081965
B8905,Foundations of Programming,10,65094,ADVANCED PROGRAMMING,0.70058257
B8929,Computer Studies and Human Sciences,1,B5293,Computer Studies and Humanities,0.98434909
B8929,Computer Studies and Human Sciences,2,75969,Basic Informatics,0.69344790
B8929,Computer Studies and Human Sciences,3,B9254,Basic IT Skills,0.68377538
B8929,Computer Studies and Human Sciences,4,87898,Methods and Technologies for Interpreting,0.68258140
B8929,Computer Studies and Human Sciences,5,B8396,Basic IT Skills,0.68154011
B8929,Computer Studies and Human Sciences,6,73273,Informatic Tecnologies for Fashion,0.67819356
B8929,Computer Studies and Human Sciences,7,B0070,METODOLOGIE E TECNICHE DI SIMULAZIONE,0.66626304
B8929,Computer Studies and Human Sciences,8,B2696,"Language, Technology, Research I: Computational Thinking",0.66460578
B8929,Computer Studies and Human Sciences,9,81934,HUMAN COMPUTER INTERACTION,0.66384644
B8929,Computer Studies and Human Sciences,10,B4826,Informatics for the Humanities,0.66365248
B9254,Basic IT Skills,1,B8396,Basic IT Skills,0.78815018
B9254,Basic IT Skills,2,B8929,Computer Studies and Human Sciences,0.68377538
B9254,Basic IT Skills,3,B5293,Computer Studies and Humanities,0.68188298
B9254,Basic IT Skills,4,B1703,Introduction to Programming,0.65963353
B9254,Basic IT Skills,5,72796,Data Intensive Applications,0.64315048
B9254,Basic IT Skills,6,91685,History of Informatics and Computing Systems,0.64089783
B9254,Basic IT Skills,7,75969,Basic Informatics,0.63792748
B9254,Basic IT Skills,8,B2696,"Language, Technology, Research I: Computational Thinking",0.63566269
B9254,Basic IT Skills,9,28040,Information Technology,0.63236511
B9254,Basic IT Skills,10,90749,Computing Education,0.63202843
