course_id,course_title,neighbor_rank,neighbor_course_id,neighbor_title,similarity
00269,Electronics,1,28651,Electronics T-A,0.80461920
00269,Electronics,2,69773,Electronic Circuits Design,0.80342232
00269,Electronics,3,37063,Principles of Electronics for Automation T,0.79378797
00269,Electronics,4,28016-B,Electronics T,0.78153631
00269,Electronics,5,28016-A,Electronics T,0.77913003
00269,Electronics,6,B5722,Embedded Sensors,0.77810337
00269,Electronics,7,94247,Laboratory on Power Electronics,0.77669086
00269,Electronics,8,B8379,TECNOLOGIE MICROELETTRONICHE LM,0.77481741
00269,Electronics,9,28722,Electronics T-1,0.77125112
00269,Electronics,10,35148,Electronics for analogic signal processing,0.77055662
00819-A,Programming,1,00819-B,Programming,0.89875324
00819-A,Programming,2,00819-E,Programming,0.85097065
00819-A,Programming,3,00819-C,Programming,0.84397732
00819-A,Programming,4,B1703,Introduction to Programming,0.83793984
00819-A,Programming,5,00819-D,Programming,0.80936143
00819-A,Programming,6,37262,Computer Programming,0.80299792
00819-A,Programming,7,07276-B,Computer Science,0.80161085
00819-A,Programming,8,16692,Laboratory of Informatics,0.79322954
00819-A,Programming,9,85285,Programming,0.78814649
00819-A,Programming,10,28623,Foundations of Informatics and Laboratory,0.78541571
00819-B,Programming,1,00819-A,Programming,0.89875324
00819-B,Programming,2,00819-C,Programming,0.89661496
00819-B,Programming,3,00819-E,Programming,0.83457815
00819-B,Programming,4,00819-D,Programming,0.80721029
00819-B,Programming,5,37262,Computer Programming,0.79816786
00819-B,Programming,6,16692,Laboratory of Informatics,0.78858590
00819-B,Programming,7,09730-A,Principles of Informatics,0.78771431
00819-B,Programming,8,93333,Programming Lab,0.78432906
00819-B,Programming,9,15305,Foundations of Informatics A,0.77914005
00819-B,Programming,10,B1703,Introduction to Programming,0.77875656
00819-C,Programming,1,00819-B,Programming,0.89661496
00819-C,Programming,2,00819-A,Programming,0.84397732
00819-C,Programming,3,37262,Computer Programming,0.82010009
00819-C,Programming,4,00819-E,Programming,0.80021488
00819-C,Programming,5,00819-D,Programming,0.79148075
00819-C,Programming,6,85285,Programming,0.77733526
00819-C,Programming,7,16692,Laboratory of Informatics,0.77695350
00819-C,Programming,8,28623,Foundations of Informatics and Laboratory,0.77106394
00819-C,Programming,9,09730-A,Principles of Informatics,0.77037136
00819-C,Programming,10,B1703,Introduction to Programming,0.77008447
00819-D,Programming,1,00819-E,Programming,0.84043695
00819-D,Programming,2,00819-A,Programming,0.80936143
00819-D,Programming,3,00819-B,Programming,0.80721029
00819-D,Programming,4,16870,Programming Laboratory,0.80250323
00819-D,Programming,5,37262,Computer Programming,0.79828817
00819-D,Programming,6,00819-C,Programming,0.79148075
00819-D,Programming,7,95648,Software Design and Development,0.77945531
00819-D,Programming,8,85285,Programming,0.77340803
00819-D,Programming,9,B1703,Introduction to Programming,0.77323511
00819-D,Programming,10,70219,Object-Oriented Programming,0.77078467
00819-E,Programming,1,00819-A,Programming,0.85097065
00819-E,Programming,2,00819-D,Programming,0.84043695
00819-E,Programming,3,00819-B,Programming,0.83457815
00819-E,Programming,4,37262,Computer Programming,0.80582745
00819-E,Programming,5,B1703,Introduction to Programming,0.80406039
00819-E,Programming,6,00819-C,Programming,0.80021488
00819-E,Programming,7,04138,Programming Languages,0.78108181
00819-E,Programming,8,85285,Programming,0.77884967
00819-E,Programming,9,93333,Programming Lab,0.77818527
00819-E,Programming,10,09730-A,Principles of Informatics,0.77755623
03716-A,Digital Design Principles and Computer Architecture,1,03716-B,Digital Design Principles and Computer Architecture,1.00000000
03716-A,Digital Design Principles and Computer Architecture,2,11925,Computer Architecture,0.77607761
03716-A,Digital Design Principles and Computer Architecture,3,95602,Programming and Computer Architectures,0.77259619
03716-A,Digital Design Principles and Computer Architecture,4,96007,Foundations of Computer Architecture and Operating Systems,0.76556614
03716-A,Digital Design Principles and Computer Architecture,5,09730-B,Principles of Informatics,0.76304391
03716-A,Digital Design Principles and Computer Architecture,6,09730-A,Principles of Informatics,0.75876251
03716-A,Digital Design Principles and Computer Architecture,7,69430,COMPUTER ARCHITECTURES M,0.75394496
03716-A,Digital Design Principles and Computer Architecture,8,69731-B,Computer Architecture,0.75328889
03716-A,Digital Design Principles and Computer Architecture,9,91602,Computer Architectures,0.75055655
03716-A,Digital Design Principles and Computer Architecture,10,10907,Electronics of Digital Systems,0.74092682
03716-B,Digital Design Principles and Computer Architecture,1,03716-A,Digital Design Principles and Computer Architecture,1.00000000
03716-B,Digital Design Principles and Computer Architecture,2,11925,Computer Architecture,0.77607761
03716-B,Digital Design Principles and Computer Architecture,3,95602,Programming and Computer Architectures,0.77259619
03716-B,Digital Design Principles and Computer Architecture,4,96007,Foundations of Computer Architecture and Operating Systems,0.76556614
03716-B,Digital Design Principles and Computer Architecture,5,09730-B,Principles of Informatics,0.76304391
03716-B,Digital Design Principles and Computer Architecture,6,09730-A,Principles of Informatics,0.75876251
03716-B,Digital Design Principles and Computer Architecture,7,69430,COMPUTER ARCHITECTURES M,0.75394496
03716-B,Digital Design Principles and Computer Architecture,8,69731-B,Computer Architecture,0.75328889
03716-B,Digital Design Principles and Computer Architecture,9,91602,Computer Architectures,0.75055655
03716-B,Digital Design Principles and Computer Architecture,10,10907,Electronics of Digital Systems,0.74092682
04138,Programming Languages,1,00819-E,Programming,0.78108181
04138,Programming Languages,2,00819-A,Programming,0.77643776
04138,Programming Languages,3,00819-D,Programming,0.76750652
04138,Programming Languages,4,B1703,Introduction to Programming,0.75978573
04138,Programming Languages,5,B5727,Introduction to Languages for Artificial Intelligence,0.75609504
04138,Programming Languages,6,81609,"Languages, Compilers and Computational Models",0.75438142
04138,Programming Languages,7,00819-B,Programming,0.75046287
04138,Programming Languages,8,08574-C,Operating Systems,0.74721574
04138,Programming Languages,9,81612,Programming and Development paradigms,0.74642705
04138,Programming Languages,10,40720,Data Mining,0.74367406
07276-A,Computer Science,1,96346-A,Computer Science,1.00000000
07276-A,Computer Science,2,07276-C,Computer Science,0.77226784
07276-A,Computer Science,3,57828,Informatics,0.76591387
07276-A,Computer Science,4,07276-B,Computer Science,0.75348614
07276-A,Computer Science,5,B4826,Informatics for the Humanities,0.74962857
07276-A,Computer Science,6,91254,Image Processing and Computer Vision,0.74950528
07276-A,Computer Science,7,93478,COMPUTER VISION,0.74912119
07276-A,Computer Science,8,28106,Computer Science for Environmental Sciences,0.74004243
07276-A,Computer Science,9,00819-B,Programming,0.73203890
07276-A,Computer Science,10,95627,Software Engineering,0.72963838
07276-B,Computer Science,1,28040,Information Technology,0.88384000
07276-B,Computer Science,2,96346-C,INFORMATICA,0.84547274
07276-B,Computer Science,3,37262,Computer Programming,0.81639976
07276-B,Computer Science,4,00819-A,Programming,0.80161085
07276-B,Computer Science,5,41169,Theoretical Computer Science,0.80079722
07276-B,Computer Science,6,B5782,Algorithms and Data Structures for Computational Biology,0.79833002
07276-B,Computer Science,7,95602,Programming and Computer Architectures,0.79609725
07276-B,Computer Science,8,07276-F,INFORMATICA,0.79410005
07276-B,Computer Science,9,09730-A,Principles of Informatics,0.79306640
07276-B,Computer Science,10,85189,Systems and Algorithms for Data Science,0.79260910
07276-C,Computer Science,1,82202-A,Informatic,0.78726878
07276-C,Computer Science,2,57828,Informatics,0.78003766
07276-C,Computer Science,3,07276-A,Computer Science,0.77226784
07276-C,Computer Science,4,96346-A,Computer Science,0.77226784
07276-C,Computer Science,5,07276-D,Computer Science,0.77144280
07276-C,Computer Science,6,B4826,Informatics for the Humanities,0.76715614
07276-C,Computer Science,7,07276-B,Computer Science,0.76436039
07276-C,Computer Science,8,90749,Computing Education,0.74926974
07276-C,Computer Science,9,78510,Informatics,0.74297263
07276-C,Computer Science,10,90147,Artificial intelligence,0.74258879
07276-D,Computer Science,1,15920,Computer Lab,0.79004494
07276-D,Computer Science,2,57828,Informatics,0.77239637
07276-D,Computer Science,3,07276-C,Computer Science,0.77144280
07276-D,Computer Science,4,07276-B,Computer Science,0.74083718
07276-D,Computer Science,5,B4826,Informatics for the Humanities,0.73699265
07276-D,Computer Science,6,09730-A,Principles of Informatics,0.72885915
07276-D,Computer Science,7,37262,Computer Programming,0.72866973
07276-D,Computer Science,8,95602,Programming and Computer Architectures,0.72682170
07276-D,Computer Science,9,09730-B,Principles of Informatics,0.71958680
07276-D,Computer Science,10,07276-A,Computer Science,0.71893726
07276-E,INFORMATICA,1,B8159,INFORMATICA,0.74251020
07276-E,INFORMATICA,2,78501,SISTEMA DI ELABORAZIONE DELLE INFORMAZIONI --,0.73012573
07276-E,INFORMATICA,3,57828,Informatics,0.72828422
07276-E,INFORMATICA,4,07276-F,INFORMATICA,0.72602974
07276-E,INFORMATICA,5,96346-C,INFORMATICA,0.71772956
07276-E,INFORMATICA,6,B4826,Informatics for the Humanities,0.69992045
07276-E,INFORMATICA,7,07276-A,Computer Science,0.69952418
07276-E,INFORMATICA,8,96346-A,Computer Science,0.69952418
07276-E,INFORMATICA,9,40720,Data Mining,0.69353084
07276-E,INFORMATICA,10,82202-B,Informatic,0.69306763
07276-F,INFORMATICA,1,96346-C,INFORMATICA,0.84332561
07276-F,INFORMATICA,2,28040,Information Technology,0.82796426
07276-F,INFORMATICA,3,07276-B,Computer Science,0.79410005
07276-F,INFORMATICA,4,B8159,INFORMATICA,0.78801572
07276-F,INFORMATICA,5,B4826,Informatics for the Humanities,0.74472350
07276-F,INFORMATICA,6,57828,Informatics,0.74338795
07276-F,INFORMATICA,7,37262,Computer Programming,0.73954414
07276-F,INFORMATICA,8,09730-A,Principles of Informatics,0.73948222
07276-F,INFORMATICA,9,95602,Programming and Computer Architectures,0.73873506
07276-F,INFORMATICA,10,B1703,Introduction to Programming,0.73688089
08574-A,Operating Systems,1,08574-C,Operating Systems,0.79861870
08574-A,Operating Systems,2,08574-B,Operating Systems,0.77737173
08574-A,Operating Systems,3,28020-A,Operating Systems T,0.77428909
08574-A,Operating Systems,4,28020-B,Operating Systems T,0.77428909
08574-A,Operating Systems,5,85728,Real Time OS M,0.74490656
08574-A,Operating Systems,6,96007,Foundations of Computer Architecture and Operating Systems,0.73916768
08574-A,Operating Systems,7,95604,Operating Systems and Networks,0.72442401
08574-A,Operating Systems,8,28024-A,Computer Networks T,0.72334014
08574-A,Operating Systems,9,28024-B,Computer Networks T,0.72334014
08574-A,Operating Systems,10,20741,Information Processing Systems,0.72224855
08574-B,Operating Systems,1,28020-A,Operating Systems T,0.78621904
08574-B,Operating Systems,2,28020-B,Operating Systems T,0.78621904
08574-B,Operating Systems,3,08574-A,Operating Systems,0.77737173
08574-B,Operating Systems,4,73025,Distributed Systems M,0.74757999
08574-B,Operating Systems,5,28024-A,Computer Networks T,0.74495345
08574-B,Operating Systems,6,28024-B,Computer Networks T,0.74495345
08574-B,Operating Systems,7,08574-C,Operating Systems,0.74417544
08574-B,Operating Systems,8,91161,"Networks, Security And Data Bases",0.73487075
08574-B,Operating Systems,9,88324,System Administration T,0.73420774
08574-B,Operating Systems,10,57828,Informatics,0.72486812
08574-C,Operating Systems,1,08574-A,Operating Systems,0.79861870
08574-C,Operating Systems,2,96007,Foundations of Computer Architecture and Operating Systems,0.76263407
08574-C,Operating Systems,3,95604,Operating Systems and Networks,0.76012887
08574-C,Operating Systems,4,00819-A,Programming,0.75775781
08574-C,Operating Systems,5,57828,Informatics,0.75751704
08574-C,Operating Systems,6,07276-B,Computer Science,0.75364225
08574-C,Operating Systems,7,11929-A,Algorithm and Data Structures,0.75169601
08574-C,Operating Systems,8,28020-A,Operating Systems T,0.75102723
08574-C,Operating Systems,9,28020-B,Operating Systems T,0.75102723
08574-C,Operating Systems,10,28024-A,Computer Networks T,0.74954014
09032,Software Engineering,1,95627,Software Engineering,0.81725825
09032,Software Engineering,2,90106-A,Software Engineering,0.80504841
09032,Software Engineering,3,66858,Software Engineering,0.79448940
09032,Software Engineering,4,B1874,Project Management and Software Engineering for Cultural Heritage,0.77565062
09032,Software Engineering,5,B0011,Software Process Engineering,0.77184825
09032,Software Engineering,6,81612,Programming and Development paradigms,0.75934180
09032,Software Engineering,7,28021,Software Engineering T,0.75822618
09032,Software Engineering,8,28024-A,Computer Networks T,0.75657936
09032,Software Engineering,9,28024-B,Computer Networks T,0.75657936
09032,Software Engineering,10,90749,Computing Education,0.75523945
09679,Data Base Sistems,1,70155,Data Bases,0.78020226
09679,Data Base Sistems,2,40720,Data Mining,0.76394465
09679,Data Base Sistems,3,95631-A,Machine Learning and Data Mining,0.76241391
09679,Data Base Sistems,4,28024-A,Computer Networks T,0.73071756
09679,Data Base Sistems,5,28024-B,Computer Networks T,0.73071756
09679,Data Base Sistems,6,91161,"Networks, Security And Data Bases",0.72670751
09679,Data Base Sistems,7,30376,Business Intelligence,0.72347498
09679,Data Base Sistems,8,96793,Information Systems and Database Management,0.72168820
09679,Data Base Sistems,9,20741,Information Processing Systems,0.71994176
09679,Data Base Sistems,10,B8159,INFORMATICA,0.71834199
09730-A,Principles of Informatics,1,15305,Foundations of Informatics A,0.94901442
09730-A,Principles of Informatics,2,09730-B,Principles of Informatics,0.87905047
09730-A,Principles of Informatics,3,16692,Laboratory of Informatics,0.85057845
09730-A,Principles of Informatics,4,28623,Foundations of Informatics and Laboratory,0.82902319
09730-A,Principles of Informatics,5,57828,Informatics,0.80725559
09730-A,Principles of Informatics,6,37262,Computer Programming,0.80608893
09730-A,Principles of Informatics,7,B5782,Algorithms and Data Structures for Computational Biology,0.79711925
09730-A,Principles of Informatics,8,95602,Programming and Computer Architectures,0.79467169
09730-A,Principles of Informatics,9,60348,Informatics,0.79364382
09730-A,Principles of Informatics,10,07276-B,Computer Science,0.79306640
09730-B,Principles of Informatics,1,09730-A,Principles of Informatics,0.87905047
09730-B,Principles of Informatics,2,15305,Foundations of Informatics A,0.82806489
09730-B,Principles of Informatics,3,57828,Informatics,0.79356301
09730-B,Principles of Informatics,4,28623,Foundations of Informatics and Laboratory,0.77804282
09730-B,Principles of Informatics,5,16692,Laboratory of Informatics,0.77776839
09730-B,Principles of Informatics,6,96346-C,INFORMATICA,0.77673611
09730-B,Principles of Informatics,7,95602,Programming and Computer Architectures,0.77669461
09730-B,Principles of Informatics,8,B5782,Algorithms and Data Structures for Computational Biology,0.77668903
09730-B,Principles of Informatics,9,10907,Electronics of Digital Systems,0.77464948
09730-B,Principles of Informatics,10,00819-A,Programming,0.77322442
10906-A,Databases,1,95611,Database Systems,0.97456082
10906-A,Databases,2,79194,Databases,0.86093427
10906-A,Databases,3,10906-B,Databases,0.83873979
10906-A,Databases,4,70155,Data Bases,0.81970589
10906-A,Databases,5,90107,BASI DI DATI,0.78758077
10906-A,Databases,6,84339,Advanced Database Systems,0.77237481
10906-A,Databases,7,96793,Information Systems and Database Management,0.76340167
10906-A,Databases,8,84530,Database and Big Data Technologies M,0.74374795
10906-A,Databases,9,28027,Information Systems T,0.74230437
10906-A,Databases,10,B8159,INFORMATICA,0.73734860
10906-B,Databases,1,10906-A,Databases,0.83873979
10906-B,Databases,2,95611,Database Systems,0.82136455
10906-B,Databases,3,28027,Information Systems T,0.77886763
10906-B,Databases,4,70155,Data Bases,0.76138056
10906-B,Databases,5,84530,Database and Big Data Technologies M,0.76041683
10906-B,Databases,6,79194,Databases,0.75849541
10906-B,Databases,7,90107,BASI DI DATI,0.71988058
10906-B,Databases,8,84339,Advanced Database Systems,0.71983712
10906-B,Databases,9,28652,IT Systems T-1,0.71756019
10906-B,Databases,10,96793,Information Systems and Database Management,0.71106916
10907,Electronics of Digital Systems,1,88228,Microcontroller electronic systems P,0.78151785
10907,Electronics of Digital Systems,2,94272,Electronic Systems,0.77624133
10907,Electronics of Digital Systems,3,09730-B,Principles of Informatics,0.77464948
10907,Electronics of Digital Systems,4,B5722,Embedded Sensors,0.77385986
10907,Electronics of Digital Systems,5,34991,Project in electronics and telecommunications,0.77149287
10907,Electronics of Digital Systems,6,28651,Electronics T-A,0.76926219
10907,Electronics of Digital Systems,7,35148,Electronics for analogic signal processing,0.76905741
10907,Electronics of Digital Systems,8,00269,Electronics,0.76901847
10907,Electronics of Digital Systems,9,09730-A,Principles of Informatics,0.76741369
10907,Electronics of Digital Systems,10,15305,Foundations of Informatics A,0.76355431
11340,INFORMATICA APPLICATA,1,B8159,INFORMATICA,0.72646794
11340,INFORMATICA APPLICATA,2,57828,Informatics,0.71418480
11340,INFORMATICA APPLICATA,3,96793,Information Systems and Database Management,0.70920098
11340,INFORMATICA APPLICATA,4,70155,Data Bases,0.70507566
11340,INFORMATICA APPLICATA,5,39176-A,Basic and Laboratory Informatics,0.69800252
11340,INFORMATICA APPLICATA,6,39176-B,Basic and Laboratory Informatics,0.69800252
11340,INFORMATICA APPLICATA,7,79194,Databases,0.69659490
11340,INFORMATICA APPLICATA,8,82202-B,Informatic,0.69624212
11340,INFORMATICA APPLICATA,9,B4826,Informatics for the Humanities,0.69487511
11340,INFORMATICA APPLICATA,10,82202-A,Informatic,0.69137428
11925,Computer Architecture,1,69731-B,Computer Architecture,0.79835679
11925,Computer Architecture,2,95602,Programming and Computer Architectures,0.78483357
11925,Computer Architecture,3,96007,Foundations of Computer Architecture and Operating Systems,0.77831450
11925,Computer Architecture,4,03716-A,Digital Design Principles and Computer Architecture,0.77607761
11925,Computer Architecture,5,03716-B,Digital Design Principles and Computer Architecture,0.77607761
11925,Computer Architecture,6,09730-A,Principles of Informatics,0.76692566
11925,Computer Architecture,7,15305,Foundations of Informatics A,0.76500375
11925,Computer Architecture,8,09730-B,Principles of Informatics,0.75858519
11925,Computer Architecture,9,B5782,Algorithms and Data Structures for Computational Biology,0.75843320
11925,Computer Architecture,10,69731-A,Computer Architecture,0.75640146
11929-A,Algorithm and Data Structures,1,B5782,Algorithms and Data Structures for Computational Biology,0.86529419
11929-A,Algorithm and Data Structures,2,11929-C,Algorithms and Data Structures,0.84907590
11929-A,Algorithm and Data Structures,3,37635,Data Structure and Algorithms,0.84420816
11929-A,Algorithm and Data Structures,4,11929-D,Algorithms and Data Structures,0.82345559
11929-A,Algorithm and Data Structures,5,95602,Programming and Computer Architectures,0.80751357
11929-A,Algorithm and Data Structures,6,B8105,Computational Management of Data,0.79847135
11929-A,Algorithm and Data Structures,7,11929-B,Algorithms and Data Structures,0.79832817
11929-A,Algorithm and Data Structures,8,90147,Artificial intelligence,0.78751685
11929-A,Algorithm and Data Structures,9,41169,Theoretical Computer Science,0.78683909
11929-A,Algorithm and Data Structures,10,85189,Systems and Algorithms for Data Science,0.78237797
11929-B,Algorithms and Data Structures,1,11929-D,Algorithms and Data Structures,0.95026080
11929-B,Algorithms and Data Structures,2,11929-C,Algorithms and Data Structures,0.81488002
11929-B,Algorithms and Data Structures,3,37635,Data Structure and Algorithms,0.80788489
11929-B,Algorithms and Data Structures,4,11929-A,Algorithm and Data Structures,0.79832817
11929-B,Algorithms and Data Structures,5,B5782,Algorithms and Data Structures for Computational Biology,0.79095758
11929-B,Algorithms and Data Structures,6,95631-A,Machine Learning and Data Mining,0.76684888
11929-B,Algorithms and Data Structures,7,85301,Algorithms and Data Structures in Biology,0.76520768
11929-B,Algorithms and Data Structures,8,B4913,ALGORITMI E STRUTTURE DATI,0.74609163
11929-B,Algorithms and Data Structures,9,81609,"Languages, Compilers and Computational Models",0.73994954
11929-B,Algorithms and Data Structures,10,40720,Data Mining,0.73596088
11929-C,Algorithms and Data Structures,1,37635,Data Structure and Algorithms,0.99300487
11929-C,Algorithms and Data Structures,2,11929-A,Algorithm and Data Structures,0.84907590
11929-C,Algorithms and Data Structures,3,11929-D,Algorithms and Data Structures,0.84785747
11929-C,Algorithms and Data Structures,4,B5782,Algorithms and Data Structures for Computational Biology,0.82894906
11929-C,Algorithms and Data Structures,5,11929-B,Algorithms and Data Structures,0.81488002
11929-C,Algorithms and Data Structures,6,B4913,ALGORITMI E STRUTTURE DATI,0.80254350
11929-C,Algorithms and Data Structures,7,95602,Programming and Computer Architectures,0.77654696
11929-C,Algorithms and Data Structures,8,40720,Data Mining,0.76810440
11929-C,Algorithms and Data Structures,9,85189,Systems and Algorithms for Data Science,0.76699235
11929-C,Algorithms and Data Structures,10,41169,Theoretical Computer Science,0.76674651
11929-D,Algorithms and Data Structures,1,11929-B,Algorithms and Data Structures,0.95026080
11929-D,Algorithms and Data Structures,2,11929-C,Algorithms and Data Structures,0.84785747
11929-D,Algorithms and Data Structures,3,37635,Data Structure and Algorithms,0.84086234
11929-D,Algorithms and Data Structures,4,11929-A,Algorithm and Data Structures,0.82345559
11929-D,Algorithms and Data Structures,5,B5782,Algorithms and Data Structures for Computational Biology,0.80804237
11929-D,Algorithms and Data Structures,6,85301,Algorithms and Data Structures in Biology,0.77629697
11929-D,Algorithms and Data Structures,7,B4913,ALGORITMI E STRUTTURE DATI,0.75650704
11929-D,Algorithms and Data Structures,8,41169,Theoretical Computer Science,0.75016391
11929-D,Algorithms and Data Structures,9,95602,Programming and Computer Architectures,0.73726598
11929-D,Algorithms and Data Structures,10,40720,Data Mining,0.73088986
11933,Theoretical Computer Science,1,41169,Theoretical Computer Science,0.92022785
11933,Theoretical Computer Science,2,07276-B,Computer Science,0.77549810
11933,Theoretical Computer Science,3,B5782,Algorithms and Data Structures for Computational Biology,0.76517053
11933,Theoretical Computer Science,4,09730-A,Principles of Informatics,0.76476362
11933,Theoretical Computer Science,5,11929-A,Algorithm and Data Structures,0.76386897
11933,Theoretical Computer Science,6,81609,"Languages, Compilers and Computational Models",0.76280729
11933,Theoretical Computer Science,7,15305,Foundations of Informatics A,0.75899552
11933,Theoretical Computer Science,8,11929-C,Algorithms and Data Structures,0.75720213
11933,Theoretical Computer Science,9,37262,Computer Programming,0.75629202
11933,Theoretical Computer Science,10,37635,Data Structure and Algorithms,0.75463936
14015,Cryptography,1,93467,Cryptography,0.81153190
14015,Cryptography,2,93466,FONDAMENTI DI CYBERSECURITY,0.75415283
14015,Cryptography,3,72942,Information Security M,0.74374449
14015,Cryptography,4,95631-A,Machine Learning and Data Mining,0.72655689
14015,Cryptography,5,40720,Data Mining,0.71958848
14015,Cryptography,6,11929-B,Algorithms and Data Structures,0.71476758
14015,Cryptography,7,93315,Computer Networks,0.70975533
14015,Cryptography,8,90392,Elements of Applied Data Security M,0.70879904
14015,Cryptography,9,95630,Big Data and Cloud Platforms,0.70823703
14015,Cryptography,10,B8311,SECURITY OF DATA AND NEURAL PROCESSING M,0.70563625
15305,Foundations of Informatics A,1,09730-A,Principles of Informatics,0.94901442
15305,Foundations of Informatics A,2,16692,Laboratory of Informatics,0.84105711
15305,Foundations of Informatics A,3,28623,Foundations of Informatics and Laboratory,0.83182179
15305,Foundations of Informatics A,4,09730-B,Principles of Informatics,0.82806489
15305,Foundations of Informatics A,5,29227-D,Foundations of Informatics T,0.80877144
15305,Foundations of Informatics A,6,29227-C,Foundations of Informatics T,0.80498417
15305,Foundations of Informatics A,7,29227-A,Foundations of Informatics T,0.80354726
15305,Foundations of Informatics A,8,29227-B,Foundations of Informatics T,0.80354726
15305,Foundations of Informatics A,9,B5782,Algorithms and Data Structures for Computational Biology,0.79812016
15305,Foundations of Informatics A,10,37262,Computer Programming,0.79595748
15920,Computer Lab,1,07276-D,Computer Science,0.79004494
15920,Computer Lab,2,B4826,Informatics for the Humanities,0.71823632
15920,Computer Lab,3,57828,Informatics,0.71187950
15920,Computer Lab,4,28106,Computer Science for Environmental Sciences,0.71089682
15920,Computer Lab,5,07276-B,Computer Science,0.69573657
15920,Computer Lab,6,90749,Computing Education,0.69138110
15920,Computer Lab,7,B8105,Computational Management of Data,0.69133020
15920,Computer Lab,8,82202-A,Informatic,0.69053797
15920,Computer Lab,9,40720,Data Mining,0.68749679
15920,Computer Lab,10,91254,Image Processing and Computer Vision,0.68694629
16692,Laboratory of Informatics,1,09730-A,Principles of Informatics,0.85057845
16692,Laboratory of Informatics,2,15305,Foundations of Informatics A,0.84105711
16692,Laboratory of Informatics,3,28623,Foundations of Informatics and Laboratory,0.82092756
16692,Laboratory of Informatics,4,B5782,Algorithms and Data Structures for Computational Biology,0.79782994
16692,Laboratory of Informatics,5,00819-A,Programming,0.79322954
16692,Laboratory of Informatics,6,00819-B,Programming,0.78858590
16692,Laboratory of Informatics,7,07276-B,Computer Science,0.77787229
16692,Laboratory of Informatics,8,09730-B,Principles of Informatics,0.77776839
16692,Laboratory of Informatics,9,00819-C,Programming,0.77695350
16692,Laboratory of Informatics,10,96346-C,INFORMATICA,0.77361762
16870,Programming Laboratory,1,00819-D,Programming,0.80250323
16870,Programming Laboratory,2,B0063,Programming Laboratory,0.79343300
16870,Programming Laboratory,3,93333,Programming Lab,0.77095850
16870,Programming Laboratory,4,37262,Computer Programming,0.76971987
16870,Programming Laboratory,5,00819-E,Programming,0.76769069
16870,Programming Laboratory,6,95648,Software Design and Development,0.76065863
16870,Programming Laboratory,7,85285,Programming,0.75806173
16870,Programming Laboratory,8,70219,Object-Oriented Programming,0.75274129
16870,Programming Laboratory,9,16692,Laboratory of Informatics,0.74503732
16870,Programming Laboratory,10,00819-A,Programming,0.74415346
17628,Concurrent and Distributed Programming,1,B8562,SISTEMI CONCORRENTI E PARALLELI M,0.81357988
17628,Concurrent and Distributed Programming,2,81612,Programming and Development paradigms,0.76532286
17628,Concurrent and Distributed Programming,3,28024-A,Computer Networks T,0.75917753
17628,Concurrent and Distributed Programming,4,28024-B,Computer Networks T,0.75917753
17628,Concurrent and Distributed Programming,5,95627,Software Engineering,0.75679376
17628,Concurrent and Distributed Programming,6,73025,Distributed Systems M,0.75167443
17628,Concurrent and Distributed Programming,7,81942,Scalable and Cloud Programming,0.74781088
17628,Concurrent and Distributed Programming,8,58437,Parallel Calculus,0.73988711
17628,Concurrent and Distributed Programming,9,72778,High-Performance Computing,0.73674148
17628,Concurrent and Distributed Programming,10,96859,Embedded Systems and Internet of Things,0.73625441
17634,Computer Vision,1,73302,Computer Vision And Image Processing M,0.80426325
17634,Computer Vision,2,93478,COMPUTER VISION,0.79053730
17634,Computer Vision,3,91254,Image Processing and Computer Vision,0.78558112
17634,Computer Vision,4,69661,Image Processing And Computer Vision M,0.76061753
17634,Computer Vision,5,91266,Machine Learning for Computer Vision,0.75220392
17634,Computer Vision,6,07276-B,Computer Science,0.71488530
17634,Computer Vision,7,40720,Data Mining,0.71293417
17634,Computer Vision,8,37262,Computer Programming,0.71167261
17634,Computer Vision,9,91250-B,Deep Learning,0.70970642
17634,Computer Vision,10,91250-C,Deep Learning,0.70970642
20741,Information Processing Systems,1,57828,Informatics,0.75909977
20741,Information Processing Systems,2,08574-C,Operating Systems,0.74402904
20741,Information Processing Systems,3,95604,Operating Systems and Networks,0.72954152
20741,Information Processing Systems,4,40720,Data Mining,0.72347032
20741,Information Processing Systems,5,08574-A,Operating Systems,0.72224855
20741,Information Processing Systems,6,75198,Health Information Processing Systems,0.72116244
20741,Information Processing Systems,7,09679,Data Base Sistems,0.71994176
20741,Information Processing Systems,8,28040,Information Technology,0.71888075
20741,Information Processing Systems,9,82202-B,Informatic,0.71791017
20741,Information Processing Systems,10,87474,Distributed Systems,0.71582103
27311-A,Humanistic IT,1,27311-B,Humanistic IT,0.88539208
27311-A,Humanistic IT,2,B8905,Foundations of Programming,0.77965452
27311-A,Humanistic IT,3,28040,Information Technology,0.76241478
27311-A,Humanistic IT,4,96346-C,INFORMATICA,0.76221478
27311-A,Humanistic IT,5,B4826,Informatics for the Humanities,0.75917392
27311-A,Humanistic IT,6,95602,Programming and Computer Architectures,0.75670512
27311-A,Humanistic IT,7,37262,Computer Programming,0.75568556
27311-A,Humanistic IT,8,07276-B,Computer Science,0.75230645
27311-A,Humanistic IT,9,09730-A,Principles of Informatics,0.74474442
27311-A,Humanistic IT,10,B1873,Machine Learning for Humanities,0.74379809
27311-B,Humanistic IT,1,27311-A,Humanistic IT,0.88539208
27311-B,Humanistic IT,2,B5079,Digital Humanities and Data Management for Cultural Heritage,0.77545870
27311-B,Humanistic IT,3,B4826,Informatics for the Humanities,0.75046964
27311-B,Humanistic IT,4,90147,Artificial intelligence,0.73340431
27311-B,Humanistic IT,5,90749,Computing Education,0.73255126
27311-B,Humanistic IT,6,B5293,Computer Studies and Humanities,0.73206297
27311-B,Humanistic IT,7,B8929,Computer Studies and Human Sciences,0.73083443
27311-B,Humanistic IT,8,98618,"""Document Digitization Techniques """,0.72973988
27311-B,Humanistic IT,9,B5059,Interaction Media Design,0.72868723
27311-B,Humanistic IT,10,81934,HUMAN COMPUTER INTERACTION,0.72700379
28004-A,Foundations of Informatics T-1,1,28004-B,Foundations of Informatics T-1,0.93162000
28004-A,Foundations of Informatics T-1,2,93034-A,Foundations of Computer Science T,0.81201692
28004-A,Foundations of Informatics T-1,3,93034-B,Foundations of Computer Science T,0.81201692
28004-A,Foundations of Informatics T-1,4,28024-A,Computer Networks T,0.79759805
28004-A,Foundations of Informatics T-1,5,28024-B,Computer Networks T,0.79759805
28004-A,Foundations of Informatics T-1,6,29227-E,Foundations of Informatics T,0.79389649
28004-A,Foundations of Informatics T-1,7,28722,Electronics T-1,0.79201950
28004-A,Foundations of Informatics T-1,8,15305,Foundations of Informatics A,0.78925248
28004-A,Foundations of Informatics T-1,9,28652,IT Systems T-1,0.78388305
28004-A,Foundations of Informatics T-1,10,B0832,Administration of Systems T,0.78155168
28004-B,Foundations of Informatics T-1,1,28004-A,Foundations of Informatics T-1,0.93162000
28004-B,Foundations of Informatics T-1,2,15305,Foundations of Informatics A,0.78216880
28004-B,Foundations of Informatics T-1,3,93034-A,Foundations of Computer Science T,0.77064359
28004-B,Foundations of Informatics T-1,4,93034-B,Foundations of Computer Science T,0.77064359
28004-B,Foundations of Informatics T-1,5,28024-A,Computer Networks T,0.76430001
28004-B,Foundations of Informatics T-1,6,28024-B,Computer Networks T,0.76430001
28004-B,Foundations of Informatics T-1,7,09730-A,Principles of Informatics,0.76377693
28004-B,Foundations of Informatics T-1,8,29227-D,Foundations of Informatics T,0.76007131
28004-B,Foundations of Informatics T-1,9,60348,Informatics,0.75742015
28004-B,Foundations of Informatics T-1,10,09730-B,Principles of Informatics,0.75495433
28011-A,Logic Design T,1,28011-B,Logic Design T,0.81189051
28011-A,Logic Design T,2,28722,Electronics T-1,0.75638389
28011-A,Logic Design T,3,10907,Electronics of Digital Systems,0.73369652
28011-A,Logic Design T,4,B5782,Algorithms and Data Structures for Computational Biology,0.73128097
28011-A,Logic Design T,5,B8105,Computational Management of Data,0.73034856
28011-A,Logic Design T,6,88324,System Administration T,0.72933260
28011-A,Logic Design T,7,28651,Electronics T-A,0.72870376
28011-A,Logic Design T,8,28012-B,Electronic Calculators T,0.72805339
28011-A,Logic Design T,9,28016-B,Electronics T,0.72253665
28011-A,Logic Design T,10,B1703,Introduction to Programming,0.72210066
28011-B,Logic Design T,1,28011-A,Logic Design T,0.81189051
28011-B,Logic Design T,2,28011-C,RETI LOGICHE T,0.74247930
28011-B,Logic Design T,3,88324,System Administration T,0.73133194
28011-B,Logic Design T,4,28722,Electronics T-1,0.72668727
28011-B,Logic Design T,5,81678-A,Laboratory of Making,0.71515658
28011-B,Logic Design T,6,10907,Electronics of Digital Systems,0.71207808
28011-B,Logic Design T,7,28016-A,Electronics T,0.71075227
28011-B,Logic Design T,8,34991,Project in electronics and telecommunications,0.70974052
28011-B,Logic Design T,9,03716-A,Digital Design Principles and Computer Architecture,0.70946137
28011-B,Logic Design T,10,03716-B,Digital Design Principles and Computer Architecture,0.70946137
28011-C,RETI LOGICHE T,1,28011-B,Logic Design T,0.74247930
28011-C,RETI LOGICHE T,2,28011-A,Logic Design T,0.70386304
28011-C,RETI LOGICHE T,3,B8378,SENSORI ELETTRONICI INTELLIGENTI LM,0.69853028
28011-C,RETI LOGICHE T,4,28024-A,Computer Networks T,0.69586218
28011-C,RETI LOGICHE T,5,28024-B,Computer Networks T,0.69586218
28011-C,RETI LOGICHE T,6,B0833,Computer Security Laboratory T,0.69436079
28011-C,RETI LOGICHE T,7,28651,Electronics T-A,0.69307852
28011-C,RETI LOGICHE T,8,28722,Electronics T-1,0.69141407
28011-C,RETI LOGICHE T,9,28652,IT Systems T-1,0.68767247
28011-C,RETI LOGICHE T,10,91250-A,DEEP LEARNING,0.68385536
28012-A,Electronic Calculators T,1,28012-B,Electronic Calculators T,0.76531607
28012-A,Electronic Calculators T,2,10907,Electronics of Digital Systems,0.74144367
28012-A,Electronic Calculators T,3,28651,Electronics T-A,0.71739292
28012-A,Electronic Calculators T,4,28024-A,Computer Networks T,0.71582136
28012-A,Electronic Calculators T,5,28024-B,Computer Networks T,0.71582136
28012-A,Electronic Calculators T,6,85730,Architectures and Firmware M,0.71139447
28012-A,Electronic Calculators T,7,B8561,ARCHITETTURE DEI CALCOLATORI M,0.70621417
28012-A,Electronic Calculators T,8,29227-D,Foundations of Informatics T,0.70545663
28012-A,Electronic Calculators T,9,69430,COMPUTER ARCHITECTURES M,0.70104067
28012-A,Electronic Calculators T,10,28652,IT Systems T-1,0.69885391
28012-B,Electronic Calculators T,1,91602,Computer Architectures,0.79856293
28012-B,Electronic Calculators T,2,28722,Electronics T-1,0.78029805
28012-B,Electronic Calculators T,3,28012-A,Electronic Calculators T,0.76531607
28012-B,Electronic Calculators T,4,28004-A,Foundations of Informatics T-1,0.75491870
28012-B,Electronic Calculators T,5,28024-A,Computer Networks T,0.75420933
28012-B,Electronic Calculators T,6,28024-B,Computer Networks T,0.75420933
28012-B,Electronic Calculators T,7,28016-B,Electronics T,0.74774475
28012-B,Electronic Calculators T,8,29227-E,Foundations of Informatics T,0.74472448
28012-B,Electronic Calculators T,9,28016-A,Electronics T,0.74119296
28012-B,Electronic Calculators T,10,B5782,Algorithms and Data Structures for Computational Biology,0.73972589
28016-A,Electronics T,1,28016-B,Electronics T,0.95061377
28016-A,Electronics T,2,28722,Electronics T-1,0.86925834
28016-A,Electronics T,3,28651,Electronics T-A,0.85812910
28016-A,Electronics T,4,00269,Electronics,0.77913003
28016-A,Electronics T,5,37063,Principles of Electronics for Automation T,0.77687089
28016-A,Electronics T,6,28724,Electronics T-2,0.77642527
28016-A,Electronics T,7,71148,Electronics For Automation T,0.76536173
28016-A,Electronics T,8,35367,Industrial Electronics M,0.76399374
28016-A,Electronics T,9,94272,Electronic Systems,0.76243786
28016-A,Electronics T,10,73092,Analog Electronic Circuits T-A,0.76119230
28016-B,Electronics T,1,28016-A,Electronics T,0.95061377
28016-B,Electronics T,2,28651,Electronics T-A,0.86695576
28016-B,Electronics T,3,28722,Electronics T-1,0.86471664
28016-B,Electronics T,4,00269,Electronics,0.78153631
28016-B,Electronics T,5,94272,Electronic Systems,0.77208895
28016-B,Electronics T,6,37063,Principles of Electronics for Automation T,0.76781635
28016-B,Electronics T,7,71148,Electronics For Automation T,0.76437187
28016-B,Electronics T,8,28724,Electronics T-2,0.76058307
28016-B,Electronics T,9,35367,Industrial Electronics M,0.75665114
28016-B,Electronics T,10,B2250,Microelectronics M,0.75144989
28016-C,Electronics T,1,28016-A,Electronics T,0.73863737
28016-C,Electronics T,2,00269,Electronics,0.73777285
28016-C,Electronics T,3,28651,Electronics T-A,0.73389816
28016-C,Electronics T,4,28724,Electronics T-2,0.72473600
28016-C,Electronics T,5,81649,Design On Analog Cicuits and Systems M,0.71727947
28016-C,Electronics T,6,35367,Industrial Electronics M,0.71607108
28016-C,Electronics T,7,37063,Principles of Electronics for Automation T,0.71519503
28016-C,Electronics T,8,28016-B,Electronics T,0.71265153
28016-C,Electronics T,9,73092,Analog Electronic Circuits T-A,0.70950303
28016-C,Electronics T,10,93392,Analog Circuits and Sensor Systems M,0.68445661
28020-A,Operating Systems T,1,28020-B,Operating Systems T,1.00000000
28020-A,Operating Systems T,2,28024-A,Computer Networks T,0.80930130
28020-A,Operating Systems T,3,28024-B,Computer Networks T,0.80930130
28020-A,Operating Systems T,4,08574-B,Operating Systems,0.78621904
28020-A,Operating Systems T,5,08574-A,Operating Systems,0.77428909
28020-A,Operating Systems T,6,B8562,SISTEMI CONCORRENTI E PARALLELI M,0.76968048
28020-A,Operating Systems T,7,28004-A,Foundations of Informatics T-1,0.76082849
28020-A,Operating Systems T,8,88324,System Administration T,0.75450689
28020-A,Operating Systems T,9,08574-C,Operating Systems,0.75102723
28020-A,Operating Systems T,10,29227-E,Foundations of Informatics T,0.74756414
28020-B,Operating Systems T,1,28020-A,Operating Systems T,1.00000000
28020-B,Operating Systems T,2,28024-A,Computer Networks T,0.80930130
28020-B,Operating Systems T,3,28024-B,Computer Networks T,0.80930130
28020-B,Operating Systems T,4,08574-B,Operating Systems,0.78621904
28020-B,Operating Systems T,5,08574-A,Operating Systems,0.77428909
28020-B,Operating Systems T,6,B8562,SISTEMI CONCORRENTI E PARALLELI M,0.76968048
28020-B,Operating Systems T,7,28004-A,Foundations of Informatics T-1,0.76082849
28020-B,Operating Systems T,8,88324,System Administration T,0.75450689
28020-B,Operating Systems T,9,08574-C,Operating Systems,0.75102723
28020-B,Operating Systems T,10,29227-E,Foundations of Informatics T,0.74756414
28021,Software Engineering T,1,90106-A,Software Engineering,0.79448388
28021,Software Engineering T,2,66858,Software Engineering,0.77910725
28021,Software Engineering T,3,95627,Software Engineering,0.75847951
28021,Software Engineering T,4,09032,Software Engineering,0.75822618
28021,Software Engineering T,5,B0011,Software Process Engineering,0.75179738
28021,Software Engineering T,6,90106-B,INGEGNERIA DEL SOFTWARE,0.74089157
28021,Software Engineering T,7,93034-A,Foundations of Computer Science T,0.74065885
28021,Software Engineering T,8,93034-B,Foundations of Computer Science T,0.74065885
28021,Software Engineering T,9,B0010,Software Architecture and Platforms,0.73984136
28021,Software Engineering T,10,28004-A,Foundations of Informatics T-1,0.73836622
28024-A,Computer Networks T,1,28024-B,Computer Networks T,1.00000000
28024-A,Computer Networks T,2,84531,Infrastructures For Cloud Computing and Big Data M,0.81828613
28024-A,Computer Networks T,3,28020-A,Operating Systems T,0.80930130
28024-A,Computer Networks T,4,28020-B,Operating Systems T,0.80930130
28024-A,Computer Networks T,5,29227-C,Foundations of Informatics T,0.80494542
28024-A,Computer Networks T,6,72942,Information Security M,0.80191779
28024-A,Computer Networks T,7,29227-E,Foundations of Informatics T,0.79767843
28024-A,Computer Networks T,8,28004-A,Foundations of Informatics T-1,0.79759805
28024-A,Computer Networks T,9,88325,Computer and Network Security Lab T,0.79648400
28024-A,Computer Networks T,10,88324,System Administration T,0.79131367
28024-B,Computer Networks T,1,28024-A,Computer Networks T,1.00000000
28024-B,Computer Networks T,2,84531,Infrastructures For Cloud Computing and Big Data M,0.81828613
28024-B,Computer Networks T,3,28020-A,Operating Systems T,0.80930130
28024-B,Computer Networks T,4,28020-B,Operating Systems T,0.80930130
28024-B,Computer Networks T,5,29227-C,Foundations of Informatics T,0.80494542
28024-B,Computer Networks T,6,72942,Information Security M,0.80191779
28024-B,Computer Networks T,7,29227-E,Foundations of Informatics T,0.79767843
28024-B,Computer Networks T,8,28004-A,Foundations of Informatics T-1,0.79759805
28024-B,Computer Networks T,9,88325,Computer and Network Security Lab T,0.79648400
28024-B,Computer Networks T,10,88324,System Administration T,0.79131367
28027,Information Systems T,1,10906-B,Databases,0.77886763
28027,Information Systems T,2,28652,IT Systems T-1,0.75941671
28027,Information Systems T,3,84530,Database and Big Data Technologies M,0.75708694
28027,Information Systems T,4,95611,Database Systems,0.75450783
28027,Information Systems T,5,10906-A,Databases,0.74230437
28027,Information Systems T,6,70155,Data Bases,0.73376360
28027,Information Systems T,7,28021,Software Engineering T,0.72931897
28027,Information Systems T,8,96793,Information Systems and Database Management,0.71369478
28027,Information Systems T,9,84339,Advanced Database Systems,0.71263408
28027,Information Systems T,10,B8159,INFORMATICA,0.71206419
28040,Information Technology,1,07276-B,Computer Science,0.88384000
28040,Information Technology,2,96346-C,INFORMATICA,0.84706688
28040,Information Technology,3,07276-F,INFORMATICA,0.82796426
28040,Information Technology,4,B1703,Introduction to Programming,0.79644109
28040,Information Technology,5,95602,Programming and Computer Architectures,0.78243729
28040,Information Technology,6,37262,Computer Programming,0.77854058
28040,Information Technology,7,57828,Informatics,0.77471510
28040,Information Technology,8,93333,Programming Lab,0.77442618
28040,Information Technology,9,72942,Information Security M,0.76910673
28040,Information Technology,10,40720,Data Mining,0.76594850
28106,Computer Science for Environmental Sciences,1,B4826,Informatics for the Humanities,0.78218739
28106,Computer Science for Environmental Sciences,2,91161,"Networks, Security And Data Bases",0.76162065
28106,Computer Science for Environmental Sciences,3,90477,Machine Learning Systems For Data Science,0.75530316
28106,Computer Science for Environmental Sciences,4,85189,Systems and Algorithms for Data Science,0.75128926
28106,Computer Science for Environmental Sciences,5,96793,Information Systems and Database Management,0.74666842
28106,Computer Science for Environmental Sciences,6,B8105,Computational Management of Data,0.74631920
28106,Computer Science for Environmental Sciences,7,90749,Computing Education,0.74598180
28106,Computer Science for Environmental Sciences,8,57828,Informatics,0.74398079
28106,Computer Science for Environmental Sciences,9,28024-A,Computer Networks T,0.74389782
28106,Computer Science for Environmental Sciences,10,28024-B,Computer Networks T,0.74389782
28623,Foundations of Informatics and Laboratory,1,15305,Foundations of Informatics A,0.83182179
28623,Foundations of Informatics and Laboratory,2,09730-A,Principles of Informatics,0.82902319
28623,Foundations of Informatics and Laboratory,3,16692,Laboratory of Informatics,0.82092756
28623,Foundations of Informatics and Laboratory,4,00819-A,Programming,0.78541571
28623,Foundations of Informatics and Laboratory,5,07276-B,Computer Science,0.78099552
28623,Foundations of Informatics and Laboratory,6,B5782,Algorithms and Data Structures for Computational Biology,0.77982962
28623,Foundations of Informatics and Laboratory,7,93034-A,Foundations of Computer Science T,0.77828436
28623,Foundations of Informatics and Laboratory,8,93034-B,Foundations of Computer Science T,0.77828436
28623,Foundations of Informatics and Laboratory,9,09730-B,Principles of Informatics,0.77804282
28623,Foundations of Informatics and Laboratory,10,00819-C,Programming,0.77106394
28651,Electronics T-A,1,28016-B,Electronics T,0.86695576
28651,Electronics T-A,2,28016-A,Electronics T,0.85812910
28651,Electronics T-A,3,28722,Electronics T-1,0.83311911
28651,Electronics T-A,4,00269,Electronics,0.80461920
28651,Electronics T-A,5,94272,Electronic Systems,0.80229526
28651,Electronics T-A,6,35367,Industrial Electronics M,0.79799389
28651,Electronics T-A,7,37063,Principles of Electronics for Automation T,0.79359667
28651,Electronics T-A,8,71148,Electronics For Automation T,0.79133840
28651,Electronics T-A,9,28724,Electronics T-2,0.79068355
28651,Electronics T-A,10,73092,Analog Electronic Circuits T-A,0.79018100
28652,IT Systems T-1,1,28722,Electronics T-1,0.80469727
28652,IT Systems T-1,2,28004-A,Foundations of Informatics T-1,0.78388305
28652,IT Systems T-1,3,28024-A,Computer Networks T,0.78207021
28652,IT Systems T-1,4,28024-B,Computer Networks T,0.78207021
28652,IT Systems T-1,5,28027,Information Systems T,0.75941671
28652,IT Systems T-1,6,96793,Information Systems and Database Management,0.75861910
28652,IT Systems T-1,7,88324,System Administration T,0.75644305
28652,IT Systems T-1,8,88325,Computer and Network Security Lab T,0.75641123
28652,IT Systems T-1,9,28651,Electronics T-A,0.75526039
28652,IT Systems T-1,10,29227-D,Foundations of Informatics T,0.75090954
28659-A,Web Technologies T,1,28659-B,Web Technologies T,1.00000000
28659-A,Web Technologies T,2,28024-A,Computer Networks T,0.73233680
28659-A,Web Technologies T,3,28024-B,Computer Networks T,0.73233680
28659-A,Web Technologies T,4,28004-A,Foundations of Informatics T-1,0.72830534
28659-A,Web Technologies T,5,75835,Web Technologies,0.72618082
28659-A,Web Technologies T,6,28021,Software Engineering T,0.72306591
28659-A,Web Technologies T,7,94442,Design of Web Applications T,0.71562945
28659-A,Web Technologies T,8,85445,Information Modelling and Web Technologies,0.71088084
28659-A,Web Technologies T,9,93034-A,Foundations of Computer Science T,0.70936262
28659-A,Web Technologies T,10,93034-B,Foundations of Computer Science T,0.70936262
28659-B,Web Technologies T,1,28659-A,Web Technologies T,1.00000000
28659-B,Web Technologies T,2,28024-A,Computer Networks T,0.73233680
28659-B,Web Technologies T,3,28024-B,Computer Networks T,0.73233680
28659-B,Web Technologies T,4,28004-A,Foundations of Informatics T-1,0.72830534
28659-B,Web Technologies T,5,75835,Web Technologies,0.72618082
28659-B,Web Technologies T,6,28021,Software Engineering T,0.72306591
28659-B,Web Technologies T,7,94442,Design of Web Applications T,0.71562945
28659-B,Web Technologies T,8,85445,Information Modelling and Web Technologies,0.71088084
28659-B,Web Technologies T,9,93034-A,Foundations of Computer Science T,0.70936262
28659-B,Web Technologies T,10,93034-B,Foundations of Computer Science T,0.70936262
28722,Electronics T-1,1,28016-A,Electronics T,0.86925834
28722,Electronics T-1,2,28016-B,Electronics T,0.86471664
28722,Electronics T-1,3,28651,Electronics T-A,0.83311911
28722,Electronics T-1,4,28652,IT Systems T-1,0.80469727
28722,Electronics T-1,5,28724,Electronics T-2,0.79292694
28722,Electronics T-1,6,28004-A,Foundations of Informatics T-1,0.79201950
28722,Electronics T-1,7,37063,Principles of Electronics for Automation T,0.79181649
28722,Electronics T-1,8,28012-B,Electronic Calculators T,0.78029805
28722,Electronics T-1,9,00269,Electronics,0.77125112
28722,Electronics T-1,10,73092,Analog Electronic Circuits T-A,0.76887550
28724,Electronics T-2,1,73092,Analog Electronic Circuits T-A,0.95456128
28724,Electronics T-2,2,28722,Electronics T-1,0.79292694
28724,Electronics T-2,3,28651,Electronics T-A,0.79068355
28724,Electronics T-2,4,28016-A,Electronics T,0.77642527
28724,Electronics T-2,5,37063,Principles of Electronics for Automation T,0.76314649
28724,Electronics T-2,6,28016-B,Electronics T,0.76058307
28724,Electronics T-2,7,81649,Design On Analog Cicuits and Systems M,0.75978664
28724,Electronics T-2,8,00269,Electronics,0.74807614
28724,Electronics T-2,9,35148,Electronics for analogic signal processing,0.73322493
28724,Electronics T-2,10,28016-C,Electronics T,0.72473600
28796,Elements of Databases,1,70155,Data Bases,0.76576466
28796,Elements of Databases,2,40720,Data Mining,0.73798003
28796,Elements of Databases,3,10906-A,Databases,0.73628981
28796,Elements of Databases,4,95611,Database Systems,0.73269906
28796,Elements of Databases,5,95631-B,Machine Learning and Data Mining,0.72593536
28796,Elements of Databases,6,90107,BASI DI DATI,0.72510419
28796,Elements of Databases,7,79194,Databases,0.72076965
28796,Elements of Databases,8,B2125,Machine Learning and Data Mining M,0.71908046
28796,Elements of Databases,9,B5782,Algorithms and Data Structures for Computational Biology,0.71359664
28796,Elements of Databases,10,37635,Data Structure and Algorithms,0.71070185
29035,Electronic Industrial Systems Architecture and Programming Laboratory T-A,1,73731,Microcontroller-based systems for Industrial Applicatons: Architecture and Programming,0.80548243
29035,Electronic Industrial Systems Architecture and Programming Laboratory T-A,2,28651,Electronics T-A,0.74791140
29035,Electronic Industrial Systems Architecture and Programming Laboratory T-A,3,10907,Electronics of Digital Systems,0.73600477
29035,Electronic Industrial Systems Architecture and Programming Laboratory T-A,4,34991,Project in electronics and telecommunications,0.72961988
29035,Electronic Industrial Systems Architecture and Programming Laboratory T-A,5,91259,Architecture and Platforms for Artificial Intelligence,0.72450898
29035,Electronic Industrial Systems Architecture and Programming Laboratory T-A,6,94247,Laboratory on Power Electronics,0.72194733
29035,Electronic Industrial Systems Architecture and Programming Laboratory T-A,7,B5722,Embedded Sensors,0.72182340
29035,Electronic Industrial Systems Architecture and Programming Laboratory T-A,8,88228,Microcontroller electronic systems P,0.72166342
29035,Electronic Industrial Systems Architecture and Programming Laboratory T-A,9,B8563,SISTEMI DI ELABORAZIONE ACCELERATA M,0.71937662
29035,Electronic Industrial Systems Architecture and Programming Laboratory T-A,10,94442,Design of Web Applications T,0.71660663
29227-A,Foundations of Informatics T,1,29227-B,Foundations of Informatics T,1.00000000
29227-A,Foundations of Informatics T,2,88145,Fundamentals of Computer Programming P1,0.90097463
29227-A,Foundations of Informatics T,3,93034-A,Foundations of Computer Science T,0.82755931
29227-A,Foundations of Informatics T,4,93034-B,Foundations of Computer Science T,0.82755931
29227-A,Foundations of Informatics T,5,29227-C,Foundations of Informatics T,0.80503753
29227-A,Foundations of Informatics T,6,15305,Foundations of Informatics A,0.80354726
29227-A,Foundations of Informatics T,7,29227-D,Foundations of Informatics T,0.79834089
29227-A,Foundations of Informatics T,8,93034-C,Foundations of Computer Science T,0.79812045
29227-A,Foundations of Informatics T,9,09730-A,Principles of Informatics,0.78019046
29227-A,Foundations of Informatics T,10,29227-E,Foundations of Informatics T,0.76779514
29227-B,Foundations of Informatics T,1,29227-A,Foundations of Informatics T,1.00000000
29227-B,Foundations of Informatics T,2,88145,Fundamentals of Computer Programming P1,0.90097463
29227-B,Foundations of Informatics T,3,93034-A,Foundations of Computer Science T,0.82755931
29227-B,Foundations of Informatics T,4,93034-B,Foundations of Computer Science T,0.82755931
29227-B,Foundations of Informatics T,5,29227-C,Foundations of Informatics T,0.80503753
29227-B,Foundations of Informatics T,6,15305,Foundations of Informatics A,0.80354726
29227-B,Foundations of Informatics T,7,29227-D,Foundations of Informatics T,0.79834089
29227-B,Foundations of Informatics T,8,93034-C,Foundations of Computer Science T,0.79812045
29227-B,Foundations of Informatics T,9,09730-A,Principles of Informatics,0.78019046
29227-B,Foundations of Informatics T,10,29227-E,Foundations of Informatics T,0.76779514
29227-C,Foundations of Informatics T,1,29227-D,Foundations of Informatics T,0.94933071
29227-C,Foundations of Informatics T,2,29227-E,Foundations of Informatics T,0.82851178
29227-C,Foundations of Informatics T,3,29227-A,Foundations of Informatics T,0.80503753
29227-C,Foundations of Informatics T,4,29227-B,Foundations of Informatics T,0.80503753
29227-C,Foundations of Informatics T,5,15305,Foundations of Informatics A,0.80498417
29227-C,Foundations of Informatics T,6,28024-A,Computer Networks T,0.80494542
29227-C,Foundations of Informatics T,7,28024-B,Computer Networks T,0.80494542
29227-C,Foundations of Informatics T,8,09730-A,Principles of Informatics,0.78162737
29227-C,Foundations of Informatics T,9,28004-A,Foundations of Informatics T-1,0.77699597
29227-C,Foundations of Informatics T,10,91161,"Networks, Security And Data Bases",0.77372775
29227-D,Foundations of Informatics T,1,29227-C,Foundations of Informatics T,0.94933071
29227-D,Foundations of Informatics T,2,29227-E,Foundations of Informatics T,0.82928299
29227-D,Foundations of Informatics T,3,15305,Foundations of Informatics A,0.80877144
29227-D,Foundations of Informatics T,4,29227-A,Foundations of Informatics T,0.79834089
29227-D,Foundations of Informatics T,5,29227-B,Foundations of Informatics T,0.79834089
29227-D,Foundations of Informatics T,6,28024-A,Computer Networks T,0.78740968
29227-D,Foundations of Informatics T,7,28024-B,Computer Networks T,0.78740968
29227-D,Foundations of Informatics T,8,28651,Electronics T-A,0.78637798
29227-D,Foundations of Informatics T,9,09730-A,Principles of Informatics,0.78541464
29227-D,Foundations of Informatics T,10,91161,"Networks, Security And Data Bases",0.77474065
29227-E,Foundations of Informatics T,1,29227-D,Foundations of Informatics T,0.82928299
29227-E,Foundations of Informatics T,2,29227-C,Foundations of Informatics T,0.82851178
29227-E,Foundations of Informatics T,3,28024-A,Computer Networks T,0.79767843
29227-E,Foundations of Informatics T,4,28024-B,Computer Networks T,0.79767843
29227-E,Foundations of Informatics T,5,28004-A,Foundations of Informatics T-1,0.79389649
29227-E,Foundations of Informatics T,6,15305,Foundations of Informatics A,0.78974907
29227-E,Foundations of Informatics T,7,93034-A,Foundations of Computer Science T,0.77173227
29227-E,Foundations of Informatics T,8,93034-B,Foundations of Computer Science T,0.77173227
29227-E,Foundations of Informatics T,9,29227-A,Foundations of Informatics T,0.76779514
29227-E,Foundations of Informatics T,10,29227-B,Foundations of Informatics T,0.76779514
30376,Business Intelligence,1,96142,Business Intelligence and Big Data M,0.79192096
30376,Business Intelligence,2,70155,Data Bases,0.76613747
30376,Business Intelligence,3,40720,Data Mining,0.75987268
30376,Business Intelligence,4,72942,Information Security M,0.75349772
30376,Business Intelligence,5,95631-A,Machine Learning and Data Mining,0.74881609
30376,Business Intelligence,6,72796,Data Intensive Applications,0.74413874
30376,Business Intelligence,7,91259,Architecture and Platforms for Artificial Intelligence,0.74145519
30376,Business Intelligence,8,81932,Big Data,0.73774241
30376,Business Intelligence,9,57828,Informatics,0.73696054
30376,Business Intelligence,10,95631-B,Machine Learning and Data Mining,0.73669263
34876,Digital Systems Electronics M,1,93390,Digital Systems and Introduction to Computer Architectures M,0.76902941
34876,Digital Systems Electronics M,2,28651,Electronics T-A,0.76378792
34876,Digital Systems Electronics M,3,10907,Electronics of Digital Systems,0.75626863
34876,Digital Systems Electronics M,4,28722,Electronics T-1,0.75353928
34876,Digital Systems Electronics M,5,B8379,TECNOLOGIE MICROELETTRONICHE LM,0.73906091
34876,Digital Systems Electronics M,6,94272,Electronic Systems,0.73779669
34876,Digital Systems Electronics M,7,99192,Highly Reliable and Resilient Electronic Systems M,0.73234318
34876,Digital Systems Electronics M,8,B0159,Integrated Analog Electronics,0.72969176
34876,Digital Systems Electronics M,9,69773,Electronic Circuits Design,0.71935906
34876,Digital Systems Electronics M,10,00269,Electronics,0.71584292
34991,Project in electronics and telecommunications,1,B5722,Embedded Sensors,0.77721327
34991,Project in electronics and telecommunications,2,81678-A,Laboratory of Making,0.77603353
34991,Project in electronics and telecommunications,3,35148,Electronics for analogic signal processing,0.77393890
34991,Project in electronics and telecommunications,4,10907,Electronics of Digital Systems,0.77149287
34991,Project in electronics and telecommunications,5,00269,Electronics,0.76880745
34991,Project in electronics and telecommunications,6,93929,Sensors and Nanotechnology,0.76187157
34991,Project in electronics and telecommunications,7,95631-A,Machine Learning and Data Mining,0.75977356
34991,Project in electronics and telecommunications,8,72942,Information Security M,0.75953073
34991,Project in electronics and telecommunications,9,B1703,Introduction to Programming,0.75768191
34991,Project in electronics and telecommunications,10,28024-A,Computer Networks T,0.75765228
35148,Electronics for analogic signal processing,1,34991,Project in electronics and telecommunications,0.77393890
35148,Electronics for analogic signal processing,2,00269,Electronics,0.77055662
35148,Electronics for analogic signal processing,3,10907,Electronics of Digital Systems,0.76905741
35148,Electronics for analogic signal processing,4,B5722,Embedded Sensors,0.75948661
35148,Electronics for analogic signal processing,5,37063,Principles of Electronics for Automation T,0.75325527
35148,Electronics for analogic signal processing,6,28651,Electronics T-A,0.75204976
35148,Electronics for analogic signal processing,7,B0159,Integrated Analog Electronics,0.74411268
35148,Electronics for analogic signal processing,8,73092,Analog Electronic Circuits T-A,0.74329127
35148,Electronics for analogic signal processing,9,93929,Sensors and Nanotechnology,0.74281648
35148,Electronics for analogic signal processing,10,69773,Electronic Circuits Design,0.73955758
35253,Hardware – Software Design Methods M,1,93322,Hardware-Software Design of Iot Systems M,0.81848626
35253,Hardware – Software Design Methods M,2,85730,Architectures and Firmware M,0.79930668
35253,Hardware – Software Design Methods M,3,69430,COMPUTER ARCHITECTURES M,0.70823999
35253,Hardware – Software Design Methods M,4,95627,Software Engineering,0.70142079
35253,Hardware – Software Design Methods M,5,03716-A,Digital Design Principles and Computer Architecture,0.70068921
35253,Hardware – Software Design Methods M,6,03716-B,Digital Design Principles and Computer Architecture,0.70068921
35253,Hardware – Software Design Methods M,7,34991,Project in electronics and telecommunications,0.69898373
35253,Hardware – Software Design Methods M,8,10907,Electronics of Digital Systems,0.69786936
35253,Hardware – Software Design Methods M,9,B8561,ARCHITETTURE DEI CALCOLATORI M,0.69745241
35253,Hardware – Software Design Methods M,10,99192,Highly Reliable and Resilient Electronic Systems M,0.69321861
35364,Digital Architectures for Signal Processing M,1,B8310,STATISTICS AND MACHINE LEARNING FOR SIGNAL PROCESSING M,0.74206441
35364,Digital Architectures for Signal Processing M,2,87198,Statistics and Architectures for Big Data Processing M,0.73983642
35364,Digital Architectures for Signal Processing M,3,10907,Electronics of Digital Systems,0.73539440
35364,Digital Architectures for Signal Processing M,4,93398,Architectures for Artificial Intelligence M,0.73137868
35364,Digital Architectures for Signal Processing M,5,35148,Electronics for analogic signal processing,0.73125177
35364,Digital Architectures for Signal Processing M,6,93390,Digital Systems and Introduction to Computer Architectures M,0.73023922
35364,Digital Architectures for Signal Processing M,7,B8563,SISTEMI DI ELABORAZIONE ACCELERATA M,0.72911709
35364,Digital Architectures for Signal Processing M,8,97467,Big Data Analytics for Automotive Manufacturing Applications,0.72828481
35364,Digital Architectures for Signal Processing M,9,90477,Machine Learning Systems For Data Science,0.72667865
35364,Digital Architectures for Signal Processing M,10,B8562,SISTEMI CONCORRENTI E PARALLELI M,0.72652939
35367,Industrial Electronics M,1,73110,Industrial Electronics T-A,0.85916652
35367,Industrial Electronics M,2,71148,Electronics For Automation T,0.82027390
35367,Industrial Electronics M,3,85733,Power Electronics for Automotive M,0.80426739
35367,Industrial Electronics M,4,28651,Electronics T-A,0.79799389
35367,Industrial Electronics M,5,94247,Laboratory on Power Electronics,0.77456964
35367,Industrial Electronics M,6,28016-A,Electronics T,0.76399374
35367,Industrial Electronics M,7,28016-B,Electronics T,0.75665114
35367,Industrial Electronics M,8,94272,Electronic Systems,0.75300919
35367,Industrial Electronics M,9,00269,Electronics,0.75010890
35367,Industrial Electronics M,10,B2250,Microelectronics M,0.74686553
35424,Time-Frequency and Multirate Signal Processing M,1,B8310,STATISTICS AND MACHINE LEARNING FOR SIGNAL PROCESSING M,0.75750585
35424,Time-Frequency and Multirate Signal Processing M,2,95631-A,Machine Learning and Data Mining,0.75536210
35424,Time-Frequency and Multirate Signal Processing M,3,28722,Electronics T-1,0.75170431
35424,Time-Frequency and Multirate Signal Processing M,4,34991,Project in electronics and telecommunications,0.74562130
35424,Time-Frequency and Multirate Signal Processing M,5,40720,Data Mining,0.74078755
35424,Time-Frequency and Multirate Signal Processing M,6,37063,Principles of Electronics for Automation T,0.73598897
35424,Time-Frequency and Multirate Signal Processing M,7,72942,Information Security M,0.73548764
35424,Time-Frequency and Multirate Signal Processing M,8,B5665,Real Time Systems and Programming for Automation M,0.73528508
35424,Time-Frequency and Multirate Signal Processing M,9,B5722,Embedded Sensors,0.73234064
35424,Time-Frequency and Multirate Signal Processing M,10,78810,Real Time Systems for Automation M,0.73046064
37063,Principles of Electronics for Automation T,1,00269,Electronics,0.79378797
37063,Principles of Electronics for Automation T,2,28651,Electronics T-A,0.79359667
37063,Principles of Electronics for Automation T,3,28722,Electronics T-1,0.79181649
37063,Principles of Electronics for Automation T,4,28016-A,Electronics T,0.77687089
37063,Principles of Electronics for Automation T,5,28016-B,Electronics T,0.76781635
37063,Principles of Electronics for Automation T,6,28724,Electronics T-2,0.76314649
37063,Principles of Electronics for Automation T,7,B8379,TECNOLOGIE MICROELETTRONICHE LM,0.75997501
37063,Principles of Electronics for Automation T,8,73092,Analog Electronic Circuits T-A,0.75808809
37063,Principles of Electronics for Automation T,9,94247,Laboratory on Power Electronics,0.75489397
37063,Principles of Electronics for Automation T,10,35148,Electronics for analogic signal processing,0.75325527
37085,"Principles, Models and Applications for Distributed Systems M",1,28024-A,Computer Networks T,0.74688866
37085,"Principles, Models and Applications for Distributed Systems M",2,28024-B,Computer Networks T,0.74688866
37085,"Principles, Models and Applications for Distributed Systems M",3,91161,"Networks, Security And Data Bases",0.73570652
37085,"Principles, Models and Applications for Distributed Systems M",4,73025,Distributed Systems M,0.73409569
37085,"Principles, Models and Applications for Distributed Systems M",5,B0832,Administration of Systems T,0.70982381
37085,"Principles, Models and Applications for Distributed Systems M",6,84531,Infrastructures For Cloud Computing and Big Data M,0.70898014
37085,"Principles, Models and Applications for Distributed Systems M",7,93468,Distributed Software Systems,0.70704547
37085,"Principles, Models and Applications for Distributed Systems M",8,78779,Mobile Systems M,0.70680959
37085,"Principles, Models and Applications for Distributed Systems M",9,17628,Concurrent and Distributed Programming,0.70436987
37085,"Principles, Models and Applications for Distributed Systems M",10,28004-A,Foundations of Informatics T-1,0.70198828
37262,Computer Programming,1,00819-C,Programming,0.82010009
37262,Computer Programming,2,95602,Programming and Computer Architectures,0.81805142
37262,Computer Programming,3,07276-B,Computer Science,0.81639976
37262,Computer Programming,4,09730-A,Principles of Informatics,0.80608893
37262,Computer Programming,5,00819-E,Programming,0.80582745
37262,Computer Programming,6,89988,Elements of Informatics,0.80576648
37262,Computer Programming,7,00819-A,Programming,0.80299792
37262,Computer Programming,8,00819-D,Programming,0.79828817
37262,Computer Programming,9,00819-B,Programming,0.79816786
37262,Computer Programming,10,85285,Programming,0.79648391
37635,Data Structure and Algorithms,1,11929-C,Algorithms and Data Structures,0.99300487
37635,Data Structure and Algorithms,2,11929-A,Algorithm and Data Structures,0.84420816
37635,Data Structure and Algorithms,3,11929-D,Algorithms and Data Structures,0.84086234
37635,Data Structure and Algorithms,4,B5782,Algorithms and Data Structures for Computational Biology,0.82561323
37635,Data Structure and Algorithms,5,11929-B,Algorithms and Data Structures,0.80788489
37635,Data Structure and Algorithms,6,B4913,ALGORITMI E STRUTTURE DATI,0.80198870
37635,Data Structure and Algorithms,7,95602,Programming and Computer Architectures,0.77532775
37635,Data Structure and Algorithms,8,40720,Data Mining,0.76611823
37635,Data Structure and Algorithms,9,85189,Systems and Algorithms for Data Science,0.76608850
37635,Data Structure and Algorithms,10,41169,Theoretical Computer Science,0.76418373
37760,Systems Simulation,1,B5722,Embedded Sensors,0.71446028
37760,Systems Simulation,2,34991,Project in electronics and telecommunications,0.71189080
37760,Systems Simulation,3,40720,Data Mining,0.70958809
37760,Systems Simulation,4,28021,Software Engineering T,0.70645538
37760,Systems Simulation,5,B5782,Algorithms and Data Structures for Computational Biology,0.70406417
37760,Systems Simulation,6,85573,Usability and User Experience,0.69945892
37760,Systems Simulation,7,91411,Intelligent Robotic Systems,0.69834207
37760,Systems Simulation,8,91264,User Experience Design,0.69825440
37760,Systems Simulation,9,95782,Network Analysis,0.69774287
37760,Systems Simulation,10,B8105,Computational Management of Data,0.69708564
37925,Virtual System Design,1,95646,Virtualized Systems,0.70035663
37925,Virtual System Design,2,93468,Distributed Software Systems,0.67542529
37925,Virtual System Design,3,96642,Virtualization and System Integration,0.67104774
37925,Virtual System Design,4,90749,Computing Education,0.66541412
37925,Virtual System Design,5,91161,"Networks, Security And Data Bases",0.66482572
37925,Virtual System Design,6,B0009,Advanced Software Modelling and Design,0.66451572
37925,Virtual System Design,7,73025,Distributed Systems M,0.66223948
37925,Virtual System Design,8,10907,Electronics of Digital Systems,0.65950542
37925,Virtual System Design,9,28106,Computer Science for Environmental Sciences,0.65783120
37925,Virtual System Design,10,08574-A,Operating Systems,0.65730860
39176-A,Basic and Laboratory Informatics,1,39176-B,Basic and Laboratory Informatics,1.00000000
39176-A,Basic and Laboratory Informatics,2,82202-B,Informatic,0.94488112
39176-A,Basic and Laboratory Informatics,3,57828,Informatics,0.79302424
39176-A,Basic and Laboratory Informatics,4,B4826,Informatics for the Humanities,0.77684007
39176-A,Basic and Laboratory Informatics,5,95604,Operating Systems and Networks,0.75103007
39176-A,Basic and Laboratory Informatics,6,B8105,Computational Management of Data,0.74640010
39176-A,Basic and Laboratory Informatics,7,75969-B,Basic Informatics,0.74610669
39176-A,Basic and Laboratory Informatics,8,75969-A,Basic Informatics,0.74606807
39176-A,Basic and Laboratory Informatics,9,B5782,Algorithms and Data Structures for Computational Biology,0.74424931
39176-A,Basic and Laboratory Informatics,10,40720,Data Mining,0.73920067
39176-B,Basic and Laboratory Informatics,1,39176-A,Basic and Laboratory Informatics,1.00000000
39176-B,Basic and Laboratory Informatics,2,82202-B,Informatic,0.94488112
39176-B,Basic and Laboratory Informatics,3,57828,Informatics,0.79302424
39176-B,Basic and Laboratory Informatics,4,B4826,Informatics for the Humanities,0.77684007
39176-B,Basic and Laboratory Informatics,5,95604,Operating Systems and Networks,0.75103007
39176-B,Basic and Laboratory Informatics,6,B8105,Computational Management of Data,0.74640010
39176-B,Basic and Laboratory Informatics,7,75969-B,Basic Informatics,0.74610669
39176-B,Basic and Laboratory Informatics,8,75969-A,Basic Informatics,0.74606807
39176-B,Basic and Laboratory Informatics,9,B5782,Algorithms and Data Structures for Computational Biology,0.74424931
39176-B,Basic and Laboratory Informatics,10,40720,Data Mining,0.73920067
40720,Data Mining,1,95631-A,Machine Learning and Data Mining,0.92005007
40720,Data Mining,2,70155,Data Bases,0.82500299
40720,Data Mining,3,95631-B,Machine Learning and Data Mining,0.81719520
40720,Data Mining,4,B2133,Big Data Analytics and Text Mining,0.80841201
40720,Data Mining,5,B2125,Machine Learning and Data Mining M,0.80299347
40720,Data Mining,6,91258-B,Natural Language Processing,0.78831198
40720,Data Mining,7,81932,Big Data,0.78677256
40720,Data Mining,8,91250-B,Deep Learning,0.78574894
40720,Data Mining,9,91250-C,Deep Learning,0.78574894
40720,Data Mining,10,85189,Systems and Algorithms for Data Science,0.78513294
41169,Theoretical Computer Science,1,11933,Theoretical Computer Science,0.92022785
41169,Theoretical Computer Science,2,07276-B,Computer Science,0.80079722
41169,Theoretical Computer Science,3,B5782,Algorithms and Data Structures for Computational Biology,0.79542939
41169,Theoretical Computer Science,4,11929-A,Algorithm and Data Structures,0.78683909
41169,Theoretical Computer Science,5,09730-A,Principles of Informatics,0.78388704
41169,Theoretical Computer Science,6,15305,Foundations of Informatics A,0.77811894
41169,Theoretical Computer Science,7,91250-B,Deep Learning,0.77803492
41169,Theoretical Computer Science,8,91250-C,Deep Learning,0.77803492
41169,Theoretical Computer Science,9,58437,Parallel Calculus,0.77509415
41169,Theoretical Computer Science,10,91250-A,DEEP LEARNING,0.77501956
41588,INTRODUZIONE ALL'ANALISI DEI DATI,1,85189,Systems and Algorithms for Data Science,0.79387160
41588,INTRODUZIONE ALL'ANALISI DEI DATI,2,90477,Machine Learning Systems For Data Science,0.79121133
41588,INTRODUZIONE ALL'ANALISI DEI DATI,3,95602,Programming and Computer Architectures,0.77081206
41588,INTRODUZIONE ALL'ANALISI DEI DATI,4,96346-C,INFORMATICA,0.77012396
41588,INTRODUZIONE ALL'ANALISI DEI DATI,5,B0063,Programming Laboratory,0.76333424
41588,INTRODUZIONE ALL'ANALISI DEI DATI,6,11929-A,Algorithm and Data Structures,0.76137900
41588,INTRODUZIONE ALL'ANALISI DEI DATI,7,40720,Data Mining,0.75691478
41588,INTRODUZIONE ALL'ANALISI DEI DATI,8,B1703,Introduction to Programming,0.75501852
41588,INTRODUZIONE ALL'ANALISI DEI DATI,9,B5782,Algorithms and Data Structures for Computational Biology,0.75255172
41588,INTRODUZIONE ALL'ANALISI DEI DATI,10,B5780,Computational Methods for Bioinformatics,0.75066303
41731-A,Web-related Technologies,1,95645,Foundations of Web Systems,0.83463161
41731-A,Web-related Technologies,2,41731-B,Web-related Technologies,0.81307236
41731-A,Web-related Technologies,3,75835,Web Technologies,0.79180003
41731-A,Web-related Technologies,4,47240,Web Systems Engineering,0.76161914
41731-A,Web-related Technologies,5,88566,Web Technology,0.75352117
41731-A,Web-related Technologies,6,95605,Web and Mobile Systems,0.75021657
41731-A,Web-related Technologies,7,85445,Information Modelling and Web Technologies,0.74005614
41731-A,Web-related Technologies,8,69867,Web Services and Applications,0.73987153
41731-A,Web-related Technologies,9,94442,Design of Web Applications T,0.73101565
41731-A,Web-related Technologies,10,73273,Informatic Tecnologies for Fashion,0.72916336
41731-B,Web-related Technologies,1,75835,Web Technologies,0.96296091
41731-B,Web-related Technologies,2,88566,Web Technology,0.84878223
41731-B,Web-related Technologies,3,41731-A,Web-related Technologies,0.81307236
41731-B,Web-related Technologies,4,95605,Web and Mobile Systems,0.80611753
41731-B,Web-related Technologies,5,85445,Information Modelling and Web Technologies,0.78828909
41731-B,Web-related Technologies,6,95645,Foundations of Web Systems,0.77065489
41731-B,Web-related Technologies,7,69867,Web Services and Applications,0.75245830
41731-B,Web-related Technologies,8,B4826,Informatics for the Humanities,0.75235192
41731-B,Web-related Technologies,9,57828,Informatics,0.74341763
41731-B,Web-related Technologies,10,40720,Data Mining,0.73844240
42500,Semantic Web,1,90730,Social Network Analysis,0.76611921
42500,Semantic Web,2,91265,Knowledge Engineering,0.75958645
42500,Semantic Web,3,85446,Knowledge Representation and Extraction,0.75891059
42500,Semantic Web,4,95782,Network Analysis,0.75171665
42500,Semantic Web,5,B5292,Knowledge Engeneering for the Humanities,0.75011772
42500,Semantic Web,6,B0070,METODOLOGIE E TECNICHE DI SIMULAZIONE,0.74824284
42500,Semantic Web,7,40720,Data Mining,0.73964598
42500,Semantic Web,8,91250-B,Deep Learning,0.73891704
42500,Semantic Web,9,91250-C,Deep Learning,0.73891704
42500,Semantic Web,10,91258-B,Natural Language Processing,0.73746955
47240,Web Systems Engineering,1,95645,Foundations of Web Systems,0.77750193
47240,Web Systems Engineering,2,41731-A,Web-related Technologies,0.76161914
47240,Web Systems Engineering,3,95605,Web and Mobile Systems,0.74364621
47240,Web Systems Engineering,4,69867,Web Services and Applications,0.74126791
47240,Web Systems Engineering,5,72787,Mobile Application Programming,0.72752718
47240,Web Systems Engineering,6,75835,Web Technologies,0.72305907
47240,Web Systems Engineering,7,41731-B,Web-related Technologies,0.71666874
47240,Web Systems Engineering,8,94442,Design of Web Applications T,0.70651194
47240,Web Systems Engineering,9,95627,Software Engineering,0.70274270
47240,Web Systems Engineering,10,66860,Mobile Applications Laboratory,0.69990551
48693-A,Computer Science for Cultural Heritage,1,B5079,Digital Humanities and Data Management for Cultural Heritage,0.86297113
48693-A,Computer Science for Cultural Heritage,2,76011,Multimedia Technologies in Archaelogy,0.75717708
48693-A,Computer Science for Cultural Heritage,3,B1874,Project Management and Software Engineering for Cultural Heritage,0.74925343
48693-A,Computer Science for Cultural Heritage,4,48693-B,Computer Science for Cultural Heritage,0.73501953
48693-A,Computer Science for Cultural Heritage,5,B1873,Machine Learning for Humanities,0.72630857
48693-A,Computer Science for Cultural Heritage,6,98618,"""Document Digitization Techniques """,0.72097721
48693-A,Computer Science for Cultural Heritage,7,B5059,Interaction Media Design,0.71528487
48693-A,Computer Science for Cultural Heritage,8,27311-B,Humanistic IT,0.71002246
48693-A,Computer Science for Cultural Heritage,9,90749,Computing Education,0.69997690
48693-A,Computer Science for Cultural Heritage,10,B4826,Informatics for the Humanities,0.69959774
48693-B,Computer Science for Cultural Heritage,1,48693-A,Computer Science for Cultural Heritage,0.73501953
48693-B,Computer Science for Cultural Heritage,2,98618,"""Document Digitization Techniques """,0.72718951
48693-B,Computer Science for Cultural Heritage,3,B5059,Interaction Media Design,0.71607152
48693-B,Computer Science for Cultural Heritage,4,76011,Multimedia Technologies in Archaelogy,0.70852373
48693-B,Computer Science for Cultural Heritage,5,97466,Digital represention of the Landscape Project,0.69705014
48693-B,Computer Science for Cultural Heritage,6,B5079,Digital Humanities and Data Management for Cultural Heritage,0.69680470
48693-B,Computer Science for Cultural Heritage,7,27311-B,Humanistic IT,0.69309847
48693-B,Computer Science for Cultural Heritage,8,91254,Image Processing and Computer Vision,0.68684315
48693-B,Computer Science for Cultural Heritage,9,07276-C,Computer Science,0.68388933
48693-B,Computer Science for Cultural Heritage,10,B1873,Machine Learning for Humanities,0.68339704
57828,Informatics,1,B4826,Informatics for the Humanities,0.83468682
57828,Informatics,2,82202-B,Informatic,0.83302932
57828,Informatics,3,82202-A,Informatic,0.81817964
57828,Informatics,4,09730-A,Principles of Informatics,0.80725559
57828,Informatics,5,60348,Informatics,0.80299620
57828,Informatics,6,B8159,INFORMATICA,0.80202810
57828,Informatics,7,78510,Informatics,0.79904995
57828,Informatics,8,09730-B,Principles of Informatics,0.79356301
57828,Informatics,9,95627,Software Engineering,0.79344345
57828,Informatics,10,39176-A,Basic and Laboratory Informatics,0.79302424
58348,Lab-based Course on Operating Systems,1,00819-D,Programming,0.67897653
58348,Lab-based Course on Operating Systems,2,00819-A,Programming,0.67467425
58348,Lab-based Course on Operating Systems,3,08574-C,Operating Systems,0.66548831
58348,Lab-based Course on Operating Systems,4,B1703,Introduction to Programming,0.66375538
58348,Lab-based Course on Operating Systems,5,28623,Foundations of Informatics and Laboratory,0.66223909
58348,Lab-based Course on Operating Systems,6,00819-E,Programming,0.65647566
58348,Lab-based Course on Operating Systems,7,78810,Real Time Systems for Automation M,0.65583100
58348,Lab-based Course on Operating Systems,8,88324,System Administration T,0.65567028
58348,Lab-based Course on Operating Systems,9,B5665,Real Time Systems and Programming for Automation M,0.65544943
58348,Lab-based Course on Operating Systems,10,73149,Logic for Informatics,0.65531427
58423,Internet Architecture,1,93315,Computer Networks,0.73879481
58423,Internet Architecture,2,70226,Network Programming,0.73541075
58423,Internet Architecture,3,95644,Computer Networks and Network Programming,0.73510198
58423,Internet Architecture,4,95604,Operating Systems and Networks,0.72007846
58423,Internet Architecture,5,95782,Network Analysis,0.69165320
58423,Internet Architecture,6,03716-A,Digital Design Principles and Computer Architecture,0.69017217
58423,Internet Architecture,7,03716-B,Digital Design Principles and Computer Architecture,0.69017217
58423,Internet Architecture,8,90730,Social Network Analysis,0.68609907
58423,Internet Architecture,9,95602,Programming and Computer Architectures,0.68427515
58423,Internet Architecture,10,28024-A,Computer Networks T,0.68366422
58437,Parallel Calculus,1,72778,High-Performance Computing,0.90695386
58437,Parallel Calculus,2,B8562,SISTEMI CONCORRENTI E PARALLELI M,0.78534869
58437,Parallel Calculus,3,41169,Theoretical Computer Science,0.77509415
58437,Parallel Calculus,4,91259,Architecture and Platforms for Artificial Intelligence,0.77332550
58437,Parallel Calculus,5,B5782,Algorithms and Data Structures for Computational Biology,0.75731923
58437,Parallel Calculus,6,11933,Theoretical Computer Science,0.75069910
58437,Parallel Calculus,7,11929-A,Algorithm and Data Structures,0.74847779
58437,Parallel Calculus,8,00819-A,Programming,0.74842546
58437,Parallel Calculus,9,B8105,Computational Management of Data,0.74505838
58437,Parallel Calculus,10,91250-B,Deep Learning,0.74383562
60348,Informatics,1,57828,Informatics,0.80299620
60348,Informatics,2,09730-A,Principles of Informatics,0.79364382
60348,Informatics,3,95627,Software Engineering,0.78408951
60348,Informatics,4,B8159,INFORMATICA,0.77821760
60348,Informatics,5,15305,Foundations of Informatics A,0.77633751
60348,Informatics,6,28004-A,Foundations of Informatics T-1,0.76738037
60348,Informatics,7,09730-B,Principles of Informatics,0.76627756
60348,Informatics,8,16692,Laboratory of Informatics,0.76530605
60348,Informatics,9,29227-D,Foundations of Informatics T,0.76305701
60348,Informatics,10,28004-B,Foundations of Informatics T-1,0.75742015
65094,ADVANCED PROGRAMMING,1,96346-C,INFORMATICA,0.76852848
65094,ADVANCED PROGRAMMING,2,37262,Computer Programming,0.75834913
65094,ADVANCED PROGRAMMING,3,B8905,Foundations of Programming,0.75211192
65094,ADVANCED PROGRAMMING,4,95602,Programming and Computer Architectures,0.73627840
65094,ADVANCED PROGRAMMING,5,89988,Elements of Informatics,0.73515466
65094,ADVANCED PROGRAMMING,6,00819-C,Programming,0.73499714
65094,ADVANCED PROGRAMMING,7,93363,Advanced Programming,0.73478398
65094,ADVANCED PROGRAMMING,8,B0063,Programming Laboratory,0.73416525
65094,ADVANCED PROGRAMMING,9,07276-B,Computer Science,0.73236109
65094,ADVANCED PROGRAMMING,10,85285,Programming,0.73201027
66857,Logic for Computer Science,1,73149,Logic for Informatics,0.88561884
66857,Logic for Computer Science,2,41169,Theoretical Computer Science,0.75230853
66857,Logic for Computer Science,3,81609,"Languages, Compilers and Computational Models",0.74724985
66857,Logic for Computer Science,4,11933,Theoretical Computer Science,0.74545199
66857,Logic for Computer Science,5,B5782,Algorithms and Data Structures for Computational Biology,0.74266395
66857,Logic for Computer Science,6,91258-B,Natural Language Processing,0.73696861
66857,Logic for Computer Science,7,07276-B,Computer Science,0.73198022
66857,Logic for Computer Science,8,09730-A,Principles of Informatics,0.73170992
66857,Logic for Computer Science,9,09730-B,Principles of Informatics,0.73097506
66857,Logic for Computer Science,10,95631-A,Machine Learning and Data Mining,0.72854701
66858,Software Engineering,1,90106-A,Software Engineering,0.96391613
66858,Software Engineering,2,09032,Software Engineering,0.79448940
66858,Software Engineering,3,28021,Software Engineering T,0.77910725
66858,Software Engineering,4,95627,Software Engineering,0.77477077
66858,Software Engineering,5,B0011,Software Process Engineering,0.75392546
66858,Software Engineering,6,90106-B,INGEGNERIA DEL SOFTWARE,0.75388716
66858,Software Engineering,7,81612,Programming and Development paradigms,0.73278104
66858,Software Engineering,8,B0010,Software Architecture and Platforms,0.73141925
66858,Software Engineering,9,B1874,Project Management and Software Engineering for Cultural Heritage,0.72833996
66858,Software Engineering,10,B0009,Advanced Software Modelling and Design,0.71052876
66860,Mobile Applications Laboratory,1,72787,Mobile Application Programming,0.76545735
66860,Mobile Applications Laboratory,2,78779,Mobile Systems M,0.70330539
66860,Mobile Applications Laboratory,3,47240,Web Systems Engineering,0.69990551
66860,Mobile Applications Laboratory,4,95605,Web and Mobile Systems,0.69305853
66860,Mobile Applications Laboratory,5,95627,Software Engineering,0.68974664
66860,Mobile Applications Laboratory,6,81683,Internet of Things,0.68088894
66860,Mobile Applications Laboratory,7,95648,Software Design and Development,0.68029482
66860,Mobile Applications Laboratory,8,84401,Context-Aware Systems,0.67833864
66860,Mobile Applications Laboratory,9,94442,Design of Web Applications T,0.67390774
66860,Mobile Applications Laboratory,10,B8019,PROGRAMMING THE INTERNET OF THINGS M,0.66191951
66870,Concurrent Models and Systems,1,17628,Concurrent and Distributed Programming,0.73231111
66870,Concurrent Models and Systems,2,B8562,SISTEMI CONCORRENTI E PARALLELI M,0.71279252
66870,Concurrent Models and Systems,3,95782,Network Analysis,0.70519269
66870,Concurrent Models and Systems,4,81609,"Languages, Compilers and Computational Models",0.70146116
66870,Concurrent Models and Systems,5,37760,Systems Simulation,0.69707068
66870,Concurrent Models and Systems,6,91259,Architecture and Platforms for Artificial Intelligence,0.69292230
66870,Concurrent Models and Systems,7,90730,Social Network Analysis,0.68987174
66870,Concurrent Models and Systems,8,28024-A,Computer Networks T,0.68864840
66870,Concurrent Models and Systems,9,28024-B,Computer Networks T,0.68864840
66870,Concurrent Models and Systems,10,73025,Distributed Systems M,0.68858257
69259,Computer Science,1,07276-C,Computer Science,0.73792954
69259,Computer Science,2,07276-B,Computer Science,0.72444818
69259,Computer Science,3,07276-D,Computer Science,0.71718632
69259,Computer Science,4,37262,Computer Programming,0.71108760
69259,Computer Science,5,95602,Programming and Computer Architectures,0.70465181
69259,Computer Science,6,57828,Informatics,0.70460743
69259,Computer Science,7,B5782,Algorithms and Data Structures for Computational Biology,0.70247359
69259,Computer Science,8,70210,Lab-based Course on Computer Graphics,0.70109462
69259,Computer Science,9,09730-A,Principles of Informatics,0.69941291
69259,Computer Science,10,11929-A,Algorithm and Data Structures,0.69902360
69430,COMPUTER ARCHITECTURES M,1,B8561,ARCHITETTURE DEI CALCOLATORI M,0.96854331
69430,COMPUTER ARCHITECTURES M,2,03716-A,Digital Design Principles and Computer Architecture,0.75394496
69430,COMPUTER ARCHITECTURES M,3,03716-B,Digital Design Principles and Computer Architecture,0.75394496
69430,COMPUTER ARCHITECTURES M,4,B8562,SISTEMI CONCORRENTI E PARALLELI M,0.75193271
69430,COMPUTER ARCHITECTURES M,5,87198,Statistics and Architectures for Big Data Processing M,0.75060046
69430,COMPUTER ARCHITECTURES M,6,B8563,SISTEMI DI ELABORAZIONE ACCELERATA M,0.74844290
69430,COMPUTER ARCHITECTURES M,7,85730,Architectures and Firmware M,0.74665671
69430,COMPUTER ARCHITECTURES M,8,28024-A,Computer Networks T,0.74259944
69430,COMPUTER ARCHITECTURES M,9,28024-B,Computer Networks T,0.74259944
69430,COMPUTER ARCHITECTURES M,10,95602,Programming and Computer Architectures,0.74217407
69437,NANOELECTRONICS M,1,B2250,Microelectronics M,0.76293031
69437,NANOELECTRONICS M,2,B8379,TECNOLOGIE MICROELETTRONICHE LM,0.75781398
69437,NANOELECTRONICS M,3,93391,Semiconductor Devices and Quantum-Computing M,0.73381369
69437,NANOELECTRONICS M,4,93929,Sensors and Nanotechnology,0.72376862
69437,NANOELECTRONICS M,5,99191,"Devices, Circuits and Algorithms for Quantum Computing M",0.72192867
69437,NANOELECTRONICS M,6,28651,Electronics T-A,0.71796615
69437,NANOELECTRONICS M,7,B8378,SENSORI ELETTRONICI INTELLIGENTI LM,0.71317999
69437,NANOELECTRONICS M,8,B8390,DISPOSITIVI E CIRCUITI INTEGRATI DI POTENZA LM,0.71099691
69437,NANOELECTRONICS M,9,93321,Sensors and Quantum-Computing Devices M,0.71011943
69437,NANOELECTRONICS M,10,85734,"Test, Diagnosis and Reliability M",0.70990215
69661,Image Processing And Computer Vision M,1,73302,Computer Vision And Image Processing M,0.94354574
69661,Image Processing And Computer Vision M,2,91254,Image Processing and Computer Vision,0.82860246
69661,Image Processing And Computer Vision M,3,93478,COMPUTER VISION,0.76988711
69661,Image Processing And Computer Vision M,4,17634,Computer Vision,0.76061753
69661,Image Processing And Computer Vision M,5,91266,Machine Learning for Computer Vision,0.73503198
69661,Image Processing And Computer Vision M,6,B8309,STATISTICA E MACHINE LEARNING PER L'ELABORAZIONE DEI SEGNALI M,0.71433722
69661,Image Processing And Computer Vision M,7,35424,Time-Frequency and Multirate Signal Processing M,0.70793850
69661,Image Processing And Computer Vision M,8,B5782,Algorithms and Data Structures for Computational Biology,0.70719482
69661,Image Processing And Computer Vision M,9,B2125,Machine Learning and Data Mining M,0.70404674
69661,Image Processing And Computer Vision M,10,B8310,STATISTICS AND MACHINE LEARNING FOR SIGNAL PROCESSING M,0.69981745
69731-A,Computer Architecture,1,69731-B,Computer Architecture,0.87451306
69731-A,Computer Architecture,2,11925,Computer Architecture,0.75640146
69731-A,Computer Architecture,3,29227-E,Foundations of Informatics T,0.74751050
69731-A,Computer Architecture,4,91602,Computer Architectures,0.72085339
69731-A,Computer Architecture,5,69430,COMPUTER ARCHITECTURES M,0.71965229
69731-A,Computer Architecture,6,28024-A,Computer Networks T,0.71676386
69731-A,Computer Architecture,7,28024-B,Computer Networks T,0.71676386
69731-A,Computer Architecture,8,95602,Programming and Computer Architectures,0.71485504
69731-A,Computer Architecture,9,91259,Architecture and Platforms for Artificial Intelligence,0.70972775
69731-A,Computer Architecture,10,57828,Informatics,0.70492537
69731-B,Computer Architecture,1,69731-A,Computer Architecture,0.87451306
69731-B,Computer Architecture,2,11925,Computer Architecture,0.79835679
69731-B,Computer Architecture,3,03716-A,Digital Design Principles and Computer Architecture,0.75328889
69731-B,Computer Architecture,4,03716-B,Digital Design Principles and Computer Architecture,0.75328889
69731-B,Computer Architecture,5,96007,Foundations of Computer Architecture and Operating Systems,0.74976823
69731-B,Computer Architecture,6,95602,Programming and Computer Architectures,0.74956043
69731-B,Computer Architecture,7,91602,Computer Architectures,0.73486791
69731-B,Computer Architecture,8,09730-A,Principles of Informatics,0.71050075
69731-B,Computer Architecture,9,69430,COMPUTER ARCHITECTURES M,0.70917816
69731-B,Computer Architecture,10,15305,Foundations of Informatics A,0.70857884
69773,Electronic Circuits Design,1,00269,Electronics,0.80342232
69773,Electronic Circuits Design,2,B5722,Embedded Sensors,0.78734251
69773,Electronic Circuits Design,3,28651,Electronics T-A,0.78518411
69773,Electronic Circuits Design,4,94272,Electronic Systems,0.76521853
69773,Electronic Circuits Design,5,B8378,SENSORI ELETTRONICI INTELLIGENTI LM,0.76484097
69773,Electronic Circuits Design,6,B8379,TECNOLOGIE MICROELETTRONICHE LM,0.76038894
69773,Electronic Circuits Design,7,93929,Sensors and Nanotechnology,0.75358085
69773,Electronic Circuits Design,8,10907,Electronics of Digital Systems,0.75163373
69773,Electronic Circuits Design,9,99192,Highly Reliable and Resilient Electronic Systems M,0.75067616
69773,Electronic Circuits Design,10,93392,Analog Circuits and Sensor Systems M,0.74807567
69867,Web Services and Applications,1,95605,Web and Mobile Systems,0.77253442
69867,Web Services and Applications,2,88566,Web Technology,0.75955774
69867,Web Services and Applications,3,75835,Web Technologies,0.75929931
69867,Web Services and Applications,4,85445,Information Modelling and Web Technologies,0.75581040
69867,Web Services and Applications,5,41731-B,Web-related Technologies,0.75245830
69867,Web Services and Applications,6,94442,Design of Web Applications T,0.74626143
69867,Web Services and Applications,7,47240,Web Systems Engineering,0.74126791
69867,Web Services and Applications,8,95645,Foundations of Web Systems,0.74024130
69867,Web Services and Applications,9,41731-A,Web-related Technologies,0.73987153
69867,Web Services and Applications,10,B4826,Informatics for the Humanities,0.69155834
70155,Data Bases,1,90107,BASI DI DATI,0.86027136
70155,Data Bases,2,79194,Databases,0.84014520
70155,Data Bases,3,40720,Data Mining,0.82500299
70155,Data Bases,4,10906-A,Databases,0.81970589
70155,Data Bases,5,96793,Information Systems and Database Management,0.81479595
70155,Data Bases,6,95611,Database Systems,0.81200775
70155,Data Bases,7,B8159,INFORMATICA,0.78888204
70155,Data Bases,8,95631-A,Machine Learning and Data Mining,0.78395380
70155,Data Bases,9,09679,Data Base Sistems,0.78020226
70155,Data Bases,10,81932,Big Data,0.77619848
70210,Lab-based Course on Computer Graphics,1,97466,Digital represention of the Landscape Project,0.78210147
70210,Lab-based Course on Computer Graphics,2,10907,Electronics of Digital Systems,0.74315765
70210,Lab-based Course on Computer Graphics,3,91254,Image Processing and Computer Vision,0.74071424
70210,Lab-based Course on Computer Graphics,4,28004-A,Foundations of Informatics T-1,0.73551483
70210,Lab-based Course on Computer Graphics,5,09730-B,Principles of Informatics,0.73193913
70210,Lab-based Course on Computer Graphics,6,57828,Informatics,0.73119337
70210,Lab-based Course on Computer Graphics,7,09730-A,Principles of Informatics,0.72477217
70210,Lab-based Course on Computer Graphics,8,34991,Project in electronics and telecommunications,0.72464756
70210,Lab-based Course on Computer Graphics,9,93478,COMPUTER VISION,0.72401008
70210,Lab-based Course on Computer Graphics,10,15305,Foundations of Informatics A,0.72218925
70219,Object-Oriented Programming,1,95648,Software Design and Development,0.83250034
70219,Object-Oriented Programming,2,00819-D,Programming,0.77078467
70219,Object-Oriented Programming,3,16870,Programming Laboratory,0.75274129
70219,Object-Oriented Programming,4,81612,Programming and Development paradigms,0.74368199
70219,Object-Oriented Programming,5,00819-C,Programming,0.73665519
70219,Object-Oriented Programming,6,37262,Computer Programming,0.73628388
70219,Object-Oriented Programming,7,B8554-A,SISTEMI SOFTWARE A OGGETTI T,0.73279866
70219,Object-Oriented Programming,8,B8554-B,SISTEMI SOFTWARE A OGGETTI T,0.73279866
70219,Object-Oriented Programming,9,95627,Software Engineering,0.72834797
70219,Object-Oriented Programming,10,00819-B,Programming,0.72553189
70226,Network Programming,1,95644,Computer Networks and Network Programming,0.93522547
70226,Network Programming,2,95604,Operating Systems and Networks,0.78788464
70226,Network Programming,3,93315,Computer Networks,0.76734941
70226,Network Programming,4,95782,Network Analysis,0.75535972
70226,Network Programming,5,28024-A,Computer Networks T,0.74133280
70226,Network Programming,6,28024-B,Computer Networks T,0.74133280
70226,Network Programming,7,58423,Internet Architecture,0.73541075
70226,Network Programming,8,72942,Information Security M,0.73313582
70226,Network Programming,9,37262,Computer Programming,0.72862985
70226,Network Programming,10,90730,Social Network Analysis,0.72288393
71148,Electronics For Automation T,1,73110,Industrial Electronics T-A,0.92249203
71148,Electronics For Automation T,2,35367,Industrial Electronics M,0.82027390
71148,Electronics For Automation T,3,28651,Electronics T-A,0.79133840
71148,Electronics For Automation T,4,85733,Power Electronics for Automotive M,0.78902609
71148,Electronics For Automation T,5,28016-A,Electronics T,0.76536173
71148,Electronics For Automation T,6,28016-B,Electronics T,0.76437187
71148,Electronics For Automation T,7,94272,Electronic Systems,0.74991744
71148,Electronics For Automation T,8,37063,Principles of Electronics for Automation T,0.74930513
71148,Electronics For Automation T,9,28722,Electronics T-1,0.72163150
71148,Electronics For Automation T,10,94247,Laboratory on Power Electronics,0.71603189
72671,Complements of Programming Languages,1,81612,Programming and Development paradigms,0.70940940
72671,Complements of Programming Languages,2,81609,"Languages, Compilers and Computational Models",0.70805992
72671,Complements of Programming Languages,3,00819-A,Programming,0.70634695
72671,Complements of Programming Languages,4,91258-B,Natural Language Processing,0.70585276
72671,Complements of Programming Languages,5,95602,Programming and Computer Architectures,0.70132772
72671,Complements of Programming Languages,6,00819-C,Programming,0.69851551
72671,Complements of Programming Languages,7,37262,Computer Programming,0.69669749
72671,Complements of Programming Languages,8,00819-B,Programming,0.69592763
72671,Complements of Programming Languages,9,B1703,Introduction to Programming,0.69248081
72671,Complements of Programming Languages,10,09730-A,Principles of Informatics,0.69216944
72778,High-Performance Computing,1,58437,Parallel Calculus,0.90695386
72778,High-Performance Computing,2,91259,Architecture and Platforms for Artificial Intelligence,0.78102265
72778,High-Performance Computing,3,B8562,SISTEMI CONCORRENTI E PARALLELI M,0.76818710
72778,High-Performance Computing,4,41169,Theoretical Computer Science,0.76019585
72778,High-Performance Computing,5,B8105,Computational Management of Data,0.76001181
72778,High-Performance Computing,6,B5782,Algorithms and Data Structures for Computational Biology,0.75913515
72778,High-Performance Computing,7,B8563,SISTEMI DI ELABORAZIONE ACCELERATA M,0.75602728
72778,High-Performance Computing,8,91250-B,Deep Learning,0.75144560
72778,High-Performance Computing,9,91250-C,Deep Learning,0.75144560
72778,High-Performance Computing,10,95602,Programming and Computer Architectures,0.75133004
72787,Mobile Application Programming,1,66860,Mobile Applications Laboratory,0.76545735
72787,Mobile Application Programming,2,78779,Mobile Systems M,0.73876209
72787,Mobile Application Programming,3,95605,Web and Mobile Systems,0.73745258
72787,Mobile Application Programming,4,47240,Web Systems Engineering,0.72752718
72787,Mobile Application Programming,5,84401,Context-Aware Systems,0.72274796
72787,Mobile Application Programming,6,94442,Design of Web Applications T,0.71999242
72787,Mobile Application Programming,7,81917,Interaction Multimedia Services,0.71614798
72787,Mobile Application Programming,8,B8019,PROGRAMMING THE INTERNET OF THINGS M,0.70903235
72787,Mobile Application Programming,9,95645,Foundations of Web Systems,0.70529992
72787,Mobile Application Programming,10,95627,Software Engineering,0.70238084
72796,Data Intensive Applications,1,B8105,Computational Management of Data,0.78723793
72796,Data Intensive Applications,2,B1873,Machine Learning for Humanities,0.76560638
72796,Data Intensive Applications,3,B1703,Introduction to Programming,0.76226623
72796,Data Intensive Applications,4,90477,Machine Learning Systems For Data Science,0.75867168
72796,Data Intensive Applications,5,90147,Artificial intelligence,0.75717008
72796,Data Intensive Applications,6,B5782,Algorithms and Data Structures for Computational Biology,0.75559140
72796,Data Intensive Applications,7,85189,Systems and Algorithms for Data Science,0.75540947
72796,Data Intensive Applications,8,11929-A,Algorithm and Data Structures,0.75330341
72796,Data Intensive Applications,9,40720,Data Mining,0.75307728
72796,Data Intensive Applications,10,B2133,Big Data Analytics and Text Mining,0.75299803
72938,Foundations Of Artificial Intelligence T,1,98931,Fundamentals of Artificial Intelligence,0.80788103
72938,Foundations Of Artificial Intelligence T,2,91248,Fundamentals of Artificial Intelligence and Knowledge Representation,0.79292227
72938,Foundations Of Artificial Intelligence T,3,93034-A,Foundations of Computer Science T,0.78695518
72938,Foundations Of Artificial Intelligence T,4,93034-B,Foundations of Computer Science T,0.78695518
72938,Foundations Of Artificial Intelligence T,5,90147,Artificial intelligence,0.77954986
72938,Foundations Of Artificial Intelligence T,6,28004-A,Foundations of Informatics T-1,0.77101031
72938,Foundations Of Artificial Intelligence T,7,B0069,Artificial Intelligence for Digital Innovation,0.76278672
72938,Foundations Of Artificial Intelligence T,8,91250-A,DEEP LEARNING,0.76006935
72938,Foundations Of Artificial Intelligence T,9,29227-C,Foundations of Informatics T,0.75582610
72938,Foundations Of Artificial Intelligence T,10,81940,Artificial Intelligence,0.75304222
72939,Software Systems Engineering M,1,28021,Software Engineering T,0.72973497
72939,Software Systems Engineering M,2,73025,Distributed Systems M,0.72755458
72939,Software Systems Engineering M,3,B0011,Software Process Engineering,0.71928870
72939,Software Systems Engineering M,4,95627,Software Engineering,0.70653881
72939,Software Systems Engineering M,5,96642,Virtualization and System Integration,0.70423628
72939,Software Systems Engineering M,6,78779,Mobile Systems M,0.69831059
72939,Software Systems Engineering M,7,09032,Software Engineering,0.69696769
72939,Software Systems Engineering M,8,88324,System Administration T,0.69618781
72939,Software Systems Engineering M,9,90106-A,Software Engineering,0.68696708
72939,Software Systems Engineering M,10,B0009,Advanced Software Modelling and Design,0.68611822
72940,Computational Models And Languages M,1,B8554-A,SISTEMI SOFTWARE A OGGETTI T,0.76536234
72940,Computational Models And Languages M,2,B8554-B,SISTEMI SOFTWARE A OGGETTI T,0.76536234
72940,Computational Models And Languages M,3,81609,"Languages, Compilers and Computational Models",0.76183309
72940,Computational Models And Languages M,4,91258-B,Natural Language Processing,0.75393316
72940,Computational Models And Languages M,5,B8105,Computational Management of Data,0.75253144
72940,Computational Models And Languages M,6,B5782,Algorithms and Data Structures for Computational Biology,0.75090604
72940,Computational Models And Languages M,7,28004-A,Foundations of Informatics T-1,0.74577303
72940,Computational Models And Languages M,8,91266,Machine Learning for Computer Vision,0.74357491
72940,Computational Models And Languages M,9,00819-C,Programming,0.74343233
72940,Computational Models And Languages M,10,85189,Systems and Algorithms for Data Science,0.74332906
72942,Information Security M,1,88325,Computer and Network Security Lab T,0.80612340
72942,Information Security M,2,28024-A,Computer Networks T,0.80191779
72942,Information Security M,3,28024-B,Computer Networks T,0.80191779
72942,Information Security M,4,78779,Mobile Systems M,0.78774905
72942,Information Security M,5,88324,System Administration T,0.78363837
72942,Information Security M,6,91161,"Networks, Security And Data Bases",0.78301510
72942,Information Security M,7,B0833,Computer Security Laboratory T,0.77638457
72942,Information Security M,8,57828,Informatics,0.77548318
72942,Information Security M,9,B5782,Algorithms and Data Structures for Computational Biology,0.77153718
72942,Information Security M,10,73025,Distributed Systems M,0.77106674
72945,Real-Time Systems M,1,85728,Real Time OS M,0.75826819
72945,Real-Time Systems M,2,28024-A,Computer Networks T,0.71789491
72945,Real-Time Systems M,3,28024-B,Computer Networks T,0.71789491
72945,Real-Time Systems M,4,78779,Mobile Systems M,0.71549659
72945,Real-Time Systems M,5,92858,Autonomous and Adaptive Systems M,0.71397769
72945,Real-Time Systems M,6,73025,Distributed Systems M,0.71191266
72945,Real-Time Systems M,7,B8310,STATISTICS AND MACHINE LEARNING FOR SIGNAL PROCESSING M,0.71114531
72945,Real-Time Systems M,8,78810,Real Time Systems for Automation M,0.70715098
72945,Real-Time Systems M,9,08574-A,Operating Systems,0.70693337
72945,Real-Time Systems M,10,72942,Information Security M,0.69667314
73025,Distributed Systems M,1,78779,Mobile Systems M,0.82266135
73025,Distributed Systems M,2,28024-A,Computer Networks T,0.78843109
73025,Distributed Systems M,3,28024-B,Computer Networks T,0.78843109
73025,Distributed Systems M,4,95627,Software Engineering,0.77451235
73025,Distributed Systems M,5,88324,System Administration T,0.77328723
73025,Distributed Systems M,6,72942,Information Security M,0.77106674
73025,Distributed Systems M,7,40720,Data Mining,0.76980653
73025,Distributed Systems M,8,92858,Autonomous and Adaptive Systems M,0.76938431
73025,Distributed Systems M,9,95631-A,Machine Learning and Data Mining,0.76717996
73025,Distributed Systems M,10,93468,Distributed Software Systems,0.76716719
73092,Analog Electronic Circuits T-A,1,28724,Electronics T-2,0.95456128
73092,Analog Electronic Circuits T-A,2,28651,Electronics T-A,0.79018100
73092,Analog Electronic Circuits T-A,3,81649,Design On Analog Cicuits and Systems M,0.78405396
73092,Analog Electronic Circuits T-A,4,28722,Electronics T-1,0.76887550
73092,Analog Electronic Circuits T-A,5,28016-A,Electronics T,0.76119230
73092,Analog Electronic Circuits T-A,6,37063,Principles of Electronics for Automation T,0.75808809
73092,Analog Electronic Circuits T-A,7,28016-B,Electronics T,0.74535009
73092,Analog Electronic Circuits T-A,8,35148,Electronics for analogic signal processing,0.74329127
73092,Analog Electronic Circuits T-A,9,00269,Electronics,0.73510197
73092,Analog Electronic Circuits T-A,10,B0159,Integrated Analog Electronics,0.73233457
73110,Industrial Electronics T-A,1,71148,Electronics For Automation T,0.92249203
73110,Industrial Electronics T-A,2,35367,Industrial Electronics M,0.85916652
73110,Industrial Electronics T-A,3,28651,Electronics T-A,0.77611931
73110,Industrial Electronics T-A,4,28016-A,Electronics T,0.73712514
73110,Industrial Electronics T-A,5,85733,Power Electronics for Automotive M,0.73712509
73110,Industrial Electronics T-A,6,28016-B,Electronics T,0.72786201
73110,Industrial Electronics T-A,7,73092,Analog Electronic Circuits T-A,0.72249689
73110,Industrial Electronics T-A,8,28724,Electronics T-2,0.72003082
73110,Industrial Electronics T-A,9,37063,Principles of Electronics for Automation T,0.71006246
73110,Industrial Electronics T-A,10,94272,Electronic Systems,0.70507167
73149,Logic for Informatics,1,66857,Logic for Computer Science,0.88561884
73149,Logic for Informatics,2,B5782,Algorithms and Data Structures for Computational Biology,0.75048945
73149,Logic for Informatics,3,00819-A,Programming,0.74283673
73149,Logic for Informatics,4,09730-A,Principles of Informatics,0.74230696
73149,Logic for Informatics,5,B4826,Informatics for the Humanities,0.74222669
73149,Logic for Informatics,6,B1703,Introduction to Programming,0.74098866
73149,Logic for Informatics,7,11929-A,Algorithm and Data Structures,0.73678665
73149,Logic for Informatics,8,98931,Fundamentals of Artificial Intelligence,0.73394008
73149,Logic for Informatics,9,96346-C,INFORMATICA,0.73376247
73149,Logic for Informatics,10,41169,Theoretical Computer Science,0.73341382
73273,Informatic Tecnologies for Fashion,1,90864,Elements of Computer Technologies for Fashion E-Commerce,0.76863835
73273,Informatic Tecnologies for Fashion,2,B4925,IMMERSIVE TECHNOLOGIES FOR FASHION,0.75581761
73273,Informatic Tecnologies for Fashion,3,B4826,Informatics for the Humanities,0.75556555
73273,Informatic Tecnologies for Fashion,4,57828,Informatics,0.74601653
73273,Informatic Tecnologies for Fashion,5,41731-B,Web-related Technologies,0.73335607
73273,Informatic Tecnologies for Fashion,6,41731-A,Web-related Technologies,0.72916336
73273,Informatic Tecnologies for Fashion,7,75835,Web Technologies,0.72623770
73273,Informatic Tecnologies for Fashion,8,28623,Foundations of Informatics and Laboratory,0.72418642
73273,Informatic Tecnologies for Fashion,9,B9254,Basic IT Skills,0.72158531
73273,Informatic Tecnologies for Fashion,10,85445,Information Modelling and Web Technologies,0.72150577
73302,Computer Vision And Image Processing M,1,69661,Image Processing And Computer Vision M,0.94354574
73302,Computer Vision And Image Processing M,2,91254,Image Processing and Computer Vision,0.83222857
73302,Computer Vision And Image Processing M,3,17634,Computer Vision,0.80426325
73302,Computer Vision And Image Processing M,4,93478,COMPUTER VISION,0.79665036
73302,Computer Vision And Image Processing M,5,91266,Machine Learning for Computer Vision,0.76317349
73302,Computer Vision And Image Processing M,6,B5782,Algorithms and Data Structures for Computational Biology,0.73463501
73302,Computer Vision And Image Processing M,7,B2125,Machine Learning and Data Mining M,0.71884407
73302,Computer Vision And Image Processing M,8,35424,Time-Frequency and Multirate Signal Processing M,0.71232781
73302,Computer Vision And Image Processing M,9,95631-A,Machine Learning and Data Mining,0.70963414
73302,Computer Vision And Image Processing M,10,15305,Foundations of Informatics A,0.70520225
73435,Project Management,1,95627,Software Engineering,0.71641538
73435,Project Management,2,95631-A,Machine Learning and Data Mining,0.69823787
73435,Project Management,3,40720,Data Mining,0.69812388
73435,Project Management,4,B5665,Real Time Systems and Programming for Automation M,0.69653215
73435,Project Management,5,B1874,Project Management and Software Engineering for Cultural Heritage,0.69479002
73435,Project Management,6,B0011,Software Process Engineering,0.69265008
73435,Project Management,7,78810,Real Time Systems for Automation M,0.69155659
73435,Project Management,8,37262,Computer Programming,0.68332469
73435,Project Management,9,70155,Data Bases,0.67951963
73435,Project Management,10,34991,Project in electronics and telecommunications,0.67724687
73731,Microcontroller-based systems for Industrial Applicatons: Architecture and Programming,1,29035,Electronic Industrial Systems Architecture and Programming Laboratory T-A,0.80548243
73731,Microcontroller-based systems for Industrial Applicatons: Architecture and Programming,2,85730,Architectures and Firmware M,0.73754482
73731,Microcontroller-based systems for Industrial Applicatons: Architecture and Programming,3,93322,Hardware-Software Design of Iot Systems M,0.73340094
73731,Microcontroller-based systems for Industrial Applicatons: Architecture and Programming,4,28651,Electronics T-A,0.73038748
73731,Microcontroller-based systems for Industrial Applicatons: Architecture and Programming,5,88228,Microcontroller electronic systems P,0.72329682
73731,Microcontroller-based systems for Industrial Applicatons: Architecture and Programming,6,93398,Architectures for Artificial Intelligence M,0.72000860
73731,Microcontroller-based systems for Industrial Applicatons: Architecture and Programming,7,10907,Electronics of Digital Systems,0.71661940
73731,Microcontroller-based systems for Industrial Applicatons: Architecture and Programming,8,91259,Architecture and Platforms for Artificial Intelligence,0.71439605
73731,Microcontroller-based systems for Industrial Applicatons: Architecture and Programming,9,77780,Embedded Systems Programming and Internet of Things,0.71082898
73731,Microcontroller-based systems for Industrial Applicatons: Architecture and Programming,10,94272,Electronic Systems,0.70711550
75198,Health Information Processing Systems,1,20741,Information Processing Systems,0.72116244
75198,Health Information Processing Systems,2,96793,Information Systems and Database Management,0.71843593
75198,Health Information Processing Systems,3,95630,Big Data and Cloud Platforms,0.69766833
75198,Health Information Processing Systems,4,73025,Distributed Systems M,0.69440049
75198,Health Information Processing Systems,5,77933,Multimedia Data Management M,0.69111057
75198,Health Information Processing Systems,6,79194,Databases,0.68889589
75198,Health Information Processing Systems,7,B8018,DIGITAL HEALTH M,0.68856626
75198,Health Information Processing Systems,8,57828,Informatics,0.68849445
75198,Health Information Processing Systems,9,70155,Data Bases,0.68665448
75198,Health Information Processing Systems,10,B8105,Computational Management of Data,0.68298559
75835,Web Technologies,1,41731-B,Web-related Technologies,0.96296091
75835,Web Technologies,2,88566,Web Technology,0.85281044
75835,Web Technologies,3,95605,Web and Mobile Systems,0.80441546
75835,Web Technologies,4,41731-A,Web-related Technologies,0.79180003
75835,Web Technologies,5,85445,Information Modelling and Web Technologies,0.78764243
75835,Web Technologies,6,95645,Foundations of Web Systems,0.77606624
75835,Web Technologies,7,B4826,Informatics for the Humanities,0.75937100
75835,Web Technologies,8,69867,Web Services and Applications,0.75929931
75835,Web Technologies,9,57828,Informatics,0.74565159
75835,Web Technologies,10,40720,Data Mining,0.74284029
75969-A,Basic Informatics,1,75969-B,Basic Informatics,0.99357655
75969-A,Basic Informatics,2,B4826,Informatics for the Humanities,0.78943914
75969-A,Basic Informatics,3,B8396,Basic IT Skills,0.78211079
75969-A,Basic Informatics,4,B1703,Introduction to Programming,0.77268762
75969-A,Basic Informatics,5,57828,Informatics,0.76289000
75969-A,Basic Informatics,6,B8105,Computational Management of Data,0.76269111
75969-A,Basic Informatics,7,90749,Computing Education,0.75673570
75969-A,Basic Informatics,8,88566,Web Technology,0.75228494
75969-A,Basic Informatics,9,B9254,Basic IT Skills,0.74738020
75969-A,Basic Informatics,10,39176-A,Basic and Laboratory Informatics,0.74606807
75969-B,Basic Informatics,1,75969-A,Basic Informatics,0.99357655
75969-B,Basic Informatics,2,B4826,Informatics for the Humanities,0.78959571
75969-B,Basic Informatics,3,B8396,Basic IT Skills,0.78264267
75969-B,Basic Informatics,4,B1703,Introduction to Programming,0.76895693
75969-B,Basic Informatics,5,57828,Informatics,0.76367075
75969-B,Basic Informatics,6,B8105,Computational Management of Data,0.75829298
75969-B,Basic Informatics,7,90749,Computing Education,0.75524885
75969-B,Basic Informatics,8,88566,Web Technology,0.74994457
75969-B,Basic Informatics,9,B9254,Basic IT Skills,0.74770480
75969-B,Basic Informatics,10,39176-A,Basic and Laboratory Informatics,0.74610669
76011,Multimedia Technologies in Archaelogy,1,48693-A,Computer Science for Cultural Heritage,0.75717708
76011,Multimedia Technologies in Archaelogy,2,B5059,Interaction Media Design,0.75198451
76011,Multimedia Technologies in Archaelogy,3,98618,"""Document Digitization Techniques """,0.74570856
76011,Multimedia Technologies in Archaelogy,4,97466,Digital represention of the Landscape Project,0.74291522
76011,Multimedia Technologies in Archaelogy,5,81917,Interaction Multimedia Services,0.73787918
76011,Multimedia Technologies in Archaelogy,6,B5079,Digital Humanities and Data Management for Cultural Heritage,0.73511176
76011,Multimedia Technologies in Archaelogy,7,87898,Methods and Technologies for Interpreting,0.72833901
76011,Multimedia Technologies in Archaelogy,8,87901,Methods and Advanced Technologies for Interpreting,0.72496945
76011,Multimedia Technologies in Archaelogy,9,B1873,Machine Learning for Humanities,0.72418875
76011,Multimedia Technologies in Archaelogy,10,90749,Computing Education,0.71354376
77780,Embedded Systems Programming and Internet of Things,1,96859,Embedded Systems and Internet of Things,0.93261744
77780,Embedded Systems Programming and Internet of Things,2,09032,Software Engineering,0.73633665
77780,Embedded Systems Programming and Internet of Things,3,B5722,Embedded Sensors,0.73619250
77780,Embedded Systems Programming and Internet of Things,4,28024-A,Computer Networks T,0.73437875
77780,Embedded Systems Programming and Internet of Things,5,28024-B,Computer Networks T,0.73437875
77780,Embedded Systems Programming and Internet of Things,6,93398,Architectures for Artificial Intelligence M,0.73431426
77780,Embedded Systems Programming and Internet of Things,7,93322,Hardware-Software Design of Iot Systems M,0.72932480
77780,Embedded Systems Programming and Internet of Things,8,85730,Architectures and Firmware M,0.72469351
77780,Embedded Systems Programming and Internet of Things,9,17628,Concurrent and Distributed Programming,0.72350031
77780,Embedded Systems Programming and Internet of Things,10,81683,Internet of Things,0.71945799
77933,Multimedia Data Management M,1,78096,Multimedia Data Management M,0.96784498
77933,Multimedia Data Management M,2,91269,Multimedia Data Management,0.95215229
77933,Multimedia Data Management M,3,78779,Mobile Systems M,0.77260291
77933,Multimedia Data Management M,4,73025,Distributed Systems M,0.74607824
77933,Multimedia Data Management M,5,40720,Data Mining,0.73901071
77933,Multimedia Data Management M,6,81917,Interaction Multimedia Services,0.73162044
77933,Multimedia Data Management M,7,B8105,Computational Management of Data,0.72941771
77933,Multimedia Data Management M,8,94442,Design of Web Applications T,0.72466315
77933,Multimedia Data Management M,9,42500,Semantic Web,0.72448658
77933,Multimedia Data Management M,10,91266,Machine Learning for Computer Vision,0.72205510
78096,Multimedia Data Management M,1,91269,Multimedia Data Management,0.98430731
78096,Multimedia Data Management M,2,77933,Multimedia Data Management M,0.96784498
78096,Multimedia Data Management M,3,78779,Mobile Systems M,0.74985212
78096,Multimedia Data Management M,4,73025,Distributed Systems M,0.74591291
78096,Multimedia Data Management M,5,81917,Interaction Multimedia Services,0.73515607
78096,Multimedia Data Management M,6,96793,Information Systems and Database Management,0.71036610
78096,Multimedia Data Management M,7,40720,Data Mining,0.70715464
78096,Multimedia Data Management M,8,91161,"Networks, Security And Data Bases",0.70648404
78096,Multimedia Data Management M,9,96142,Business Intelligence and Big Data M,0.70616518
78096,Multimedia Data Management M,10,B8018,DIGITAL HEALTH M,0.70211568
78501,SISTEMA DI ELABORAZIONE DELLE INFORMAZIONI --,1,07276-E,INFORMATICA,0.73012573
78501,SISTEMA DI ELABORAZIONE DELLE INFORMAZIONI --,2,82202-A,Informatic,0.72384669
78501,SISTEMA DI ELABORAZIONE DELLE INFORMAZIONI --,3,40720,Data Mining,0.71315220
78501,SISTEMA DI ELABORAZIONE DELLE INFORMAZIONI --,4,B8159,INFORMATICA,0.70847974
78501,SISTEMA DI ELABORAZIONE DELLE INFORMAZIONI --,5,57828,Informatics,0.70672325
78501,SISTEMA DI ELABORAZIONE DELLE INFORMAZIONI --,6,89988,Elements of Informatics,0.70126535
78501,SISTEMA DI ELABORAZIONE DELLE INFORMAZIONI --,7,09730-B,Principles of Informatics,0.69818344
78501,SISTEMA DI ELABORAZIONE DELLE INFORMAZIONI --,8,15305,Foundations of Informatics A,0.69598331
78501,SISTEMA DI ELABORAZIONE DELLE INFORMAZIONI --,9,09730-A,Principles of Informatics,0.69508633
78501,SISTEMA DI ELABORAZIONE DELLE INFORMAZIONI --,10,70155,Data Bases,0.69033220
78510,Informatics,1,82202-A,Informatic,0.80329751
78510,Informatics,2,57828,Informatics,0.79904995
78510,Informatics,3,B4826,Informatics for the Humanities,0.75982668
78510,Informatics,4,09730-B,Principles of Informatics,0.75405461
78510,Informatics,5,96346-B,Informatics,0.74342926
78510,Informatics,6,07276-C,Computer Science,0.74297263
78510,Informatics,7,09730-A,Principles of Informatics,0.73546916
78510,Informatics,8,60348,Informatics,0.73380823
78510,Informatics,9,82202-B,Informatic,0.73311900
78510,Informatics,10,28040,Information Technology,0.73101399
78778,Intelligent Systems M,1,91411,Intelligent Robotic Systems,0.78698951
78778,Intelligent Systems M,2,B5727,Introduction to Languages for Artificial Intelligence,0.77482698
78778,Intelligent Systems M,3,81940,Artificial Intelligence,0.77234104
78778,Intelligent Systems M,4,98931,Fundamentals of Artificial Intelligence,0.77046613
78778,Intelligent Systems M,5,91248,Fundamentals of Artificial Intelligence and Knowledge Representation,0.76649327
78778,Intelligent Systems M,6,78779,Mobile Systems M,0.76179905
78778,Intelligent Systems M,7,93398,Architectures for Artificial Intelligence M,0.76114200
78778,Intelligent Systems M,8,28024-A,Computer Networks T,0.75880280
78778,Intelligent Systems M,9,28024-B,Computer Networks T,0.75880280
78778,Intelligent Systems M,10,72942,Information Security M,0.75710718
78779,Mobile Systems M,1,73025,Distributed Systems M,0.82266135
78779,Mobile Systems M,2,72942,Information Security M,0.78774905
78779,Mobile Systems M,3,84401,Context-Aware Systems,0.78404495
78779,Mobile Systems M,4,28024-A,Computer Networks T,0.77705829
78779,Mobile Systems M,5,28024-B,Computer Networks T,0.77705829
78779,Mobile Systems M,6,77933,Multimedia Data Management M,0.77260291
78779,Mobile Systems M,7,92858,Autonomous and Adaptive Systems M,0.76976804
78779,Mobile Systems M,8,84531,Infrastructures For Cloud Computing and Big Data M,0.76658898
78779,Mobile Systems M,9,88324,System Administration T,0.76511712
78779,Mobile Systems M,10,81917,Interaction Multimedia Services,0.76431919
78810,Real Time Systems for Automation M,1,B5665,Real Time Systems and Programming for Automation M,0.97743032
78810,Real Time Systems for Automation M,2,B8105,Computational Management of Data,0.76549254
78810,Real Time Systems for Automation M,3,95631-A,Machine Learning and Data Mining,0.76481332
78810,Real Time Systems for Automation M,4,88324,System Administration T,0.76405750
78810,Real Time Systems for Automation M,5,73025,Distributed Systems M,0.76313858
78810,Real Time Systems for Automation M,6,B1703,Introduction to Programming,0.75631226
78810,Real Time Systems for Automation M,7,90477,Machine Learning Systems For Data Science,0.75353483
78810,Real Time Systems for Automation M,8,00819-A,Programming,0.74903060
78810,Real Time Systems for Automation M,9,B1873,Machine Learning for Humanities,0.74839627
78810,Real Time Systems for Automation M,10,B5727,Introduction to Languages for Artificial Intelligence,0.74772269
79194,Databases,1,96793,Information Systems and Database Management,0.88171583
79194,Databases,2,10906-A,Databases,0.86093427
79194,Databases,3,70155,Data Bases,0.84014520
79194,Databases,4,95611,Database Systems,0.83979310
79194,Databases,5,B8159,INFORMATICA,0.76071650
79194,Databases,6,10906-B,Databases,0.75849541
79194,Databases,7,40720,Data Mining,0.75257691
79194,Databases,8,84339,Advanced Database Systems,0.74999957
79194,Databases,9,81932,Big Data,0.74846249
79194,Databases,10,90107,BASI DI DATI,0.74609995
81609,"Languages, Compilers and Computational Models",1,95631-A,Machine Learning and Data Mining,0.79976277
81609,"Languages, Compilers and Computational Models",2,40720,Data Mining,0.77941353
81609,"Languages, Compilers and Computational Models",3,B5727,Introduction to Languages for Artificial Intelligence,0.77078676
81609,"Languages, Compilers and Computational Models",4,41169,Theoretical Computer Science,0.76738802
81609,"Languages, Compilers and Computational Models",5,28024-A,Computer Networks T,0.76645289
81609,"Languages, Compilers and Computational Models",6,28024-B,Computer Networks T,0.76645289
81609,"Languages, Compilers and Computational Models",7,91258-B,Natural Language Processing,0.76566453
81609,"Languages, Compilers and Computational Models",8,00819-A,Programming,0.76406442
81609,"Languages, Compilers and Computational Models",9,96793,Information Systems and Database Management,0.76300244
81609,"Languages, Compilers and Computational Models",10,11933,Theoretical Computer Science,0.76280729
81610,Machine Learning,1,88202,Machine Learning,1.00000000
81610,Machine Learning,2,91250-D,Deep Learning,0.84100961
81610,Machine Learning,3,91250-B,Deep Learning,0.77720204
81610,Machine Learning,4,91250-C,Deep Learning,0.77720204
81610,Machine Learning,5,91250-A,DEEP LEARNING,0.75372046
81610,Machine Learning,6,40720,Data Mining,0.73098464
81610,Machine Learning,7,93478,COMPUTER VISION,0.72522523
81610,Machine Learning,8,81940,Artificial Intelligence,0.72488920
81610,Machine Learning,9,B1873,Machine Learning for Humanities,0.72414666
81610,Machine Learning,10,95631-A,Machine Learning and Data Mining,0.72221095
81612,Programming and Development paradigms,1,95627,Software Engineering,0.78600518
81612,Programming and Development paradigms,2,B0011,Software Process Engineering,0.78476530
81612,Programming and Development paradigms,3,95648,Software Design and Development,0.78376245
81612,Programming and Development paradigms,4,00819-E,Programming,0.76986743
81612,Programming and Development paradigms,5,17628,Concurrent and Distributed Programming,0.76532286
81612,Programming and Development paradigms,6,37262,Computer Programming,0.76521223
81612,Programming and Development paradigms,7,28623,Foundations of Informatics and Laboratory,0.76182439
81612,Programming and Development paradigms,8,00819-C,Programming,0.76104434
81612,Programming and Development paradigms,9,09730-A,Principles of Informatics,0.76085596
81612,Programming and Development paradigms,10,91259,Architecture and Platforms for Artificial Intelligence,0.76020660
81649,Design On Analog Cicuits and Systems M,1,93392,Analog Circuits and Sensor Systems M,0.85874260
81649,Design On Analog Cicuits and Systems M,2,73092,Analog Electronic Circuits T-A,0.78405396
81649,Design On Analog Cicuits and Systems M,3,81654,Design of Advanced Analog Circuits M,0.76739144
81649,Design On Analog Cicuits and Systems M,4,28724,Electronics T-2,0.75978664
81649,Design On Analog Cicuits and Systems M,5,00269,Electronics,0.74898968
81649,Design On Analog Cicuits and Systems M,6,69773,Electronic Circuits Design,0.74315417
81649,Design On Analog Cicuits and Systems M,7,28651,Electronics T-A,0.72305335
81649,Design On Analog Cicuits and Systems M,8,35367,Industrial Electronics M,0.71981507
81649,Design On Analog Cicuits and Systems M,9,28016-C,Electronics T,0.71727947
81649,Design On Analog Cicuits and Systems M,10,93390,Digital Systems and Introduction to Computer Architectures M,0.70849843
81654,Design of Advanced Analog Circuits M,1,81649,Design On Analog Cicuits and Systems M,0.76739144
81654,Design of Advanced Analog Circuits M,2,B0159,Integrated Analog Electronics,0.73777089
81654,Design of Advanced Analog Circuits M,3,73092,Analog Electronic Circuits T-A,0.72999805
81654,Design of Advanced Analog Circuits M,4,93392,Analog Circuits and Sensor Systems M,0.72978097
81654,Design of Advanced Analog Circuits M,5,69773,Electronic Circuits Design,0.71644867
81654,Design of Advanced Analog Circuits M,6,99192,Highly Reliable and Resilient Electronic Systems M,0.71469165
81654,Design of Advanced Analog Circuits M,7,28724,Electronics T-2,0.70190068
81654,Design of Advanced Analog Circuits M,8,00269,Electronics,0.70016367
81654,Design of Advanced Analog Circuits M,9,B2250,Microelectronics M,0.69706222
81654,Design of Advanced Analog Circuits M,10,35367,Industrial Electronics M,0.69670162
81672,Emerging Programming Paradigms,1,00819-C,Programming,0.71942961
81672,Emerging Programming Paradigms,2,00819-A,Programming,0.69330878
81672,Emerging Programming Paradigms,3,81612,Programming and Development paradigms,0.69266530
81672,Emerging Programming Paradigms,4,00819-B,Programming,0.68289660
81672,Emerging Programming Paradigms,5,70219,Object-Oriented Programming,0.68137337
81672,Emerging Programming Paradigms,6,00819-E,Programming,0.67939090
81672,Emerging Programming Paradigms,7,17628,Concurrent and Distributed Programming,0.67929846
81672,Emerging Programming Paradigms,8,72940,Computational Models And Languages M,0.67509087
81672,Emerging Programming Paradigms,9,87469,Decision Making with Constraint Programming,0.67382604
81672,Emerging Programming Paradigms,10,00819-D,Programming,0.67312679
81676,Digital Forensic,1,93470-A,Cybersecurity,0.67549818
81676,Digital Forensic,2,57828,Informatics,0.67520101
81676,Digital Forensic,3,72942,Information Security M,0.67401122
81676,Digital Forensic,4,40720,Data Mining,0.67161526
81676,Digital Forensic,5,B4826,Informatics for the Humanities,0.67040546
81676,Digital Forensic,6,95782,Network Analysis,0.66998877
81676,Digital Forensic,7,98618,"""Document Digitization Techniques """,0.66986131
81676,Digital Forensic,8,B5722,Embedded Sensors,0.65990535
81676,Digital Forensic,9,91254,Image Processing and Computer Vision,0.65862632
81676,Digital Forensic,10,10907,Electronics of Digital Systems,0.65709672
81678-A,Laboratory of Making,1,81678-B,Laboratory of Making,0.97339385
81678-A,Laboratory of Making,2,34991,Project in electronics and telecommunications,0.77603353
81678-A,Laboratory of Making,3,90749,Computing Education,0.76553562
81678-A,Laboratory of Making,4,B5722,Embedded Sensors,0.75417057
81678-A,Laboratory of Making,5,91161,"Networks, Security And Data Bases",0.75195740
81678-A,Laboratory of Making,6,28651,Electronics T-A,0.74633476
81678-A,Laboratory of Making,7,89988,Elements of Informatics,0.74510812
81678-A,Laboratory of Making,8,37063,Principles of Electronics for Automation T,0.74251589
81678-A,Laboratory of Making,9,10907,Electronics of Digital Systems,0.74100982
81678-A,Laboratory of Making,10,B5727,Introduction to Languages for Artificial Intelligence,0.73952826
81678-B,Laboratory of Making,1,81678-A,Laboratory of Making,0.97339385
81678-B,Laboratory of Making,2,34991,Project in electronics and telecommunications,0.75310288
81678-B,Laboratory of Making,3,90749,Computing Education,0.74917758
81678-B,Laboratory of Making,4,B5722,Embedded Sensors,0.74222527
81678-B,Laboratory of Making,5,10907,Electronics of Digital Systems,0.74179785
81678-B,Laboratory of Making,6,89988,Elements of Informatics,0.73751273
81678-B,Laboratory of Making,7,37063,Principles of Electronics for Automation T,0.73129413
81678-B,Laboratory of Making,8,81917,Interaction Multimedia Services,0.72745778
81678-B,Laboratory of Making,9,B0063,Programming Laboratory,0.72470687
81678-B,Laboratory of Making,10,94247,Laboratory on Power Electronics,0.72468947
81683,Internet of Things,1,B8019,PROGRAMMING THE INTERNET OF THINGS M,0.78785588
81683,Internet of Things,2,96859,Embedded Systems and Internet of Things,0.77459355
81683,Internet of Things,3,93653,Iot And Big Data For Smart Agricultural Systems,0.76517259
81683,Internet of Things,4,78779,Mobile Systems M,0.75590873
81683,Internet of Things,5,95639,Industry 4.0,0.74901758
81683,Internet of Things,6,81932,Big Data,0.74826063
81683,Internet of Things,7,73025,Distributed Systems M,0.73668485
81683,Internet of Things,8,B5722,Embedded Sensors,0.73589777
81683,Internet of Things,9,93478,COMPUTER VISION,0.73489862
81683,Internet of Things,10,72942,Information Security M,0.73223954
81917,Interaction Multimedia Services,1,95627,Software Engineering,0.76937984
81917,Interaction Multimedia Services,2,B5059,Interaction Media Design,0.76569512
81917,Interaction Multimedia Services,3,78779,Mobile Systems M,0.76431919
81917,Interaction Multimedia Services,4,73025,Distributed Systems M,0.76313735
81917,Interaction Multimedia Services,5,28024-A,Computer Networks T,0.76057997
81917,Interaction Multimedia Services,6,28024-B,Computer Networks T,0.76057997
81917,Interaction Multimedia Services,7,B5722,Embedded Sensors,0.75188444
81917,Interaction Multimedia Services,8,72942,Information Security M,0.75143141
81917,Interaction Multimedia Services,9,34991,Project in electronics and telecommunications,0.75066759
81917,Interaction Multimedia Services,10,28004-A,Foundations of Informatics T-1,0.74782881
81932,Big Data,1,95630,Big Data and Cloud Platforms,0.81128357
81932,Big Data,2,40720,Data Mining,0.78677256
81932,Big Data,3,70155,Data Bases,0.77619848
81932,Big Data,4,91250-B,Deep Learning,0.76922208
81932,Big Data,5,91250-C,Deep Learning,0.76922208
81932,Big Data,6,B8105,Computational Management of Data,0.76809167
81932,Big Data,7,87198,Statistics and Architectures for Big Data Processing M,0.76209040
81932,Big Data,8,90477,Machine Learning Systems For Data Science,0.76167254
81932,Big Data,9,85189,Systems and Algorithms for Data Science,0.76150664
81932,Big Data,10,97467,Big Data Analytics for Automotive Manufacturing Applications,0.75617323
81934,HUMAN COMPUTER INTERACTION,1,85573,Usability and User Experience,0.73883940
81934,HUMAN COMPUTER INTERACTION,2,91264,User Experience Design,0.73369257
81934,HUMAN COMPUTER INTERACTION,3,90147,Artificial intelligence,0.73280003
81934,HUMAN COMPUTER INTERACTION,4,72942,Information Security M,0.73072754
81934,HUMAN COMPUTER INTERACTION,5,90720,Usability & User Experience Design,0.72952904
81934,HUMAN COMPUTER INTERACTION,6,11929-A,Algorithm and Data Structures,0.72922181
81934,HUMAN COMPUTER INTERACTION,7,27311-A,Humanistic IT,0.72898269
81934,HUMAN COMPUTER INTERACTION,8,B0063,Programming Laboratory,0.72723573
81934,HUMAN COMPUTER INTERACTION,9,27311-B,Humanistic IT,0.72700379
81934,HUMAN COMPUTER INTERACTION,10,90749,Computing Education,0.72542131
81940,Artificial Intelligence,1,90147,Artificial intelligence,0.83465812
81940,Artificial Intelligence,2,98931,Fundamentals of Artificial Intelligence,0.79113214
81940,Artificial Intelligence,3,91250-B,Deep Learning,0.79057152
81940,Artificial Intelligence,4,91250-C,Deep Learning,0.79057152
81940,Artificial Intelligence,5,B0069,Artificial Intelligence for Digital Innovation,0.78589088
81940,Artificial Intelligence,6,91248,Fundamentals of Artificial Intelligence and Knowledge Representation,0.77942861
81940,Artificial Intelligence,7,78778,Intelligent Systems M,0.77234104
81940,Artificial Intelligence,8,91411,Intelligent Robotic Systems,0.77108734
81940,Artificial Intelligence,9,91250-A,DEEP LEARNING,0.76866784
81940,Artificial Intelligence,10,B5727,Introduction to Languages for Artificial Intelligence,0.76857109
81942,Scalable and Cloud Programming,1,95630,Big Data and Cloud Platforms,0.78938493
81942,Scalable and Cloud Programming,2,81612,Programming and Development paradigms,0.75770433
81942,Scalable and Cloud Programming,3,84531,Infrastructures For Cloud Computing and Big Data M,0.75734798
81942,Scalable and Cloud Programming,4,95627,Software Engineering,0.75728615
81942,Scalable and Cloud Programming,5,17628,Concurrent and Distributed Programming,0.74781088
81942,Scalable and Cloud Programming,6,81609,"Languages, Compilers and Computational Models",0.74008844
81942,Scalable and Cloud Programming,7,28024-A,Computer Networks T,0.73949510
81942,Scalable and Cloud Programming,8,28024-B,Computer Networks T,0.73949510
81942,Scalable and Cloud Programming,9,95631-A,Machine Learning and Data Mining,0.73827974
81942,Scalable and Cloud Programming,10,73025,Distributed Systems M,0.73668224
82202-A,Informatic,1,57828,Informatics,0.81817964
82202-A,Informatic,2,78510,Informatics,0.80329751
82202-A,Informatic,3,82202-B,Informatic,0.79202165
82202-A,Informatic,4,07276-C,Computer Science,0.78726878
82202-A,Informatic,5,B4826,Informatics for the Humanities,0.76468198
82202-A,Informatic,6,09730-B,Principles of Informatics,0.76038662
82202-A,Informatic,7,60348,Informatics,0.74567901
82202-A,Informatic,8,96346-B,Informatics,0.74039532
82202-A,Informatic,9,39176-A,Basic and Laboratory Informatics,0.73690277
82202-A,Informatic,10,39176-B,Basic and Laboratory Informatics,0.73690277
82202-B,Informatic,1,39176-A,Basic and Laboratory Informatics,0.94488112
82202-B,Informatic,2,39176-B,Basic and Laboratory Informatics,0.94488112
82202-B,Informatic,3,57828,Informatics,0.83302932
82202-B,Informatic,4,82202-A,Informatic,0.79202165
82202-B,Informatic,5,B4826,Informatics for the Humanities,0.78064114
82202-B,Informatic,6,40720,Data Mining,0.74485863
82202-B,Informatic,7,60348,Informatics,0.74438645
82202-B,Informatic,8,95604,Operating Systems and Networks,0.74420663
82202-B,Informatic,9,B8159,INFORMATICA,0.74240083
82202-B,Informatic,10,07276-C,Computer Science,0.73913631
84258,Design of Electronic Systems T-A,1,10907,Electronics of Digital Systems,0.74847854
84258,Design of Electronic Systems T-A,2,28651,Electronics T-A,0.72892469
84258,Design of Electronic Systems T-A,3,28722,Electronics T-1,0.70415221
84258,Design of Electronic Systems T-A,4,28016-B,Electronics T,0.70162747
84258,Design of Electronic Systems T-A,5,28016-A,Electronics T,0.69154564
84258,Design of Electronic Systems T-A,6,73092,Analog Electronic Circuits T-A,0.68836582
84258,Design of Electronic Systems T-A,7,28011-A,Logic Design T,0.68651508
84258,Design of Electronic Systems T-A,8,88228,Microcontroller electronic systems P,0.68477010
84258,Design of Electronic Systems T-A,9,28012-A,Electronic Calculators T,0.68293000
84258,Design of Electronic Systems T-A,10,28724,Electronics T-2,0.68064939
84339,Advanced Database Systems,1,96793,Information Systems and Database Management,0.79082299
84339,Advanced Database Systems,2,95611,Database Systems,0.78511656
84339,Advanced Database Systems,3,10906-A,Databases,0.77237481
84339,Advanced Database Systems,4,70155,Data Bases,0.76787170
84339,Advanced Database Systems,5,79194,Databases,0.74999957
84339,Advanced Database Systems,6,28652,IT Systems T-1,0.73882560
84339,Advanced Database Systems,7,90107,BASI DI DATI,0.73226413
84339,Advanced Database Systems,8,84530,Database and Big Data Technologies M,0.72471918
84339,Advanced Database Systems,9,10906-B,Databases,0.71983712
84339,Advanced Database Systems,10,91161,"Networks, Security And Data Bases",0.71506098
84401,Context-Aware Systems,1,78779,Mobile Systems M,0.78404495
84401,Context-Aware Systems,2,73025,Distributed Systems M,0.75909788
84401,Context-Aware Systems,3,57828,Informatics,0.75789306
84401,Context-Aware Systems,4,28024-A,Computer Networks T,0.75540179
84401,Context-Aware Systems,5,28024-B,Computer Networks T,0.75540179
84401,Context-Aware Systems,6,91250-B,Deep Learning,0.75187713
84401,Context-Aware Systems,7,91250-C,Deep Learning,0.75187713
84401,Context-Aware Systems,8,91259,Architecture and Platforms for Artificial Intelligence,0.75170332
84401,Context-Aware Systems,9,88324,System Administration T,0.75005187
84401,Context-Aware Systems,10,91250-A,DEEP LEARNING,0.74927175
84442,High Frequency Electronic Circuits M,1,99192,Highly Reliable and Resilient Electronic Systems M,0.74004387
84442,High Frequency Electronic Circuits M,2,37063,Principles of Electronics for Automation T,0.73212876
84442,High Frequency Electronic Circuits M,3,B2250,Microelectronics M,0.72869471
84442,High Frequency Electronic Circuits M,4,00269,Electronics,0.72722187
84442,High Frequency Electronic Circuits M,5,B5722,Embedded Sensors,0.72646588
84442,High Frequency Electronic Circuits M,6,69773,Electronic Circuits Design,0.72599632
84442,High Frequency Electronic Circuits M,7,B8378,SENSORI ELETTRONICI INTELLIGENTI LM,0.71805262
84442,High Frequency Electronic Circuits M,8,34991,Project in electronics and telecommunications,0.71371253
84442,High Frequency Electronic Circuits M,9,B8379,TECNOLOGIE MICROELETTRONICHE LM,0.71369895
84442,High Frequency Electronic Circuits M,10,28651,Electronics T-A,0.71084469
84530,Database and Big Data Technologies M,1,96142,Business Intelligence and Big Data M,0.76691968
84530,Database and Big Data Technologies M,2,10906-B,Databases,0.76041683
84530,Database and Big Data Technologies M,3,28027,Information Systems T,0.75708694
84530,Database and Big Data Technologies M,4,96793,Information Systems and Database Management,0.74686382
84530,Database and Big Data Technologies M,5,10906-A,Databases,0.74374795
84530,Database and Big Data Technologies M,6,95611,Database Systems,0.74295138
84530,Database and Big Data Technologies M,7,70155,Data Bases,0.74151716
84530,Database and Big Data Technologies M,8,79194,Databases,0.72984655
84530,Database and Big Data Technologies M,9,28652,IT Systems T-1,0.72792547
84530,Database and Big Data Technologies M,10,81932,Big Data,0.72742221
84531,Infrastructures For Cloud Computing and Big Data M,1,28024-A,Computer Networks T,0.81828613
84531,Infrastructures For Cloud Computing and Big Data M,2,28024-B,Computer Networks T,0.81828613
84531,Infrastructures For Cloud Computing and Big Data M,3,95630,Big Data and Cloud Platforms,0.77095942
84531,Infrastructures For Cloud Computing and Big Data M,4,87198,Statistics and Architectures for Big Data Processing M,0.77086539
84531,Infrastructures For Cloud Computing and Big Data M,5,78779,Mobile Systems M,0.76658898
84531,Infrastructures For Cloud Computing and Big Data M,6,91259,Architecture and Platforms for Artificial Intelligence,0.76346379
84531,Infrastructures For Cloud Computing and Big Data M,7,73025,Distributed Systems M,0.76072235
84531,Infrastructures For Cloud Computing and Big Data M,8,72942,Information Security M,0.76061661
84531,Infrastructures For Cloud Computing and Big Data M,9,81942,Scalable and Cloud Programming,0.75734798
84531,Infrastructures For Cloud Computing and Big Data M,10,B8562,SISTEMI CONCORRENTI E PARALLELI M,0.75047944
85189,Systems and Algorithms for Data Science,1,90477,Machine Learning Systems For Data Science,0.97490937
85189,Systems and Algorithms for Data Science,2,B5782,Algorithms and Data Structures for Computational Biology,0.80491127
85189,Systems and Algorithms for Data Science,3,B2133,Big Data Analytics and Text Mining,0.79619938
85189,Systems and Algorithms for Data Science,4,41588,INTRODUZIONE ALL'ANALISI DEI DATI,0.79387160
85189,Systems and Algorithms for Data Science,5,07276-B,Computer Science,0.79260910
85189,Systems and Algorithms for Data Science,6,91250-A,DEEP LEARNING,0.78923314
85189,Systems and Algorithms for Data Science,7,B1873,Machine Learning for Humanities,0.78880253
85189,Systems and Algorithms for Data Science,8,40720,Data Mining,0.78513294
85189,Systems and Algorithms for Data Science,9,91259,Architecture and Platforms for Artificial Intelligence,0.78369575
85189,Systems and Algorithms for Data Science,10,95602,Programming and Computer Architectures,0.78312368
85285,Programming,1,37262,Computer Programming,0.79648391
85285,Programming,2,96346-C,INFORMATICA,0.79369571
85285,Programming,3,95602,Programming and Computer Architectures,0.79267353
85285,Programming,4,B0063,Programming Laboratory,0.78897142
85285,Programming,5,00819-A,Programming,0.78814649
85285,Programming,6,93333,Programming Lab,0.78709802
85285,Programming,7,07276-B,Computer Science,0.78420989
85285,Programming,8,00819-E,Programming,0.77884967
85285,Programming,9,00819-C,Programming,0.77733526
85285,Programming,10,00819-D,Programming,0.77340803
85301,Algorithms and Data Structures in Biology,1,B5782,Algorithms and Data Structures for Computational Biology,0.82823057
85301,Algorithms and Data Structures in Biology,2,11929-A,Algorithm and Data Structures,0.78045518
85301,Algorithms and Data Structures in Biology,3,11929-D,Algorithms and Data Structures,0.77629697
85301,Algorithms and Data Structures in Biology,4,11929-B,Algorithms and Data Structures,0.76520768
85301,Algorithms and Data Structures in Biology,5,11929-C,Algorithms and Data Structures,0.75921195
85301,Algorithms and Data Structures in Biology,6,37635,Data Structure and Algorithms,0.75826225
85301,Algorithms and Data Structures in Biology,7,16692,Laboratory of Informatics,0.72599432
85301,Algorithms and Data Structures in Biology,8,95602,Programming and Computer Architectures,0.72556687
85301,Algorithms and Data Structures in Biology,9,B4913,ALGORITMI E STRUTTURE DATI,0.71823299
85301,Algorithms and Data Structures in Biology,10,09730-A,Principles of Informatics,0.71625505
85445,Information Modelling and Web Technologies,1,88566,Web Technology,0.87811535
85445,Information Modelling and Web Technologies,2,95605,Web and Mobile Systems,0.79813104
85445,Information Modelling and Web Technologies,3,41731-B,Web-related Technologies,0.78828909
85445,Information Modelling and Web Technologies,4,75835,Web Technologies,0.78764243
85445,Information Modelling and Web Technologies,5,B0073,ELABORAZIONE DI TESTI E GESTIONE DOCUMENTALE,0.77429369
85445,Information Modelling and Web Technologies,6,B8105,Computational Management of Data,0.76191284
85445,Information Modelling and Web Technologies,7,69867,Web Services and Applications,0.75581040
85445,Information Modelling and Web Technologies,8,B8396,Basic IT Skills,0.75521999
85445,Information Modelling and Web Technologies,9,95645,Foundations of Web Systems,0.75505748
85445,Information Modelling and Web Technologies,10,11929-A,Algorithm and Data Structures,0.75433277
85446,Knowledge Representation and Extraction,1,42500,Semantic Web,0.75891059
85446,Knowledge Representation and Extraction,2,B0070,METODOLOGIE E TECNICHE DI SIMULAZIONE,0.75680644
85446,Knowledge Representation and Extraction,3,91265,Knowledge Engineering,0.75536587
85446,Knowledge Representation and Extraction,4,91248,Fundamentals of Artificial Intelligence and Knowledge Representation,0.75197100
85446,Knowledge Representation and Extraction,5,B5292,Knowledge Engeneering for the Humanities,0.73444471
85446,Knowledge Representation and Extraction,6,87898,Methods and Technologies for Interpreting,0.73322640
85446,Knowledge Representation and Extraction,7,90749,Computing Education,0.73224395
85446,Knowledge Representation and Extraction,8,90730,Social Network Analysis,0.72758352
85446,Knowledge Representation and Extraction,9,11929-A,Algorithm and Data Structures,0.72625877
85446,Knowledge Representation and Extraction,10,95782,Network Analysis,0.72503163
85573,Usability and User Experience,1,90720,Usability & User Experience Design,0.98366306
85573,Usability and User Experience,2,91264,User Experience Design,0.94541629
85573,Usability and User Experience,3,81934,HUMAN COMPUTER INTERACTION,0.73883940
85573,Usability and User Experience,4,85445,Information Modelling and Web Technologies,0.73774039
85573,Usability and User Experience,5,B1703,Introduction to Programming,0.73385317
85573,Usability and User Experience,6,88566,Web Technology,0.73332227
85573,Usability and User Experience,7,B8105,Computational Management of Data,0.72862502
85573,Usability and User Experience,8,81612,Programming and Development paradigms,0.72482431
85573,Usability and User Experience,9,B5722,Embedded Sensors,0.72414488
85573,Usability and User Experience,10,11929-A,Algorithm and Data Structures,0.72405973
85728,Real Time OS M,1,72945,Real-Time Systems M,0.75826819
85728,Real Time OS M,2,08574-A,Operating Systems,0.74490656
85728,Real Time OS M,3,08574-C,Operating Systems,0.72431228
85728,Real Time OS M,4,28020-A,Operating Systems T,0.72408021
85728,Real Time OS M,5,28020-B,Operating Systems T,0.72408021
85728,Real Time OS M,6,78810,Real Time Systems for Automation M,0.71777865
85728,Real Time OS M,7,B8562,SISTEMI CONCORRENTI E PARALLELI M,0.71135424
85728,Real Time OS M,8,78779,Mobile Systems M,0.70776851
85728,Real Time OS M,9,28024-A,Computer Networks T,0.70046154
85728,Real Time OS M,10,28024-B,Computer Networks T,0.70046154
85730,Architectures and Firmware M,1,93322,Hardware-Software Design of Iot Systems M,0.89023369
85730,Architectures and Firmware M,2,35253,Hardware – Software Design Methods M,0.79930668
85730,Architectures and Firmware M,3,93398,Architectures for Artificial Intelligence M,0.76115644
85730,Architectures and Firmware M,4,69430,COMPUTER ARCHITECTURES M,0.74665671
85730,Architectures and Firmware M,5,73731,Microcontroller-based systems for Industrial Applicatons: Architecture and Programming,0.73754482
85730,Architectures and Firmware M,6,B8561,ARCHITETTURE DEI CALCOLATORI M,0.73322957
85730,Architectures and Firmware M,7,10907,Electronics of Digital Systems,0.73244759
85730,Architectures and Firmware M,8,B8562,SISTEMI CONCORRENTI E PARALLELI M,0.72845981
85730,Architectures and Firmware M,9,87198,Statistics and Architectures for Big Data Processing M,0.72669844
85730,Architectures and Firmware M,10,91259,Architecture and Platforms for Artificial Intelligence,0.72580668
85733,Power Electronics for Automotive M,1,35367,Industrial Electronics M,0.80426739
85733,Power Electronics for Automotive M,2,71148,Electronics For Automation T,0.78902609
85733,Power Electronics for Automotive M,3,28651,Electronics T-A,0.76999786
85733,Power Electronics for Automotive M,4,94247,Laboratory on Power Electronics,0.75330062
85733,Power Electronics for Automotive M,5,73110,Industrial Electronics T-A,0.73712509
85733,Power Electronics for Automotive M,6,94272,Electronic Systems,0.72617349
85733,Power Electronics for Automotive M,7,28016-A,Electronics T,0.72229505
85733,Power Electronics for Automotive M,8,28016-B,Electronics T,0.71785919
85733,Power Electronics for Automotive M,9,37063,Principles of Electronics for Automation T,0.71351223
85733,Power Electronics for Automotive M,10,34876,Digital Systems Electronics M,0.71249863
85734,"Test, Diagnosis and Reliability M",1,99192,Highly Reliable and Resilient Electronic Systems M,0.84567272
85734,"Test, Diagnosis and Reliability M",2,93395,Reliable Data Processing and Storage for Iintelligent Systems M,0.82396977
85734,"Test, Diagnosis and Reliability M",3,B8378,SENSORI ELETTRONICI INTELLIGENTI LM,0.74810095
85734,"Test, Diagnosis and Reliability M",4,B5722,Embedded Sensors,0.74212648
85734,"Test, Diagnosis and Reliability M",5,93929,Sensors and Nanotechnology,0.74060420
85734,"Test, Diagnosis and Reliability M",6,28651,Electronics T-A,0.73959046
85734,"Test, Diagnosis and Reliability M",7,B2250,Microelectronics M,0.73730997
85734,"Test, Diagnosis and Reliability M",8,B8379,TECNOLOGIE MICROELETTRONICHE LM,0.73118827
85734,"Test, Diagnosis and Reliability M",9,72942,Information Security M,0.73008786
85734,"Test, Diagnosis and Reliability M",10,28024-A,Computer Networks T,0.72944761
87198,Statistics and Architectures for Big Data Processing M,1,97467,Big Data Analytics for Automotive Manufacturing Applications,0.84360622
87198,Statistics and Architectures for Big Data Processing M,2,91259,Architecture and Platforms for Artificial Intelligence,0.79180559
87198,Statistics and Architectures for Big Data Processing M,3,B5782,Algorithms and Data Structures for Computational Biology,0.77352232
87198,Statistics and Architectures for Big Data Processing M,4,B8563,SISTEMI DI ELABORAZIONE ACCELERATA M,0.77087215
87198,Statistics and Architectures for Big Data Processing M,5,84531,Infrastructures For Cloud Computing and Big Data M,0.77086539
87198,Statistics and Architectures for Big Data Processing M,6,91161,"Networks, Security And Data Bases",0.76813248
87198,Statistics and Architectures for Big Data Processing M,7,B2133,Big Data Analytics and Text Mining,0.76752505
87198,Statistics and Architectures for Big Data Processing M,8,85189,Systems and Algorithms for Data Science,0.76349148
87198,Statistics and Architectures for Big Data Processing M,9,81932,Big Data,0.76209040
87198,Statistics and Architectures for Big Data Processing M,10,95602,Programming and Computer Architectures,0.76107191
87469,Decision Making with Constraint Programming,1,91762,Combinatorial Decision Making and Optimization,0.82703014
87469,Decision Making with Constraint Programming,2,00819-A,Programming,0.74019714
87469,Decision Making with Constraint Programming,3,90147,Artificial intelligence,0.73775632
87469,Decision Making with Constraint Programming,4,81940,Artificial Intelligence,0.73568857
87469,Decision Making with Constraint Programming,5,91250-A,DEEP LEARNING,0.73567087
87469,Decision Making with Constraint Programming,6,00819-C,Programming,0.73317925
87469,Decision Making with Constraint Programming,7,90749,Computing Education,0.73191247
87469,Decision Making with Constraint Programming,8,41169,Theoretical Computer Science,0.72903009
87469,Decision Making with Constraint Programming,9,11929-A,Algorithm and Data Structures,0.72660389
87469,Decision Making with Constraint Programming,10,B5782,Algorithms and Data Structures for Computational Biology,0.72550747
87474,Distributed Systems,1,93468,Distributed Software Systems,0.90126805
87474,Distributed Systems,2,93669,Intelligent Systems Engineering,0.83563137
87474,Distributed Systems,3,91267,Multi-Agent Systems,0.77435313
87474,Distributed Systems,4,73025,Distributed Systems M,0.75634130
87474,Distributed Systems,5,84531,Infrastructures For Cloud Computing and Big Data M,0.74613067
87474,Distributed Systems,6,91411,Intelligent Robotic Systems,0.74152590
87474,Distributed Systems,7,B8105,Computational Management of Data,0.73367971
87474,Distributed Systems,8,91250-B,Deep Learning,0.73364944
87474,Distributed Systems,9,91250-C,Deep Learning,0.73364944
87474,Distributed Systems,10,11929-A,Algorithm and Data Structures,0.73346905
87898,Methods and Technologies for Interpreting,1,87901,Methods and Advanced Technologies for Interpreting,0.92472050
87898,Methods and Technologies for Interpreting,2,B6082,Technology-Assisted Interpreting I,0.79951471
87898,Methods and Technologies for Interpreting,3,B8536-A,"Computer-Aided Human Translation: CAT, MT and AI",0.75945388
87898,Methods and Technologies for Interpreting,4,B8536-B,"Computer-Aided Human Translation: CAT, MT and AI",0.75945388
87898,Methods and Technologies for Interpreting,5,B8536-C,"Computer-Aided Human Translation: CAT, MT and AI",0.75945388
87898,Methods and Technologies for Interpreting,6,95631-A,Machine Learning and Data Mining,0.74719978
87898,Methods and Technologies for Interpreting,7,40720,Data Mining,0.74609529
87898,Methods and Technologies for Interpreting,8,B0070,METODOLOGIE E TECNICHE DI SIMULAZIONE,0.74030529
87898,Methods and Technologies for Interpreting,9,85446,Knowledge Representation and Extraction,0.73322640
87898,Methods and Technologies for Interpreting,10,B2696,"Language, Technology, Research I: Computational Thinking",0.73302063
87901,Methods and Advanced Technologies for Interpreting,1,87898,Methods and Technologies for Interpreting,0.92472050
87901,Methods and Advanced Technologies for Interpreting,2,B6082,Technology-Assisted Interpreting I,0.86342133
87901,Methods and Advanced Technologies for Interpreting,3,B8536-A,"Computer-Aided Human Translation: CAT, MT and AI",0.75834573
87901,Methods and Advanced Technologies for Interpreting,4,B8536-B,"Computer-Aided Human Translation: CAT, MT and AI",0.75834573
87901,Methods and Advanced Technologies for Interpreting,5,B8536-C,"Computer-Aided Human Translation: CAT, MT and AI",0.75834573
87901,Methods and Advanced Technologies for Interpreting,6,B8603,Machine Translation and Artificial Intelligence for Language Services,0.74062214
87901,Methods and Advanced Technologies for Interpreting,7,95631-A,Machine Learning and Data Mining,0.73935728
87901,Methods and Advanced Technologies for Interpreting,8,40720,Data Mining,0.73688768
87901,Methods and Advanced Technologies for Interpreting,9,B0070,METODOLOGIE E TECNICHE DI SIMULAZIONE,0.73083482
87901,Methods and Advanced Technologies for Interpreting,10,91258-B,Natural Language Processing,0.72834313
88016,Statistics,1,82202-A,Informatic,0.67624657
88016,Statistics,2,40720,Data Mining,0.67614433
88016,Statistics,3,95782,Network Analysis,0.66917126
88016,Statistics,4,90147,Artificial intelligence,0.66078081
88016,Statistics,5,85285,Programming,0.65787780
88016,Statistics,6,57828,Informatics,0.65637894
88016,Statistics,7,37760,Systems Simulation,0.65507490
88016,Statistics,8,78501,SISTEMA DI ELABORAZIONE DELLE INFORMAZIONI --,0.65304957
88016,Statistics,9,07276-C,Computer Science,0.64913172
88016,Statistics,10,11929-A,Algorithm and Data Structures,0.64734862
88145,Fundamentals of Computer Programming P1,1,29227-A,Foundations of Informatics T,0.90097463
88145,Fundamentals of Computer Programming P1,2,29227-B,Foundations of Informatics T,0.90097463
88145,Fundamentals of Computer Programming P1,3,15305,Foundations of Informatics A,0.78479516
88145,Fundamentals of Computer Programming P1,4,09730-A,Principles of Informatics,0.77254828
88145,Fundamentals of Computer Programming P1,5,93034-A,Foundations of Computer Science T,0.76540206
88145,Fundamentals of Computer Programming P1,6,93034-B,Foundations of Computer Science T,0.76540206
88145,Fundamentals of Computer Programming P1,7,93034-C,Foundations of Computer Science T,0.76478180
88145,Fundamentals of Computer Programming P1,8,28623,Foundations of Informatics and Laboratory,0.74837177
88145,Fundamentals of Computer Programming P1,9,00819-A,Programming,0.74441501
88145,Fundamentals of Computer Programming P1,10,00819-B,Programming,0.74216751
88146,Fundamentals of Computer Programming P2,1,10907,Electronics of Digital Systems,0.73851247
88146,Fundamentals of Computer Programming P2,2,28004-A,Foundations of Informatics T-1,0.72770310
88146,Fundamentals of Computer Programming P2,3,28004-B,Foundations of Informatics T-1,0.72018741
88146,Fundamentals of Computer Programming P2,4,11925,Computer Architecture,0.71794122
88146,Fundamentals of Computer Programming P2,5,96007,Foundations of Computer Architecture and Operating Systems,0.71655941
88146,Fundamentals of Computer Programming P2,6,09730-B,Principles of Informatics,0.71124609
88146,Fundamentals of Computer Programming P2,7,95602,Programming and Computer Architectures,0.70877140
88146,Fundamentals of Computer Programming P2,8,15305,Foundations of Informatics A,0.70826737
88146,Fundamentals of Computer Programming P2,9,09730-A,Principles of Informatics,0.70032033
88146,Fundamentals of Computer Programming P2,10,70210,Lab-based Course on Computer Graphics,0.69639775
88154,ELETTRONICA INDUSTRIALE P,1,37063,Principles of Electronics for Automation T,0.73565858
88154,ELETTRONICA INDUSTRIALE P,2,28651,Electronics T-A,0.72351497
88154,ELETTRONICA INDUSTRIALE P,3,00269,Electronics,0.72232762
88154,ELETTRONICA INDUSTRIALE P,4,35367,Industrial Electronics M,0.71503509
88154,ELETTRONICA INDUSTRIALE P,5,B8379,TECNOLOGIE MICROELETTRONICHE LM,0.70668211
88154,ELETTRONICA INDUSTRIALE P,6,28016-B,Electronics T,0.70375614
88154,ELETTRONICA INDUSTRIALE P,7,B8378,SENSORI ELETTRONICI INTELLIGENTI LM,0.69631266
88154,ELETTRONICA INDUSTRIALE P,8,94272,Electronic Systems,0.69272728
88154,ELETTRONICA INDUSTRIALE P,9,94247,Laboratory on Power Electronics,0.69010707
88154,ELETTRONICA INDUSTRIALE P,10,35148,Electronics for analogic signal processing,0.68767400
88155,Industrial Informatics P,1,72942,Information Security M,0.71480549
88155,Industrial Informatics P,2,28024-A,Computer Networks T,0.70342825
88155,Industrial Informatics P,3,28024-B,Computer Networks T,0.70342825
88155,Industrial Informatics P,4,78810,Real Time Systems for Automation M,0.69335296
88155,Industrial Informatics P,5,88324,System Administration T,0.69167740
88155,Industrial Informatics P,6,B5665,Real Time Systems and Programming for Automation M,0.69165069
88155,Industrial Informatics P,7,28004-A,Foundations of Informatics T-1,0.68981518
88155,Industrial Informatics P,8,28040,Information Technology,0.68917907
88155,Industrial Informatics P,9,57828,Informatics,0.68663690
88155,Industrial Informatics P,10,34991,Project in electronics and telecommunications,0.68653522
88202,Machine Learning,1,81610,Machine Learning,1.00000000
88202,Machine Learning,2,91250-D,Deep Learning,0.84100961
88202,Machine Learning,3,91250-B,Deep Learning,0.77720204
88202,Machine Learning,4,91250-C,Deep Learning,0.77720204
88202,Machine Learning,5,91250-A,DEEP LEARNING,0.75372046
88202,Machine Learning,6,40720,Data Mining,0.73098464
88202,Machine Learning,7,93478,COMPUTER VISION,0.72522523
88202,Machine Learning,8,81940,Artificial Intelligence,0.72488920
88202,Machine Learning,9,B1873,Machine Learning for Humanities,0.72414666
88202,Machine Learning,10,95631-A,Machine Learning and Data Mining,0.72221095
88228,Microcontroller electronic systems P,1,10907,Electronics of Digital Systems,0.78151785
88228,Microcontroller electronic systems P,2,34991,Project in electronics and telecommunications,0.74469899
88228,Microcontroller electronic systems P,3,35148,Electronics for analogic signal processing,0.73535323
88228,Microcontroller electronic systems P,4,28651,Electronics T-A,0.73490815
88228,Microcontroller electronic systems P,5,B5722,Embedded Sensors,0.73247699
88228,Microcontroller electronic systems P,6,B8379,TECNOLOGIE MICROELETTRONICHE LM,0.73240513
88228,Microcontroller electronic systems P,7,93929,Sensors and Nanotechnology,0.73159512
88228,Microcontroller electronic systems P,8,37063,Principles of Electronics for Automation T,0.72998518
88228,Microcontroller electronic systems P,9,28024-A,Computer Networks T,0.72809518
88228,Microcontroller electronic systems P,10,28024-B,Computer Networks T,0.72809518
88230,TECNOLOGIE INDUSTRIALI ABILITANTI PER IL WEB E HMI P,1,28024-A,Computer Networks T,0.73435888
88230,TECNOLOGIE INDUSTRIALI ABILITANTI PER IL WEB E HMI P,2,28024-B,Computer Networks T,0.73435888
88230,TECNOLOGIE INDUSTRIALI ABILITANTI PER IL WEB E HMI P,3,81917,Interaction Multimedia Services,0.73407421
88230,TECNOLOGIE INDUSTRIALI ABILITANTI PER IL WEB E HMI P,4,72942,Information Security M,0.71867980
88230,TECNOLOGIE INDUSTRIALI ABILITANTI PER IL WEB E HMI P,5,81934,HUMAN COMPUTER INTERACTION,0.71740173
88230,TECNOLOGIE INDUSTRIALI ABILITANTI PER IL WEB E HMI P,6,B8563,SISTEMI DI ELABORAZIONE ACCELERATA M,0.71649835
88230,TECNOLOGIE INDUSTRIALI ABILITANTI PER IL WEB E HMI P,7,95627,Software Engineering,0.71384636
88230,TECNOLOGIE INDUSTRIALI ABILITANTI PER IL WEB E HMI P,8,73025,Distributed Systems M,0.71211732
88230,TECNOLOGIE INDUSTRIALI ABILITANTI PER IL WEB E HMI P,9,94442,Design of Web Applications T,0.71160654
88230,TECNOLOGIE INDUSTRIALI ABILITANTI PER IL WEB E HMI P,10,B8562,SISTEMI CONCORRENTI E PARALLELI M,0.70970805
88324,System Administration T,1,B0832,Administration of Systems T,0.88370848
88324,System Administration T,2,88325,Computer and Network Security Lab T,0.79878429
88324,System Administration T,3,28024-A,Computer Networks T,0.79131367
88324,System Administration T,4,28024-B,Computer Networks T,0.79131367
88324,System Administration T,5,72942,Information Security M,0.78363837
88324,System Administration T,6,57828,Informatics,0.77356569
88324,System Administration T,7,73025,Distributed Systems M,0.77328723
88324,System Administration T,8,B0833,Computer Security Laboratory T,0.77302787
88324,System Administration T,9,28004-A,Foundations of Informatics T-1,0.76885037
88324,System Administration T,10,B8105,Computational Management of Data,0.76843904
88325,Computer and Network Security Lab T,1,B0833,Computer Security Laboratory T,0.88847257
88325,Computer and Network Security Lab T,2,72942,Information Security M,0.80612340
88325,Computer and Network Security Lab T,3,88324,System Administration T,0.79878429
88325,Computer and Network Security Lab T,4,28024-A,Computer Networks T,0.79648400
88325,Computer and Network Security Lab T,5,28024-B,Computer Networks T,0.79648400
88325,Computer and Network Security Lab T,6,B0832,Administration of Systems T,0.76123674
88325,Computer and Network Security Lab T,7,91161,"Networks, Security And Data Bases",0.75893067
88325,Computer and Network Security Lab T,8,28652,IT Systems T-1,0.75641123
88325,Computer and Network Security Lab T,9,B5793,Cybersecurity M,0.74999608
88325,Computer and Network Security Lab T,10,57828,Informatics,0.74583730
88566,Web Technology,1,85445,Information Modelling and Web Technologies,0.87811535
88566,Web Technology,2,75835,Web Technologies,0.85281044
88566,Web Technology,3,41731-B,Web-related Technologies,0.84878223
88566,Web Technology,4,95605,Web and Mobile Systems,0.82594496
88566,Web Technology,5,95645,Foundations of Web Systems,0.76234191
88566,Web Technology,6,69867,Web Services and Applications,0.75955774
88566,Web Technology,7,B8396,Basic IT Skills,0.75396429
88566,Web Technology,8,41731-A,Web-related Technologies,0.75352117
88566,Web Technology,9,75969-A,Basic Informatics,0.75228494
88566,Web Technology,10,B0073,ELABORAZIONE DI TESTI E GESTIONE DOCUMENTALE,0.75148999
89988,Elements of Informatics,1,37262,Computer Programming,0.80576648
89988,Elements of Informatics,2,B5727,Introduction to Languages for Artificial Intelligence,0.78979092
89988,Elements of Informatics,3,B1703,Introduction to Programming,0.78586355
89988,Elements of Informatics,4,09730-A,Principles of Informatics,0.77995499
89988,Elements of Informatics,5,96346-C,INFORMATICA,0.77837269
89988,Elements of Informatics,6,95602,Programming and Computer Architectures,0.77718441
89988,Elements of Informatics,7,98931,Fundamentals of Artificial Intelligence,0.77444662
89988,Elements of Informatics,8,07276-B,Computer Science,0.77298976
89988,Elements of Informatics,9,00819-A,Programming,0.77118838
89988,Elements of Informatics,10,B8905,Foundations of Programming,0.77097039
90074,Smart Vehicular Systems,1,96994,Smart Vehicular-Systems,0.98666665
90074,Smart Vehicular Systems,2,78779,Mobile Systems M,0.74626618
90074,Smart Vehicular Systems,3,91411,Intelligent Robotic Systems,0.74308991
90074,Smart Vehicular Systems,4,92858,Autonomous and Adaptive Systems M,0.73536429
90074,Smart Vehicular Systems,5,73025,Distributed Systems M,0.73286506
90074,Smart Vehicular Systems,6,28722,Electronics T-1,0.72634791
90074,Smart Vehicular Systems,7,91250-B,Deep Learning,0.72449745
90074,Smart Vehicular Systems,8,91250-C,Deep Learning,0.72449745
90074,Smart Vehicular Systems,9,90147,Artificial intelligence,0.71865846
90074,Smart Vehicular Systems,10,95627,Software Engineering,0.71268257
90106-A,Software Engineering,1,66858,Software Engineering,0.96391613
90106-A,Software Engineering,2,09032,Software Engineering,0.80504841
90106-A,Software Engineering,3,28021,Software Engineering T,0.79448388
90106-A,Software Engineering,4,95627,Software Engineering,0.78572831
90106-A,Software Engineering,5,B0011,Software Process Engineering,0.75918149
90106-A,Software Engineering,6,B0010,Software Architecture and Platforms,0.74065755
90106-A,Software Engineering,7,81612,Programming and Development paradigms,0.73987751
90106-A,Software Engineering,8,90106-B,INGEGNERIA DEL SOFTWARE,0.73944666
90106-A,Software Engineering,9,B1874,Project Management and Software Engineering for Cultural Heritage,0.73842850
90106-A,Software Engineering,10,B0009,Advanced Software Modelling and Design,0.71979687
90106-B,INGEGNERIA DEL SOFTWARE,1,66858,Software Engineering,0.75388716
90106-B,INGEGNERIA DEL SOFTWARE,2,28021,Software Engineering T,0.74089157
90106-B,INGEGNERIA DEL SOFTWARE,3,90106-A,Software Engineering,0.73944666
90106-B,INGEGNERIA DEL SOFTWARE,4,95627,Software Engineering,0.71221119
90106-B,INGEGNERIA DEL SOFTWARE,5,81612,Programming and Development paradigms,0.70953034
90106-B,INGEGNERIA DEL SOFTWARE,6,09032,Software Engineering,0.70588537
90106-B,INGEGNERIA DEL SOFTWARE,7,95648,Software Design and Development,0.70345159
90106-B,INGEGNERIA DEL SOFTWARE,8,B0011,Software Process Engineering,0.70305614
90106-B,INGEGNERIA DEL SOFTWARE,9,B0010,Software Architecture and Platforms,0.70161555
90106-B,INGEGNERIA DEL SOFTWARE,10,37262,Computer Programming,0.69821732
90107,BASI DI DATI,1,70155,Data Bases,0.86027136
90107,BASI DI DATI,2,10906-A,Databases,0.78758077
90107,BASI DI DATI,3,95611,Database Systems,0.78422790
90107,BASI DI DATI,4,B8159,INFORMATICA,0.74697294
90107,BASI DI DATI,5,79194,Databases,0.74609995
90107,BASI DI DATI,6,40720,Data Mining,0.73545614
90107,BASI DI DATI,7,84339,Advanced Database Systems,0.73226413
90107,BASI DI DATI,8,28796,Elements of Databases,0.72510419
90107,BASI DI DATI,9,96793,Information Systems and Database Management,0.72360980
90107,BASI DI DATI,10,10906-B,Databases,0.71988058
90147,Artificial intelligence,1,81940,Artificial Intelligence,0.83465812
90147,Artificial intelligence,2,98931,Fundamentals of Artificial Intelligence,0.80796625
90147,Artificial intelligence,3,91250-B,Deep Learning,0.80495834
90147,Artificial intelligence,4,91250-C,Deep Learning,0.80495834
90147,Artificial intelligence,5,91248,Fundamentals of Artificial Intelligence and Knowledge Representation,0.79606021
90147,Artificial intelligence,6,B0069,Artificial Intelligence for Digital Innovation,0.79296583
90147,Artificial intelligence,7,11929-A,Algorithm and Data Structures,0.78751685
90147,Artificial intelligence,8,B1873,Machine Learning for Humanities,0.78366050
90147,Artificial intelligence,9,72938,Foundations Of Artificial Intelligence T,0.77954986
90147,Artificial intelligence,10,B5782,Algorithms and Data Structures for Computational Biology,0.77792361
90157,Open Science,1,B8105,Computational Management of Data,0.77018083
90157,Open Science,2,75969-A,Basic Informatics,0.74359839
90157,Open Science,3,B1703,Introduction to Programming,0.74247100
90157,Open Science,4,90749,Computing Education,0.74144105
90157,Open Science,5,75969-B,Basic Informatics,0.74014317
90157,Open Science,6,40720,Data Mining,0.73394072
90157,Open Science,7,88566,Web Technology,0.73364048
90157,Open Science,8,B4826,Informatics for the Humanities,0.72798141
90157,Open Science,9,90147,Artificial intelligence,0.72660688
90157,Open Science,10,07276-B,Computer Science,0.72520127
90392,Elements of Applied Data Security M,1,B8311,SECURITY OF DATA AND NEURAL PROCESSING M,0.95542297
90392,Elements of Applied Data Security M,2,72942,Information Security M,0.74596362
90392,Elements of Applied Data Security M,3,93466,FONDAMENTI DI CYBERSECURITY,0.74194569
90392,Elements of Applied Data Security M,4,93470-A,Cybersecurity,0.71146125
90392,Elements of Applied Data Security M,5,14015,Cryptography,0.70879904
90392,Elements of Applied Data Security M,6,91161,"Networks, Security And Data Bases",0.70293126
90392,Elements of Applied Data Security M,7,93467,Cryptography,0.69911403
90392,Elements of Applied Data Security M,8,B0833,Computer Security Laboratory T,0.69630717
90392,Elements of Applied Data Security M,9,B5782,Algorithms and Data Structures for Computational Biology,0.69590406
90392,Elements of Applied Data Security M,10,88325,Computer and Network Security Lab T,0.69485467
90477,Machine Learning Systems For Data Science,1,85189,Systems and Algorithms for Data Science,0.97490937
90477,Machine Learning Systems For Data Science,2,B1873,Machine Learning for Humanities,0.79655014
90477,Machine Learning Systems For Data Science,3,91250-A,DEEP LEARNING,0.79377750
90477,Machine Learning Systems For Data Science,4,07276-B,Computer Science,0.79140113
90477,Machine Learning Systems For Data Science,5,41588,INTRODUZIONE ALL'ANALISI DEI DATI,0.79121133
90477,Machine Learning Systems For Data Science,6,B5782,Algorithms and Data Structures for Computational Biology,0.78955340
90477,Machine Learning Systems For Data Science,7,B2133,Big Data Analytics and Text Mining,0.78950166
90477,Machine Learning Systems For Data Science,8,40720,Data Mining,0.78029270
90477,Machine Learning Systems For Data Science,9,B4826,Informatics for the Humanities,0.77859340
90477,Machine Learning Systems For Data Science,10,B5727,Introduction to Languages for Artificial Intelligence,0.77842357
90720,Usability & User Experience Design,1,85573,Usability and User Experience,0.98366306
90720,Usability & User Experience Design,2,91264,User Experience Design,0.96191819
90720,Usability & User Experience Design,3,85445,Information Modelling and Web Technologies,0.73547779
90720,Usability & User Experience Design,4,88566,Web Technology,0.73076015
90720,Usability & User Experience Design,5,81934,HUMAN COMPUTER INTERACTION,0.72952904
90720,Usability & User Experience Design,6,95648,Software Design and Development,0.72706521
90720,Usability & User Experience Design,7,B1703,Introduction to Programming,0.72530157
90720,Usability & User Experience Design,8,B8105,Computational Management of Data,0.72472962
90720,Usability & User Experience Design,9,B0009,Advanced Software Modelling and Design,0.72209343
90720,Usability & User Experience Design,10,B5722,Embedded Sensors,0.71980934
90730,Social Network Analysis,1,95782,Network Analysis,0.90567025
90730,Social Network Analysis,2,42500,Semantic Web,0.76611921
90730,Social Network Analysis,3,40720,Data Mining,0.76331959
90730,Social Network Analysis,4,91250-B,Deep Learning,0.75922672
90730,Social Network Analysis,5,91250-C,Deep Learning,0.75922672
90730,Social Network Analysis,6,90749,Computing Education,0.75454365
90730,Social Network Analysis,7,28024-A,Computer Networks T,0.75185473
90730,Social Network Analysis,8,28024-B,Computer Networks T,0.75185473
90730,Social Network Analysis,9,91258-B,Natural Language Processing,0.75048034
90730,Social Network Analysis,10,91161,"Networks, Security And Data Bases",0.74825318
90748,Blockchain and Cryptocurrencies,1,95630,Big Data and Cloud Platforms,0.71770909
90748,Blockchain and Cryptocurrencies,2,88566,Web Technology,0.70049570
90748,Blockchain and Cryptocurrencies,3,95646,Virtualized Systems,0.70026127
90748,Blockchain and Cryptocurrencies,4,96642,Virtualization and System Integration,0.70002620
90748,Blockchain and Cryptocurrencies,5,95604,Operating Systems and Networks,0.69973571
90748,Blockchain and Cryptocurrencies,6,11929-A,Algorithm and Data Structures,0.69863204
90748,Blockchain and Cryptocurrencies,7,91161,"Networks, Security And Data Bases",0.69749576
90748,Blockchain and Cryptocurrencies,8,72942,Information Security M,0.69738968
90748,Blockchain and Cryptocurrencies,9,93470-A,Cybersecurity,0.69718742
90748,Blockchain and Cryptocurrencies,10,87474,Distributed Systems,0.69672603
90749,Computing Education,1,B4826,Informatics for the Humanities,0.80211429
90749,Computing Education,2,91161,"Networks, Security And Data Bases",0.80073585
90749,Computing Education,3,07276-B,Computer Science,0.77523623
90749,Computing Education,4,B8105,Computational Management of Data,0.77238166
90749,Computing Education,5,29227-D,Foundations of Informatics T,0.77187822
90749,Computing Education,6,57828,Informatics,0.76789767
90749,Computing Education,7,37262,Computer Programming,0.76626339
90749,Computing Education,8,81678-A,Laboratory of Making,0.76553562
90749,Computing Education,9,29227-C,Foundations of Informatics T,0.76410241
90749,Computing Education,10,41169,Theoretical Computer Science,0.76037209
90864,Elements of Computer Technologies for Fashion E-Commerce,1,73273,Informatic Tecnologies for Fashion,0.76863835
90864,Elements of Computer Technologies for Fashion E-Commerce,2,B4925,IMMERSIVE TECHNOLOGIES FOR FASHION,0.74341807
90864,Elements of Computer Technologies for Fashion E-Commerce,3,41731-A,Web-related Technologies,0.70835596
90864,Elements of Computer Technologies for Fashion E-Commerce,4,41731-B,Web-related Technologies,0.70301162
90864,Elements of Computer Technologies for Fashion E-Commerce,5,B4940,DATA SCIENCE FOR FASHION SYSTEM,0.70155308
90864,Elements of Computer Technologies for Fashion E-Commerce,6,95605,Web and Mobile Systems,0.69662055
90864,Elements of Computer Technologies for Fashion E-Commerce,7,07276-C,Computer Science,0.69388538
90864,Elements of Computer Technologies for Fashion E-Commerce,8,88566,Web Technology,0.69243108
90864,Elements of Computer Technologies for Fashion E-Commerce,9,75835,Web Technologies,0.69206878
90864,Elements of Computer Technologies for Fashion E-Commerce,10,94442,Design of Web Applications T,0.68916940
91161,"Networks, Security And Data Bases",1,90749,Computing Education,0.80073585
91161,"Networks, Security And Data Bases",2,28024-A,Computer Networks T,0.78856626
91161,"Networks, Security And Data Bases",3,28024-B,Computer Networks T,0.78856626
91161,"Networks, Security And Data Bases",4,72942,Information Security M,0.78301510
91161,"Networks, Security And Data Bases",5,85189,Systems and Algorithms for Data Science,0.77761057
91161,"Networks, Security And Data Bases",6,96793,Information Systems and Database Management,0.77496964
91161,"Networks, Security And Data Bases",7,29227-D,Foundations of Informatics T,0.77474065
91161,"Networks, Security And Data Bases",8,29227-C,Foundations of Informatics T,0.77372775
91161,"Networks, Security And Data Bases",9,B4826,Informatics for the Humanities,0.77109781
91161,"Networks, Security And Data Bases",10,95604,Operating Systems and Networks,0.76966757
91248,Fundamentals of Artificial Intelligence and Knowledge Representation,1,98931,Fundamentals of Artificial Intelligence,0.97316639
91248,Fundamentals of Artificial Intelligence and Knowledge Representation,2,B5727,Introduction to Languages for Artificial Intelligence,0.81858732
91248,Fundamentals of Artificial Intelligence and Knowledge Representation,3,90147,Artificial intelligence,0.79606021
91248,Fundamentals of Artificial Intelligence and Knowledge Representation,4,72938,Foundations Of Artificial Intelligence T,0.79292227
91248,Fundamentals of Artificial Intelligence and Knowledge Representation,5,91259,Architecture and Platforms for Artificial Intelligence,0.78182981
91248,Fundamentals of Artificial Intelligence and Knowledge Representation,6,81940,Artificial Intelligence,0.77942861
91248,Fundamentals of Artificial Intelligence and Knowledge Representation,7,91250-B,Deep Learning,0.77220823
91248,Fundamentals of Artificial Intelligence and Knowledge Representation,8,91250-C,Deep Learning,0.77220823
91248,Fundamentals of Artificial Intelligence and Knowledge Representation,9,41169,Theoretical Computer Science,0.76870078
91248,Fundamentals of Artificial Intelligence and Knowledge Representation,10,B5782,Algorithms and Data Structures for Computational Biology,0.76842179
91250-A,DEEP LEARNING,1,91250-B,Deep Learning,0.93534470
91250-A,DEEP LEARNING,2,91250-C,Deep Learning,0.93534470
91250-A,DEEP LEARNING,3,91250-D,Deep Learning,0.83318394
91250-A,DEEP LEARNING,4,91266,Machine Learning for Computer Vision,0.81249822
91250-A,DEEP LEARNING,5,93478,COMPUTER VISION,0.81146931
91250-A,DEEP LEARNING,6,B1873,Machine Learning for Humanities,0.80174904
91250-A,DEEP LEARNING,7,90477,Machine Learning Systems For Data Science,0.79377750
91250-A,DEEP LEARNING,8,85189,Systems and Algorithms for Data Science,0.78923314
91250-A,DEEP LEARNING,9,93319,INTRODUZIONE ALL'APPRENDIMENTO AUTOMATICO,0.78861609
91250-A,DEEP LEARNING,10,91259,Architecture and Platforms for Artificial Intelligence,0.78691872
91250-B,Deep Learning,1,91250-C,Deep Learning,1.00000000
91250-B,Deep Learning,2,91250-A,DEEP LEARNING,0.93534470
91250-B,Deep Learning,3,91250-D,Deep Learning,0.84139618
91250-B,Deep Learning,4,93478,COMPUTER VISION,0.80569187
91250-B,Deep Learning,5,90147,Artificial intelligence,0.80495834
91250-B,Deep Learning,6,91266,Machine Learning for Computer Vision,0.79901939
91250-B,Deep Learning,7,B1873,Machine Learning for Humanities,0.79600982
91250-B,Deep Learning,8,81940,Artificial Intelligence,0.79057152
91250-B,Deep Learning,9,95782,Network Analysis,0.78677005
91250-B,Deep Learning,10,40720,Data Mining,0.78574894
91250-C,Deep Learning,1,91250-B,Deep Learning,1.00000000
91250-C,Deep Learning,2,91250-A,DEEP LEARNING,0.93534470
91250-C,Deep Learning,3,91250-D,Deep Learning,0.84139618
91250-C,Deep Learning,4,93478,COMPUTER VISION,0.80569187
91250-C,Deep Learning,5,90147,Artificial intelligence,0.80495834
91250-C,Deep Learning,6,91266,Machine Learning for Computer Vision,0.79901939
91250-C,Deep Learning,7,B1873,Machine Learning for Humanities,0.79600982
91250-C,Deep Learning,8,81940,Artificial Intelligence,0.79057152
91250-C,Deep Learning,9,95782,Network Analysis,0.78677005
91250-C,Deep Learning,10,40720,Data Mining,0.78574894
91250-D,Deep Learning,1,91250-B,Deep Learning,0.84139618
91250-D,Deep Learning,2,91250-C,Deep Learning,0.84139618
91250-D,Deep Learning,3,81610,Machine Learning,0.84100961
91250-D,Deep Learning,4,88202,Machine Learning,0.84100961
91250-D,Deep Learning,5,91250-A,DEEP LEARNING,0.83318394
91250-D,Deep Learning,6,81940,Artificial Intelligence,0.75651931
91250-D,Deep Learning,7,90147,Artificial intelligence,0.75422841
91250-D,Deep Learning,8,40720,Data Mining,0.75168749
91250-D,Deep Learning,9,90477,Machine Learning Systems For Data Science,0.75150921
91250-D,Deep Learning,10,85189,Systems and Algorithms for Data Science,0.74837156
91254,Image Processing and Computer Vision,1,93478,COMPUTER VISION,0.89430089
91254,Image Processing and Computer Vision,2,91266,Machine Learning for Computer Vision,0.83972605
91254,Image Processing and Computer Vision,3,73302,Computer Vision And Image Processing M,0.83222857
91254,Image Processing and Computer Vision,4,69661,Image Processing And Computer Vision M,0.82860246
91254,Image Processing and Computer Vision,5,17634,Computer Vision,0.78558112
91254,Image Processing and Computer Vision,6,95631-A,Machine Learning and Data Mining,0.78383589
91254,Image Processing and Computer Vision,7,B5782,Algorithms and Data Structures for Computational Biology,0.78283341
91254,Image Processing and Computer Vision,8,91258-B,Natural Language Processing,0.78207634
91254,Image Processing and Computer Vision,9,91258-C,Natural Language Processing,0.78179821
91254,Image Processing and Computer Vision,10,91250-A,DEEP LEARNING,0.77544278
91258-A,Natural Language Processing,1,B0385,Natural Language Processing,1.00000000
91258-A,Natural Language Processing,2,91258-B,Natural Language Processing,0.79991507
91258-A,Natural Language Processing,3,91258-C,Natural Language Processing,0.79602094
91258-A,Natural Language Processing,4,B1873,Machine Learning for Humanities,0.76482835
91258-A,Natural Language Processing,5,40720,Data Mining,0.74783326
91258-A,Natural Language Processing,6,B2696,"Language, Technology, Research I: Computational Thinking",0.74216294
91258-A,Natural Language Processing,7,95631-A,Machine Learning and Data Mining,0.74039058
91258-A,Natural Language Processing,8,91250-B,Deep Learning,0.73907383
91258-A,Natural Language Processing,9,91250-C,Deep Learning,0.73907383
91258-A,Natural Language Processing,10,91250-A,DEEP LEARNING,0.73025693
91258-B,Natural Language Processing,1,91258-C,Natural Language Processing,0.84824888
91258-B,Natural Language Processing,2,91258-A,Natural Language Processing,0.79991507
91258-B,Natural Language Processing,3,B0385,Natural Language Processing,0.79991507
91258-B,Natural Language Processing,4,40720,Data Mining,0.78831198
91258-B,Natural Language Processing,5,91254,Image Processing and Computer Vision,0.78207634
91258-B,Natural Language Processing,6,91250-A,DEEP LEARNING,0.77655071
91258-B,Natural Language Processing,7,95631-A,Machine Learning and Data Mining,0.77572093
91258-B,Natural Language Processing,8,B2133,Big Data Analytics and Text Mining,0.77063341
91258-B,Natural Language Processing,9,95782,Network Analysis,0.77003195
91258-B,Natural Language Processing,10,81609,"Languages, Compilers and Computational Models",0.76566453
91258-C,Natural Language Processing,1,91258-B,Natural Language Processing,0.84824888
91258-C,Natural Language Processing,2,91258-A,Natural Language Processing,0.79602094
91258-C,Natural Language Processing,3,B0385,Natural Language Processing,0.79602094
91258-C,Natural Language Processing,4,91254,Image Processing and Computer Vision,0.78179821
91258-C,Natural Language Processing,5,40720,Data Mining,0.77823270
91258-C,Natural Language Processing,6,91250-B,Deep Learning,0.76551489
91258-C,Natural Language Processing,7,91250-C,Deep Learning,0.76551489
91258-C,Natural Language Processing,8,91266,Machine Learning for Computer Vision,0.76423908
91258-C,Natural Language Processing,9,B2133,Big Data Analytics and Text Mining,0.76361825
91258-C,Natural Language Processing,10,91250-A,DEEP LEARNING,0.76257562
91259,Architecture and Platforms for Artificial Intelligence,1,93398,Architectures for Artificial Intelligence M,0.84166657
91259,Architecture and Platforms for Artificial Intelligence,2,87198,Statistics and Architectures for Big Data Processing M,0.79180559
91259,Architecture and Platforms for Artificial Intelligence,3,B5782,Algorithms and Data Structures for Computational Biology,0.79172014
91259,Architecture and Platforms for Artificial Intelligence,4,97467,Big Data Analytics for Automotive Manufacturing Applications,0.79075338
91259,Architecture and Platforms for Artificial Intelligence,5,98931,Fundamentals of Artificial Intelligence,0.78944789
91259,Architecture and Platforms for Artificial Intelligence,6,B5727,Introduction to Languages for Artificial Intelligence,0.78740273
91259,Architecture and Platforms for Artificial Intelligence,7,91250-A,DEEP LEARNING,0.78691872
91259,Architecture and Platforms for Artificial Intelligence,8,85189,Systems and Algorithms for Data Science,0.78369575
91259,Architecture and Platforms for Artificial Intelligence,9,91248,Fundamentals of Artificial Intelligence and Knowledge Representation,0.78182981
91259,Architecture and Platforms for Artificial Intelligence,10,72778,High-Performance Computing,0.78102265
91261,Artificial Intelligence in Industry,1,95965,Artificial Intelligence and Machine Learning for Business,0.75146480
91261,Artificial Intelligence in Industry,2,90147,Artificial intelligence,0.74365848
91261,Artificial Intelligence in Industry,3,B1873,Machine Learning for Humanities,0.74192156
91261,Artificial Intelligence in Industry,4,91266,Machine Learning for Computer Vision,0.74069837
91261,Artificial Intelligence in Industry,5,91250-B,Deep Learning,0.73381081
91261,Artificial Intelligence in Industry,6,91250-C,Deep Learning,0.73381081
91261,Artificial Intelligence in Industry,7,91250-A,DEEP LEARNING,0.73238570
91261,Artificial Intelligence in Industry,8,95639,Industry 4.0,0.72466123
91261,Artificial Intelligence in Industry,9,72796,Data Intensive Applications,0.71964555
91261,Artificial Intelligence in Industry,10,91254,Image Processing and Computer Vision,0.71940784
91264,User Experience Design,1,90720,Usability & User Experience Design,0.96191819
91264,User Experience Design,2,85573,Usability and User Experience,0.94541629
91264,User Experience Design,3,81934,HUMAN COMPUTER INTERACTION,0.73369257
91264,User Experience Design,4,B5059,Interaction Media Design,0.73351956
91264,User Experience Design,5,88566,Web Technology,0.73104350
91264,User Experience Design,6,B1703,Introduction to Programming,0.72378100
91264,User Experience Design,7,B5722,Embedded Sensors,0.72339112
91264,User Experience Design,8,B8105,Computational Management of Data,0.72123165
91264,User Experience Design,9,85445,Information Modelling and Web Technologies,0.72010940
91264,User Experience Design,10,95648,Software Design and Development,0.71580243
91265,Knowledge Engineering,1,B5292,Knowledge Engeneering for the Humanities,0.80906167
91265,Knowledge Engineering,2,42500,Semantic Web,0.75958645
91265,Knowledge Engineering,3,85446,Knowledge Representation and Extraction,0.75536587
91265,Knowledge Engineering,4,B0070,METODOLOGIE E TECNICHE DI SIMULAZIONE,0.74450457
91265,Knowledge Engineering,5,40720,Data Mining,0.74384180
91265,Knowledge Engineering,6,91248,Fundamentals of Artificial Intelligence and Knowledge Representation,0.74278995
91265,Knowledge Engineering,7,95627,Software Engineering,0.74224790
91265,Knowledge Engineering,8,B4826,Informatics for the Humanities,0.74040812
91265,Knowledge Engineering,9,95782,Network Analysis,0.74009450
91265,Knowledge Engineering,10,81940,Artificial Intelligence,0.73788476
91266,Machine Learning for Computer Vision,1,93478,COMPUTER VISION,0.84331332
91266,Machine Learning for Computer Vision,2,91254,Image Processing and Computer Vision,0.83972605
91266,Machine Learning for Computer Vision,3,91250-A,DEEP LEARNING,0.81249822
91266,Machine Learning for Computer Vision,4,B1873,Machine Learning for Humanities,0.80437090
91266,Machine Learning for Computer Vision,5,91250-B,Deep Learning,0.79901939
91266,Machine Learning for Computer Vision,6,91250-C,Deep Learning,0.79901939
91266,Machine Learning for Computer Vision,7,91259,Architecture and Platforms for Artificial Intelligence,0.77701144
91266,Machine Learning for Computer Vision,8,95631-A,Machine Learning and Data Mining,0.76849345
91266,Machine Learning for Computer Vision,9,90477,Machine Learning Systems For Data Science,0.76750281
91266,Machine Learning for Computer Vision,10,91258-C,Natural Language Processing,0.76423908
91267,Multi-Agent Systems,1,93669,Intelligent Systems Engineering,0.82100846
91267,Multi-Agent Systems,2,87474,Distributed Systems,0.77435313
91267,Multi-Agent Systems,3,93468,Distributed Software Systems,0.75246292
91267,Multi-Agent Systems,4,92858,Autonomous and Adaptive Systems M,0.74519418
91267,Multi-Agent Systems,5,91411,Intelligent Robotic Systems,0.72826699
91267,Multi-Agent Systems,6,84401,Context-Aware Systems,0.71884857
91267,Multi-Agent Systems,7,95965,Artificial Intelligence and Machine Learning for Business,0.71331737
91267,Multi-Agent Systems,8,81940,Artificial Intelligence,0.71283902
91267,Multi-Agent Systems,9,78779,Mobile Systems M,0.70864169
91267,Multi-Agent Systems,10,91250-B,Deep Learning,0.70530536
91269,Multimedia Data Management,1,78096,Multimedia Data Management M,0.98430731
91269,Multimedia Data Management,2,77933,Multimedia Data Management M,0.95215229
91269,Multimedia Data Management,3,81917,Interaction Multimedia Services,0.74120273
91269,Multimedia Data Management,4,78779,Mobile Systems M,0.72666243
91269,Multimedia Data Management,5,73025,Distributed Systems M,0.72473826
91269,Multimedia Data Management,6,96793,Information Systems and Database Management,0.71531399
91269,Multimedia Data Management,7,91161,"Networks, Security And Data Bases",0.70649671
91269,Multimedia Data Management,8,93469,Human Data Science,0.70516467
91269,Multimedia Data Management,9,B8105,Computational Management of Data,0.70437558
91269,Multimedia Data Management,10,40720,Data Mining,0.70432852
91411,Intelligent Robotic Systems,1,92858,Autonomous and Adaptive Systems M,0.80281069
91411,Intelligent Robotic Systems,2,78778,Intelligent Systems M,0.78698951
91411,Intelligent Robotic Systems,3,93669,Intelligent Systems Engineering,0.78549469
91411,Intelligent Robotic Systems,4,90147,Artificial intelligence,0.77680161
91411,Intelligent Robotic Systems,5,81940,Artificial Intelligence,0.77108734
91411,Intelligent Robotic Systems,6,B5722,Embedded Sensors,0.77006006
91411,Intelligent Robotic Systems,7,B5782,Algorithms and Data Structures for Computational Biology,0.76596420
91411,Intelligent Robotic Systems,8,91250-B,Deep Learning,0.76281206
91411,Intelligent Robotic Systems,9,91250-C,Deep Learning,0.76281206
91411,Intelligent Robotic Systems,10,98931,Fundamentals of Artificial Intelligence,0.75672262
91602,Computer Architectures,1,28012-B,Electronic Calculators T,0.79856293
91602,Computer Architectures,2,03716-A,Digital Design Principles and Computer Architecture,0.75055655
91602,Computer Architectures,3,03716-B,Digital Design Principles and Computer Architecture,0.75055655
91602,Computer Architectures,4,69430,COMPUTER ARCHITECTURES M,0.74102511
91602,Computer Architectures,5,69731-B,Computer Architecture,0.73486791
91602,Computer Architectures,6,11925,Computer Architecture,0.72700814
91602,Computer Architectures,7,B8561,ARCHITETTURE DEI CALCOLATORI M,0.72133659
91602,Computer Architectures,8,69731-A,Computer Architecture,0.72085339
91602,Computer Architectures,9,95602,Programming and Computer Architectures,0.71794564
91602,Computer Architectures,10,93315,Computer Networks,0.70262428
91685,History of Informatics and Computing Systems,1,09730-A,Principles of Informatics,0.75558619
91685,History of Informatics and Computing Systems,2,90749,Computing Education,0.75426184
91685,History of Informatics and Computing Systems,3,57828,Informatics,0.75380713
91685,History of Informatics and Computing Systems,4,B4826,Informatics for the Humanities,0.74722775
91685,History of Informatics and Computing Systems,5,07276-B,Computer Science,0.74703179
91685,History of Informatics and Computing Systems,6,96346-C,INFORMATICA,0.74398469
91685,History of Informatics and Computing Systems,7,15305,Foundations of Informatics A,0.74266584
91685,History of Informatics and Computing Systems,8,95602,Programming and Computer Architectures,0.73093238
91685,History of Informatics and Computing Systems,9,37262,Computer Programming,0.73022301
91685,History of Informatics and Computing Systems,10,28623,Foundations of Informatics and Laboratory,0.73016356
91721,Laboratory of Virtual Reality and Advanced Reality,1,81678-A,Laboratory of Making,0.71165826
91721,Laboratory of Virtual Reality and Advanced Reality,2,91411,Intelligent Robotic Systems,0.70478326
91721,Laboratory of Virtual Reality and Advanced Reality,3,81678-B,Laboratory of Making,0.70416186
91721,Laboratory of Virtual Reality and Advanced Reality,4,81934,HUMAN COMPUTER INTERACTION,0.70166809
91721,Laboratory of Virtual Reality and Advanced Reality,5,91266,Machine Learning for Computer Vision,0.69932033
91721,Laboratory of Virtual Reality and Advanced Reality,6,91254,Image Processing and Computer Vision,0.69822579
91721,Laboratory of Virtual Reality and Advanced Reality,7,90147,Artificial intelligence,0.69768964
91721,Laboratory of Virtual Reality and Advanced Reality,8,73302,Computer Vision And Image Processing M,0.69414084
91721,Laboratory of Virtual Reality and Advanced Reality,9,28623,Foundations of Informatics and Laboratory,0.69231820
91721,Laboratory of Virtual Reality and Advanced Reality,10,91250-B,Deep Learning,0.69038799
91762,Combinatorial Decision Making and Optimization,1,87469,Decision Making with Constraint Programming,0.82703014
91762,Combinatorial Decision Making and Optimization,2,11929-A,Algorithm and Data Structures,0.75509684
91762,Combinatorial Decision Making and Optimization,3,B5782,Algorithms and Data Structures for Computational Biology,0.75238628
91762,Combinatorial Decision Making and Optimization,4,91248,Fundamentals of Artificial Intelligence and Knowledge Representation,0.74993973
91762,Combinatorial Decision Making and Optimization,5,98931,Fundamentals of Artificial Intelligence,0.74979267
91762,Combinatorial Decision Making and Optimization,6,B5727,Introduction to Languages for Artificial Intelligence,0.74387457
91762,Combinatorial Decision Making and Optimization,7,B8105,Computational Management of Data,0.74255630
91762,Combinatorial Decision Making and Optimization,8,95631-A,Machine Learning and Data Mining,0.74036346
91762,Combinatorial Decision Making and Optimization,9,00819-A,Programming,0.73883906
91762,Combinatorial Decision Making and Optimization,10,81940,Artificial Intelligence,0.73751599
92858,Autonomous and Adaptive Systems M,1,91411,Intelligent Robotic Systems,0.80281069
92858,Autonomous and Adaptive Systems M,2,78779,Mobile Systems M,0.76976804
92858,Autonomous and Adaptive Systems M,3,73025,Distributed Systems M,0.76938431
92858,Autonomous and Adaptive Systems M,4,93669,Intelligent Systems Engineering,0.76271948
92858,Autonomous and Adaptive Systems M,5,90147,Artificial intelligence,0.76189959
92858,Autonomous and Adaptive Systems M,6,81940,Artificial Intelligence,0.76060802
92858,Autonomous and Adaptive Systems M,7,91250-A,DEEP LEARNING,0.76014921
92858,Autonomous and Adaptive Systems M,8,72942,Information Security M,0.76013982
92858,Autonomous and Adaptive Systems M,9,93398,Architectures for Artificial Intelligence M,0.75445405
92858,Autonomous and Adaptive Systems M,10,91250-B,Deep Learning,0.75403297
93034-A,Foundations of Computer Science T,1,93034-B,Foundations of Computer Science T,1.00000000
93034-A,Foundations of Computer Science T,2,29227-A,Foundations of Informatics T,0.82755931
93034-A,Foundations of Computer Science T,3,29227-B,Foundations of Informatics T,0.82755931
93034-A,Foundations of Computer Science T,4,28004-A,Foundations of Informatics T-1,0.81201692
93034-A,Foundations of Computer Science T,5,15305,Foundations of Informatics A,0.79395599
93034-A,Foundations of Computer Science T,6,72938,Foundations Of Artificial Intelligence T,0.78695518
93034-A,Foundations of Computer Science T,7,28623,Foundations of Informatics and Laboratory,0.77828436
93034-A,Foundations of Computer Science T,8,93034-C,Foundations of Computer Science T,0.77742554
93034-A,Foundations of Computer Science T,9,09730-A,Principles of Informatics,0.77200700
93034-A,Foundations of Computer Science T,10,29227-E,Foundations of Informatics T,0.77173227
93034-B,Foundations of Computer Science T,1,93034-A,Foundations of Computer Science T,1.00000000
93034-B,Foundations of Computer Science T,2,29227-A,Foundations of Informatics T,0.82755931
93034-B,Foundations of Computer Science T,3,29227-B,Foundations of Informatics T,0.82755931
93034-B,Foundations of Computer Science T,4,28004-A,Foundations of Informatics T-1,0.81201692
93034-B,Foundations of Computer Science T,5,15305,Foundations of Informatics A,0.79395599
93034-B,Foundations of Computer Science T,6,72938,Foundations Of Artificial Intelligence T,0.78695518
93034-B,Foundations of Computer Science T,7,28623,Foundations of Informatics and Laboratory,0.77828436
93034-B,Foundations of Computer Science T,8,93034-C,Foundations of Computer Science T,0.77742554
93034-B,Foundations of Computer Science T,9,09730-A,Principles of Informatics,0.77200700
93034-B,Foundations of Computer Science T,10,29227-E,Foundations of Informatics T,0.77173227
93034-C,Foundations of Computer Science T,1,29227-A,Foundations of Informatics T,0.79812045
93034-C,Foundations of Computer Science T,2,29227-B,Foundations of Informatics T,0.79812045
93034-C,Foundations of Computer Science T,3,93034-A,Foundations of Computer Science T,0.77742554
93034-C,Foundations of Computer Science T,4,93034-B,Foundations of Computer Science T,0.77742554
93034-C,Foundations of Computer Science T,5,29227-D,Foundations of Informatics T,0.76481639
93034-C,Foundations of Computer Science T,6,28004-A,Foundations of Informatics T-1,0.76479362
93034-C,Foundations of Computer Science T,7,88145,Fundamentals of Computer Programming P1,0.76478180
93034-C,Foundations of Computer Science T,8,07276-B,Computer Science,0.76257670
93034-C,Foundations of Computer Science T,9,29227-C,Foundations of Informatics T,0.75665707
93034-C,Foundations of Computer Science T,10,29227-E,Foundations of Informatics T,0.75061998
93315,Computer Networks,1,95604,Operating Systems and Networks,0.78173718
93315,Computer Networks,2,95644,Computer Networks and Network Programming,0.76940277
93315,Computer Networks,3,70226,Network Programming,0.76734941
93315,Computer Networks,4,28024-A,Computer Networks T,0.75642876
93315,Computer Networks,5,28024-B,Computer Networks T,0.75642876
93315,Computer Networks,6,57828,Informatics,0.75448837
93315,Computer Networks,7,93470-A,Cybersecurity,0.75423004
93315,Computer Networks,8,95627,Software Engineering,0.75381210
93315,Computer Networks,9,95782,Network Analysis,0.74979484
93315,Computer Networks,10,95630,Big Data and Cloud Platforms,0.74391085
93319,INTRODUZIONE ALL'APPRENDIMENTO AUTOMATICO,1,91250-A,DEEP LEARNING,0.78861609
93319,INTRODUZIONE ALL'APPRENDIMENTO AUTOMATICO,2,91250-B,Deep Learning,0.76447816
93319,INTRODUZIONE ALL'APPRENDIMENTO AUTOMATICO,3,91250-C,Deep Learning,0.76447816
93319,INTRODUZIONE ALL'APPRENDIMENTO AUTOMATICO,4,B0069,Artificial Intelligence for Digital Innovation,0.74713993
93319,INTRODUZIONE ALL'APPRENDIMENTO AUTOMATICO,5,90147,Artificial intelligence,0.74626815
93319,INTRODUZIONE ALL'APPRENDIMENTO AUTOMATICO,6,93478,COMPUTER VISION,0.73660326
93319,INTRODUZIONE ALL'APPRENDIMENTO AUTOMATICO,7,91250-D,Deep Learning,0.73498386
93319,INTRODUZIONE ALL'APPRENDIMENTO AUTOMATICO,8,B2361,ELEMENTI DI MACHINE LEARNING E QUANTUM COMPUTING T,0.73109705
93319,INTRODUZIONE ALL'APPRENDIMENTO AUTOMATICO,9,B1873,Machine Learning for Humanities,0.73045588
93319,INTRODUZIONE ALL'APPRENDIMENTO AUTOMATICO,10,92858,Autonomous and Adaptive Systems M,0.72988470
93321,Sensors and Quantum-Computing Devices M,1,93391,Semiconductor Devices and Quantum-Computing M,0.95482190
93321,Sensors and Quantum-Computing Devices M,2,B2250,Microelectronics M,0.75287893
93321,Sensors and Quantum-Computing Devices M,3,B5722,Embedded Sensors,0.73249671
93321,Sensors and Quantum-Computing Devices M,4,93929,Sensors and Nanotechnology,0.72414098
93321,Sensors and Quantum-Computing Devices M,5,B8378,SENSORI ELETTRONICI INTELLIGENTI LM,0.71530604
93321,Sensors and Quantum-Computing Devices M,6,99191,"Devices, Circuits and Algorithms for Quantum Computing M",0.71357104
93321,Sensors and Quantum-Computing Devices M,7,B8379,TECNOLOGIE MICROELETTRONICHE LM,0.71299704
93321,Sensors and Quantum-Computing Devices M,8,69437,NANOELECTRONICS M,0.71011943
93321,Sensors and Quantum-Computing Devices M,9,73025,Distributed Systems M,0.69623263
93321,Sensors and Quantum-Computing Devices M,10,93390,Digital Systems and Introduction to Computer Architectures M,0.69585533
93322,Hardware-Software Design of Iot Systems M,1,85730,Architectures and Firmware M,0.89023369
93322,Hardware-Software Design of Iot Systems M,2,35253,Hardware – Software Design Methods M,0.81848626
93322,Hardware-Software Design of Iot Systems M,3,93398,Architectures for Artificial Intelligence M,0.74919045
93322,Hardware-Software Design of Iot Systems M,4,73731,Microcontroller-based systems for Industrial Applicatons: Architecture and Programming,0.73340094
93322,Hardware-Software Design of Iot Systems M,5,10907,Electronics of Digital Systems,0.73200376
93322,Hardware-Software Design of Iot Systems M,6,77780,Embedded Systems Programming and Internet of Things,0.72932480
93322,Hardware-Software Design of Iot Systems M,7,69430,COMPUTER ARCHITECTURES M,0.72848137
93322,Hardware-Software Design of Iot Systems M,8,B8561,ARCHITETTURE DEI CALCOLATORI M,0.72292925
93322,Hardware-Software Design of Iot Systems M,9,96859,Embedded Systems and Internet of Things,0.72271509
93322,Hardware-Software Design of Iot Systems M,10,B8563,SISTEMI DI ELABORAZIONE ACCELERATA M,0.71933028
93333,Programming Lab,1,37262,Computer Programming,0.79510080
93333,Programming Lab,2,96346-C,INFORMATICA,0.79444833
93333,Programming Lab,3,85285,Programming,0.78709802
93333,Programming Lab,4,07276-B,Computer Science,0.78576121
93333,Programming Lab,5,B0063,Programming Laboratory,0.78467352
93333,Programming Lab,6,00819-B,Programming,0.78432906
93333,Programming Lab,7,95602,Programming and Computer Architectures,0.78114741
93333,Programming Lab,8,00819-E,Programming,0.77818527
93333,Programming Lab,9,00819-A,Programming,0.77580720
93333,Programming Lab,10,28040,Information Technology,0.77442618
93363,Advanced Programming,1,37262,Computer Programming,0.76375130
93363,Advanced Programming,2,85285,Programming,0.76010171
93363,Advanced Programming,3,95602,Programming and Computer Architectures,0.75006065
93363,Advanced Programming,4,07276-B,Computer Science,0.73867357
93363,Advanced Programming,5,B0063,Programming Laboratory,0.73776925
93363,Advanced Programming,6,65094,ADVANCED PROGRAMMING,0.73478398
93363,Advanced Programming,7,B1703,Introduction to Programming,0.73187111
93363,Advanced Programming,8,B8105,Computational Management of Data,0.72932882
93363,Advanced Programming,9,00819-E,Programming,0.72716795
93363,Advanced Programming,10,00819-A,Programming,0.72420452
93379,Digital Culture,1,40720,Data Mining,0.70715183
93379,Digital Culture,2,B5079,Digital Humanities and Data Management for Cultural Heritage,0.70254784
93379,Digital Culture,3,B1873,Machine Learning for Humanities,0.70213525
93379,Digital Culture,4,81678-A,Laboratory of Making,0.69106097
93379,Digital Culture,5,57828,Informatics,0.68675397
93379,Digital Culture,6,90477,Machine Learning Systems For Data Science,0.68663855
93379,Digital Culture,7,85189,Systems and Algorithms for Data Science,0.68621472
93379,Digital Culture,8,81678-B,Laboratory of Making,0.68174911
93379,Digital Culture,9,B8018,DIGITAL HEALTH M,0.68137282
93379,Digital Culture,10,B5059,Interaction Media Design,0.68101792
93390,Digital Systems and Introduction to Computer Architectures M,1,34876,Digital Systems Electronics M,0.76902941
93390,Digital Systems and Introduction to Computer Architectures M,2,B8379,TECNOLOGIE MICROELETTRONICHE LM,0.75059172
93390,Digital Systems and Introduction to Computer Architectures M,3,00269,Electronics,0.75026610
93390,Digital Systems and Introduction to Computer Architectures M,4,28651,Electronics T-A,0.74637775
93390,Digital Systems and Introduction to Computer Architectures M,5,99192,Highly Reliable and Resilient Electronic Systems M,0.74392014
93390,Digital Systems and Introduction to Computer Architectures M,6,10907,Electronics of Digital Systems,0.74219706
93390,Digital Systems and Introduction to Computer Architectures M,7,B2250,Microelectronics M,0.74060437
93390,Digital Systems and Introduction to Computer Architectures M,8,69773,Electronic Circuits Design,0.73859215
93390,Digital Systems and Introduction to Computer Architectures M,9,37063,Principles of Electronics for Automation T,0.73631936
93390,Digital Systems and Introduction to Computer Architectures M,10,93392,Analog Circuits and Sensor Systems M,0.73191478
93391,Semiconductor Devices and Quantum-Computing M,1,93321,Sensors and Quantum-Computing Devices M,0.95482190
93391,Semiconductor Devices and Quantum-Computing M,2,B2250,Microelectronics M,0.75664544
93391,Semiconductor Devices and Quantum-Computing M,3,B5722,Embedded Sensors,0.74396172
93391,Semiconductor Devices and Quantum-Computing M,4,69437,NANOELECTRONICS M,0.73381369
93391,Semiconductor Devices and Quantum-Computing M,5,93929,Sensors and Nanotechnology,0.73297623
93391,Semiconductor Devices and Quantum-Computing M,6,B8379,TECNOLOGIE MICROELETTRONICHE LM,0.72959701
93391,Semiconductor Devices and Quantum-Computing M,7,99191,"Devices, Circuits and Algorithms for Quantum Computing M",0.72701398
93391,Semiconductor Devices and Quantum-Computing M,8,B8378,SENSORI ELETTRONICI INTELLIGENTI LM,0.71878546
93391,Semiconductor Devices and Quantum-Computing M,9,28651,Electronics T-A,0.71524878
93391,Semiconductor Devices and Quantum-Computing M,10,B8310,STATISTICS AND MACHINE LEARNING FOR SIGNAL PROCESSING M,0.70975541
93392,Analog Circuits and Sensor Systems M,1,81649,Design On Analog Cicuits and Systems M,0.85874260
93392,Analog Circuits and Sensor Systems M,2,00269,Electronics,0.75196882
93392,Analog Circuits and Sensor Systems M,3,69773,Electronic Circuits Design,0.74807567
93392,Analog Circuits and Sensor Systems M,4,93929,Sensors and Nanotechnology,0.74181066
93392,Analog Circuits and Sensor Systems M,5,B5722,Embedded Sensors,0.73682033
93392,Analog Circuits and Sensor Systems M,6,73092,Analog Electronic Circuits T-A,0.73224155
93392,Analog Circuits and Sensor Systems M,7,93390,Digital Systems and Introduction to Computer Architectures M,0.73191478
93392,Analog Circuits and Sensor Systems M,8,81654,Design of Advanced Analog Circuits M,0.72978097
93392,Analog Circuits and Sensor Systems M,9,37063,Principles of Electronics for Automation T,0.72952737
93392,Analog Circuits and Sensor Systems M,10,28651,Electronics T-A,0.72755236
93395,Reliable Data Processing and Storage for Iintelligent Systems M,1,99192,Highly Reliable and Resilient Electronic Systems M,0.82403717
93395,Reliable Data Processing and Storage for Iintelligent Systems M,2,85734,"Test, Diagnosis and Reliability M",0.82396977
93395,Reliable Data Processing and Storage for Iintelligent Systems M,3,72942,Information Security M,0.76689767
93395,Reliable Data Processing and Storage for Iintelligent Systems M,4,B5722,Embedded Sensors,0.76617518
93395,Reliable Data Processing and Storage for Iintelligent Systems M,5,B8378,SENSORI ELETTRONICI INTELLIGENTI LM,0.75947828
93395,Reliable Data Processing and Storage for Iintelligent Systems M,6,87198,Statistics and Architectures for Big Data Processing M,0.75107791
93395,Reliable Data Processing and Storage for Iintelligent Systems M,7,28024-A,Computer Networks T,0.74772995
93395,Reliable Data Processing and Storage for Iintelligent Systems M,8,28024-B,Computer Networks T,0.74772995
93395,Reliable Data Processing and Storage for Iintelligent Systems M,9,93929,Sensors and Nanotechnology,0.74239622
93395,Reliable Data Processing and Storage for Iintelligent Systems M,10,84531,Infrastructures For Cloud Computing and Big Data M,0.74016870
93398,Architectures for Artificial Intelligence M,1,91259,Architecture and Platforms for Artificial Intelligence,0.84166657
93398,Architectures for Artificial Intelligence M,2,85730,Architectures and Firmware M,0.76115644
93398,Architectures for Artificial Intelligence M,3,78778,Intelligent Systems M,0.76114200
93398,Architectures for Artificial Intelligence M,4,87198,Statistics and Architectures for Big Data Processing M,0.76092346
93398,Architectures for Artificial Intelligence M,5,92858,Autonomous and Adaptive Systems M,0.75445405
93398,Architectures for Artificial Intelligence M,6,90477,Machine Learning Systems For Data Science,0.75203576
93398,Architectures for Artificial Intelligence M,7,28024-A,Computer Networks T,0.75064056
93398,Architectures for Artificial Intelligence M,8,28024-B,Computer Networks T,0.75064056
93398,Architectures for Artificial Intelligence M,9,84531,Infrastructures For Cloud Computing and Big Data M,0.75021873
93398,Architectures for Artificial Intelligence M,10,98931,Fundamentals of Artificial Intelligence,0.75000140
93466,FONDAMENTI DI CYBERSECURITY,1,14015,Cryptography,0.75415283
93466,FONDAMENTI DI CYBERSECURITY,2,72942,Information Security M,0.74545765
93466,FONDAMENTI DI CYBERSECURITY,3,90392,Elements of Applied Data Security M,0.74194569
93466,FONDAMENTI DI CYBERSECURITY,4,B8311,SECURITY OF DATA AND NEURAL PROCESSING M,0.73941302
93466,FONDAMENTI DI CYBERSECURITY,5,93467,Cryptography,0.71933832
93466,FONDAMENTI DI CYBERSECURITY,6,91161,"Networks, Security And Data Bases",0.71533169
93466,FONDAMENTI DI CYBERSECURITY,7,88325,Computer and Network Security Lab T,0.71086459
93466,FONDAMENTI DI CYBERSECURITY,8,93470-A,Cybersecurity,0.70419962
93466,FONDAMENTI DI CYBERSECURITY,9,B0833,Computer Security Laboratory T,0.68750286
93466,FONDAMENTI DI CYBERSECURITY,10,29227-D,Foundations of Informatics T,0.68746405
93467,Cryptography,1,14015,Cryptography,0.81153190
93467,Cryptography,2,72942,Information Security M,0.76288054
93467,Cryptography,3,93466,FONDAMENTI DI CYBERSECURITY,0.71933832
93467,Cryptography,4,93470-A,Cybersecurity,0.71567641
93467,Cryptography,5,B5782,Algorithms and Data Structures for Computational Biology,0.70597635
93467,Cryptography,6,11929-A,Algorithm and Data Structures,0.70183443
93467,Cryptography,7,90392,Elements of Applied Data Security M,0.69911403
93467,Cryptography,8,00819-A,Programming,0.69700232
93467,Cryptography,9,B8311,SECURITY OF DATA AND NEURAL PROCESSING M,0.69595125
93467,Cryptography,10,90147,Artificial intelligence,0.69504457
93468,Distributed Software Systems,1,87474,Distributed Systems,0.90126805
93468,Distributed Software Systems,2,93669,Intelligent Systems Engineering,0.78383432
93468,Distributed Software Systems,3,73025,Distributed Systems M,0.76716719
93468,Distributed Software Systems,4,91267,Multi-Agent Systems,0.75246292
93468,Distributed Software Systems,5,95627,Software Engineering,0.74432002
93468,Distributed Software Systems,6,84531,Infrastructures For Cloud Computing and Big Data M,0.74023759
93468,Distributed Software Systems,7,78779,Mobile Systems M,0.73415406
93468,Distributed Software Systems,8,96642,Virtualization and System Integration,0.73367014
93468,Distributed Software Systems,9,28024-A,Computer Networks T,0.72914764
93468,Distributed Software Systems,10,28024-B,Computer Networks T,0.72914764
93469,Human Data Science,1,91269,Multimedia Data Management,0.70516467
93469,Human Data Science,2,78096,Multimedia Data Management M,0.70068825
93469,Human Data Science,3,90477,Machine Learning Systems For Data Science,0.69553854
93469,Human Data Science,4,85189,Systems and Algorithms for Data Science,0.69418709
93469,Human Data Science,5,91250-A,DEEP LEARNING,0.68678603
93469,Human Data Science,6,90749,Computing Education,0.68010383
93469,Human Data Science,7,95638,Operational Analytics,0.67941702
93469,Human Data Science,8,93669,Intelligent Systems Engineering,0.67779642
93469,Human Data Science,9,77933,Multimedia Data Management M,0.67522476
93469,Human Data Science,10,B1873,Machine Learning for Humanities,0.67094157
93470-A,Cybersecurity,1,93470-B,Cybersecurity,0.80262277
93470-A,Cybersecurity,2,72942,Information Security M,0.76906766
93470-A,Cybersecurity,3,B5793,Cybersecurity M,0.75944835
93470-A,Cybersecurity,4,93315,Computer Networks,0.75423004
93470-A,Cybersecurity,5,95604,Operating Systems and Networks,0.75282859
93470-A,Cybersecurity,6,B5812,Cybersecurity Governance,0.74882090
93470-A,Cybersecurity,7,57828,Informatics,0.74324288
93470-A,Cybersecurity,8,88325,Computer and Network Security Lab T,0.73439305
93470-A,Cybersecurity,9,91161,"Networks, Security And Data Bases",0.72703102
93470-A,Cybersecurity,10,90749,Computing Education,0.72111731
93470-B,Cybersecurity,1,B5793,Cybersecurity M,0.86814977
93470-B,Cybersecurity,2,93470-A,Cybersecurity,0.80262277
93470-B,Cybersecurity,3,B5812,Cybersecurity Governance,0.79357842
93470-B,Cybersecurity,4,72942,Information Security M,0.75142953
93470-B,Cybersecurity,5,88325,Computer and Network Security Lab T,0.72573751
93470-B,Cybersecurity,6,73025,Distributed Systems M,0.72472013
93470-B,Cybersecurity,7,91161,"Networks, Security And Data Bases",0.72417177
93470-B,Cybersecurity,8,57828,Informatics,0.72279727
93470-B,Cybersecurity,9,B4826,Informatics for the Humanities,0.71183441
93470-B,Cybersecurity,10,95604,Operating Systems and Networks,0.70948603
93478,COMPUTER VISION,1,91254,Image Processing and Computer Vision,0.89430089
93478,COMPUTER VISION,2,91266,Machine Learning for Computer Vision,0.84331332
93478,COMPUTER VISION,3,91250-A,DEEP LEARNING,0.81146931
93478,COMPUTER VISION,4,91250-B,Deep Learning,0.80569187
93478,COMPUTER VISION,5,91250-C,Deep Learning,0.80569187
93478,COMPUTER VISION,6,73302,Computer Vision And Image Processing M,0.79665036
93478,COMPUTER VISION,7,17634,Computer Vision,0.79053730
93478,COMPUTER VISION,8,B5782,Algorithms and Data Structures for Computational Biology,0.77073550
93478,COMPUTER VISION,9,69661,Image Processing And Computer Vision M,0.76988711
93478,COMPUTER VISION,10,95782,Network Analysis,0.75673618
93653,Iot And Big Data For Smart Agricultural Systems,1,95630,Big Data and Cloud Platforms,0.77030217
93653,Iot And Big Data For Smart Agricultural Systems,2,81683,Internet of Things,0.76517259
93653,Iot And Big Data For Smart Agricultural Systems,3,81932,Big Data,0.74914307
93653,Iot And Big Data For Smart Agricultural Systems,4,B8019,PROGRAMMING THE INTERNET OF THINGS M,0.74744881
93653,Iot And Big Data For Smart Agricultural Systems,5,40720,Data Mining,0.74580763
93653,Iot And Big Data For Smart Agricultural Systems,6,95631-A,Machine Learning and Data Mining,0.74263489
93653,Iot And Big Data For Smart Agricultural Systems,7,73025,Distributed Systems M,0.74181189
93653,Iot And Big Data For Smart Agricultural Systems,8,95639,Industry 4.0,0.73809314
93653,Iot And Big Data For Smart Agricultural Systems,9,B5782,Algorithms and Data Structures for Computational Biology,0.73394899
93653,Iot And Big Data For Smart Agricultural Systems,10,92858,Autonomous and Adaptive Systems M,0.73270573
93669,Intelligent Systems Engineering,1,87474,Distributed Systems,0.83563137
93669,Intelligent Systems Engineering,2,91267,Multi-Agent Systems,0.82100846
93669,Intelligent Systems Engineering,3,91411,Intelligent Robotic Systems,0.78549469
93669,Intelligent Systems Engineering,4,93468,Distributed Software Systems,0.78383432
93669,Intelligent Systems Engineering,5,92858,Autonomous and Adaptive Systems M,0.76271948
93669,Intelligent Systems Engineering,6,95627,Software Engineering,0.76256791
93669,Intelligent Systems Engineering,7,95965,Artificial Intelligence and Machine Learning for Business,0.75746483
93669,Intelligent Systems Engineering,8,81940,Artificial Intelligence,0.75624644
93669,Intelligent Systems Engineering,9,90147,Artificial intelligence,0.75051982
93669,Intelligent Systems Engineering,10,98931,Fundamentals of Artificial Intelligence,0.74454883
93929,Sensors and Nanotechnology,1,B5722,Embedded Sensors,0.89645303
93929,Sensors and Nanotechnology,2,B8378,SENSORI ELETTRONICI INTELLIGENTI LM,0.84312267
93929,Sensors and Nanotechnology,3,B8379,TECNOLOGIE MICROELETTRONICHE LM,0.78636368
93929,Sensors and Nanotechnology,4,34991,Project in electronics and telecommunications,0.76187157
93929,Sensors and Nanotechnology,5,B2250,Microelectronics M,0.75997422
93929,Sensors and Nanotechnology,6,69773,Electronic Circuits Design,0.75358085
93929,Sensors and Nanotechnology,7,00269,Electronics,0.75104130
93929,Sensors and Nanotechnology,8,10907,Electronics of Digital Systems,0.75028336
93929,Sensors and Nanotechnology,9,28651,Electronics T-A,0.74919458
93929,Sensors and Nanotechnology,10,94272,Electronic Systems,0.74770377
94247,Laboratory on Power Electronics,1,00269,Electronics,0.77669086
94247,Laboratory on Power Electronics,2,35367,Industrial Electronics M,0.77456964
94247,Laboratory on Power Electronics,3,B8379,TECNOLOGIE MICROELETTRONICHE LM,0.76461481
94247,Laboratory on Power Electronics,4,37063,Principles of Electronics for Automation T,0.75489397
94247,Laboratory on Power Electronics,5,85733,Power Electronics for Automotive M,0.75330062
94247,Laboratory on Power Electronics,6,28651,Electronics T-A,0.75016879
94247,Laboratory on Power Electronics,7,B8390,DISPOSITIVI E CIRCUITI INTEGRATI DI POTENZA LM,0.74656711
94247,Laboratory on Power Electronics,8,69773,Electronic Circuits Design,0.74423561
94247,Laboratory on Power Electronics,9,B5722,Embedded Sensors,0.74285820
94247,Laboratory on Power Electronics,10,34991,Project in electronics and telecommunications,0.73463015
94272,Electronic Systems,1,28651,Electronics T-A,0.80229526
94272,Electronic Systems,2,10907,Electronics of Digital Systems,0.77624133
94272,Electronic Systems,3,B5722,Embedded Sensors,0.77346506
94272,Electronic Systems,4,28016-B,Electronics T,0.77208895
94272,Electronic Systems,5,69773,Electronic Circuits Design,0.76521853
94272,Electronic Systems,6,28016-A,Electronics T,0.76243786
94272,Electronic Systems,7,00269,Electronics,0.75644830
94272,Electronic Systems,8,35367,Industrial Electronics M,0.75300919
94272,Electronic Systems,9,B8378,SENSORI ELETTRONICI INTELLIGENTI LM,0.75297561
94272,Electronic Systems,10,09032,Software Engineering,0.75250210
94442,Design of Web Applications T,1,78779,Mobile Systems M,0.76138735
94442,Design of Web Applications T,2,28024-A,Computer Networks T,0.75845381
94442,Design of Web Applications T,3,28024-B,Computer Networks T,0.75845381
94442,Design of Web Applications T,4,73025,Distributed Systems M,0.74718109
94442,Design of Web Applications T,5,69867,Web Services and Applications,0.74626143
94442,Design of Web Applications T,6,B4826,Informatics for the Humanities,0.74601056
94442,Design of Web Applications T,7,91259,Architecture and Platforms for Artificial Intelligence,0.74591254
94442,Design of Web Applications T,8,95645,Foundations of Web Systems,0.74508504
94442,Design of Web Applications T,9,40720,Data Mining,0.74441033
94442,Design of Web Applications T,10,72942,Information Security M,0.74353169
95602,Programming and Computer Architectures,1,96346-C,INFORMATICA,0.81891479
95602,Programming and Computer Architectures,2,37262,Computer Programming,0.81805142
95602,Programming and Computer Architectures,3,11929-A,Algorithm and Data Structures,0.80751357
95602,Programming and Computer Architectures,4,B5782,Algorithms and Data Structures for Computational Biology,0.80506737
95602,Programming and Computer Architectures,5,B0063,Programming Laboratory,0.79690479
95602,Programming and Computer Architectures,6,07276-B,Computer Science,0.79609725
95602,Programming and Computer Architectures,7,09730-A,Principles of Informatics,0.79467169
95602,Programming and Computer Architectures,8,96007,Foundations of Computer Architecture and Operating Systems,0.79401170
95602,Programming and Computer Architectures,9,85285,Programming,0.79267353
95602,Programming and Computer Architectures,10,15305,Foundations of Informatics A,0.79103416
95604,Operating Systems and Networks,1,95644,Computer Networks and Network Programming,0.82049538
95604,Operating Systems and Networks,2,70226,Network Programming,0.78788464
95604,Operating Systems and Networks,3,28024-A,Computer Networks T,0.78491997
95604,Operating Systems and Networks,4,28024-B,Computer Networks T,0.78491997
95604,Operating Systems and Networks,5,95782,Network Analysis,0.78437475
95604,Operating Systems and Networks,6,93315,Computer Networks,0.78173718
95604,Operating Systems and Networks,7,91161,"Networks, Security And Data Bases",0.76966757
95604,Operating Systems and Networks,8,72942,Information Security M,0.76548674
95604,Operating Systems and Networks,9,57828,Informatics,0.76312168
95604,Operating Systems and Networks,10,08574-C,Operating Systems,0.76012887
95605,Web and Mobile Systems,1,88566,Web Technology,0.82594496
95605,Web and Mobile Systems,2,41731-B,Web-related Technologies,0.80611753
95605,Web and Mobile Systems,3,75835,Web Technologies,0.80441546
95605,Web and Mobile Systems,4,85445,Information Modelling and Web Technologies,0.79813104
95605,Web and Mobile Systems,5,95645,Foundations of Web Systems,0.78882673
95605,Web and Mobile Systems,6,69867,Web Services and Applications,0.77253442
95605,Web and Mobile Systems,7,41731-A,Web-related Technologies,0.75021657
95605,Web and Mobile Systems,8,78779,Mobile Systems M,0.74447095
95605,Web and Mobile Systems,9,47240,Web Systems Engineering,0.74364621
95605,Web and Mobile Systems,10,72787,Mobile Application Programming,0.73745258
95611,Database Systems,1,10906-A,Databases,0.97456082
95611,Database Systems,2,79194,Databases,0.83979310
95611,Database Systems,3,10906-B,Databases,0.82136455
95611,Database Systems,4,70155,Data Bases,0.81200775
95611,Database Systems,5,84339,Advanced Database Systems,0.78511656
95611,Database Systems,6,90107,BASI DI DATI,0.78422790
95611,Database Systems,7,96793,Information Systems and Database Management,0.77042112
95611,Database Systems,8,28027,Information Systems T,0.75450783
95611,Database Systems,9,84530,Database and Big Data Technologies M,0.74295138
95611,Database Systems,10,28796,Elements of Databases,0.73269906
95627,Software Engineering,1,B0011,Software Process Engineering,0.81966158
95627,Software Engineering,2,09032,Software Engineering,0.81725825
95627,Software Engineering,3,57828,Informatics,0.79344345
95627,Software Engineering,4,81612,Programming and Development paradigms,0.78600518
95627,Software Engineering,5,90106-A,Software Engineering,0.78572831
95627,Software Engineering,6,60348,Informatics,0.78408951
95627,Software Engineering,7,66858,Software Engineering,0.77477077
95627,Software Engineering,8,73025,Distributed Systems M,0.77451235
95627,Software Engineering,9,28024-A,Computer Networks T,0.77310060
95627,Software Engineering,10,28024-B,Computer Networks T,0.77310060
95630,Big Data and Cloud Platforms,1,81932,Big Data,0.81128357
95630,Big Data and Cloud Platforms,2,95631-A,Machine Learning and Data Mining,0.79647195
95630,Big Data and Cloud Platforms,3,81942,Scalable and Cloud Programming,0.78938493
95630,Big Data and Cloud Platforms,4,96793,Information Systems and Database Management,0.77690186
95630,Big Data and Cloud Platforms,5,70155,Data Bases,0.77323277
95630,Big Data and Cloud Platforms,6,84531,Infrastructures For Cloud Computing and Big Data M,0.77095942
95630,Big Data and Cloud Platforms,7,93653,Iot And Big Data For Smart Agricultural Systems,0.77030217
95630,Big Data and Cloud Platforms,8,40720,Data Mining,0.76847045
95630,Big Data and Cloud Platforms,9,91259,Architecture and Platforms for Artificial Intelligence,0.76548208
95630,Big Data and Cloud Platforms,10,73025,Distributed Systems M,0.76476427
95631-A,Machine Learning and Data Mining,1,40720,Data Mining,0.92005007
95631-A,Machine Learning and Data Mining,2,95631-B,Machine Learning and Data Mining,0.84280398
95631-A,Machine Learning and Data Mining,3,B2125,Machine Learning and Data Mining M,0.82329776
95631-A,Machine Learning and Data Mining,4,B2133,Big Data Analytics and Text Mining,0.80799411
95631-A,Machine Learning and Data Mining,5,81609,"Languages, Compilers and Computational Models",0.79976277
95631-A,Machine Learning and Data Mining,6,95630,Big Data and Cloud Platforms,0.79647195
95631-A,Machine Learning and Data Mining,7,96793,Information Systems and Database Management,0.78923720
95631-A,Machine Learning and Data Mining,8,70155,Data Bases,0.78395380
95631-A,Machine Learning and Data Mining,9,91254,Image Processing and Computer Vision,0.78383589
95631-A,Machine Learning and Data Mining,10,85189,Systems and Algorithms for Data Science,0.78306689
95631-B,Machine Learning and Data Mining,1,B2125,Machine Learning and Data Mining M,0.98049378
95631-B,Machine Learning and Data Mining,2,95631-A,Machine Learning and Data Mining,0.84280398
95631-B,Machine Learning and Data Mining,3,40720,Data Mining,0.81719520
95631-B,Machine Learning and Data Mining,4,B2133,Big Data Analytics and Text Mining,0.78537102
95631-B,Machine Learning and Data Mining,5,B5782,Algorithms and Data Structures for Computational Biology,0.78392186
95631-B,Machine Learning and Data Mining,6,85189,Systems and Algorithms for Data Science,0.77410215
95631-B,Machine Learning and Data Mining,7,96143,Methods and Models for Data Analytics M,0.76961577
95631-B,Machine Learning and Data Mining,8,90477,Machine Learning Systems For Data Science,0.76790469
95631-B,Machine Learning and Data Mining,9,91259,Architecture and Platforms for Artificial Intelligence,0.76292819
95631-B,Machine Learning and Data Mining,10,70155,Data Bases,0.75269227
95632,Laboratory on Digital Transformation Technologies,1,95631-A,Machine Learning and Data Mining,0.71056109
95632,Laboratory on Digital Transformation Technologies,2,95630,Big Data and Cloud Platforms,0.70926804
95632,Laboratory on Digital Transformation Technologies,3,40720,Data Mining,0.68564092
95632,Laboratory on Digital Transformation Technologies,4,81678-A,Laboratory of Making,0.67650215
95632,Laboratory on Digital Transformation Technologies,5,09679,Data Base Sistems,0.67574998
95632,Laboratory on Digital Transformation Technologies,6,95627,Software Engineering,0.67235192
95632,Laboratory on Digital Transformation Technologies,7,34991,Project in electronics and telecommunications,0.66888680
95632,Laboratory on Digital Transformation Technologies,8,95965,Artificial Intelligence and Machine Learning for Business,0.66767021
95632,Laboratory on Digital Transformation Technologies,9,78810,Real Time Systems for Automation M,0.66542331
95632,Laboratory on Digital Transformation Technologies,10,73273,Informatic Tecnologies for Fashion,0.66397727
95638,Operational Analytics,1,96143,Methods and Models for Data Analytics M,0.71408719
95638,Operational Analytics,2,B8310,STATISTICS AND MACHINE LEARNING FOR SIGNAL PROCESSING M,0.70017958
95638,Operational Analytics,3,91250-A,DEEP LEARNING,0.69057056
95638,Operational Analytics,4,95782,Network Analysis,0.68843477
95638,Operational Analytics,5,B2133,Big Data Analytics and Text Mining,0.68444256
95638,Operational Analytics,6,85189,Systems and Algorithms for Data Science,0.68362868
95638,Operational Analytics,7,B8105,Computational Management of Data,0.68345509
95638,Operational Analytics,8,93469,Human Data Science,0.67941702
95638,Operational Analytics,9,96142,Business Intelligence and Big Data M,0.67930602
95638,Operational Analytics,10,91250-B,Deep Learning,0.67780032
95639,Industry 4.0,1,81683,Internet of Things,0.74901758
95639,Industry 4.0,2,93653,Iot And Big Data For Smart Agricultural Systems,0.73809314
95639,Industry 4.0,3,91261,Artificial Intelligence in Industry,0.72466123
95639,Industry 4.0,4,B8019,PROGRAMMING THE INTERNET OF THINGS M,0.72393775
95639,Industry 4.0,5,90147,Artificial intelligence,0.71307171
95639,Industry 4.0,6,95630,Big Data and Cloud Platforms,0.70648484
95639,Industry 4.0,7,57828,Informatics,0.70486775
95639,Industry 4.0,8,81932,Big Data,0.70447611
95639,Industry 4.0,9,95627,Software Engineering,0.70367549
95639,Industry 4.0,10,81917,Interaction Multimedia Services,0.70271979
95644,Computer Networks and Network Programming,1,70226,Network Programming,0.93522547
95644,Computer Networks and Network Programming,2,95604,Operating Systems and Networks,0.82049538
95644,Computer Networks and Network Programming,3,28024-A,Computer Networks T,0.78432233
95644,Computer Networks and Network Programming,4,28024-B,Computer Networks T,0.78432233
95644,Computer Networks and Network Programming,5,93315,Computer Networks,0.76940277
95644,Computer Networks and Network Programming,6,95782,Network Analysis,0.75432029
95644,Computer Networks and Network Programming,7,72942,Information Security M,0.74906469
95644,Computer Networks and Network Programming,8,96995,Programmable Networking,0.74184351
95644,Computer Networks and Network Programming,9,58423,Internet Architecture,0.73510198
95644,Computer Networks and Network Programming,10,91161,"Networks, Security And Data Bases",0.73232490
95645,Foundations of Web Systems,1,41731-A,Web-related Technologies,0.83463161
95645,Foundations of Web Systems,2,95605,Web and Mobile Systems,0.78882673
95645,Foundations of Web Systems,3,47240,Web Systems Engineering,0.77750193
95645,Foundations of Web Systems,4,75835,Web Technologies,0.77606624
95645,Foundations of Web Systems,5,41731-B,Web-related Technologies,0.77065489
95645,Foundations of Web Systems,6,88566,Web Technology,0.76234191
95645,Foundations of Web Systems,7,85445,Information Modelling and Web Technologies,0.75505748
95645,Foundations of Web Systems,8,94442,Design of Web Applications T,0.74508504
95645,Foundations of Web Systems,9,69867,Web Services and Applications,0.74024130
95645,Foundations of Web Systems,10,B4826,Informatics for the Humanities,0.73206610
95646,Virtualized Systems,1,96642,Virtualization and System Integration,0.81236265
95646,Virtualized Systems,2,93468,Distributed Software Systems,0.72387242
95646,Virtualized Systems,3,87474,Distributed Systems,0.72326868
95646,Virtualized Systems,4,B4826,Informatics for the Humanities,0.71880883
95646,Virtualized Systems,5,95645,Foundations of Web Systems,0.71166619
95646,Virtualized Systems,6,84401,Context-Aware Systems,0.70993011
95646,Virtualized Systems,7,73025,Distributed Systems M,0.70803607
95646,Virtualized Systems,8,95630,Big Data and Cloud Platforms,0.70324339
95646,Virtualized Systems,9,37925,Virtual System Design,0.70035663
95646,Virtualized Systems,10,90748,Blockchain and Cryptocurrencies,0.70026127
95648,Software Design and Development,1,70219,Object-Oriented Programming,0.83250034
95648,Software Design and Development,2,81612,Programming and Development paradigms,0.78376245
95648,Software Design and Development,3,00819-D,Programming,0.77945531
95648,Software Design and Development,4,95627,Software Engineering,0.76315059
95648,Software Design and Development,5,16870,Programming Laboratory,0.76065863
95648,Software Design and Development,6,37262,Computer Programming,0.75903148
95648,Software Design and Development,7,00819-C,Programming,0.75839666
95648,Software Design and Development,8,B8554-A,SISTEMI SOFTWARE A OGGETTI T,0.74036443
95648,Software Design and Development,9,B8554-B,SISTEMI SOFTWARE A OGGETTI T,0.74036443
95648,Software Design and Development,10,95602,Programming and Computer Architectures,0.73968397
95782,Network Analysis,1,90730,Social Network Analysis,0.90567025
95782,Network Analysis,2,91250-B,Deep Learning,0.78677005
95782,Network Analysis,3,91250-C,Deep Learning,0.78677005
95782,Network Analysis,4,95604,Operating Systems and Networks,0.78437475
95782,Network Analysis,5,40720,Data Mining,0.77439541
95782,Network Analysis,6,91250-A,DEEP LEARNING,0.77160213
95782,Network Analysis,7,91258-B,Natural Language Processing,0.77003195
95782,Network Analysis,8,91161,"Networks, Security And Data Bases",0.76010440
95782,Network Analysis,9,90147,Artificial intelligence,0.75901658
95782,Network Analysis,10,90749,Computing Education,0.75806564
95965,Artificial Intelligence and Machine Learning for Business,1,95631-A,Machine Learning and Data Mining,0.76842307
95965,Artificial Intelligence and Machine Learning for Business,2,81940,Artificial Intelligence,0.75999118
95965,Artificial Intelligence and Machine Learning for Business,3,91266,Machine Learning for Computer Vision,0.75960333
95965,Artificial Intelligence and Machine Learning for Business,4,93669,Intelligent Systems Engineering,0.75746483
95965,Artificial Intelligence and Machine Learning for Business,5,98931,Fundamentals of Artificial Intelligence,0.75722026
95965,Artificial Intelligence and Machine Learning for Business,6,90147,Artificial intelligence,0.75654300
95965,Artificial Intelligence and Machine Learning for Business,7,90477,Machine Learning Systems For Data Science,0.75555636
95965,Artificial Intelligence and Machine Learning for Business,8,91248,Fundamentals of Artificial Intelligence and Knowledge Representation,0.75552411
95965,Artificial Intelligence and Machine Learning for Business,9,91250-A,DEEP LEARNING,0.75545272
95965,Artificial Intelligence and Machine Learning for Business,10,91259,Architecture and Platforms for Artificial Intelligence,0.75462365
96007,Foundations of Computer Architecture and Operating Systems,1,95602,Programming and Computer Architectures,0.79401170
96007,Foundations of Computer Architecture and Operating Systems,2,15305,Foundations of Informatics A,0.78395885
96007,Foundations of Computer Architecture and Operating Systems,3,11925,Computer Architecture,0.77831450
96007,Foundations of Computer Architecture and Operating Systems,4,09730-A,Principles of Informatics,0.77435073
96007,Foundations of Computer Architecture and Operating Systems,5,09730-B,Principles of Informatics,0.76786725
96007,Foundations of Computer Architecture and Operating Systems,6,03716-A,Digital Design Principles and Computer Architecture,0.76556614
96007,Foundations of Computer Architecture and Operating Systems,7,03716-B,Digital Design Principles and Computer Architecture,0.76556614
96007,Foundations of Computer Architecture and Operating Systems,8,08574-C,Operating Systems,0.76263407
96007,Foundations of Computer Architecture and Operating Systems,9,28623,Foundations of Informatics and Laboratory,0.76130719
96007,Foundations of Computer Architecture and Operating Systems,10,11929-A,Algorithm and Data Structures,0.75831766
96142,Business Intelligence and Big Data M,1,30376,Business Intelligence,0.79192096
96142,Business Intelligence and Big Data M,2,96143,Methods and Models for Data Analytics M,0.78045694
96142,Business Intelligence and Big Data M,3,84530,Database and Big Data Technologies M,0.76691968
96142,Business Intelligence and Big Data M,4,87198,Statistics and Architectures for Big Data Processing M,0.75184073
96142,Business Intelligence and Big Data M,5,81932,Big Data,0.75048796
96142,Business Intelligence and Big Data M,6,B2125,Machine Learning and Data Mining M,0.74415148
96142,Business Intelligence and Big Data M,7,84531,Infrastructures For Cloud Computing and Big Data M,0.73406367
96142,Business Intelligence and Big Data M,8,95627,Software Engineering,0.73055782
96142,Business Intelligence and Big Data M,9,73025,Distributed Systems M,0.72826932
96142,Business Intelligence and Big Data M,10,B8105,Computational Management of Data,0.72800347
96143,Methods and Models for Data Analytics M,1,96142,Business Intelligence and Big Data M,0.78045694
96143,Methods and Models for Data Analytics M,2,B2125,Machine Learning and Data Mining M,0.77875577
96143,Methods and Models for Data Analytics M,3,95631-B,Machine Learning and Data Mining,0.76961577
96143,Methods and Models for Data Analytics M,4,85189,Systems and Algorithms for Data Science,0.75883960
96143,Methods and Models for Data Analytics M,5,90477,Machine Learning Systems For Data Science,0.75617804
96143,Methods and Models for Data Analytics M,6,40720,Data Mining,0.75417500
96143,Methods and Models for Data Analytics M,7,B2133,Big Data Analytics and Text Mining,0.74667624
96143,Methods and Models for Data Analytics M,8,87198,Statistics and Architectures for Big Data Processing M,0.74318816
96143,Methods and Models for Data Analytics M,9,95631-A,Machine Learning and Data Mining,0.74123252
96143,Methods and Models for Data Analytics M,10,97467,Big Data Analytics for Automotive Manufacturing Applications,0.73976758
96346-A,Computer Science,1,07276-A,Computer Science,1.00000000
96346-A,Computer Science,2,07276-C,Computer Science,0.77226784
96346-A,Computer Science,3,57828,Informatics,0.76591387
96346-A,Computer Science,4,07276-B,Computer Science,0.75348614
96346-A,Computer Science,5,B4826,Informatics for the Humanities,0.74962857
96346-A,Computer Science,6,91254,Image Processing and Computer Vision,0.74950528
96346-A,Computer Science,7,93478,COMPUTER VISION,0.74912119
96346-A,Computer Science,8,28106,Computer Science for Environmental Sciences,0.74004243
96346-A,Computer Science,9,00819-B,Programming,0.73203890
96346-A,Computer Science,10,95627,Software Engineering,0.72963838
96346-B,Informatics,1,57828,Informatics,0.76197942
96346-B,Informatics,2,78510,Informatics,0.74342926
96346-B,Informatics,3,82202-A,Informatic,0.74039532
96346-B,Informatics,4,82202-B,Informatic,0.73378306
96346-B,Informatics,5,B4826,Informatics for the Humanities,0.70663929
96346-B,Informatics,6,07276-C,Computer Science,0.70149965
96346-B,Informatics,7,60348,Informatics,0.69997809
96346-B,Informatics,8,40720,Data Mining,0.69972580
96346-B,Informatics,9,72942,Information Security M,0.69603294
96346-B,Informatics,10,95627,Software Engineering,0.69456605
96346-C,INFORMATICA,1,28040,Information Technology,0.84706688
96346-C,INFORMATICA,2,07276-B,Computer Science,0.84547274
96346-C,INFORMATICA,3,07276-F,INFORMATICA,0.84332561
96346-C,INFORMATICA,4,95602,Programming and Computer Architectures,0.81891479
96346-C,INFORMATICA,5,B8159,INFORMATICA,0.81859896
96346-C,INFORMATICA,6,B0063,Programming Laboratory,0.80059921
96346-C,INFORMATICA,7,37262,Computer Programming,0.79534070
96346-C,INFORMATICA,8,93333,Programming Lab,0.79444833
96346-C,INFORMATICA,9,85285,Programming,0.79369571
96346-C,INFORMATICA,10,09730-A,Principles of Informatics,0.79097399
96642,Virtualization and System Integration,1,95646,Virtualized Systems,0.81236265
96642,Virtualization and System Integration,2,88324,System Administration T,0.76704857
96642,Virtualization and System Integration,3,73025,Distributed Systems M,0.74401674
96642,Virtualization and System Integration,4,72942,Information Security M,0.74172304
96642,Virtualization and System Integration,5,93468,Distributed Software Systems,0.73367014
96642,Virtualization and System Integration,6,87474,Distributed Systems,0.72986842
96642,Virtualization and System Integration,7,B0832,Administration of Systems T,0.72923550
96642,Virtualization and System Integration,8,B5293,Computer Studies and Humanities,0.72540422
96642,Virtualization and System Integration,9,91161,"Networks, Security And Data Bases",0.72517442
96642,Virtualization and System Integration,10,B8929,Computer Studies and Human Sciences,0.72320181
96725-A,IT and Game Localization,1,96725-B,IT and Game Localization,1.00000000
96725-A,IT and Game Localization,2,B8536-A,"Computer-Aided Human Translation: CAT, MT and AI",0.68668247
96725-A,IT and Game Localization,3,B8536-B,"Computer-Aided Human Translation: CAT, MT and AI",0.68668247
96725-A,IT and Game Localization,4,B8536-C,"Computer-Aided Human Translation: CAT, MT and AI",0.68668247
96725-A,IT and Game Localization,5,87898,Methods and Technologies for Interpreting,0.66365042
96725-A,IT and Game Localization,6,B2133,Big Data Analytics and Text Mining,0.66202367
96725-A,IT and Game Localization,7,87901,Methods and Advanced Technologies for Interpreting,0.66174317
96725-A,IT and Game Localization,8,28024-A,Computer Networks T,0.65967359
96725-A,IT and Game Localization,9,28024-B,Computer Networks T,0.65967359
96725-A,IT and Game Localization,10,84401,Context-Aware Systems,0.65932081
96725-B,IT and Game Localization,1,96725-A,IT and Game Localization,1.00000000
96725-B,IT and Game Localization,2,B8536-A,"Computer-Aided Human Translation: CAT, MT and AI",0.68668247
96725-B,IT and Game Localization,3,B8536-B,"Computer-Aided Human Translation: CAT, MT and AI",0.68668247
96725-B,IT and Game Localization,4,B8536-C,"Computer-Aided Human Translation: CAT, MT and AI",0.68668247
96725-B,IT and Game Localization,5,87898,Methods and Technologies for Interpreting,0.66365042
96725-B,IT and Game Localization,6,B2133,Big Data Analytics and Text Mining,0.66202367
96725-B,IT and Game Localization,7,87901,Methods and Advanced Technologies for Interpreting,0.66174317
96725-B,IT and Game Localization,8,28024-A,Computer Networks T,0.65967359
96725-B,IT and Game Localization,9,28024-B,Computer Networks T,0.65967359
96725-B,IT and Game Localization,10,84401,Context-Aware Systems,0.65932081
96793,Information Systems and Database Management,1,79194,Databases,0.88171583
96793,Information Systems and Database Management,2,70155,Data Bases,0.81479595
96793,Information Systems and Database Management,3,B8159,INFORMATICA,0.79272701
96793,Information Systems and Database Management,4,84339,Advanced Database Systems,0.79082299
96793,Information Systems and Database Management,5,95631-A,Machine Learning and Data Mining,0.78923720
96793,Information Systems and Database Management,6,95630,Big Data and Cloud Platforms,0.77690186
96793,Information Systems and Database Management,7,91161,"Networks, Security And Data Bases",0.77496964
96793,Information Systems and Database Management,8,40720,Data Mining,0.77333217
96793,Information Systems and Database Management,9,95611,Database Systems,0.77042112
96793,Information Systems and Database Management,10,73025,Distributed Systems M,0.76356877
96859,Embedded Systems and Internet of Things,1,77780,Embedded Systems Programming and Internet of Things,0.93261744
96859,Embedded Systems and Internet of Things,2,81683,Internet of Things,0.77459355
96859,Embedded Systems and Internet of Things,3,B5722,Embedded Sensors,0.76703509
96859,Embedded Systems and Internet of Things,4,93398,Architectures for Artificial Intelligence M,0.74943479
96859,Embedded Systems and Internet of Things,5,28024-A,Computer Networks T,0.74689546
96859,Embedded Systems and Internet of Things,6,28024-B,Computer Networks T,0.74689546
96859,Embedded Systems and Internet of Things,7,B8019,PROGRAMMING THE INTERNET OF THINGS M,0.73967925
96859,Embedded Systems and Internet of Things,8,73025,Distributed Systems M,0.73683213
96859,Embedded Systems and Internet of Things,9,10907,Electronics of Digital Systems,0.73669909
96859,Embedded Systems and Internet of Things,10,17628,Concurrent and Distributed Programming,0.73625441
96994,Smart Vehicular-Systems,1,90074,Smart Vehicular Systems,0.98666665
96994,Smart Vehicular-Systems,2,78779,Mobile Systems M,0.74236278
96994,Smart Vehicular-Systems,3,91411,Intelligent Robotic Systems,0.74070082
96994,Smart Vehicular-Systems,4,92858,Autonomous and Adaptive Systems M,0.73648060
96994,Smart Vehicular-Systems,5,28722,Electronics T-1,0.73312970
96994,Smart Vehicular-Systems,6,73025,Distributed Systems M,0.73301196
96994,Smart Vehicular-Systems,7,91250-B,Deep Learning,0.72892956
96994,Smart Vehicular-Systems,8,91250-C,Deep Learning,0.72892956
96994,Smart Vehicular-Systems,9,90147,Artificial intelligence,0.72533494
96994,Smart Vehicular-Systems,10,41169,Theoretical Computer Science,0.71517016
96995,Programmable Networking,1,28024-A,Computer Networks T,0.76060815
96995,Programmable Networking,2,28024-B,Computer Networks T,0.76060815
96995,Programmable Networking,3,95644,Computer Networks and Network Programming,0.74184351
96995,Programmable Networking,4,81612,Programming and Development paradigms,0.74065045
96995,Programmable Networking,5,95782,Network Analysis,0.73501850
96995,Programmable Networking,6,95604,Operating Systems and Networks,0.73337885
96995,Programmable Networking,7,81942,Scalable and Cloud Programming,0.73167761
96995,Programmable Networking,8,70226,Network Programming,0.72276002
96995,Programmable Networking,9,95627,Software Engineering,0.71691732
96995,Programmable Networking,10,73025,Distributed Systems M,0.71661813
97431,Scalable and Reliable Services M,1,B5796,Scalable and Reliable Services M,1.00000000
97431,Scalable and Reliable Services M,2,73025,Distributed Systems M,0.72286254
97431,Scalable and Reliable Services M,3,B5793,Cybersecurity M,0.72098057
97431,Scalable and Reliable Services M,4,78779,Mobile Systems M,0.71680343
97431,Scalable and Reliable Services M,5,81917,Interaction Multimedia Services,0.71593401
97431,Scalable and Reliable Services M,6,93395,Reliable Data Processing and Storage for Iintelligent Systems M,0.70612003
97431,Scalable and Reliable Services M,7,99192,Highly Reliable and Resilient Electronic Systems M,0.68904508
97431,Scalable and Reliable Services M,8,95627,Software Engineering,0.68898252
97431,Scalable and Reliable Services M,9,72942,Information Security M,0.68756784
97431,Scalable and Reliable Services M,10,95630,Big Data and Cloud Platforms,0.68557378
97466,Digital represention of the Landscape Project,1,70210,Lab-based Course on Computer Graphics,0.78210147
97466,Digital represention of the Landscape Project,2,98618,"""Document Digitization Techniques """,0.75581065
97466,Digital represention of the Landscape Project,3,91254,Image Processing and Computer Vision,0.75003601
97466,Digital represention of the Landscape Project,4,76011,Multimedia Technologies in Archaelogy,0.74291522
97466,Digital represention of the Landscape Project,5,93478,COMPUTER VISION,0.74028628
97466,Digital represention of the Landscape Project,6,B5059,Interaction Media Design,0.73735817
97466,Digital represention of the Landscape Project,7,34991,Project in electronics and telecommunications,0.73342677
97466,Digital represention of the Landscape Project,8,81917,Interaction Multimedia Services,0.73329728
97466,Digital represention of the Landscape Project,9,90749,Computing Education,0.73033084
97466,Digital represention of the Landscape Project,10,28106,Computer Science for Environmental Sciences,0.72939806
97467,Big Data Analytics for Automotive Manufacturing Applications,1,87198,Statistics and Architectures for Big Data Processing M,0.84360622
97467,Big Data Analytics for Automotive Manufacturing Applications,2,91259,Architecture and Platforms for Artificial Intelligence,0.79075338
97467,Big Data Analytics for Automotive Manufacturing Applications,3,B8563,SISTEMI DI ELABORAZIONE ACCELERATA M,0.77620117
97467,Big Data Analytics for Automotive Manufacturing Applications,4,B5782,Algorithms and Data Structures for Computational Biology,0.77196770
97467,Big Data Analytics for Automotive Manufacturing Applications,5,B2133,Big Data Analytics and Text Mining,0.76503010
97467,Big Data Analytics for Automotive Manufacturing Applications,6,90477,Machine Learning Systems For Data Science,0.76240050
97467,Big Data Analytics for Automotive Manufacturing Applications,7,B8105,Computational Management of Data,0.75847048
97467,Big Data Analytics for Automotive Manufacturing Applications,8,95602,Programming and Computer Architectures,0.75734485
97467,Big Data Analytics for Automotive Manufacturing Applications,9,81932,Big Data,0.75617323
97467,Big Data Analytics for Automotive Manufacturing Applications,10,85189,Systems and Algorithms for Data Science,0.75489316
98618,"""Document Digitization Techniques """,1,B0073,ELABORAZIONE DI TESTI E GESTIONE DOCUMENTALE,0.75650811
98618,"""Document Digitization Techniques """,2,97466,Digital represention of the Landscape Project,0.75581065
98618,"""Document Digitization Techniques """,3,90749,Computing Education,0.75136271
98618,"""Document Digitization Techniques """,4,76011,Multimedia Technologies in Archaelogy,0.74570856
98618,"""Document Digitization Techniques """,5,91254,Image Processing and Computer Vision,0.73926119
98618,"""Document Digitization Techniques """,6,B5059,Interaction Media Design,0.73809018
98618,"""Document Digitization Techniques """,7,40720,Data Mining,0.73343228
98618,"""Document Digitization Techniques """,8,27311-A,Humanistic IT,0.73036651
98618,"""Document Digitization Techniques """,9,27311-B,Humanistic IT,0.72973988
98618,"""Document Digitization Techniques """,10,48693-B,Computer Science for Cultural Heritage,0.72718951
98671,Business Analytics,1,30376,Business Intelligence,0.72109821
98671,Business Analytics,2,70155,Data Bases,0.69252239
98671,Business Analytics,3,96793,Information Systems and Database Management,0.69214658
98671,Business Analytics,4,96143,Methods and Models for Data Analytics M,0.68540552
98671,Business Analytics,5,40720,Data Mining,0.68350539
98671,Business Analytics,6,97467,Big Data Analytics for Automotive Manufacturing Applications,0.68078344
98671,Business Analytics,7,95630,Big Data and Cloud Platforms,0.67684262
98671,Business Analytics,8,78778,Intelligent Systems M,0.67637460
98671,Business Analytics,9,95782,Network Analysis,0.67483523
98671,Business Analytics,10,B2133,Big Data Analytics and Text Mining,0.67054751
98735,Python Coding and Data Science,1,85189,Systems and Algorithms for Data Science,0.77898299
98735,Python Coding and Data Science,2,90477,Machine Learning Systems For Data Science,0.76471002
98735,Python Coding and Data Science,3,41588,INTRODUZIONE ALL'ANALISI DEI DATI,0.72856244
98735,Python Coding and Data Science,4,91161,"Networks, Security And Data Bases",0.72496851
98735,Python Coding and Data Science,5,B4826,Informatics for the Humanities,0.72257124
98735,Python Coding and Data Science,6,40720,Data Mining,0.72248138
98735,Python Coding and Data Science,7,95631-A,Machine Learning and Data Mining,0.72161020
98735,Python Coding and Data Science,8,B5782,Algorithms and Data Structures for Computational Biology,0.72090049
98735,Python Coding and Data Science,9,95627,Software Engineering,0.71714727
98735,Python Coding and Data Science,10,07276-B,Computer Science,0.71543439
98931,Fundamentals of Artificial Intelligence,1,91248,Fundamentals of Artificial Intelligence and Knowledge Representation,0.97316639
98931,Fundamentals of Artificial Intelligence,2,B5727,Introduction to Languages for Artificial Intelligence,0.82682563
98931,Fundamentals of Artificial Intelligence,3,90147,Artificial intelligence,0.80796625
98931,Fundamentals of Artificial Intelligence,4,72938,Foundations Of Artificial Intelligence T,0.80788103
98931,Fundamentals of Artificial Intelligence,5,81940,Artificial Intelligence,0.79113214
98931,Fundamentals of Artificial Intelligence,6,91259,Architecture and Platforms for Artificial Intelligence,0.78944789
98931,Fundamentals of Artificial Intelligence,7,91250-B,Deep Learning,0.77895154
98931,Fundamentals of Artificial Intelligence,8,91250-C,Deep Learning,0.77895154
98931,Fundamentals of Artificial Intelligence,9,89988,Elements of Informatics,0.77444662
98931,Fundamentals of Artificial Intelligence,10,00819-A,Programming,0.77296374
99191,"Devices, Circuits and Algorithms for Quantum Computing M",1,B3567,INTRODUCTION TO QUANTUM COMPUTING,0.81732254
99191,"Devices, Circuits and Algorithms for Quantum Computing M",2,93391,Semiconductor Devices and Quantum-Computing M,0.72701398
99191,"Devices, Circuits and Algorithms for Quantum Computing M",3,91259,Architecture and Platforms for Artificial Intelligence,0.72201025
99191,"Devices, Circuits and Algorithms for Quantum Computing M",4,69437,NANOELECTRONICS M,0.72192867
99191,"Devices, Circuits and Algorithms for Quantum Computing M",5,B2361,ELEMENTI DI MACHINE LEARNING E QUANTUM COMPUTING T,0.72045374
99191,"Devices, Circuits and Algorithms for Quantum Computing M",6,B5782,Algorithms and Data Structures for Computational Biology,0.71908820
99191,"Devices, Circuits and Algorithms for Quantum Computing M",7,95602,Programming and Computer Architectures,0.71512713
99191,"Devices, Circuits and Algorithms for Quantum Computing M",8,91161,"Networks, Security And Data Bases",0.71455380
99191,"Devices, Circuits and Algorithms for Quantum Computing M",9,93321,Sensors and Quantum-Computing Devices M,0.71357104
99191,"Devices, Circuits and Algorithms for Quantum Computing M",10,B8105,Computational Management of Data,0.71320527
99192,Highly Reliable and Resilient Electronic Systems M,1,85734,"Test, Diagnosis and Reliability M",0.84567272
99192,Highly Reliable and Resilient Electronic Systems M,2,93395,Reliable Data Processing and Storage for Iintelligent Systems M,0.82403717
99192,Highly Reliable and Resilient Electronic Systems M,3,B2250,Microelectronics M,0.78038056
99192,Highly Reliable and Resilient Electronic Systems M,4,B8378,SENSORI ELETTRONICI INTELLIGENTI LM,0.76190109
99192,Highly Reliable and Resilient Electronic Systems M,5,28651,Electronics T-A,0.75361441
99192,Highly Reliable and Resilient Electronic Systems M,6,69773,Electronic Circuits Design,0.75067616
99192,Highly Reliable and Resilient Electronic Systems M,7,B5722,Embedded Sensors,0.74924153
99192,Highly Reliable and Resilient Electronic Systems M,8,00269,Electronics,0.74781429
99192,Highly Reliable and Resilient Electronic Systems M,9,B8379,TECNOLOGIE MICROELETTRONICHE LM,0.74654066
99192,Highly Reliable and Resilient Electronic Systems M,10,72942,Information Security M,0.74407493
99195,Cyber-Physical Systems Programming M,1,B8019,PROGRAMMING THE INTERNET OF THINGS M,0.70519964
99195,Cyber-Physical Systems Programming M,2,73025,Distributed Systems M,0.69324704
99195,Cyber-Physical Systems Programming M,3,78779,Mobile Systems M,0.68973729
99195,Cyber-Physical Systems Programming M,4,B0009,Advanced Software Modelling and Design,0.68635121
99195,Cyber-Physical Systems Programming M,5,72942,Information Security M,0.68172648
99195,Cyber-Physical Systems Programming M,6,95627,Software Engineering,0.67606807
99195,Cyber-Physical Systems Programming M,7,00819-C,Programming,0.67490200
99195,Cyber-Physical Systems Programming M,8,96859,Embedded Systems and Internet of Things,0.67273953
99195,Cyber-Physical Systems Programming M,9,10907,Electronics of Digital Systems,0.67085728
99195,Cyber-Physical Systems Programming M,10,57828,Informatics,0.67073787
B0009,Advanced Software Modelling and Design,1,95627,Software Engineering,0.75281302
B0009,Advanced Software Modelling and Design,2,B0011,Software Process Engineering,0.73905721
B0009,Advanced Software Modelling and Design,3,81612,Programming and Development paradigms,0.73903034
B0009,Advanced Software Modelling and Design,4,09032,Software Engineering,0.73633360
B0009,Advanced Software Modelling and Design,5,28021,Software Engineering T,0.73580914
B0009,Advanced Software Modelling and Design,6,B1874,Project Management and Software Engineering for Cultural Heritage,0.73332075
B0009,Advanced Software Modelling and Design,7,90749,Computing Education,0.73323157
B0009,Advanced Software Modelling and Design,8,B0010,Software Architecture and Platforms,0.73094795
B0009,Advanced Software Modelling and Design,9,91161,"Networks, Security And Data Bases",0.72780637
B0009,Advanced Software Modelling and Design,10,93669,Intelligent Systems Engineering,0.72636628
B0010,Software Architecture and Platforms,1,95627,Software Engineering,0.75046999
B0010,Software Architecture and Platforms,2,90106-A,Software Engineering,0.74065755
B0010,Software Architecture and Platforms,3,B1874,Project Management and Software Engineering for Cultural Heritage,0.74014674
B0010,Software Architecture and Platforms,4,95602,Programming and Computer Architectures,0.73996948
B0010,Software Architecture and Platforms,5,28021,Software Engineering T,0.73984136
B0010,Software Architecture and Platforms,6,81612,Programming and Development paradigms,0.73928075
B0010,Software Architecture and Platforms,7,09032,Software Engineering,0.73805163
B0010,Software Architecture and Platforms,8,B5474,ARCHITETTURE SOFTWARE A MICROSERVIZI,0.73445756
B0010,Software Architecture and Platforms,9,66858,Software Engineering,0.73141925
B0010,Software Architecture and Platforms,10,B0009,Advanced Software Modelling and Design,0.73094795
B0011,Software Process Engineering,1,95627,Software Engineering,0.81966158
B0011,Software Process Engineering,2,81612,Programming and Development paradigms,0.78476530
B0011,Software Process Engineering,3,09032,Software Engineering,0.77184825
B0011,Software Process Engineering,4,90106-A,Software Engineering,0.75918149
B0011,Software Process Engineering,5,73025,Distributed Systems M,0.75663352
B0011,Software Process Engineering,6,66858,Software Engineering,0.75392546
B0011,Software Process Engineering,7,28021,Software Engineering T,0.75179738
B0011,Software Process Engineering,8,40720,Data Mining,0.75162417
B0011,Software Process Engineering,9,90477,Machine Learning Systems For Data Science,0.75131998
B0011,Software Process Engineering,10,B8563,SISTEMI DI ELABORAZIONE ACCELERATA M,0.74695650
B0061,Computer Methods for Digital Transformation,1,85573,Usability and User Experience,0.66736508
B0061,Computer Methods for Digital Transformation,2,90720,Usability & User Experience Design,0.66335313
B0061,Computer Methods for Digital Transformation,3,91264,User Experience Design,0.65671799
B0061,Computer Methods for Digital Transformation,4,72796,Data Intensive Applications,0.65142357
B0061,Computer Methods for Digital Transformation,5,B8105,Computational Management of Data,0.64974430
B0061,Computer Methods for Digital Transformation,6,10907,Electronics of Digital Systems,0.64697774
B0061,Computer Methods for Digital Transformation,7,09032,Software Engineering,0.64401766
B0061,Computer Methods for Digital Transformation,8,28722,Electronics T-1,0.64338301
B0061,Computer Methods for Digital Transformation,9,88324,System Administration T,0.64304571
B0061,Computer Methods for Digital Transformation,10,98618,"""Document Digitization Techniques """,0.64119275
B0063,Programming Laboratory,1,96346-C,INFORMATICA,0.80059921
B0063,Programming Laboratory,2,95602,Programming and Computer Architectures,0.79690479
B0063,Programming Laboratory,3,16870,Programming Laboratory,0.79343300
B0063,Programming Laboratory,4,37262,Computer Programming,0.79328968
B0063,Programming Laboratory,5,85285,Programming,0.78897142
B0063,Programming Laboratory,6,93333,Programming Lab,0.78467352
B0063,Programming Laboratory,7,B8905,Foundations of Programming,0.77603960
B0063,Programming Laboratory,8,07276-B,Computer Science,0.77563132
B0063,Programming Laboratory,9,00819-A,Programming,0.76529801
B0063,Programming Laboratory,10,11929-A,Algorithm and Data Structures,0.76454204
B0064,Introduction to Data Science and Computational Thinking,1,96346-C,INFORMATICA,0.76211461
B0064,Introduction to Data Science and Computational Thinking,2,95602,Programming and Computer Architectures,0.76132157
B0064,Introduction to Data Science and Computational Thinking,3,07276-B,Computer Science,0.75645379
B0064,Introduction to Data Science and Computational Thinking,4,85189,Systems and Algorithms for Data Science,0.74981119
B0064,Introduction to Data Science and Computational Thinking,5,B5782,Algorithms and Data Structures for Computational Biology,0.74729001
B0064,Introduction to Data Science and Computational Thinking,6,37262,Computer Programming,0.74711442
B0064,Introduction to Data Science and Computational Thinking,7,B2696,"Language, Technology, Research I: Computational Thinking",0.74094082
B0064,Introduction to Data Science and Computational Thinking,8,41588,INTRODUZIONE ALL'ANALISI DEI DATI,0.74075436
B0064,Introduction to Data Science and Computational Thinking,9,09730-A,Principles of Informatics,0.74056086
B0064,Introduction to Data Science and Computational Thinking,10,B4826,Informatics for the Humanities,0.74039070
B0069,Artificial Intelligence for Digital Innovation,1,90147,Artificial intelligence,0.79296583
B0069,Artificial Intelligence for Digital Innovation,2,81940,Artificial Intelligence,0.78589088
B0069,Artificial Intelligence for Digital Innovation,3,72938,Foundations Of Artificial Intelligence T,0.76278672
B0069,Artificial Intelligence for Digital Innovation,4,98931,Fundamentals of Artificial Intelligence,0.75767803
B0069,Artificial Intelligence for Digital Innovation,5,B1873,Machine Learning for Humanities,0.75270209
B0069,Artificial Intelligence for Digital Innovation,6,91248,Fundamentals of Artificial Intelligence and Knowledge Representation,0.75176689
B0069,Artificial Intelligence for Digital Innovation,7,91250-A,DEEP LEARNING,0.75051182
B0069,Artificial Intelligence for Digital Innovation,8,92858,Autonomous and Adaptive Systems M,0.74992001
B0069,Artificial Intelligence for Digital Innovation,9,93319,INTRODUZIONE ALL'APPRENDIMENTO AUTOMATICO,0.74713993
B0069,Artificial Intelligence for Digital Innovation,10,78778,Intelligent Systems M,0.74494269
B0070,METODOLOGIE E TECNICHE DI SIMULAZIONE,1,B5292,Knowledge Engeneering for the Humanities,0.84198816
B0070,METODOLOGIE E TECNICHE DI SIMULAZIONE,2,B1873,Machine Learning for Humanities,0.76111854
B0070,METODOLOGIE E TECNICHE DI SIMULAZIONE,3,91250-A,DEEP LEARNING,0.76049836
B0070,METODOLOGIE E TECNICHE DI SIMULAZIONE,4,85446,Knowledge Representation and Extraction,0.75680644
B0070,METODOLOGIE E TECNICHE DI SIMULAZIONE,5,11929-A,Algorithm and Data Structures,0.74883858
B0070,METODOLOGIE E TECNICHE DI SIMULAZIONE,6,B8929,Computer Studies and Human Sciences,0.74860981
B0070,METODOLOGIE E TECNICHE DI SIMULAZIONE,7,42500,Semantic Web,0.74824284
B0070,METODOLOGIE E TECNICHE DI SIMULAZIONE,8,B5293,Computer Studies and Humanities,0.74726364
B0070,METODOLOGIE E TECNICHE DI SIMULAZIONE,9,91265,Knowledge Engineering,0.74450457
B0070,METODOLOGIE E TECNICHE DI SIMULAZIONE,10,95631-A,Machine Learning and Data Mining,0.74043889
B0073,ELABORAZIONE DI TESTI E GESTIONE DOCUMENTALE,1,85445,Information Modelling and Web Technologies,0.77429369
B0073,ELABORAZIONE DI TESTI E GESTIONE DOCUMENTALE,2,98618,"""Document Digitization Techniques """,0.75650811
B0073,ELABORAZIONE DI TESTI E GESTIONE DOCUMENTALE,3,88566,Web Technology,0.75148999
B0073,ELABORAZIONE DI TESTI E GESTIONE DOCUMENTALE,4,75835,Web Technologies,0.73921812
B0073,ELABORAZIONE DI TESTI E GESTIONE DOCUMENTALE,5,41731-B,Web-related Technologies,0.73602683
B0073,ELABORAZIONE DI TESTI E GESTIONE DOCUMENTALE,6,B2133,Big Data Analytics and Text Mining,0.73517979
B0073,ELABORAZIONE DI TESTI E GESTIONE DOCUMENTALE,7,B8396,Basic IT Skills,0.73177678
B0073,ELABORAZIONE DI TESTI E GESTIONE DOCUMENTALE,8,B0070,METODOLOGIE E TECNICHE DI SIMULAZIONE,0.72786482
B0073,ELABORAZIONE DI TESTI E GESTIONE DOCUMENTALE,9,B8105,Computational Management of Data,0.72562393
B0073,ELABORAZIONE DI TESTI E GESTIONE DOCUMENTALE,10,90749,Computing Education,0.72342932
B0074,PIATTAFORME PER LA TRASFORMAZIONE DIGITALE,1,B1459,"ARTIFICIAL INTELLIGENCE, BLOCKCHAIN E CRIPTOVALUTE NELLO SVILUPPO SOFTWARE",0.92510737
B0074,PIATTAFORME PER LA TRASFORMAZIONE DIGITALE,2,81612,Programming and Development paradigms,0.68193775
B0074,PIATTAFORME PER LA TRASFORMAZIONE DIGITALE,3,91250-A,DEEP LEARNING,0.67779947
B0074,PIATTAFORME PER LA TRASFORMAZIONE DIGITALE,4,90147,Artificial intelligence,0.67574807
B0074,PIATTAFORME PER LA TRASFORMAZIONE DIGITALE,5,95630,Big Data and Cloud Platforms,0.67382372
B0074,PIATTAFORME PER LA TRASFORMAZIONE DIGITALE,6,95965,Artificial Intelligence and Machine Learning for Business,0.67319913
B0074,PIATTAFORME PER LA TRASFORMAZIONE DIGITALE,7,90477,Machine Learning Systems For Data Science,0.67196225
B0074,PIATTAFORME PER LA TRASFORMAZIONE DIGITALE,8,85189,Systems and Algorithms for Data Science,0.67114563
B0074,PIATTAFORME PER LA TRASFORMAZIONE DIGITALE,9,73025,Distributed Systems M,0.66948822
B0074,PIATTAFORME PER LA TRASFORMAZIONE DIGITALE,10,92858,Autonomous and Adaptive Systems M,0.66934307
B0159,Integrated Analog Electronics,1,35148,Electronics for analogic signal processing,0.74411268
B0159,Integrated Analog Electronics,2,81654,Design of Advanced Analog Circuits M,0.73777089
B0159,Integrated Analog Electronics,3,00269,Electronics,0.73341918
B0159,Integrated Analog Electronics,4,73092,Analog Electronic Circuits T-A,0.73233457
B0159,Integrated Analog Electronics,5,34876,Digital Systems Electronics M,0.72969176
B0159,Integrated Analog Electronics,6,28651,Electronics T-A,0.72710632
B0159,Integrated Analog Electronics,7,28724,Electronics T-2,0.71658007
B0159,Integrated Analog Electronics,8,28722,Electronics T-1,0.71164258
B0159,Integrated Analog Electronics,9,B8379,TECNOLOGIE MICROELETTRONICHE LM,0.71142782
B0159,Integrated Analog Electronics,10,37063,Principles of Electronics for Automation T,0.71052887
B0385,Natural Language Processing,1,91258-A,Natural Language Processing,1.00000000
B0385,Natural Language Processing,2,91258-B,Natural Language Processing,0.79991507
B0385,Natural Language Processing,3,91258-C,Natural Language Processing,0.79602094
B0385,Natural Language Processing,4,B1873,Machine Learning for Humanities,0.76482835
B0385,Natural Language Processing,5,40720,Data Mining,0.74783326
B0385,Natural Language Processing,6,B2696,"Language, Technology, Research I: Computational Thinking",0.74216294
B0385,Natural Language Processing,7,95631-A,Machine Learning and Data Mining,0.74039058
B0385,Natural Language Processing,8,91250-B,Deep Learning,0.73907383
B0385,Natural Language Processing,9,91250-C,Deep Learning,0.73907383
B0385,Natural Language Processing,10,91250-A,DEEP LEARNING,0.73025693
B0832,Administration of Systems T,1,88324,System Administration T,0.88370848
B0832,Administration of Systems T,2,B0833,Computer Security Laboratory T,0.79497740
B0832,Administration of Systems T,3,28004-A,Foundations of Informatics T-1,0.78155168
B0832,Administration of Systems T,4,88325,Computer and Network Security Lab T,0.76123674
B0832,Administration of Systems T,5,28024-A,Computer Networks T,0.75660090
B0832,Administration of Systems T,6,28024-B,Computer Networks T,0.75660090
B0832,Administration of Systems T,7,73025,Distributed Systems M,0.74871116
B0832,Administration of Systems T,8,28652,IT Systems T-1,0.74636308
B0832,Administration of Systems T,9,28020-A,Operating Systems T,0.74541623
B0832,Administration of Systems T,10,28020-B,Operating Systems T,0.74541623
B0833,Computer Security Laboratory T,1,88325,Computer and Network Security Lab T,0.88847257
B0833,Computer Security Laboratory T,2,B0832,Administration of Systems T,0.79497740
B0833,Computer Security Laboratory T,3,28024-A,Computer Networks T,0.77930679
B0833,Computer Security Laboratory T,4,28024-B,Computer Networks T,0.77930679
B0833,Computer Security Laboratory T,5,72942,Information Security M,0.77638457
B0833,Computer Security Laboratory T,6,88324,System Administration T,0.77302787
B0833,Computer Security Laboratory T,7,28004-A,Foundations of Informatics T-1,0.74693374
B0833,Computer Security Laboratory T,8,91161,"Networks, Security And Data Bases",0.73732416
B0833,Computer Security Laboratory T,9,28020-A,Operating Systems T,0.73290669
B0833,Computer Security Laboratory T,10,28020-B,Operating Systems T,0.73290669
B1459,"ARTIFICIAL INTELLIGENCE, BLOCKCHAIN E CRIPTOVALUTE NELLO SVILUPPO SOFTWARE",1,B0074,PIATTAFORME PER LA TRASFORMAZIONE DIGITALE,0.92510737
B1459,"ARTIFICIAL INTELLIGENCE, BLOCKCHAIN E CRIPTOVALUTE NELLO SVILUPPO SOFTWARE",2,81612,Programming and Development paradigms,0.69123751
B1459,"ARTIFICIAL INTELLIGENCE, BLOCKCHAIN E CRIPTOVALUTE NELLO SVILUPPO SOFTWARE",3,90147,Artificial intelligence,0.68459736
B1459,"ARTIFICIAL INTELLIGENCE, BLOCKCHAIN E CRIPTOVALUTE NELLO SVILUPPO SOFTWARE",4,90106-A,Software Engineering,0.68073866
B1459,"ARTIFICIAL INTELLIGENCE, BLOCKCHAIN E CRIPTOVALUTE NELLO SVILUPPO SOFTWARE",5,95965,Artificial Intelligence and Machine Learning for Business,0.68003828
B1459,"ARTIFICIAL INTELLIGENCE, BLOCKCHAIN E CRIPTOVALUTE NELLO SVILUPPO SOFTWARE",6,B1874,Project Management and Software Engineering for Cultural Heritage,0.67708642
B1459,"ARTIFICIAL INTELLIGENCE, BLOCKCHAIN E CRIPTOVALUTE NELLO SVILUPPO SOFTWARE",7,00819-C,Programming,0.67482740
B1459,"ARTIFICIAL INTELLIGENCE, BLOCKCHAIN E CRIPTOVALUTE NELLO SVILUPPO SOFTWARE",8,91250-A,DEEP LEARNING,0.67476435
B1459,"ARTIFICIAL INTELLIGENCE, BLOCKCHAIN E CRIPTOVALUTE NELLO SVILUPPO SOFTWARE",9,93669,Intelligent Systems Engineering,0.67024447
B1459,"ARTIFICIAL INTELLIGENCE, BLOCKCHAIN E CRIPTOVALUTE NELLO SVILUPPO SOFTWARE",10,81940,Artificial Intelligence,0.66994290
B1703,Introduction to Programming,1,B8105,Computational Management of Data,0.85552813
B1703,Introduction to Programming,2,00819-A,Programming,0.83793984
B1703,Introduction to Programming,3,00819-E,Programming,0.80406039
B1703,Introduction to Programming,4,28040,Information Technology,0.79644109
B1703,Introduction to Programming,5,B5727,Introduction to Languages for Artificial Intelligence,0.78963311
B1703,Introduction to Programming,6,95602,Programming and Computer Architectures,0.78839592
B1703,Introduction to Programming,7,B5782,Algorithms and Data Structures for Computational Biology,0.78615749
B1703,Introduction to Programming,8,89988,Elements of Informatics,0.78586355
B1703,Introduction to Programming,9,07276-B,Computer Science,0.78240245
B1703,Introduction to Programming,10,96346-C,INFORMATICA,0.77926164
B1873,Machine Learning for Humanities,1,91266,Machine Learning for Computer Vision,0.80437090
B1873,Machine Learning for Humanities,2,91250-A,DEEP LEARNING,0.80174904
B1873,Machine Learning for Humanities,3,90477,Machine Learning Systems For Data Science,0.79655014
B1873,Machine Learning for Humanities,4,91250-B,Deep Learning,0.79600982
B1873,Machine Learning for Humanities,5,91250-C,Deep Learning,0.79600982
B1873,Machine Learning for Humanities,6,85189,Systems and Algorithms for Data Science,0.78880253
B1873,Machine Learning for Humanities,7,90147,Artificial intelligence,0.78366050
B1873,Machine Learning for Humanities,8,B5292,Knowledge Engeneering for the Humanities,0.78090521
B1873,Machine Learning for Humanities,9,95631-A,Machine Learning and Data Mining,0.78046273
B1873,Machine Learning for Humanities,10,91259,Architecture and Platforms for Artificial Intelligence,0.77822095
B1874,Project Management and Software Engineering for Cultural Heritage,1,09032,Software Engineering,0.77565062
B1874,Project Management and Software Engineering for Cultural Heritage,2,95627,Software Engineering,0.75760129
B1874,Project Management and Software Engineering for Cultural Heritage,3,B5079,Digital Humanities and Data Management for Cultural Heritage,0.75334329
B1874,Project Management and Software Engineering for Cultural Heritage,4,48693-A,Computer Science for Cultural Heritage,0.74925343
B1874,Project Management and Software Engineering for Cultural Heritage,5,B0011,Software Process Engineering,0.74495742
B1874,Project Management and Software Engineering for Cultural Heritage,6,B0010,Software Architecture and Platforms,0.74014674
B1874,Project Management and Software Engineering for Cultural Heritage,7,90749,Computing Education,0.74005107
B1874,Project Management and Software Engineering for Cultural Heritage,8,81612,Programming and Development paradigms,0.73873603
B1874,Project Management and Software Engineering for Cultural Heritage,9,90106-A,Software Engineering,0.73842850
B1874,Project Management and Software Engineering for Cultural Heritage,10,B0009,Advanced Software Modelling and Design,0.73332075
B2125,Machine Learning and Data Mining M,1,95631-B,Machine Learning and Data Mining,0.98049378
B2125,Machine Learning and Data Mining M,2,95631-A,Machine Learning and Data Mining,0.82329776
B2125,Machine Learning and Data Mining M,3,40720,Data Mining,0.80299347
B2125,Machine Learning and Data Mining M,4,96143,Methods and Models for Data Analytics M,0.77875577
B2125,Machine Learning and Data Mining M,5,B5782,Algorithms and Data Structures for Computational Biology,0.77765282
B2125,Machine Learning and Data Mining M,6,B2133,Big Data Analytics and Text Mining,0.77174021
B2125,Machine Learning and Data Mining M,7,90477,Machine Learning Systems For Data Science,0.76706737
B2125,Machine Learning and Data Mining M,8,85189,Systems and Algorithms for Data Science,0.76597656
B2125,Machine Learning and Data Mining M,9,91259,Architecture and Platforms for Artificial Intelligence,0.75593573
B2125,Machine Learning and Data Mining M,10,72942,Information Security M,0.74753284
B2133,Big Data Analytics and Text Mining,1,40720,Data Mining,0.80841201
B2133,Big Data Analytics and Text Mining,2,95631-A,Machine Learning and Data Mining,0.80799411
B2133,Big Data Analytics and Text Mining,3,85189,Systems and Algorithms for Data Science,0.79619938
B2133,Big Data Analytics and Text Mining,4,90477,Machine Learning Systems For Data Science,0.78950166
B2133,Big Data Analytics and Text Mining,5,95631-B,Machine Learning and Data Mining,0.78537102
B2133,Big Data Analytics and Text Mining,6,B8105,Computational Management of Data,0.77220340
B2133,Big Data Analytics and Text Mining,7,B2125,Machine Learning and Data Mining M,0.77174021
B2133,Big Data Analytics and Text Mining,8,91258-B,Natural Language Processing,0.77063341
B2133,Big Data Analytics and Text Mining,9,87198,Statistics and Architectures for Big Data Processing M,0.76752505
B2133,Big Data Analytics and Text Mining,10,91250-A,DEEP LEARNING,0.76710852
B2250,Microelectronics M,1,B8379,TECNOLOGIE MICROELETTRONICHE LM,0.79195166
B2250,Microelectronics M,2,99192,Highly Reliable and Resilient Electronic Systems M,0.78038056
B2250,Microelectronics M,3,28651,Electronics T-A,0.77638437
B2250,Microelectronics M,4,B8378,SENSORI ELETTRONICI INTELLIGENTI LM,0.76501709
B2250,Microelectronics M,5,B5722,Embedded Sensors,0.76422300
B2250,Microelectronics M,6,69437,NANOELECTRONICS M,0.76293031
B2250,Microelectronics M,7,93929,Sensors and Nanotechnology,0.75997422
B2250,Microelectronics M,8,93391,Semiconductor Devices and Quantum-Computing M,0.75664544
B2250,Microelectronics M,9,28722,Electronics T-1,0.75363895
B2250,Microelectronics M,10,93321,Sensors and Quantum-Computing Devices M,0.75287893
B2361,ELEMENTI DI MACHINE LEARNING E QUANTUM COMPUTING T,1,85189,Systems and Algorithms for Data Science,0.74931927
B2361,ELEMENTI DI MACHINE LEARNING E QUANTUM COMPUTING T,2,90477,Machine Learning Systems For Data Science,0.74910272
B2361,ELEMENTI DI MACHINE LEARNING E QUANTUM COMPUTING T,3,93319,INTRODUZIONE ALL'APPRENDIMENTO AUTOMATICO,0.73109705
B2361,ELEMENTI DI MACHINE LEARNING E QUANTUM COMPUTING T,4,95602,Programming and Computer Architectures,0.72923793
B2361,ELEMENTI DI MACHINE LEARNING E QUANTUM COMPUTING T,5,91250-A,DEEP LEARNING,0.72645976
B2361,ELEMENTI DI MACHINE LEARNING E QUANTUM COMPUTING T,6,B3567,INTRODUCTION TO QUANTUM COMPUTING,0.72576075
B2361,ELEMENTI DI MACHINE LEARNING E QUANTUM COMPUTING T,7,B5782,Algorithms and Data Structures for Computational Biology,0.72208542
B2361,ELEMENTI DI MACHINE LEARNING E QUANTUM COMPUTING T,8,B5780,Computational Methods for Bioinformatics,0.72079928
B2361,ELEMENTI DI MACHINE LEARNING E QUANTUM COMPUTING T,9,99191,"Devices, Circuits and Algorithms for Quantum Computing M",0.72045374
B2361,ELEMENTI DI MACHINE LEARNING E QUANTUM COMPUTING T,10,96346-C,INFORMATICA,0.71787039
B2696,"Language, Technology, Research I: Computational Thinking",1,B8105,Computational Management of Data,0.75945804
B2696,"Language, Technology, Research I: Computational Thinking",2,37262,Computer Programming,0.75861495
B2696,"Language, Technology, Research I: Computational Thinking",3,B5782,Algorithms and Data Structures for Computational Biology,0.75209139
B2696,"Language, Technology, Research I: Computational Thinking",4,07276-B,Computer Science,0.75026459
B2696,"Language, Technology, Research I: Computational Thinking",5,96346-C,INFORMATICA,0.74902688
B2696,"Language, Technology, Research I: Computational Thinking",6,B4826,Informatics for the Humanities,0.74641304
B2696,"Language, Technology, Research I: Computational Thinking",7,11929-A,Algorithm and Data Structures,0.74286826
B2696,"Language, Technology, Research I: Computational Thinking",8,95602,Programming and Computer Architectures,0.74229976
B2696,"Language, Technology, Research I: Computational Thinking",9,91258-A,Natural Language Processing,0.74216294
B2696,"Language, Technology, Research I: Computational Thinking",10,B0385,Natural Language Processing,0.74216294
B3567,INTRODUCTION TO QUANTUM COMPUTING,1,99191,"Devices, Circuits and Algorithms for Quantum Computing M",0.81732254
B3567,INTRODUCTION TO QUANTUM COMPUTING,2,B1703,Introduction to Programming,0.74889149
B3567,INTRODUCTION TO QUANTUM COMPUTING,3,89988,Elements of Informatics,0.74684240
B3567,INTRODUCTION TO QUANTUM COMPUTING,4,09730-B,Principles of Informatics,0.73852910
B3567,INTRODUCTION TO QUANTUM COMPUTING,5,41169,Theoretical Computer Science,0.73176099
B3567,INTRODUCTION TO QUANTUM COMPUTING,6,15305,Foundations of Informatics A,0.73075058
B3567,INTRODUCTION TO QUANTUM COMPUTING,7,09730-A,Principles of Informatics,0.72959052
B3567,INTRODUCTION TO QUANTUM COMPUTING,8,B5727,Introduction to Languages for Artificial Intelligence,0.72891221
B3567,INTRODUCTION TO QUANTUM COMPUTING,9,00819-A,Programming,0.72790371
B3567,INTRODUCTION TO QUANTUM COMPUTING,10,B5782,Algorithms and Data Structures for Computational Biology,0.72627682
B4826,Informatics for the Humanities,1,57828,Informatics,0.83468682
B4826,Informatics for the Humanities,2,90749,Computing Education,0.80211429
B4826,Informatics for the Humanities,3,75969-B,Basic Informatics,0.78959571
B4826,Informatics for the Humanities,4,75969-A,Basic Informatics,0.78943914
B4826,Informatics for the Humanities,5,28106,Computer Science for Environmental Sciences,0.78218739
B4826,Informatics for the Humanities,6,82202-B,Informatic,0.78064114
B4826,Informatics for the Humanities,7,85189,Systems and Algorithms for Data Science,0.77862848
B4826,Informatics for the Humanities,8,90477,Machine Learning Systems For Data Science,0.77859340
B4826,Informatics for the Humanities,9,07276-B,Computer Science,0.77784591
B4826,Informatics for the Humanities,10,09730-A,Principles of Informatics,0.77750343
B4913,ALGORITMI E STRUTTURE DATI,1,B5782,Algorithms and Data Structures for Computational Biology,0.80303590
B4913,ALGORITMI E STRUTTURE DATI,2,11929-C,Algorithms and Data Structures,0.80254350
B4913,ALGORITMI E STRUTTURE DATI,3,37635,Data Structure and Algorithms,0.80198870
B4913,ALGORITMI E STRUTTURE DATI,4,11929-A,Algorithm and Data Structures,0.76851956
B4913,ALGORITMI E STRUTTURE DATI,5,11929-D,Algorithms and Data Structures,0.75650704
B4913,ALGORITMI E STRUTTURE DATI,6,85189,Systems and Algorithms for Data Science,0.75391253
B4913,ALGORITMI E STRUTTURE DATI,7,87198,Statistics and Architectures for Big Data Processing M,0.74869160
B4913,ALGORITMI E STRUTTURE DATI,8,11929-B,Algorithms and Data Structures,0.74609163
B4913,ALGORITMI E STRUTTURE DATI,9,B8563,SISTEMI DI ELABORAZIONE ACCELERATA M,0.74114886
B4913,ALGORITMI E STRUTTURE DATI,10,90477,Machine Learning Systems For Data Science,0.73972123
B4925,IMMERSIVE TECHNOLOGIES FOR FASHION,1,B4940,DATA SCIENCE FOR FASHION SYSTEM,0.83279348
B4925,IMMERSIVE TECHNOLOGIES FOR FASHION,2,73273,Informatic Tecnologies for Fashion,0.75581761
B4925,IMMERSIVE TECHNOLOGIES FOR FASHION,3,90864,Elements of Computer Technologies for Fashion E-Commerce,0.74341807
B4925,IMMERSIVE TECHNOLOGIES FOR FASHION,4,72796,Data Intensive Applications,0.68525680
B4925,IMMERSIVE TECHNOLOGIES FOR FASHION,5,88566,Web Technology,0.68394993
B4925,IMMERSIVE TECHNOLOGIES FOR FASHION,6,B8019,PROGRAMMING THE INTERNET OF THINGS M,0.68174783
B4925,IMMERSIVE TECHNOLOGIES FOR FASHION,7,85445,Information Modelling and Web Technologies,0.68088049
B4925,IMMERSIVE TECHNOLOGIES FOR FASHION,8,B5722,Embedded Sensors,0.67608301
B4925,IMMERSIVE TECHNOLOGIES FOR FASHION,9,81917,Interaction Multimedia Services,0.67350330
B4925,IMMERSIVE TECHNOLOGIES FOR FASHION,10,84401,Context-Aware Systems,0.67038600
B4940,DATA SCIENCE FOR FASHION SYSTEM,1,B4925,IMMERSIVE TECHNOLOGIES FOR FASHION,0.83279348
B4940,DATA SCIENCE FOR FASHION SYSTEM,2,72796,Data Intensive Applications,0.71187112
B4940,DATA SCIENCE FOR FASHION SYSTEM,3,73273,Informatic Tecnologies for Fashion,0.71051717
B4940,DATA SCIENCE FOR FASHION SYSTEM,4,90864,Elements of Computer Technologies for Fashion E-Commerce,0.70155308
B4940,DATA SCIENCE FOR FASHION SYSTEM,5,90477,Machine Learning Systems For Data Science,0.69694646
B4940,DATA SCIENCE FOR FASHION SYSTEM,6,11929-A,Algorithm and Data Structures,0.69467758
B4940,DATA SCIENCE FOR FASHION SYSTEM,7,85189,Systems and Algorithms for Data Science,0.69397683
B4940,DATA SCIENCE FOR FASHION SYSTEM,8,90749,Computing Education,0.69188615
B4940,DATA SCIENCE FOR FASHION SYSTEM,9,95965,Artificial Intelligence and Machine Learning for Business,0.68342522
B4940,DATA SCIENCE FOR FASHION SYSTEM,10,40720,Data Mining,0.68255035
B4948,Cognitive Sematics for Artificial Intelligence,1,B8836,Universal Semantics,0.72719047
B4948,Cognitive Sematics for Artificial Intelligence,2,90147,Artificial intelligence,0.72197697
B4948,Cognitive Sematics for Artificial Intelligence,3,42500,Semantic Web,0.71520416
B4948,Cognitive Sematics for Artificial Intelligence,4,87898,Methods and Technologies for Interpreting,0.68885129
B4948,Cognitive Sematics for Artificial Intelligence,5,85446,Knowledge Representation and Extraction,0.68438565
B4948,Cognitive Sematics for Artificial Intelligence,6,B1873,Machine Learning for Humanities,0.68300860
B4948,Cognitive Sematics for Artificial Intelligence,7,B0069,Artificial Intelligence for Digital Innovation,0.67800470
B4948,Cognitive Sematics for Artificial Intelligence,8,B5782,Algorithms and Data Structures for Computational Biology,0.67791247
B4948,Cognitive Sematics for Artificial Intelligence,9,91258-B,Natural Language Processing,0.67753416
B4948,Cognitive Sematics for Artificial Intelligence,10,11929-A,Algorithm and Data Structures,0.67737338
B5026,Introduction to Computability and Complexity,1,B5727,Introduction to Languages for Artificial Intelligence,0.76797895
B5026,Introduction to Computability and Complexity,2,B1703,Introduction to Programming,0.74237431
B5026,Introduction to Computability and Complexity,3,B5782,Algorithms and Data Structures for Computational Biology,0.74178129
B5026,Introduction to Computability and Complexity,4,28623,Foundations of Informatics and Laboratory,0.73647979
B5026,Introduction to Computability and Complexity,5,00819-A,Programming,0.73537646
B5026,Introduction to Computability and Complexity,6,95602,Programming and Computer Architectures,0.72799930
B5026,Introduction to Computability and Complexity,7,41169,Theoretical Computer Science,0.72428821
B5026,Introduction to Computability and Complexity,8,90147,Artificial intelligence,0.72178450
B5026,Introduction to Computability and Complexity,9,11929-A,Algorithm and Data Structures,0.72076194
B5026,Introduction to Computability and Complexity,10,96346-C,INFORMATICA,0.72007801
B5059,Interaction Media Design,1,81917,Interaction Multimedia Services,0.76569512
B5059,Interaction Media Design,2,76011,Multimedia Technologies in Archaelogy,0.75198451
B5059,Interaction Media Design,3,90749,Computing Education,0.74432613
B5059,Interaction Media Design,4,98618,"""Document Digitization Techniques """,0.73809018
B5059,Interaction Media Design,5,97466,Digital represention of the Landscape Project,0.73735817
B5059,Interaction Media Design,6,B1873,Machine Learning for Humanities,0.73410557
B5059,Interaction Media Design,7,91264,User Experience Design,0.73351956
B5059,Interaction Media Design,8,90730,Social Network Analysis,0.73330909
B5059,Interaction Media Design,9,B5079,Digital Humanities and Data Management for Cultural Heritage,0.72964063
B5059,Interaction Media Design,10,27311-B,Humanistic IT,0.72868723
B5079,Digital Humanities and Data Management for Cultural Heritage,1,48693-A,Computer Science for Cultural Heritage,0.86297113
B5079,Digital Humanities and Data Management for Cultural Heritage,2,27311-B,Humanistic IT,0.77545870
B5079,Digital Humanities and Data Management for Cultural Heritage,3,B1873,Machine Learning for Humanities,0.75621157
B5079,Digital Humanities and Data Management for Cultural Heritage,4,B1874,Project Management and Software Engineering for Cultural Heritage,0.75334329
B5079,Digital Humanities and Data Management for Cultural Heritage,5,27311-A,Humanistic IT,0.73957303
B5079,Digital Humanities and Data Management for Cultural Heritage,6,76011,Multimedia Technologies in Archaelogy,0.73511176
B5079,Digital Humanities and Data Management for Cultural Heritage,7,B4826,Informatics for the Humanities,0.73460594
B5079,Digital Humanities and Data Management for Cultural Heritage,8,B5059,Interaction Media Design,0.72964063
B5079,Digital Humanities and Data Management for Cultural Heritage,9,B8105,Computational Management of Data,0.71668615
B5079,Digital Humanities and Data Management for Cultural Heritage,10,98618,"""Document Digitization Techniques """,0.70980540
B5292,Knowledge Engeneering for the Humanities,1,B0070,METODOLOGIE E TECNICHE DI SIMULAZIONE,0.84198816
B5292,Knowledge Engeneering for the Humanities,2,91265,Knowledge Engineering,0.80906167
B5292,Knowledge Engeneering for the Humanities,3,B1873,Machine Learning for Humanities,0.78090521
B5292,Knowledge Engeneering for the Humanities,4,B4826,Informatics for the Humanities,0.77338878
B5292,Knowledge Engeneering for the Humanities,5,42500,Semantic Web,0.75011772
B5292,Knowledge Engeneering for the Humanities,6,40720,Data Mining,0.74740949
B5292,Knowledge Engeneering for the Humanities,7,91250-A,DEEP LEARNING,0.74617490
B5292,Knowledge Engeneering for the Humanities,8,91248,Fundamentals of Artificial Intelligence and Knowledge Representation,0.74400040
B5292,Knowledge Engeneering for the Humanities,9,91250-B,Deep Learning,0.74106164
B5292,Knowledge Engeneering for the Humanities,10,91250-C,Deep Learning,0.74106164
B5293,Computer Studies and Humanities,1,B8929,Computer Studies and Human Sciences,0.98881372
B5293,Computer Studies and Humanities,2,B4826,Informatics for the Humanities,0.75320702
B5293,Computer Studies and Humanities,3,B0070,METODOLOGIE E TECNICHE DI SIMULAZIONE,0.74726364
B5293,Computer Studies and Humanities,4,B9254,Basic IT Skills,0.73806969
B5293,Computer Studies and Humanities,5,11929-A,Algorithm and Data Structures,0.73630605
B5293,Computer Studies and Humanities,6,72940,Computational Models And Languages M,0.73595511
B5293,Computer Studies and Humanities,7,B1873,Machine Learning for Humanities,0.73314842
B5293,Computer Studies and Humanities,8,27311-B,Humanistic IT,0.73206297
B5293,Computer Studies and Humanities,9,90749,Computing Education,0.73105856
B5293,Computer Studies and Humanities,10,93034-C,Foundations of Computer Science T,0.73053098
B5474,ARCHITETTURE SOFTWARE A MICROSERVIZI,1,95627,Software Engineering,0.73865970
B5474,ARCHITETTURE SOFTWARE A MICROSERVIZI,2,B0010,Software Architecture and Platforms,0.73445756
B5474,ARCHITETTURE SOFTWARE A MICROSERVIZI,3,84531,Infrastructures For Cloud Computing and Big Data M,0.72335155
B5474,ARCHITETTURE SOFTWARE A MICROSERVIZI,4,78779,Mobile Systems M,0.72191545
B5474,ARCHITETTURE SOFTWARE A MICROSERVIZI,5,28024-A,Computer Networks T,0.71896932
B5474,ARCHITETTURE SOFTWARE A MICROSERVIZI,6,28024-B,Computer Networks T,0.71896932
B5474,ARCHITETTURE SOFTWARE A MICROSERVIZI,7,72942,Information Security M,0.71762577
B5474,ARCHITETTURE SOFTWARE A MICROSERVIZI,8,84401,Context-Aware Systems,0.71712770
B5474,ARCHITETTURE SOFTWARE A MICROSERVIZI,9,91259,Architecture and Platforms for Artificial Intelligence,0.71626861
B5474,ARCHITETTURE SOFTWARE A MICROSERVIZI,10,73025,Distributed Systems M,0.71282299
B5665,Real Time Systems and Programming for Automation M,1,78810,Real Time Systems for Automation M,0.97743032
B5665,Real Time Systems and Programming for Automation M,2,95631-A,Machine Learning and Data Mining,0.77574255
B5665,Real Time Systems and Programming for Automation M,3,B1703,Introduction to Programming,0.77525806
B5665,Real Time Systems and Programming for Automation M,4,85189,Systems and Algorithms for Data Science,0.76807100
B5665,Real Time Systems and Programming for Automation M,5,90477,Machine Learning Systems For Data Science,0.76677833
B5665,Real Time Systems and Programming for Automation M,6,B8105,Computational Management of Data,0.76523832
B5665,Real Time Systems and Programming for Automation M,7,00819-A,Programming,0.76410284
B5665,Real Time Systems and Programming for Automation M,8,95602,Programming and Computer Architectures,0.76398399
B5665,Real Time Systems and Programming for Automation M,9,88324,System Administration T,0.75826375
B5665,Real Time Systems and Programming for Automation M,10,73025,Distributed Systems M,0.75563077
B5674,Management of Digital Media,1,B5059,Interaction Media Design,0.68178408
B5674,Management of Digital Media,2,98618,"""Document Digitization Techniques """,0.67331430
B5674,Management of Digital Media,3,B5079,Digital Humanities and Data Management for Cultural Heritage,0.66715162
B5674,Management of Digital Media,4,93379,Digital Culture,0.66022325
B5674,Management of Digital Media,5,81917,Interaction Multimedia Services,0.65819154
B5674,Management of Digital Media,6,77933,Multimedia Data Management M,0.64938393
B5674,Management of Digital Media,7,76011,Multimedia Technologies in Archaelogy,0.64839175
B5674,Management of Digital Media,8,B0073,ELABORAZIONE DI TESTI E GESTIONE DOCUMENTALE,0.64801949
B5674,Management of Digital Media,9,91269,Multimedia Data Management,0.64668100
B5674,Management of Digital Media,10,72942,Information Security M,0.64553969
B5722,Embedded Sensors,1,93929,Sensors and Nanotechnology,0.89645303
B5722,Embedded Sensors,2,B8378,SENSORI ELETTRONICI INTELLIGENTI LM,0.88436534
B5722,Embedded Sensors,3,69773,Electronic Circuits Design,0.78734251
B5722,Embedded Sensors,4,00269,Electronics,0.77810337
B5722,Embedded Sensors,5,34991,Project in electronics and telecommunications,0.77721327
B5722,Embedded Sensors,6,B8379,TECNOLOGIE MICROELETTRONICHE LM,0.77652316
B5722,Embedded Sensors,7,10907,Electronics of Digital Systems,0.77385986
B5722,Embedded Sensors,8,94272,Electronic Systems,0.77346506
B5722,Embedded Sensors,9,91411,Intelligent Robotic Systems,0.77006006
B5722,Embedded Sensors,10,96859,Embedded Systems and Internet of Things,0.76703509
B5727,Introduction to Languages for Artificial Intelligence,1,98931,Fundamentals of Artificial Intelligence,0.82682563
B5727,Introduction to Languages for Artificial Intelligence,2,91248,Fundamentals of Artificial Intelligence and Knowledge Representation,0.81858732
B5727,Introduction to Languages for Artificial Intelligence,3,89988,Elements of Informatics,0.78979092
B5727,Introduction to Languages for Artificial Intelligence,4,B1703,Introduction to Programming,0.78963311
B5727,Introduction to Languages for Artificial Intelligence,5,91259,Architecture and Platforms for Artificial Intelligence,0.78740273
B5727,Introduction to Languages for Artificial Intelligence,6,85189,Systems and Algorithms for Data Science,0.78020453
B5727,Introduction to Languages for Artificial Intelligence,7,90477,Machine Learning Systems For Data Science,0.77842357
B5727,Introduction to Languages for Artificial Intelligence,8,00819-A,Programming,0.77698378
B5727,Introduction to Languages for Artificial Intelligence,9,78778,Intelligent Systems M,0.77482698
B5727,Introduction to Languages for Artificial Intelligence,10,81609,"Languages, Compilers and Computational Models",0.77078676
B5780,Computational Methods for Bioinformatics,1,85189,Systems and Algorithms for Data Science,0.76970222
B5780,Computational Methods for Bioinformatics,2,90477,Machine Learning Systems For Data Science,0.76816877
B5780,Computational Methods for Bioinformatics,3,B5782,Algorithms and Data Structures for Computational Biology,0.76575390
B5780,Computational Methods for Bioinformatics,4,96346-C,INFORMATICA,0.76460456
B5780,Computational Methods for Bioinformatics,5,95602,Programming and Computer Architectures,0.76332529
B5780,Computational Methods for Bioinformatics,6,B8105,Computational Management of Data,0.75867163
B5780,Computational Methods for Bioinformatics,7,89988,Elements of Informatics,0.75107424
B5780,Computational Methods for Bioinformatics,8,41588,INTRODUZIONE ALL'ANALISI DEI DATI,0.75066303
B5780,Computational Methods for Bioinformatics,9,11929-A,Algorithm and Data Structures,0.74929900
B5780,Computational Methods for Bioinformatics,10,B0063,Programming Laboratory,0.74695308
B5782,Algorithms and Data Structures for Computational Biology,1,11929-A,Algorithm and Data Structures,0.86529419
B5782,Algorithms and Data Structures for Computational Biology,2,11929-C,Algorithms and Data Structures,0.82894906
B5782,Algorithms and Data Structures for Computational Biology,3,85301,Algorithms and Data Structures in Biology,0.82823057
B5782,Algorithms and Data Structures for Computational Biology,4,37635,Data Structure and Algorithms,0.82561323
B5782,Algorithms and Data Structures for Computational Biology,5,B8105,Computational Management of Data,0.82025878
B5782,Algorithms and Data Structures for Computational Biology,6,11929-D,Algorithms and Data Structures,0.80804237
B5782,Algorithms and Data Structures for Computational Biology,7,95602,Programming and Computer Architectures,0.80506737
B5782,Algorithms and Data Structures for Computational Biology,8,85189,Systems and Algorithms for Data Science,0.80491127
B5782,Algorithms and Data Structures for Computational Biology,9,B4913,ALGORITMI E STRUTTURE DATI,0.80303590
B5782,Algorithms and Data Structures for Computational Biology,10,07276-B,Computer Science,0.79833002
B5793,Cybersecurity M,1,93470-B,Cybersecurity,0.86814977
B5793,Cybersecurity M,2,B5812,Cybersecurity Governance,0.81482609
B5793,Cybersecurity M,3,72942,Information Security M,0.76475962
B5793,Cybersecurity M,4,93470-A,Cybersecurity,0.75944835
B5793,Cybersecurity M,5,88325,Computer and Network Security Lab T,0.74999608
B5793,Cybersecurity M,6,73025,Distributed Systems M,0.73030628
B5793,Cybersecurity M,7,97431,Scalable and Reliable Services M,0.72098057
B5793,Cybersecurity M,8,B5796,Scalable and Reliable Services M,0.72098057
B5793,Cybersecurity M,9,B0833,Computer Security Laboratory T,0.71917776
B5793,Cybersecurity M,10,91161,"Networks, Security And Data Bases",0.71235890
B5796,Scalable and Reliable Services M,1,97431,Scalable and Reliable Services M,1.00000000
B5796,Scalable and Reliable Services M,2,73025,Distributed Systems M,0.72286254
B5796,Scalable and Reliable Services M,3,B5793,Cybersecurity M,0.72098057
B5796,Scalable and Reliable Services M,4,78779,Mobile Systems M,0.71680343
B5796,Scalable and Reliable Services M,5,81917,Interaction Multimedia Services,0.71593401
B5796,Scalable and Reliable Services M,6,93395,Reliable Data Processing and Storage for Iintelligent Systems M,0.70612003
B5796,Scalable and Reliable Services M,7,99192,Highly Reliable and Resilient Electronic Systems M,0.68904508
B5796,Scalable and Reliable Services M,8,95627,Software Engineering,0.68898252
B5796,Scalable and Reliable Services M,9,72942,Information Security M,0.68756784
B5796,Scalable and Reliable Services M,10,95630,Big Data and Cloud Platforms,0.68557378
B5812,Cybersecurity Governance,1,B5793,Cybersecurity M,0.81482609
B5812,Cybersecurity Governance,2,93470-B,Cybersecurity,0.79357842
B5812,Cybersecurity Governance,3,93470-A,Cybersecurity,0.74882090
B5812,Cybersecurity Governance,4,88325,Computer and Network Security Lab T,0.74579327
B5812,Cybersecurity Governance,5,72942,Information Security M,0.74169406
B5812,Cybersecurity Governance,6,91161,"Networks, Security And Data Bases",0.73229076
B5812,Cybersecurity Governance,7,90749,Computing Education,0.73085465
B5812,Cybersecurity Governance,8,B0833,Computer Security Laboratory T,0.72604447
B5812,Cybersecurity Governance,9,88324,System Administration T,0.71560688
B5812,Cybersecurity Governance,10,73025,Distributed Systems M,0.71186388
B6082,Technology-Assisted Interpreting I,1,87901,Methods and Advanced Technologies for Interpreting,0.86342133
B6082,Technology-Assisted Interpreting I,2,87898,Methods and Technologies for Interpreting,0.79951471
B6082,Technology-Assisted Interpreting I,3,B8536-A,"Computer-Aided Human Translation: CAT, MT and AI",0.75201125
B6082,Technology-Assisted Interpreting I,4,B8536-B,"Computer-Aided Human Translation: CAT, MT and AI",0.75201125
B6082,Technology-Assisted Interpreting I,5,B8536-C,"Computer-Aided Human Translation: CAT, MT and AI",0.75201125
B6082,Technology-Assisted Interpreting I,6,40720,Data Mining,0.73566330
B6082,Technology-Assisted Interpreting I,7,B8603,Machine Translation and Artificial Intelligence for Language Services,0.72705584
B6082,Technology-Assisted Interpreting I,8,B1703,Introduction to Programming,0.72427066
B6082,Technology-Assisted Interpreting I,9,B2133,Big Data Analytics and Text Mining,0.72417637
B6082,Technology-Assisted Interpreting I,10,B2696,"Language, Technology, Research I: Computational Thinking",0.72360119
B8018,DIGITAL HEALTH M,1,B8019,PROGRAMMING THE INTERNET OF THINGS M,0.74028264
B8018,DIGITAL HEALTH M,2,77933,Multimedia Data Management M,0.71368295
B8018,DIGITAL HEALTH M,3,78096,Multimedia Data Management M,0.70211568
B8018,DIGITAL HEALTH M,4,73025,Distributed Systems M,0.69935649
B8018,DIGITAL HEALTH M,5,78779,Mobile Systems M,0.69930179
B8018,DIGITAL HEALTH M,6,B5079,Digital Humanities and Data Management for Cultural Heritage,0.69621195
B8018,DIGITAL HEALTH M,7,90749,Computing Education,0.69235969
B8018,DIGITAL HEALTH M,8,91250-A,DEEP LEARNING,0.69183286
B8018,DIGITAL HEALTH M,9,91269,Multimedia Data Management,0.69144108
B8018,DIGITAL HEALTH M,10,95639,Industry 4.0,0.68943080
B8019,PROGRAMMING THE INTERNET OF THINGS M,1,81683,Internet of Things,0.78785588
B8019,PROGRAMMING THE INTERNET OF THINGS M,2,93653,Iot And Big Data For Smart Agricultural Systems,0.74744881
B8019,PROGRAMMING THE INTERNET OF THINGS M,3,B8018,DIGITAL HEALTH M,0.74028264
B8019,PROGRAMMING THE INTERNET OF THINGS M,4,96859,Embedded Systems and Internet of Things,0.73967925
B8019,PROGRAMMING THE INTERNET OF THINGS M,5,B1703,Introduction to Programming,0.73051124
B8019,PROGRAMMING THE INTERNET OF THINGS M,6,95639,Industry 4.0,0.72393775
B8019,PROGRAMMING THE INTERNET OF THINGS M,7,73025,Distributed Systems M,0.72180720
B8019,PROGRAMMING THE INTERNET OF THINGS M,8,78779,Mobile Systems M,0.72090713
B8019,PROGRAMMING THE INTERNET OF THINGS M,9,B8105,Computational Management of Data,0.71818327
B8019,PROGRAMMING THE INTERNET OF THINGS M,10,93398,Architectures for Artificial Intelligence M,0.71467659
B8105,Computational Management of Data,1,B1703,Introduction to Programming,0.85552813
B8105,Computational Management of Data,2,B5782,Algorithms and Data Structures for Computational Biology,0.82025878
B8105,Computational Management of Data,3,11929-A,Algorithm and Data Structures,0.79847135
B8105,Computational Management of Data,4,72796,Data Intensive Applications,0.78723793
B8105,Computational Management of Data,5,95602,Programming and Computer Architectures,0.78202483
B8105,Computational Management of Data,6,00819-A,Programming,0.78044555
B8105,Computational Management of Data,7,85189,Systems and Algorithms for Data Science,0.77879094
B8105,Computational Management of Data,8,90477,Machine Learning Systems For Data Science,0.77700085
B8105,Computational Management of Data,9,40720,Data Mining,0.77434501
B8105,Computational Management of Data,10,07276-B,Computer Science,0.77429568
B8159,INFORMATICA,1,96346-C,INFORMATICA,0.81859896
B8159,INFORMATICA,2,57828,Informatics,0.80202810
B8159,INFORMATICA,3,96793,Information Systems and Database Management,0.79272701
B8159,INFORMATICA,4,70155,Data Bases,0.78888204
B8159,INFORMATICA,5,07276-F,INFORMATICA,0.78801572
B8159,INFORMATICA,6,09730-A,Principles of Informatics,0.77824852
B8159,INFORMATICA,7,60348,Informatics,0.77821760
B8159,INFORMATICA,8,40720,Data Mining,0.77634252
B8159,INFORMATICA,9,B4826,Informatics for the Humanities,0.77216170
B8159,INFORMATICA,10,15305,Foundations of Informatics A,0.77158070
B8309,STATISTICA E MACHINE LEARNING PER L'ELABORAZIONE DEI SEGNALI M,1,B8310,STATISTICS AND MACHINE LEARNING FOR SIGNAL PROCESSING M,0.79192109
B8309,STATISTICA E MACHINE LEARNING PER L'ELABORAZIONE DEI SEGNALI M,2,69661,Image Processing And Computer Vision M,0.71433722
B8309,STATISTICA E MACHINE LEARNING PER L'ELABORAZIONE DEI SEGNALI M,3,93319,INTRODUZIONE ALL'APPRENDIMENTO AUTOMATICO,0.71020007
B8309,STATISTICA E MACHINE LEARNING PER L'ELABORAZIONE DEI SEGNALI M,4,35424,Time-Frequency and Multirate Signal Processing M,0.70052662
B8309,STATISTICA E MACHINE LEARNING PER L'ELABORAZIONE DEI SEGNALI M,5,73302,Computer Vision And Image Processing M,0.69310991
B8309,STATISTICA E MACHINE LEARNING PER L'ELABORAZIONE DEI SEGNALI M,6,91250-A,DEEP LEARNING,0.68721165
B8309,STATISTICA E MACHINE LEARNING PER L'ELABORAZIONE DEI SEGNALI M,7,87198,Statistics and Architectures for Big Data Processing M,0.68294622
B8309,STATISTICA E MACHINE LEARNING PER L'ELABORAZIONE DEI SEGNALI M,8,B0069,Artificial Intelligence for Digital Innovation,0.68150514
B8309,STATISTICA E MACHINE LEARNING PER L'ELABORAZIONE DEI SEGNALI M,9,90477,Machine Learning Systems For Data Science,0.67948013
B8309,STATISTICA E MACHINE LEARNING PER L'ELABORAZIONE DEI SEGNALI M,10,91258-B,Natural Language Processing,0.67670392
B8310,STATISTICS AND MACHINE LEARNING FOR SIGNAL PROCESSING M,1,B8309,STATISTICA E MACHINE LEARNING PER L'ELABORAZIONE DEI SEGNALI M,0.79192109
B8310,STATISTICS AND MACHINE LEARNING FOR SIGNAL PROCESSING M,2,35424,Time-Frequency and Multirate Signal Processing M,0.75750585
B8310,STATISTICS AND MACHINE LEARNING FOR SIGNAL PROCESSING M,3,35364,Digital Architectures for Signal Processing M,0.74206441
B8310,STATISTICS AND MACHINE LEARNING FOR SIGNAL PROCESSING M,4,90477,Machine Learning Systems For Data Science,0.72883477
B8310,STATISTICS AND MACHINE LEARNING FOR SIGNAL PROCESSING M,5,91258-B,Natural Language Processing,0.72390932
B8310,STATISTICS AND MACHINE LEARNING FOR SIGNAL PROCESSING M,6,85189,Systems and Algorithms for Data Science,0.72192900
B8310,STATISTICS AND MACHINE LEARNING FOR SIGNAL PROCESSING M,7,91161,"Networks, Security And Data Bases",0.72160304
B8310,STATISTICS AND MACHINE LEARNING FOR SIGNAL PROCESSING M,8,91762,Combinatorial Decision Making and Optimization,0.72016047
B8310,STATISTICS AND MACHINE LEARNING FOR SIGNAL PROCESSING M,9,91250-A,DEEP LEARNING,0.71864099
B8310,STATISTICS AND MACHINE LEARNING FOR SIGNAL PROCESSING M,10,95631-A,Machine Learning and Data Mining,0.71775647
B8311,SECURITY OF DATA AND NEURAL PROCESSING M,1,90392,Elements of Applied Data Security M,0.95542297
B8311,SECURITY OF DATA AND NEURAL PROCESSING M,2,72942,Information Security M,0.75281954
B8311,SECURITY OF DATA AND NEURAL PROCESSING M,3,93466,FONDAMENTI DI CYBERSECURITY,0.73941302
B8311,SECURITY OF DATA AND NEURAL PROCESSING M,4,93470-A,Cybersecurity,0.71302931
B8311,SECURITY OF DATA AND NEURAL PROCESSING M,5,91161,"Networks, Security And Data Bases",0.70913319
B8311,SECURITY OF DATA AND NEURAL PROCESSING M,6,14015,Cryptography,0.70563625
B8311,SECURITY OF DATA AND NEURAL PROCESSING M,7,88325,Computer and Network Security Lab T,0.69900830
B8311,SECURITY OF DATA AND NEURAL PROCESSING M,8,B0833,Computer Security Laboratory T,0.69632877
B8311,SECURITY OF DATA AND NEURAL PROCESSING M,9,93467,Cryptography,0.69595125
B8311,SECURITY OF DATA AND NEURAL PROCESSING M,10,B5782,Algorithms and Data Structures for Computational Biology,0.69527349
B8378,SENSORI ELETTRONICI INTELLIGENTI LM,1,B5722,Embedded Sensors,0.88436534
B8378,SENSORI ELETTRONICI INTELLIGENTI LM,2,93929,Sensors and Nanotechnology,0.84312267
B8378,SENSORI ELETTRONICI INTELLIGENTI LM,3,B8379,TECNOLOGIE MICROELETTRONICHE LM,0.77415485
B8378,SENSORI ELETTRONICI INTELLIGENTI LM,4,B2250,Microelectronics M,0.76501709
B8378,SENSORI ELETTRONICI INTELLIGENTI LM,5,69773,Electronic Circuits Design,0.76484097
B8378,SENSORI ELETTRONICI INTELLIGENTI LM,6,99192,Highly Reliable and Resilient Electronic Systems M,0.76190109
B8378,SENSORI ELETTRONICI INTELLIGENTI LM,7,10907,Electronics of Digital Systems,0.76044715
B8378,SENSORI ELETTRONICI INTELLIGENTI LM,8,93395,Reliable Data Processing and Storage for Iintelligent Systems M,0.75947828
B8378,SENSORI ELETTRONICI INTELLIGENTI LM,9,28651,Electronics T-A,0.75325862
B8378,SENSORI ELETTRONICI INTELLIGENTI LM,10,94272,Electronic Systems,0.75297561
B8379,TECNOLOGIE MICROELETTRONICHE LM,1,B8390,DISPOSITIVI E CIRCUITI INTEGRATI DI POTENZA LM,0.79518137
B8379,TECNOLOGIE MICROELETTRONICHE LM,2,B2250,Microelectronics M,0.79195166
B8379,TECNOLOGIE MICROELETTRONICHE LM,3,93929,Sensors and Nanotechnology,0.78636368
B8379,TECNOLOGIE MICROELETTRONICHE LM,4,28651,Electronics T-A,0.77803851
B8379,TECNOLOGIE MICROELETTRONICHE LM,5,B5722,Embedded Sensors,0.77652316
B8379,TECNOLOGIE MICROELETTRONICHE LM,6,00269,Electronics,0.77481741
B8379,TECNOLOGIE MICROELETTRONICHE LM,7,B8378,SENSORI ELETTRONICI INTELLIGENTI LM,0.77415485
B8379,TECNOLOGIE MICROELETTRONICHE LM,8,94247,Laboratory on Power Electronics,0.76461481
B8379,TECNOLOGIE MICROELETTRONICHE LM,9,69773,Electronic Circuits Design,0.76038894
B8379,TECNOLOGIE MICROELETTRONICHE LM,10,37063,Principles of Electronics for Automation T,0.75997501
B8390,DISPOSITIVI E CIRCUITI INTEGRATI DI POTENZA LM,1,B8379,TECNOLOGIE MICROELETTRONICHE LM,0.79518137
B8390,DISPOSITIVI E CIRCUITI INTEGRATI DI POTENZA LM,2,94247,Laboratory on Power Electronics,0.74656711
B8390,DISPOSITIVI E CIRCUITI INTEGRATI DI POTENZA LM,3,B8378,SENSORI ELETTRONICI INTELLIGENTI LM,0.73097233
B8390,DISPOSITIVI E CIRCUITI INTEGRATI DI POTENZA LM,4,B5722,Embedded Sensors,0.72997750
B8390,DISPOSITIVI E CIRCUITI INTEGRATI DI POTENZA LM,5,B2250,Microelectronics M,0.72621683
B8390,DISPOSITIVI E CIRCUITI INTEGRATI DI POTENZA LM,6,93929,Sensors and Nanotechnology,0.72585338
B8390,DISPOSITIVI E CIRCUITI INTEGRATI DI POTENZA LM,7,99192,Highly Reliable and Resilient Electronic Systems M,0.71808785
B8390,DISPOSITIVI E CIRCUITI INTEGRATI DI POTENZA LM,8,00269,Electronics,0.71299809
B8390,DISPOSITIVI E CIRCUITI INTEGRATI DI POTENZA LM,9,69773,Electronic Circuits Design,0.71189794
B8390,DISPOSITIVI E CIRCUITI INTEGRATI DI POTENZA LM,10,B8563,SISTEMI DI ELABORAZIONE ACCELERATA M,0.71162657
B8396,Basic IT Skills,1,B9254,Basic IT Skills,0.83613768
B8396,Basic IT Skills,2,75969-B,Basic Informatics,0.78264267
B8396,Basic IT Skills,3,75969-A,Basic Informatics,0.78211079
B8396,Basic IT Skills,4,85445,Information Modelling and Web Technologies,0.75521999
B8396,Basic IT Skills,5,88566,Web Technology,0.75396429
B8396,Basic IT Skills,6,B1703,Introduction to Programming,0.74904978
B8396,Basic IT Skills,7,B4826,Informatics for the Humanities,0.74648035
B8396,Basic IT Skills,8,B8105,Computational Management of Data,0.74584834
B8396,Basic IT Skills,9,B0073,ELABORAZIONE DI TESTI E GESTIONE DOCUMENTALE,0.73177678
B8396,Basic IT Skills,10,39176-A,Basic and Laboratory Informatics,0.73028504
B8536-A,"Computer-Aided Human Translation: CAT, MT and AI",1,B8536-B,"Computer-Aided Human Translation: CAT, MT and AI",1.00000000
B8536-A,"Computer-Aided Human Translation: CAT, MT and AI",2,B8536-C,"Computer-Aided Human Translation: CAT, MT and AI",1.00000000
B8536-A,"Computer-Aided Human Translation: CAT, MT and AI",3,B8603,Machine Translation and Artificial Intelligence for Language Services,0.80148441
B8536-A,"Computer-Aided Human Translation: CAT, MT and AI",4,87898,Methods and Technologies for Interpreting,0.75945388
B8536-A,"Computer-Aided Human Translation: CAT, MT and AI",5,87901,Methods and Advanced Technologies for Interpreting,0.75834573
B8536-A,"Computer-Aided Human Translation: CAT, MT and AI",6,B6082,Technology-Assisted Interpreting I,0.75201125
B8536-A,"Computer-Aided Human Translation: CAT, MT and AI",7,B2133,Big Data Analytics and Text Mining,0.71968064
B8536-A,"Computer-Aided Human Translation: CAT, MT and AI",8,95631-A,Machine Learning and Data Mining,0.71088442
B8536-A,"Computer-Aided Human Translation: CAT, MT and AI",9,B2696,"Language, Technology, Research I: Computational Thinking",0.70703273
B8536-A,"Computer-Aided Human Translation: CAT, MT and AI",10,B1873,Machine Learning for Humanities,0.70382905
B8536-B,"Computer-Aided Human Translation: CAT, MT and AI",1,B8536-A,"Computer-Aided Human Translation: CAT, MT and AI",1.00000000
B8536-B,"Computer-Aided Human Translation: CAT, MT and AI",2,B8536-C,"Computer-Aided Human Translation: CAT, MT and AI",1.00000000
B8536-B,"Computer-Aided Human Translation: CAT, MT and AI",3,B8603,Machine Translation and Artificial Intelligence for Language Services,0.80148441
B8536-B,"Computer-Aided Human Translation: CAT, MT and AI",4,87898,Methods and Technologies for Interpreting,0.75945388
B8536-B,"Computer-Aided Human Translation: CAT, MT and AI",5,87901,Methods and Advanced Technologies for Interpreting,0.75834573
B8536-B,"Computer-Aided Human Translation: CAT, MT and AI",6,B6082,Technology-Assisted Interpreting I,0.75201125
B8536-B,"Computer-Aided Human Translation: CAT, MT and AI",7,B2133,Big Data Analytics and Text Mining,0.71968064
B8536-B,"Computer-Aided Human Translation: CAT, MT and AI",8,95631-A,Machine Learning and Data Mining,0.71088442
B8536-B,"Computer-Aided Human Translation: CAT, MT and AI",9,B2696,"Language, Technology, Research I: Computational Thinking",0.70703273
B8536-B,"Computer-Aided Human Translation: CAT, MT and AI",10,B1873,Machine Learning for Humanities,0.70382905
B8536-C,"Computer-Aided Human Translation: CAT, MT and AI",1,B8536-A,"Computer-Aided Human Translation: CAT, MT and AI",1.00000000
B8536-C,"Computer-Aided Human Translation: CAT, MT and AI",2,B8536-B,"Computer-Aided Human Translation: CAT, MT and AI",1.00000000
B8536-C,"Computer-Aided Human Translation: CAT, MT and AI",3,B8603,Machine Translation and Artificial Intelligence for Language Services,0.80148441
B8536-C,"Computer-Aided Human Translation: CAT, MT and AI",4,87898,Methods and Technologies for Interpreting,0.75945388
B8536-C,"Computer-Aided Human Translation: CAT, MT and AI",5,87901,Methods and Advanced Technologies for Interpreting,0.75834573
B8536-C,"Computer-Aided Human Translation: CAT, MT and AI",6,B6082,Technology-Assisted Interpreting I,0.75201125
B8536-C,"Computer-Aided Human Translation: CAT, MT and AI",7,B2133,Big Data Analytics and Text Mining,0.71968064
B8536-C,"Computer-Aided Human Translation: CAT, MT and AI",8,95631-A,Machine Learning and Data Mining,0.71088442
B8536-C,"Computer-Aided Human Translation: CAT, MT and AI",9,B2696,"Language, Technology, Research I: Computational Thinking",0.70703273
B8536-C,"Computer-Aided Human Translation: CAT, MT and AI",10,B1873,Machine Learning for Humanities,0.70382905
B8554-A,SISTEMI SOFTWARE A OGGETTI T,1,B8554-B,SISTEMI SOFTWARE A OGGETTI T,1.00000000
B8554-A,SISTEMI SOFTWARE A OGGETTI T,2,72940,Computational Models And Languages M,0.76536234
B8554-A,SISTEMI SOFTWARE A OGGETTI T,3,73025,Distributed Systems M,0.74997936
B8554-A,SISTEMI SOFTWARE A OGGETTI T,4,28004-A,Foundations of Informatics T-1,0.74139709
B8554-A,SISTEMI SOFTWARE A OGGETTI T,5,95648,Software Design and Development,0.74036443
B8554-A,SISTEMI SOFTWARE A OGGETTI T,6,70219,Object-Oriented Programming,0.73279866
B8554-A,SISTEMI SOFTWARE A OGGETTI T,7,B5665,Real Time Systems and Programming for Automation M,0.73166036
B8554-A,SISTEMI SOFTWARE A OGGETTI T,8,28024-A,Computer Networks T,0.72879519
B8554-A,SISTEMI SOFTWARE A OGGETTI T,9,28024-B,Computer Networks T,0.72879519
B8554-A,SISTEMI SOFTWARE A OGGETTI T,10,78810,Real Time Systems for Automation M,0.72698472
B8554-B,SISTEMI SOFTWARE A OGGETTI T,1,B8554-A,SISTEMI SOFTWARE A OGGETTI T,1.00000000
B8554-B,SISTEMI SOFTWARE A OGGETTI T,2,72940,Computational Models And Languages M,0.76536234
B8554-B,SISTEMI SOFTWARE A OGGETTI T,3,73025,Distributed Systems M,0.74997936
B8554-B,SISTEMI SOFTWARE A OGGETTI T,4,28004-A,Foundations of Informatics T-1,0.74139709
B8554-B,SISTEMI SOFTWARE A OGGETTI T,5,95648,Software Design and Development,0.74036443
B8554-B,SISTEMI SOFTWARE A OGGETTI T,6,70219,Object-Oriented Programming,0.73279866
B8554-B,SISTEMI SOFTWARE A OGGETTI T,7,B5665,Real Time Systems and Programming for Automation M,0.73166036
B8554-B,SISTEMI SOFTWARE A OGGETTI T,8,28024-A,Computer Networks T,0.72879519
B8554-B,SISTEMI SOFTWARE A OGGETTI T,9,28024-B,Computer Networks T,0.72879519
B8554-B,SISTEMI SOFTWARE A OGGETTI T,10,78810,Real Time Systems for Automation M,0.72698472
B8561,ARCHITETTURE DEI CALCOLATORI M,1,69430,COMPUTER ARCHITECTURES M,0.96854331
B8561,ARCHITETTURE DEI CALCOLATORI M,2,B8562,SISTEMI CONCORRENTI E PARALLELI M,0.74293155
B8561,ARCHITETTURE DEI CALCOLATORI M,3,87198,Statistics and Architectures for Big Data Processing M,0.74283822
B8561,ARCHITETTURE DEI CALCOLATORI M,4,B8563,SISTEMI DI ELABORAZIONE ACCELERATA M,0.73974447
B8561,ARCHITETTURE DEI CALCOLATORI M,5,03716-A,Digital Design Principles and Computer Architecture,0.73756772
B8561,ARCHITETTURE DEI CALCOLATORI M,6,03716-B,Digital Design Principles and Computer Architecture,0.73756772
B8561,ARCHITETTURE DEI CALCOLATORI M,7,85730,Architectures and Firmware M,0.73322957
B8561,ARCHITETTURE DEI CALCOLATORI M,8,95602,Programming and Computer Architectures,0.72780757
B8561,ARCHITETTURE DEI CALCOLATORI M,9,91259,Architecture and Platforms for Artificial Intelligence,0.72714611
B8561,ARCHITETTURE DEI CALCOLATORI M,10,97467,Big Data Analytics for Automotive Manufacturing Applications,0.72682725
B8562,SISTEMI CONCORRENTI E PARALLELI M,1,17628,Concurrent and Distributed Programming,0.81357988
B8562,SISTEMI CONCORRENTI E PARALLELI M,2,B8563,SISTEMI DI ELABORAZIONE ACCELERATA M,0.79942318
B8562,SISTEMI CONCORRENTI E PARALLELI M,3,58437,Parallel Calculus,0.78534869
B8562,SISTEMI CONCORRENTI E PARALLELI M,4,28024-A,Computer Networks T,0.77057580
B8562,SISTEMI CONCORRENTI E PARALLELI M,5,28024-B,Computer Networks T,0.77057580
B8562,SISTEMI CONCORRENTI E PARALLELI M,6,28020-A,Operating Systems T,0.76968048
B8562,SISTEMI CONCORRENTI E PARALLELI M,7,28020-B,Operating Systems T,0.76968048
B8562,SISTEMI CONCORRENTI E PARALLELI M,8,72778,High-Performance Computing,0.76818710
B8562,SISTEMI CONCORRENTI E PARALLELI M,9,91259,Architecture and Platforms for Artificial Intelligence,0.76738799
B8562,SISTEMI CONCORRENTI E PARALLELI M,10,78779,Mobile Systems M,0.76238905
B8563,SISTEMI DI ELABORAZIONE ACCELERATA M,1,B8562,SISTEMI CONCORRENTI E PARALLELI M,0.79942318
B8563,SISTEMI DI ELABORAZIONE ACCELERATA M,2,97467,Big Data Analytics for Automotive Manufacturing Applications,0.77620117
B8563,SISTEMI DI ELABORAZIONE ACCELERATA M,3,91259,Architecture and Platforms for Artificial Intelligence,0.77563639
B8563,SISTEMI DI ELABORAZIONE ACCELERATA M,4,87198,Statistics and Architectures for Big Data Processing M,0.77087215
B8563,SISTEMI DI ELABORAZIONE ACCELERATA M,5,B5722,Embedded Sensors,0.76107911
B8563,SISTEMI DI ELABORAZIONE ACCELERATA M,6,78779,Mobile Systems M,0.75894085
B8563,SISTEMI DI ELABORAZIONE ACCELERATA M,7,10907,Electronics of Digital Systems,0.75804332
B8563,SISTEMI DI ELABORAZIONE ACCELERATA M,8,78778,Intelligent Systems M,0.75685416
B8563,SISTEMI DI ELABORAZIONE ACCELERATA M,9,72778,High-Performance Computing,0.75602728
B8563,SISTEMI DI ELABORAZIONE ACCELERATA M,10,73025,Distributed Systems M,0.75273055
B8603,Machine Translation and Artificial Intelligence for Language Services,1,B8536-A,"Computer-Aided Human Translation: CAT, MT and AI",0.80148441
B8603,Machine Translation and Artificial Intelligence for Language Services,2,B8536-B,"Computer-Aided Human Translation: CAT, MT and AI",0.80148441
B8603,Machine Translation and Artificial Intelligence for Language Services,3,B8536-C,"Computer-Aided Human Translation: CAT, MT and AI",0.80148441
B8603,Machine Translation and Artificial Intelligence for Language Services,4,B1873,Machine Learning for Humanities,0.76304822
B8603,Machine Translation and Artificial Intelligence for Language Services,5,87901,Methods and Advanced Technologies for Interpreting,0.74062214
B8603,Machine Translation and Artificial Intelligence for Language Services,6,87898,Methods and Technologies for Interpreting,0.73259491
B8603,Machine Translation and Artificial Intelligence for Language Services,7,B6082,Technology-Assisted Interpreting I,0.72705584
B8603,Machine Translation and Artificial Intelligence for Language Services,8,90147,Artificial intelligence,0.72409195
B8603,Machine Translation and Artificial Intelligence for Language Services,9,95631-A,Machine Learning and Data Mining,0.72047650
B8603,Machine Translation and Artificial Intelligence for Language Services,10,91258-A,Natural Language Processing,0.71990094
B8836,Universal Semantics,1,B4948,Cognitive Sematics for Artificial Intelligence,0.72719047
B8836,Universal Semantics,2,42500,Semantic Web,0.70000792
B8836,Universal Semantics,3,95782,Network Analysis,0.69251006
B8836,Universal Semantics,4,85446,Knowledge Representation and Extraction,0.69165826
B8836,Universal Semantics,5,90730,Social Network Analysis,0.68980197
B8836,Universal Semantics,6,90147,Artificial intelligence,0.68592787
B8836,Universal Semantics,7,91258-B,Natural Language Processing,0.68176427
B8836,Universal Semantics,8,91250-B,Deep Learning,0.67985208
B8836,Universal Semantics,9,91250-C,Deep Learning,0.67985208
B8836,Universal Semantics,10,87898,Methods and Technologies for Interpreting,0.67846216
B8905,Foundations of Programming,1,37262,Computer Programming,0.79604909
B8905,Foundations of Programming,2,95602,Programming and Computer Architectures,0.78709743
B8905,Foundations of Programming,3,27311-A,Humanistic IT,0.77965452
B8905,Foundations of Programming,4,B0063,Programming Laboratory,0.77603960
B8905,Foundations of Programming,5,07276-B,Computer Science,0.77178503
B8905,Foundations of Programming,6,89988,Elements of Informatics,0.77097039
B8905,Foundations of Programming,7,28004-A,Foundations of Informatics T-1,0.77094687
B8905,Foundations of Programming,8,96346-C,INFORMATICA,0.76970322
B8905,Foundations of Programming,9,15305,Foundations of Informatics A,0.76950896
B8905,Foundations of Programming,10,00819-A,Programming,0.76727362
B8929,Computer Studies and Human Sciences,1,B5293,Computer Studies and Humanities,0.98881372
B8929,Computer Studies and Human Sciences,2,B0070,METODOLOGIE E TECNICHE DI SIMULAZIONE,0.74860981
B8929,Computer Studies and Human Sciences,3,11929-A,Algorithm and Data Structures,0.74062197
B8929,Computer Studies and Human Sciences,4,B4826,Informatics for the Humanities,0.73946049
B8929,Computer Studies and Human Sciences,5,72940,Computational Models And Languages M,0.73694055
B8929,Computer Studies and Human Sciences,6,B9254,Basic IT Skills,0.73659698
B8929,Computer Studies and Human Sciences,7,07276-B,Computer Science,0.73427024
B8929,Computer Studies and Human Sciences,8,93034-C,Foundations of Computer Science T,0.73317021
B8929,Computer Studies and Human Sciences,9,27311-B,Humanistic IT,0.73083443
B8929,Computer Studies and Human Sciences,10,34991,Project in electronics and telecommunications,0.72883968
B9254,Basic IT Skills,1,B8396,Basic IT Skills,0.83613768
B9254,Basic IT Skills,2,28004-A,Foundations of Informatics T-1,0.75206623
B9254,Basic IT Skills,3,90147,Artificial intelligence,0.74784052
B9254,Basic IT Skills,4,75969-B,Basic Informatics,0.74770480
B9254,Basic IT Skills,5,75969-A,Basic Informatics,0.74738020
B9254,Basic IT Skills,6,B4826,Informatics for the Humanities,0.74653640
B9254,Basic IT Skills,7,57828,Informatics,0.74598365
B9254,Basic IT Skills,8,B1703,Introduction to Programming,0.74411802
B9254,Basic IT Skills,9,B5293,Computer Studies and Humanities,0.73806969
B9254,Basic IT Skills,10,B8929,Computer Studies and Human Sciences,0.73659698
C7674,INTRODUZIONE ALLE TECNICHE DI MEMORIA E ALLE METODOLOGIE DI STUDIO,1,93319,INTRODUZIONE ALL'APPRENDIMENTO AUTOMATICO,0.67585052
C7674,INTRODUZIONE ALLE TECNICHE DI MEMORIA E ALLE METODOLOGIE DI STUDIO,2,90749,Computing Education,0.65773113
C7674,INTRODUZIONE ALLE TECNICHE DI MEMORIA E ALLE METODOLOGIE DI STUDIO,3,B0070,METODOLOGIE E TECNICHE DI SIMULAZIONE,0.65053850
C7674,INTRODUZIONE ALLE TECNICHE DI MEMORIA E ALLE METODOLOGIE DI STUDIO,4,91250-A,DEEP LEARNING,0.64871159
C7674,INTRODUZIONE ALLE TECNICHE DI MEMORIA E ALLE METODOLOGIE DI STUDIO,5,41588,INTRODUZIONE ALL'ANALISI DEI DATI,0.64862459
C7674,INTRODUZIONE ALLE TECNICHE DI MEMORIA E ALLE METODOLOGIE DI STUDIO,6,B2361,ELEMENTI DI MACHINE LEARNING E QUANTUM COMPUTING T,0.64828075
C7674,INTRODUZIONE ALLE TECNICHE DI MEMORIA E ALLE METODOLOGIE DI STUDIO,7,85446,Knowledge Representation and Extraction,0.64381054
C7674,INTRODUZIONE ALLE TECNICHE DI MEMORIA E ALLE METODOLOGIE DI STUDIO,8,91248,Fundamentals of Artificial Intelligence and Knowledge Representation,0.63252178
C7674,INTRODUZIONE ALLE TECNICHE DI MEMORIA E ALLE METODOLOGIE DI STUDIO,9,B1703,Introduction to Programming,0.62858256
C7674,INTRODUZIONE ALLE TECNICHE DI MEMORIA E ALLE METODOLOGIE DI STUDIO,10,B4913,ALGORITMI E STRUTTURE DATI,0.62634708
