course_id,course_title,neighbor_rank,neighbor_course_id,neighbor_title,similarity
00269,Electronics,1,28651,Electronics T-A,0.78862323
00269,Electronics,2,37063,Principles of Electronics for Automation T,0.78473757
00269,Electronics,3,94247,Laboratory on Power Electronics,0.78288695
00269,Electronics,4,B8379,TECNOLOGIE MICROELETTRONICHE LM,0.74591732
00269,Electronics,5,35148,Electronics for analogic signal processing,0.74318290
00269,Electronics,6,88154,ELETTRONICA INDUSTRIALE P,0.74265967
00269,Electronics,7,93392,Analog Circuits and Sensor Systems M,0.74025441
00269,Electronics,8,28724,Electronics T-2,0.73511142
00269,Electronics,9,B0159,Integrated Analog Electronics,0.73369572
00269,Electronics,10,69773,Electronic Circuits Design,0.73225484
00819,Programming,1,00819,Programming,0.85449045
00819,Programming,2,00819,Programming,0.80758558
00819,Programming,3,37262,Computer Programming,0.77961550
00819,Programming,4,00819,Programming,0.76070176
00819,Programming,5,B1703,Introduction to Programming,0.75754278
00819,Programming,6,07276,Computer Science,0.75492492
00819,Programming,7,00819,Programming,0.74508270
00819,Programming,8,09730,Principles of Informatics,0.73753703
00819,Programming,9,B8905,Foundations of Programming,0.73503349
00819,Programming,10,15305,Foundations of Informatics A,0.73213603
00819,Programming,1,00819,Programming,0.86127995
00819,Programming,2,00819,Programming,0.85449045
00819,Programming,3,09730,Principles of Informatics,0.77518649
00819,Programming,4,15305,Foundations of Informatics A,0.76978548
00819,Programming,5,37262,Computer Programming,0.76894660
00819,Programming,6,00819,Programming,0.76279378
00819,Programming,7,16692,Laboratory of Informatics,0.75271242
00819,Programming,8,88145,Fundamentals of Computer Programming P1,0.73039392
00819,Programming,9,28623,Foundations of Informatics and Laboratory,0.72188080
00819,Programming,10,00819,Programming,0.71368260
00819,Programming,1,00819,Programming,0.86127995
00819,Programming,2,00819,Programming,0.80758558
00819,Programming,3,37262,Computer Programming,0.78168076
00819,Programming,4,00819,Programming,0.72999963
00819,Programming,5,00819,Programming,0.71340012
00819,Programming,6,28623,Foundations of Informatics and Laboratory,0.71050595
00819,Programming,7,09730,Principles of Informatics,0.70502543
00819,Programming,8,15305,Foundations of Informatics A,0.69962442
00819,Programming,9,28004,Foundations of Informatics T-1,0.69869843
00819,Programming,10,88145,Fundamentals of Computer Programming P1,0.69140262
00819,Programming,1,00819,Programming,0.77007900
00819,Programming,2,16870,Programming Laboratory,0.75190058
00819,Programming,3,00819,Programming,0.74508270
00819,Programming,4,95648,Software Design and Development,0.73819019
00819,Programming,5,37262,Computer Programming,0.72509799
00819,Programming,6,00819,Programming,0.71368260
00819,Programming,7,00819,Programming,0.71340012
00819,Programming,8,70219,Object-Oriented Programming,0.70687034
00819,Programming,9,09730,Principles of Informatics,0.69836809
00819,Programming,10,B0063,Programming Laboratory,0.69664155
00819,Programming,1,00819,Programming,0.77007900
00819,Programming,2,00819,Programming,0.76279378
00819,Programming,3,00819,Programming,0.76070176
00819,Programming,4,37262,Computer Programming,0.74778380
00819,Programming,5,00819,Programming,0.72999963
00819,Programming,6,09730,Principles of Informatics,0.70503029
00819,Programming,7,16870,Programming Laboratory,0.70382610
00819,Programming,8,15305,Foundations of Informatics A,0.69962929
00819,Programming,9,85285,Programming,0.69600797
00819,Programming,10,81612,Programming and Development paradigms,0.69465244
03716,Digital Design Principles and Computer Architecture,1,03716,Digital Design Principles and Computer Architecture,1.00000000
03716,Digital Design Principles and Computer Architecture,2,69731,Computer Architecture,0.74099950
03716,Digital Design Principles and Computer Architecture,3,69430,COMPUTER ARCHITECTURES M,0.72317122
03716,Digital Design Principles and Computer Architecture,4,69731,Computer Architecture,0.71964146
03716,Digital Design Principles and Computer Architecture,5,09730,Principles of Informatics,0.71485448
03716,Digital Design Principles and Computer Architecture,6,96007,Foundations of Computer Architecture and Operating Systems,0.70745682
03716,Digital Design Principles and Computer Architecture,7,35253,Hardware – Software Design Methods M,0.70355765
03716,Digital Design Principles and Computer Architecture,8,10907,Electronics of Digital Systems,0.70238352
03716,Digital Design Principles and Computer Architecture,9,11925,Computer Architecture,0.70196977
03716,Digital Design Principles and Computer Architecture,10,09730,Principles of Informatics,0.69132504
03716,Digital Design Principles and Computer Architecture,1,03716,Digital Design Principles and Computer Architecture,1.00000000
03716,Digital Design Principles and Computer Architecture,2,69731,Computer Architecture,0.74099950
03716,Digital Design Principles and Computer Architecture,3,69430,COMPUTER ARCHITECTURES M,0.72317122
03716,Digital Design Principles and Computer Architecture,4,69731,Computer Architecture,0.71964146
03716,Digital Design Principles and Computer Architecture,5,09730,Principles of Informatics,0.71485448
03716,Digital Design Principles and Computer Architecture,6,96007,Foundations of Computer Architecture and Operating Systems,0.70745682
03716,Digital Design Principles and Computer Architecture,7,35253,Hardware – Software Design Methods M,0.70355765
03716,Digital Design Principles and Computer Architecture,8,10907,Electronics of Digital Systems,0.70238352
03716,Digital Design Principles and Computer Architecture,9,11925,Computer Architecture,0.70196977
03716,Digital Design Principles and Computer Architecture,10,09730,Principles of Informatics,0.69132504
04138,Programming Languages,1,00819,Programming,0.64479142
04138,Programming Languages,2,B5727,Introduction to Languages for Artificial Intelligence,0.64245293
04138,Programming Languages,3,81609,"Languages, Compilers and Computational Models",0.64177720
04138,Programming Languages,4,72940,Computational Models And Languages M,0.62699162
04138,Programming Languages,5,00819,Programming,0.61027476
04138,Programming Languages,6,81612,Programming and Development paradigms,0.60721706
04138,Programming Languages,7,B0063,Programming Laboratory,0.60667762
04138,Programming Languages,8,16870,Programming Laboratory,0.60538500
04138,Programming Languages,9,B1703,Introduction to Programming,0.60473950
04138,Programming Languages,10,00819,Programming,0.60381220
07276,Computer Science,1,96346,Computer Science,1.00000000
07276,Computer Science,2,07276,INFORMATICA,0.67866756
07276,Computer Science,3,57828,Informatics,0.67623991
07276,Computer Science,4,69731,Computer Architecture,0.66066153
07276,Computer Science,5,09730,Principles of Informatics,0.66024493
07276,Computer Science,6,15305,Foundations of Informatics A,0.65896925
07276,Computer Science,7,07276,Computer Science,0.65631764
07276,Computer Science,8,B4826,Informatics for the Humanities,0.65196676
07276,Computer Science,9,07276,Computer Science,0.64705869
07276,Computer Science,10,09730,Principles of Informatics,0.64275144
07276,Computer Science,1,28040,Information Technology,0.88208541
07276,Computer Science,2,07276,INFORMATICA,0.80708052
07276,Computer Science,3,96346,INFORMATICA,0.79684473
07276,Computer Science,4,37262,Computer Programming,0.78411362
07276,Computer Science,5,00819,Programming,0.75492492
07276,Computer Science,6,95602,Programming and Computer Architectures,0.74979335
07276,Computer Science,7,28623,Foundations of Informatics and Laboratory,0.74598109
07276,Computer Science,8,11933,Theoretical Computer Science,0.74128559
07276,Computer Science,9,93333,Programming Lab,0.73483117
07276,Computer Science,10,41169,Theoretical Computer Science,0.72972783
07276,Computer Science,1,82202,Informatic,0.74812337
07276,Computer Science,2,57828,Informatics,0.69886162
07276,Computer Science,3,78510,Informatics,0.68515294
07276,Computer Science,4,82202,Informatic,0.67053008
07276,Computer Science,5,07276,Computer Science,0.66509387
07276,Computer Science,6,07276,Computer Science,0.65631764
07276,Computer Science,7,96346,Computer Science,0.65631764
07276,Computer Science,8,B4826,Informatics for the Humanities,0.64455052
07276,Computer Science,9,39176,Basic and Laboratory Informatics,0.64409342
07276,Computer Science,10,39176,Basic and Laboratory Informatics,0.64409342
07276,Computer Science,1,57828,Informatics,0.69037354
07276,Computer Science,2,15920,Computer Lab,0.68496013
07276,Computer Science,3,07276,Computer Science,0.66509387
07276,Computer Science,4,11925,Computer Architecture,0.66374737
07276,Computer Science,5,96007,Foundations of Computer Architecture and Operating Systems,0.66167993
07276,Computer Science,6,07276,Computer Science,0.64114612
07276,Computer Science,7,96346,Computer Science,0.64114612
07276,Computer Science,8,78510,Informatics,0.63381038
07276,Computer Science,9,91685,History of Informatics and Computing Systems,0.62939314
07276,Computer Science,10,09730,Principles of Informatics,0.62917040
07276,INFORMATICA,1,78501,SISTEMA DI ELABORAZIONE DELLE INFORMAZIONI --,0.76225186
07276,INFORMATICA,2,B4826,Informatics for the Humanities,0.73749504
07276,INFORMATICA,3,57828,Informatics,0.71368180
07276,INFORMATICA,4,96346,INFORMATICA,0.69500849
07276,INFORMATICA,5,82202,Informatic,0.69352767
07276,INFORMATICA,6,09730,Principles of Informatics,0.69287450
07276,INFORMATICA,7,28004,Foundations of Informatics T-1,0.69014618
07276,INFORMATICA,8,78510,Informatics,0.68795450
07276,INFORMATICA,9,15305,Foundations of Informatics A,0.68394330
07276,INFORMATICA,10,75969,Basic Informatics,0.68110929
07276,INFORMATICA,1,28040,Information Technology,0.85270750
07276,INFORMATICA,2,96346,INFORMATICA,0.81214677
07276,INFORMATICA,3,07276,Computer Science,0.80708052
07276,INFORMATICA,4,93363,Advanced Programming,0.71874602
07276,INFORMATICA,5,09730,Principles of Informatics,0.70413651
07276,INFORMATICA,6,28623,Foundations of Informatics and Laboratory,0.69992129
07276,INFORMATICA,7,15305,Foundations of Informatics A,0.69520530
07276,INFORMATICA,8,37262,Computer Programming,0.69062770
07276,INFORMATICA,9,89988,Elements of Informatics,0.68836443
07276,INFORMATICA,10,09730,Principles of Informatics,0.68279952
08574,Operating Systems,1,08574,Operating Systems,0.78436552
08574,Operating Systems,2,96007,Foundations of Computer Architecture and Operating Systems,0.73430515
08574,Operating Systems,3,08574,Operating Systems,0.73219410
08574,Operating Systems,4,28020,Operating Systems T,0.70270295
08574,Operating Systems,5,28020,Operating Systems T,0.70270295
08574,Operating Systems,6,85728,Real Time OS M,0.70016477
08574,Operating Systems,7,10907,Electronics of Digital Systems,0.66232517
08574,Operating Systems,8,95604,Operating Systems and Networks,0.65407088
08574,Operating Systems,9,85730,Architectures and Firmware M,0.64864416
08574,Operating Systems,10,09032,Software Engineering,0.63717529
08574,Operating Systems,1,08574,Operating Systems,0.78436552
08574,Operating Systems,2,28020,Operating Systems T,0.71092503
08574,Operating Systems,3,28020,Operating Systems T,0.71092503
08574,Operating Systems,4,08574,Operating Systems,0.68739694
08574,Operating Systems,5,85728,Real Time OS M,0.68216995
08574,Operating Systems,6,28024,Computer Networks T,0.66374477
08574,Operating Systems,7,28024,Computer Networks T,0.66374477
08574,Operating Systems,8,69731,Computer Architecture,0.66356562
08574,Operating Systems,9,73025,Distributed Systems M,0.66223231
08574,Operating Systems,10,88324,System Administration T,0.66087378
08574,Operating Systems,1,96007,Foundations of Computer Architecture and Operating Systems,0.74411116
08574,Operating Systems,2,08574,Operating Systems,0.73219410
08574,Operating Systems,3,08574,Operating Systems,0.68739694
08574,Operating Systems,4,95602,Programming and Computer Architectures,0.68071320
08574,Operating Systems,5,15305,Foundations of Informatics A,0.67827796
08574,Operating Systems,6,09730,Principles of Informatics,0.67699866
08574,Operating Systems,7,88324,System Administration T,0.67213630
08574,Operating Systems,8,B8105,Computational Management of Data,0.66687513
08574,Operating Systems,9,91685,History of Informatics and Computing Systems,0.66171320
08574,Operating Systems,10,95604,Operating Systems and Networks,0.66137892
09032,Software Engineering,1,90106,Software Engineering,0.78123331
09032,Software Engineering,2,95627,Software Engineering,0.77078540
09032,Software Engineering,3,66858,Software Engineering,0.76331183
09032,Software Engineering,4,28021,Software Engineering T,0.74226522
09032,Software Engineering,5,90106,INGEGNERIA DEL SOFTWARE,0.73179733
09032,Software Engineering,6,81612,Programming and Development paradigms,0.72937749
09032,Software Engineering,7,28652,IT Systems T-1,0.72682730
09032,Software Engineering,8,B0011,Software Process Engineering,0.72486121
09032,Software Engineering,9,B1874,Project Management and Software Engineering for Cultural Heritage,0.72452492
09032,Software Engineering,10,B0009,Advanced Software Modelling and Design,0.72268755
09679,Data Base Sistems,1,70155,Data Bases,0.73675467
09679,Data Base Sistems,2,40720,Data Mining,0.66692249
09679,Data Base Sistems,3,30376,Business Intelligence,0.66468750
09679,Data Base Sistems,4,57828,Informatics,0.65100104
09679,Data Base Sistems,5,28652,IT Systems T-1,0.63584333
09679,Data Base Sistems,6,95631,Machine Learning and Data Mining,0.63260611
09679,Data Base Sistems,7,96793,Information Systems and Database Management,0.62749805
09679,Data Base Sistems,8,81932,Big Data,0.62470403
09679,Data Base Sistems,9,82202,Informatic,0.61784264
09679,Data Base Sistems,10,09730,Principles of Informatics,0.61732187
09730,Principles of Informatics,1,15305,Foundations of Informatics A,0.98293646
09730,Principles of Informatics,2,09730,Principles of Informatics,0.84231370
09730,Principles of Informatics,3,28623,Foundations of Informatics and Laboratory,0.83572880
09730,Principles of Informatics,4,16692,Laboratory of Informatics,0.81367098
09730,Principles of Informatics,5,29227,Foundations of Informatics T,0.79833858
09730,Principles of Informatics,6,29227,Foundations of Informatics T,0.79833858
09730,Principles of Informatics,7,00819,Programming,0.77518649
09730,Principles of Informatics,8,37262,Computer Programming,0.75054957
09730,Principles of Informatics,9,88145,Fundamentals of Computer Programming P1,0.74992216
09730,Principles of Informatics,10,96346,INFORMATICA,0.74498849
09730,Principles of Informatics,1,09730,Principles of Informatics,0.84231370
09730,Principles of Informatics,2,15305,Foundations of Informatics A,0.82525017
09730,Principles of Informatics,3,28623,Foundations of Informatics and Laboratory,0.74054848
09730,Principles of Informatics,4,29227,Foundations of Informatics T,0.73658679
09730,Principles of Informatics,5,B5782,Algorithms and Data Structures for Computational Biology,0.72324736
09730,Principles of Informatics,6,11929,Algorithms and Data Structures,0.72002245
09730,Principles of Informatics,7,37635,Data Structure and Algorithms,0.71746456
09730,Principles of Informatics,8,89988,Elements of Informatics,0.71745889
09730,Principles of Informatics,9,03716,Digital Design Principles and Computer Architecture,0.71485448
09730,Principles of Informatics,10,03716,Digital Design Principles and Computer Architecture,0.71485448
10906,Databases,1,95611,Database Systems,0.97753725
10906,Databases,2,79194,Databases,0.83765459
10906,Databases,3,10906,Databases,0.81136947
10906,Databases,4,70155,Data Bases,0.79478423
10906,Databases,5,84339,Advanced Database Systems,0.75375923
10906,Databases,6,96793,Information Systems and Database Management,0.73748096
10906,Databases,7,28796,Elements of Databases,0.70628314
10906,Databases,8,28027,Information Systems T,0.70467442
10906,Databases,9,90107,BASI DI DATI,0.70295319
10906,Databases,10,84530,Database and Big Data Technologies M,0.67239965
10906,Databases,1,10906,Databases,0.81136947
10906,Databases,2,95611,Database Systems,0.79629841
10906,Databases,3,28027,Information Systems T,0.76053309
10906,Databases,4,84530,Database and Big Data Technologies M,0.74024457
10906,Databases,5,70155,Data Bases,0.72390730
10906,Databases,6,84339,Advanced Database Systems,0.68903667
10906,Databases,7,79194,Databases,0.68072592
10906,Databases,8,90107,BASI DI DATI,0.64078397
10906,Databases,9,96793,Information Systems and Database Management,0.62685444
10906,Databases,10,28652,IT Systems T-1,0.62579705
10907,Electronics of Digital Systems,1,94272,Electronic Systems,0.74336093
10907,Electronics of Digital Systems,2,88228,Microcontroller electronic systems P,0.74148528
10907,Electronics of Digital Systems,3,28651,Electronics T-A,0.73825999
10907,Electronics of Digital Systems,4,34876,Digital Systems Electronics M,0.71983418
10907,Electronics of Digital Systems,5,00269,Electronics,0.71928032
10907,Electronics of Digital Systems,6,96859,Embedded Systems and Internet of Things,0.71439591
10907,Electronics of Digital Systems,7,29035,Electronic Industrial Systems Architecture and Programming Laboratory T-A,0.70859973
10907,Electronics of Digital Systems,8,77780,Embedded Systems Programming and Internet of Things,0.70712628
10907,Electronics of Digital Systems,9,03716,Digital Design Principles and Computer Architecture,0.70238352
10907,Electronics of Digital Systems,10,03716,Digital Design Principles and Computer Architecture,0.70238352
11340,INFORMATICA APPLICATA,1,57828,Informatics,0.72255233
11340,INFORMATICA APPLICATA,2,82202,Informatic,0.69845737
11340,INFORMATICA APPLICATA,3,B4826,Informatics for the Humanities,0.68187171
11340,INFORMATICA APPLICATA,4,82202,Informatic,0.67325791
11340,INFORMATICA APPLICATA,5,07276,INFORMATICA,0.66997957
11340,INFORMATICA APPLICATA,6,39176,Basic and Laboratory Informatics,0.65554338
11340,INFORMATICA APPLICATA,7,39176,Basic and Laboratory Informatics,0.65554338
11340,INFORMATICA APPLICATA,8,B8159,INFORMATICA,0.65443850
11340,INFORMATICA APPLICATA,9,96793,Information Systems and Database Management,0.64581907
11340,INFORMATICA APPLICATA,10,09730,Principles of Informatics,0.63938758
11925,Computer Architecture,1,69731,Computer Architecture,0.75103059
11925,Computer Architecture,2,69731,Computer Architecture,0.75085540
11925,Computer Architecture,3,96007,Foundations of Computer Architecture and Operating Systems,0.74396499
11925,Computer Architecture,4,95602,Programming and Computer Architectures,0.71811890
11925,Computer Architecture,5,15305,Foundations of Informatics A,0.71484103
11925,Computer Architecture,6,09730,Principles of Informatics,0.70887997
11925,Computer Architecture,7,03716,Digital Design Principles and Computer Architecture,0.70196977
11925,Computer Architecture,8,03716,Digital Design Principles and Computer Architecture,0.70196977
11925,Computer Architecture,9,00819,Programming,0.67591782
11925,Computer Architecture,10,07276,Computer Science,0.66374737
11929,Algorithm and Data Structures,1,11929,Algorithms and Data Structures,0.81408437
11929,Algorithm and Data Structures,2,37635,Data Structure and Algorithms,0.81211569
11929,Algorithm and Data Structures,3,B5782,Algorithms and Data Structures for Computational Biology,0.80542223
11929,Algorithm and Data Structures,4,B8105,Computational Management of Data,0.77451083
11929,Algorithm and Data Structures,5,09730,Principles of Informatics,0.72916841
11929,Algorithm and Data Structures,6,11929,Algorithms and Data Structures,0.72432554
11929,Algorithm and Data Structures,7,15305,Foundations of Informatics A,0.72338302
11929,Algorithm and Data Structures,8,09730,Principles of Informatics,0.71277106
11929,Algorithm and Data Structures,9,00819,Programming,0.70926914
11929,Algorithm and Data Structures,10,91762,Combinatorial Decision Making and Optimization,0.70813043
11929,Algorithms and Data Structures,1,11929,Algorithms and Data Structures,0.94940363
11929,Algorithms and Data Structures,2,11929,Algorithms and Data Structures,0.76210378
11929,Algorithms and Data Structures,3,37635,Data Structure and Algorithms,0.75893760
11929,Algorithms and Data Structures,4,B4913,ALGORITMI E STRUTTURE DATI,0.70625091
11929,Algorithms and Data Structures,5,B5782,Algorithms and Data Structures for Computational Biology,0.68824861
11929,Algorithms and Data Structures,6,11929,Algorithm and Data Structures,0.68594591
11929,Algorithms and Data Structures,7,85301,Algorithms and Data Structures in Biology,0.66320524
11929,Algorithms and Data Structures,8,41169,Theoretical Computer Science,0.62822034
11929,Algorithms and Data Structures,9,11933,Theoretical Computer Science,0.61883994
11929,Algorithms and Data Structures,10,09730,Principles of Informatics,0.61418753
11929,Algorithms and Data Structures,1,37635,Data Structure and Algorithms,0.99683382
11929,Algorithms and Data Structures,2,11929,Algorithm and Data Structures,0.81408437
11929,Algorithms and Data Structures,3,B5782,Algorithms and Data Structures for Computational Biology,0.78175163
11929,Algorithms and Data Structures,4,11929,Algorithms and Data Structures,0.77488825
11929,Algorithms and Data Structures,5,11929,Algorithms and Data Structures,0.76210378
11929,Algorithms and Data Structures,6,B4913,ALGORITMI E STRUTTURE DATI,0.75699594
11929,Algorithms and Data Structures,7,09730,Principles of Informatics,0.72677257
11929,Algorithms and Data Structures,8,15305,Foundations of Informatics A,0.72021834
11929,Algorithms and Data Structures,9,09730,Principles of Informatics,0.72002245
11929,Algorithms and Data Structures,10,16692,Laboratory of Informatics,0.70577552
11929,Algorithms and Data Structures,1,11929,Algorithms and Data Structures,0.94940363
11929,Algorithms and Data Structures,2,11929,Algorithms and Data Structures,0.77488825
11929,Algorithms and Data Structures,3,37635,Data Structure and Algorithms,0.77172206
11929,Algorithms and Data Structures,4,11929,Algorithm and Data Structures,0.72432554
11929,Algorithms and Data Structures,5,B5782,Algorithms and Data Structures for Computational Biology,0.71803468
11929,Algorithms and Data Structures,6,B4913,ALGORITMI E STRUTTURE DATI,0.70799776
11929,Algorithms and Data Structures,7,85301,Algorithms and Data Structures in Biology,0.68930630
11929,Algorithms and Data Structures,8,09730,Principles of Informatics,0.64556901
11929,Algorithms and Data Structures,9,11933,Theoretical Computer Science,0.63388032
11929,Algorithms and Data Structures,10,41169,Theoretical Computer Science,0.63347661
11933,Theoretical Computer Science,1,41169,Theoretical Computer Science,0.92557886
11933,Theoretical Computer Science,2,07276,Computer Science,0.74128559
11933,Theoretical Computer Science,3,81609,"Languages, Compilers and Computational Models",0.71176714
11933,Theoretical Computer Science,4,09730,Principles of Informatics,0.70814892
11933,Theoretical Computer Science,5,66857,Logic for Computer Science,0.70600493
11933,Theoretical Computer Science,6,15305,Foundations of Informatics A,0.70018272
11933,Theoretical Computer Science,7,37262,Computer Programming,0.69503966
11933,Theoretical Computer Science,8,73149,Logic for Informatics,0.69333179
11933,Theoretical Computer Science,9,11929,Algorithm and Data Structures,0.69068156
11933,Theoretical Computer Science,10,00819,Programming,0.68993783
14015,Cryptography,1,93467,Cryptography,0.77398760
14015,Cryptography,2,93466,FONDAMENTI DI CYBERSECURITY,0.75377641
14015,Cryptography,3,72942,Information Security M,0.67884282
14015,Cryptography,4,93470,Cybersecurity,0.65133632
14015,Cryptography,5,88325,Computer and Network Security Lab T,0.61099788
14015,Cryptography,6,90392,Elements of Applied Data Security M,0.60319465
14015,Cryptography,7,B8311,SECURITY OF DATA AND NEURAL PROCESSING M,0.58455171
14015,Cryptography,8,B0833,Computer Security Laboratory T,0.55321575
14015,Cryptography,9,90748,Blockchain and Cryptocurrencies,0.53866189
14015,Cryptography,10,81676,Digital Forensic,0.52079556
15305,Foundations of Informatics A,1,09730,Principles of Informatics,0.98293646
15305,Foundations of Informatics A,2,28623,Foundations of Informatics and Laboratory,0.84274793
15305,Foundations of Informatics A,3,09730,Principles of Informatics,0.82525017
15305,Foundations of Informatics A,4,16692,Laboratory of Informatics,0.80965758
15305,Foundations of Informatics A,5,29227,Foundations of Informatics T,0.80748327
15305,Foundations of Informatics A,6,29227,Foundations of Informatics T,0.80748327
15305,Foundations of Informatics A,7,00819,Programming,0.76978548
15305,Foundations of Informatics A,8,88145,Fundamentals of Computer Programming P1,0.75150635
15305,Foundations of Informatics A,9,29227,Foundations of Informatics T,0.75090411
15305,Foundations of Informatics A,10,29227,Foundations of Informatics T,0.74951322
15920,Computer Lab,1,07276,Computer Science,0.68496013
15920,Computer Lab,2,82202,Informatic,0.64255835
15920,Computer Lab,3,39176,Basic and Laboratory Informatics,0.63871355
15920,Computer Lab,4,39176,Basic and Laboratory Informatics,0.63871355
15920,Computer Lab,5,57828,Informatics,0.63740745
15920,Computer Lab,6,28106,Computer Science for Environmental Sciences,0.62088834
15920,Computer Lab,7,78501,SISTEMA DI ELABORAZIONE DELLE INFORMAZIONI --,0.61284269
15920,Computer Lab,8,82202,Informatic,0.59349962
15920,Computer Lab,9,07276,Computer Science,0.57870853
15920,Computer Lab,10,96346,Computer Science,0.57870853
16692,Laboratory of Informatics,1,09730,Principles of Informatics,0.81367098
16692,Laboratory of Informatics,2,15305,Foundations of Informatics A,0.80965758
16692,Laboratory of Informatics,3,28623,Foundations of Informatics and Laboratory,0.78987239
16692,Laboratory of Informatics,4,00819,Programming,0.75271242
16692,Laboratory of Informatics,5,B5782,Algorithms and Data Structures for Computational Biology,0.74628155
16692,Laboratory of Informatics,6,00819,Programming,0.72877585
16692,Laboratory of Informatics,7,09730,Principles of Informatics,0.70880287
16692,Laboratory of Informatics,8,11929,Algorithms and Data Structures,0.70577552
16692,Laboratory of Informatics,9,07276,Computer Science,0.70220253
16692,Laboratory of Informatics,10,37635,Data Structure and Algorithms,0.70204250
16870,Programming Laboratory,1,00819,Programming,0.75190058
16870,Programming Laboratory,2,B0063,Programming Laboratory,0.74360662
16870,Programming Laboratory,3,37262,Computer Programming,0.71111186
16870,Programming Laboratory,4,95648,Software Design and Development,0.70647359
16870,Programming Laboratory,5,00819,Programming,0.70382610
16870,Programming Laboratory,6,93333,Programming Lab,0.70375469
16870,Programming Laboratory,7,70219,Object-Oriented Programming,0.70257980
16870,Programming Laboratory,8,85285,Programming,0.68208560
16870,Programming Laboratory,9,00819,Programming,0.67174272
16870,Programming Laboratory,10,07276,Computer Science,0.66565424
17628,Concurrent and Distributed Programming,1,B8562,SISTEMI CONCORRENTI E PARALLELI M,0.76077809
17628,Concurrent and Distributed Programming,2,73025,Distributed Systems M,0.66486998
17628,Concurrent and Distributed Programming,3,81612,Programming and Development paradigms,0.65954347
17628,Concurrent and Distributed Programming,4,81942,Scalable and Cloud Programming,0.65460779
17628,Concurrent and Distributed Programming,5,28024,Computer Networks T,0.62550346
17628,Concurrent and Distributed Programming,6,28024,Computer Networks T,0.62550346
17628,Concurrent and Distributed Programming,7,95627,Software Engineering,0.61940752
17628,Concurrent and Distributed Programming,8,72778,High-Performance Computing,0.61731927
17628,Concurrent and Distributed Programming,9,95602,Programming and Computer Architectures,0.61484263
17628,Concurrent and Distributed Programming,10,09730,Principles of Informatics,0.61391010
17634,Computer Vision,1,93478,COMPUTER VISION,0.74991345
17634,Computer Vision,2,73302,Computer Vision And Image Processing M,0.74013664
17634,Computer Vision,3,91254,Image Processing and Computer Vision,0.73966011
17634,Computer Vision,4,69661,Image Processing And Computer Vision M,0.66623275
17634,Computer Vision,5,91266,Machine Learning for Computer Vision,0.58340023
17634,Computer Vision,6,70210,Lab-based Course on Computer Graphics,0.52254006
17634,Computer Vision,7,B5782,Algorithms and Data Structures for Computational Biology,0.51182086
17634,Computer Vision,8,84401,Context-Aware Systems,0.49999216
17634,Computer Vision,9,93319,INTRODUZIONE ALL'APPRENDIMENTO AUTOMATICO,0.49665312
17634,Computer Vision,10,91250,Deep Learning,0.49316574
20741,Information Processing Systems,1,82202,Informatic,0.67495345
20741,Information Processing Systems,2,75198,Health Information Processing Systems,0.65009905
20741,Information Processing Systems,3,57828,Informatics,0.64997361
20741,Information Processing Systems,4,82202,Informatic,0.64501831
20741,Information Processing Systems,5,39176,Basic and Laboratory Informatics,0.64405190
20741,Information Processing Systems,6,39176,Basic and Laboratory Informatics,0.64405190
20741,Information Processing Systems,7,88324,System Administration T,0.62826550
20741,Information Processing Systems,8,78510,Informatics,0.62511295
20741,Information Processing Systems,9,78501,SISTEMA DI ELABORAZIONE DELLE INFORMAZIONI --,0.60246313
20741,Information Processing Systems,10,07276,INFORMATICA,0.59793825
27311,Humanistic IT,1,27311,Humanistic IT,0.80364287
27311,Humanistic IT,2,B8905,Foundations of Programming,0.69388546
27311,Humanistic IT,3,96346,INFORMATICA,0.68768887
27311,Humanistic IT,4,B4826,Informatics for the Humanities,0.66357665
27311,Humanistic IT,5,37262,Computer Programming,0.66150966
27311,Humanistic IT,6,B2696,"Language, Technology, Research I: Computational Thinking",0.65295774
27311,Humanistic IT,7,15305,Foundations of Informatics A,0.64596733
27311,Humanistic IT,8,09730,Principles of Informatics,0.64434171
27311,Humanistic IT,9,09730,Principles of Informatics,0.63897726
27311,Humanistic IT,10,07276,INFORMATICA,0.63813604
27311,Humanistic IT,1,27311,Humanistic IT,0.80364287
27311,Humanistic IT,2,B5079,Digital Humanities and Data Management for Cultural Heritage,0.68614502
27311,Humanistic IT,3,B0073,ELABORAZIONE DI TESTI E GESTIONE DOCUMENTALE,0.65158882
27311,Humanistic IT,4,B4826,Informatics for the Humanities,0.64928594
27311,Humanistic IT,5,B5293,Computer Studies and Humanities,0.64406583
27311,Humanistic IT,6,B8929,Computer Studies and Human Sciences,0.63192208
27311,Humanistic IT,7,B5292,Knowledge Engeneering for the Humanities,0.62491375
27311,Humanistic IT,8,85445,Information Modelling and Web Technologies,0.62175603
27311,Humanistic IT,9,B1874,Project Management and Software Engineering for Cultural Heritage,0.62104454
27311,Humanistic IT,10,B2696,"Language, Technology, Research I: Computational Thinking",0.62096660
28004,Foundations of Informatics T-1,1,28004,Foundations of Informatics T-1,0.90992461
28004,Foundations of Informatics T-1,2,93034,Foundations of Computer Science T,0.73413903
28004,Foundations of Informatics T-1,3,93034,Foundations of Computer Science T,0.73413903
28004,Foundations of Informatics T-1,4,15305,Foundations of Informatics A,0.72959821
28004,Foundations of Informatics T-1,5,28012,Electronic Calculators T,0.72758986
28004,Foundations of Informatics T-1,6,09730,Principles of Informatics,0.72193030
28004,Foundations of Informatics T-1,7,29227,Foundations of Informatics T,0.70331563
28004,Foundations of Informatics T-1,8,29227,Foundations of Informatics T,0.70006432
28004,Foundations of Informatics T-1,9,29227,Foundations of Informatics T,0.70006432
28004,Foundations of Informatics T-1,10,00819,Programming,0.69869843
28004,Foundations of Informatics T-1,1,28004,Foundations of Informatics T-1,0.90992461
28004,Foundations of Informatics T-1,2,15305,Foundations of Informatics A,0.73504355
28004,Foundations of Informatics T-1,3,09730,Principles of Informatics,0.72737564
28004,Foundations of Informatics T-1,4,29227,Foundations of Informatics T,0.70805583
28004,Foundations of Informatics T-1,5,29227,Foundations of Informatics T,0.70805583
28004,Foundations of Informatics T-1,6,09730,Principles of Informatics,0.70610879
28004,Foundations of Informatics T-1,7,93034,Foundations of Computer Science T,0.69278650
28004,Foundations of Informatics T-1,8,93034,Foundations of Computer Science T,0.69278650
28004,Foundations of Informatics T-1,9,29227,Foundations of Informatics T,0.68784422
28004,Foundations of Informatics T-1,10,29227,Foundations of Informatics T,0.68765385
28011,Logic Design T,1,28011,Logic Design T,0.73940954
28011,Logic Design T,2,28651,Electronics T-A,0.65102205
28011,Logic Design T,3,96007,Foundations of Computer Architecture and Operating Systems,0.65044338
28011,Logic Design T,4,B8105,Computational Management of Data,0.64693523
28011,Logic Design T,5,28012,Electronic Calculators T,0.63975379
28011,Logic Design T,6,09730,Principles of Informatics,0.63913767
28011,Logic Design T,7,28004,Foundations of Informatics T-1,0.63905828
28011,Logic Design T,8,B1703,Introduction to Programming,0.63900740
28011,Logic Design T,9,09730,Principles of Informatics,0.63704597
28011,Logic Design T,10,15305,Foundations of Informatics A,0.63669323
28011,Logic Design T,1,28011,Logic Design T,0.73940954
28011,Logic Design T,2,28011,RETI LOGICHE T,0.68348249
28011,Logic Design T,3,03716,Digital Design Principles and Computer Architecture,0.65929124
28011,Logic Design T,4,03716,Digital Design Principles and Computer Architecture,0.65929124
28011,Logic Design T,5,96007,Foundations of Computer Architecture and Operating Systems,0.65423344
28011,Logic Design T,6,09730,Principles of Informatics,0.65254081
28011,Logic Design T,7,28016,Electronics T,0.64889650
28011,Logic Design T,8,28722,Electronics T-1,0.64385072
28011,Logic Design T,9,28623,Foundations of Informatics and Laboratory,0.64055463
28011,Logic Design T,10,84258,Design of Electronic Systems T-A,0.63890157
28011,RETI LOGICHE T,1,28011,Logic Design T,0.68348249
28011,RETI LOGICHE T,2,B0832,Administration of Systems T,0.58192454
28011,RETI LOGICHE T,3,88324,System Administration T,0.58098284
28011,RETI LOGICHE T,4,28652,IT Systems T-1,0.56952373
28011,RETI LOGICHE T,5,B8562,SISTEMI CONCORRENTI E PARALLELI M,0.56073337
28011,RETI LOGICHE T,6,28651,Electronics T-A,0.55937993
28011,RETI LOGICHE T,7,28724,Electronics T-2,0.55898826
28011,RETI LOGICHE T,8,B4913,ALGORITMI E STRUTTURE DATI,0.55825998
28011,RETI LOGICHE T,9,81649,Design On Analog Cicuits and Systems M,0.55367372
28011,RETI LOGICHE T,10,73092,Analog Electronic Circuits T-A,0.55078891
28012,Electronic Calculators T,1,B8561,ARCHITETTURE DEI CALCOLATORI M,0.68042500
28012,Electronic Calculators T,2,85730,Architectures and Firmware M,0.67142468
28012,Electronic Calculators T,3,28012,Electronic Calculators T,0.67088117
28012,Electronic Calculators T,4,10907,Electronics of Digital Systems,0.66726124
28012,Electronic Calculators T,5,69430,COMPUTER ARCHITECTURES M,0.64337829
28012,Electronic Calculators T,6,93322,Hardware-Software Design of Iot Systems M,0.63891059
28012,Electronic Calculators T,7,28651,Electronics T-A,0.62470260
28012,Electronic Calculators T,8,73731,Microcontroller-based systems for Industrial Applicatons: Architecture and Programming,0.62267000
28012,Electronic Calculators T,9,29035,Electronic Industrial Systems Architecture and Programming Laboratory T-A,0.62002850
28012,Electronic Calculators T,10,03716,Digital Design Principles and Computer Architecture,0.61612370
28012,Electronic Calculators T,1,28004,Foundations of Informatics T-1,0.72758986
28012,Electronic Calculators T,2,91602,Computer Architectures,0.70115499
28012,Electronic Calculators T,3,28722,Electronics T-1,0.68161603
28012,Electronic Calculators T,4,28016,Electronics T,0.67686144
28012,Electronic Calculators T,5,28012,Electronic Calculators T,0.67088117
28012,Electronic Calculators T,6,28016,Electronics T,0.66240205
28012,Electronic Calculators T,7,58437,Parallel Calculus,0.65313688
28012,Electronic Calculators T,8,72778,High-Performance Computing,0.65231015
28012,Electronic Calculators T,9,08574,Operating Systems,0.64837969
28012,Electronic Calculators T,10,28004,Foundations of Informatics T-1,0.64621360
28016,Electronics T,1,28016,Electronics T,0.97562105
28016,Electronics T,2,28722,Electronics T-1,0.84969208
28016,Electronics T,3,28651,Electronics T-A,0.77333905
28016,Electronics T,4,28724,Electronics T-2,0.73854512
28016,Electronics T,5,73092,Analog Electronic Circuits T-A,0.71961396
28016,Electronics T,6,37063,Principles of Electronics for Automation T,0.70862856
28016,Electronics T,7,00269,Electronics,0.67894364
28016,Electronics T,8,94272,Electronic Systems,0.66750644
28016,Electronics T,9,28012,Electronic Calculators T,0.66240205
28016,Electronics T,10,71148,Electronics For Automation T,0.66072249
28016,Electronics T,1,28016,Electronics T,0.97562105
28016,Electronics T,2,28722,Electronics T-1,0.86072588
28016,Electronics T,3,28651,Electronics T-A,0.79083816
28016,Electronics T,4,28724,Electronics T-2,0.73266894
28016,Electronics T,5,73092,Analog Electronic Circuits T-A,0.71373778
28016,Electronics T,6,37063,Principles of Electronics for Automation T,0.70975050
28016,Electronics T,7,94272,Electronic Systems,0.68542897
28016,Electronics T,8,00269,Electronics,0.68101652
28016,Electronics T,9,71148,Electronics For Automation T,0.67849376
28016,Electronics T,10,28012,Electronic Calculators T,0.67686144
28016,Electronics T,1,28651,Electronics T-A,0.73173916
28016,Electronics T,2,00269,Electronics,0.70481723
28016,Electronics T,3,28724,Electronics T-2,0.69707822
28016,Electronics T,4,37063,Principles of Electronics for Automation T,0.68016828
28016,Electronics T,5,73092,Analog Electronic Circuits T-A,0.67814706
28016,Electronics T,6,81649,Design On Analog Cicuits and Systems M,0.67546777
28016,Electronics T,7,28016,Electronics T,0.65686713
28016,Electronics T,8,35367,Industrial Electronics M,0.65230761
28016,Electronics T,9,B8379,TECNOLOGIE MICROELETTRONICHE LM,0.64994129
28016,Electronics T,10,93392,Analog Circuits and Sensor Systems M,0.64841821
28020,Operating Systems T,1,28020,Operating Systems T,1.00000000
28020,Operating Systems T,2,08574,Operating Systems,0.71092503
28020,Operating Systems T,3,08574,Operating Systems,0.70270295
28020,Operating Systems T,4,B8562,SISTEMI CONCORRENTI E PARALLELI M,0.69254649
28020,Operating Systems T,5,28024,Computer Networks T,0.65707130
28020,Operating Systems T,6,28024,Computer Networks T,0.65707130
28020,Operating Systems T,7,69731,Computer Architecture,0.64638410
28020,Operating Systems T,8,03716,Digital Design Principles and Computer Architecture,0.63241376
28020,Operating Systems T,9,03716,Digital Design Principles and Computer Architecture,0.63241376
28020,Operating Systems T,10,96007,Foundations of Computer Architecture and Operating Systems,0.62919373
28020,Operating Systems T,1,28020,Operating Systems T,1.00000000
28020,Operating Systems T,2,08574,Operating Systems,0.71092503
28020,Operating Systems T,3,08574,Operating Systems,0.70270295
28020,Operating Systems T,4,B8562,SISTEMI CONCORRENTI E PARALLELI M,0.69254649
28020,Operating Systems T,5,28024,Computer Networks T,0.65707130
28020,Operating Systems T,6,28024,Computer Networks T,0.65707130
28020,Operating Systems T,7,69731,Computer Architecture,0.64638410
28020,Operating Systems T,8,03716,Digital Design Principles and Computer Architecture,0.63241376
28020,Operating Systems T,9,03716,Digital Design Principles and Computer Architecture,0.63241376
28020,Operating Systems T,10,96007,Foundations of Computer Architecture and Operating Systems,0.62919373
28021,Software Engineering T,1,90106,Software Engineering,0.80051506
28021,Software Engineering T,2,66858,Software Engineering,0.78162785
28021,Software Engineering T,3,90106,INGEGNERIA DEL SOFTWARE,0.74419328
28021,Software Engineering T,4,09032,Software Engineering,0.74226522
28021,Software Engineering T,5,B0010,Software Architecture and Platforms,0.73410606
28021,Software Engineering T,6,95627,Software Engineering,0.72735156
28021,Software Engineering T,7,72939,Software Systems Engineering M,0.69796783
28021,Software Engineering T,8,B0011,Software Process Engineering,0.69770592
28021,Software Engineering T,9,B1874,Project Management and Software Engineering for Cultural Heritage,0.69658084
28021,Software Engineering T,10,B0009,Advanced Software Modelling and Design,0.69259276
28024,Computer Networks T,1,28024,Computer Networks T,1.00000000
28024,Computer Networks T,2,95644,Computer Networks and Network Programming,0.73927323
28024,Computer Networks T,3,95604,Operating Systems and Networks,0.73838784
28024,Computer Networks T,4,84531,Infrastructures For Cloud Computing and Big Data M,0.73043385
28024,Computer Networks T,5,88324,System Administration T,0.71539765
28024,Computer Networks T,6,70226,Network Programming,0.71169815
28024,Computer Networks T,7,28652,IT Systems T-1,0.69601700
28024,Computer Networks T,8,96995,Programmable Networking,0.69432325
28024,Computer Networks T,9,37085,"Principles, Models and Applications for Distributed Systems M",0.68940549
28024,Computer Networks T,10,91161,"Networks, Security And Data Bases",0.68446009
28024,Computer Networks T,1,28024,Computer Networks T,1.00000000
28024,Computer Networks T,2,95644,Computer Networks and Network Programming,0.73927323
28024,Computer Networks T,3,95604,Operating Systems and Networks,0.73838784
28024,Computer Networks T,4,84531,Infrastructures For Cloud Computing and Big Data M,0.73043385
28024,Computer Networks T,5,88324,System Administration T,0.71539765
28024,Computer Networks T,6,70226,Network Programming,0.71169815
28024,Computer Networks T,7,28652,IT Systems T-1,0.69601700
28024,Computer Networks T,8,96995,Programmable Networking,0.69432325
28024,Computer Networks T,9,37085,"Principles, Models and Applications for Distributed Systems M",0.68940549
28024,Computer Networks T,10,91161,"Networks, Security And Data Bases",0.68446009
28027,Information Systems T,1,10906,Databases,0.76053309
28027,Information Systems T,2,84530,Database and Big Data Technologies M,0.73403669
28027,Information Systems T,3,95611,Database Systems,0.71976334
28027,Information Systems T,4,10906,Databases,0.70467442
28027,Information Systems T,5,70155,Data Bases,0.69531154
28027,Information Systems T,6,28652,IT Systems T-1,0.69032551
28027,Information Systems T,7,96793,Information Systems and Database Management,0.66516000
28027,Information Systems T,8,84339,Advanced Database Systems,0.65797878
28027,Information Systems T,9,79194,Databases,0.65431703
28027,Information Systems T,10,B8159,INFORMATICA,0.64646729
28040,Information Technology,1,07276,Computer Science,0.88208541
28040,Information Technology,2,07276,INFORMATICA,0.85270750
28040,Information Technology,3,96346,INFORMATICA,0.81206630
28040,Information Technology,4,28623,Foundations of Informatics and Laboratory,0.71571649
28040,Information Technology,5,09730,Principles of Informatics,0.70578070
28040,Information Technology,6,37262,Computer Programming,0.69288402
28040,Information Technology,7,15305,Foundations of Informatics A,0.69207935
28040,Information Technology,8,91685,History of Informatics and Computing Systems,0.68459622
28040,Information Technology,9,89988,Elements of Informatics,0.68447850
28040,Information Technology,10,95602,Programming and Computer Architectures,0.68011480
28106,Computer Science for Environmental Sciences,1,B4826,Informatics for the Humanities,0.70881285
28106,Computer Science for Environmental Sciences,2,57828,Informatics,0.67577966
28106,Computer Science for Environmental Sciences,3,91161,"Networks, Security And Data Bases",0.67043074
28106,Computer Science for Environmental Sciences,4,82202,Informatic,0.65397722
28106,Computer Science for Environmental Sciences,5,39176,Basic and Laboratory Informatics,0.64405705
28106,Computer Science for Environmental Sciences,6,39176,Basic and Laboratory Informatics,0.64405705
28106,Computer Science for Environmental Sciences,7,90749,Computing Education,0.64396409
28106,Computer Science for Environmental Sciences,8,79194,Databases,0.64007933
28106,Computer Science for Environmental Sciences,9,82202,Informatic,0.63568410
28106,Computer Science for Environmental Sciences,10,96793,Information Systems and Database Management,0.63354471
28623,Foundations of Informatics and Laboratory,1,15305,Foundations of Informatics A,0.84274793
28623,Foundations of Informatics and Laboratory,2,09730,Principles of Informatics,0.83572880
28623,Foundations of Informatics and Laboratory,3,16692,Laboratory of Informatics,0.78987239
28623,Foundations of Informatics and Laboratory,4,29227,Foundations of Informatics T,0.75101557
28623,Foundations of Informatics and Laboratory,5,29227,Foundations of Informatics T,0.75101557
28623,Foundations of Informatics and Laboratory,6,07276,Computer Science,0.74598109
28623,Foundations of Informatics and Laboratory,7,09730,Principles of Informatics,0.74054848
28623,Foundations of Informatics and Laboratory,8,96346,INFORMATICA,0.73236914
28623,Foundations of Informatics and Laboratory,9,00819,Programming,0.73074661
28623,Foundations of Informatics and Laboratory,10,00819,Programming,0.72188080
28651,Electronics T-A,1,37063,Principles of Electronics for Automation T,0.79519880
28651,Electronics T-A,2,28724,Electronics T-2,0.79463658
28651,Electronics T-A,3,28016,Electronics T,0.79083816
28651,Electronics T-A,4,00269,Electronics,0.78862323
28651,Electronics T-A,5,73092,Analog Electronic Circuits T-A,0.78729722
28651,Electronics T-A,6,28016,Electronics T,0.77333905
28651,Electronics T-A,7,B8379,TECNOLOGIE MICROELETTRONICHE LM,0.76497966
28651,Electronics T-A,8,94272,Electronic Systems,0.76166072
28651,Electronics T-A,9,69773,Electronic Circuits Design,0.75248171
28651,Electronics T-A,10,71148,Electronics For Automation T,0.74303061
28652,IT Systems T-1,1,88324,System Administration T,0.72725259
28652,IT Systems T-1,2,09032,Software Engineering,0.72682730
28652,IT Systems T-1,3,B0832,Administration of Systems T,0.71917074
28652,IT Systems T-1,4,70155,Data Bases,0.69676219
28652,IT Systems T-1,5,28024,Computer Networks T,0.69601700
28652,IT Systems T-1,6,28024,Computer Networks T,0.69601700
28652,IT Systems T-1,7,28027,Information Systems T,0.69032551
28652,IT Systems T-1,8,57828,Informatics,0.68648245
28652,IT Systems T-1,9,73025,Distributed Systems M,0.68598890
28652,IT Systems T-1,10,28004,Foundations of Informatics T-1,0.68194945
28659,Web Technologies T,1,28659,Web Technologies T,1.00000000
28659,Web Technologies T,2,94442,Design of Web Applications T,0.71001996
28659,Web Technologies T,3,41731,Web-related Technologies,0.69651496
28659,Web Technologies T,4,75835,Web Technologies,0.69432465
28659,Web Technologies T,5,88230,TECNOLOGIE INDUSTRIALI ABILITANTI PER IL WEB E HMI P,0.65180539
28659,Web Technologies T,6,88566,Web Technology,0.64806168
28659,Web Technologies T,7,95645,Foundations of Web Systems,0.64101083
28659,Web Technologies T,8,95605,Web and Mobile Systems,0.62360504
28659,Web Technologies T,9,28652,IT Systems T-1,0.61581379
28659,Web Technologies T,10,41731,Web-related Technologies,0.61347941
28659,Web Technologies T,1,28659,Web Technologies T,1.00000000
28659,Web Technologies T,2,94442,Design of Web Applications T,0.71001996
28659,Web Technologies T,3,41731,Web-related Technologies,0.69651496
28659,Web Technologies T,4,75835,Web Technologies,0.69432465
28659,Web Technologies T,5,88230,TECNOLOGIE INDUSTRIALI ABILITANTI PER IL WEB E HMI P,0.65180539
28659,Web Technologies T,6,88566,Web Technology,0.64806168
28659,Web Technologies T,7,95645,Foundations of Web Systems,0.64101083
28659,Web Technologies T,8,95605,Web and Mobile Systems,0.62360504
28659,Web Technologies T,9,28652,IT Systems T-1,0.61581379
28659,Web Technologies T,10,41731,Web-related Technologies,0.61347941
28722,Electronics T-1,1,28016,Electronics T,0.86072588
28722,Electronics T-1,2,28016,Electronics T,0.84969208
28722,Electronics T-1,3,28651,Electronics T-A,0.71241358
28722,Electronics T-1,4,28724,Electronics T-2,0.71194535
28722,Electronics T-1,5,73092,Analog Electronic Circuits T-A,0.68731217
28722,Electronics T-1,6,28012,Electronic Calculators T,0.68161603
28722,Electronics T-1,7,37063,Principles of Electronics for Automation T,0.67820795
28722,Electronics T-1,8,28652,IT Systems T-1,0.67788730
28722,Electronics T-1,9,34991,Project in electronics and telecommunications,0.65420362
28722,Electronics T-1,10,00269,Electronics,0.65190691
28724,Electronics T-2,1,73092,Analog Electronic Circuits T-A,0.95939822
28724,Electronics T-2,2,28651,Electronics T-A,0.79463658
28724,Electronics T-2,3,37063,Principles of Electronics for Automation T,0.75430830
28724,Electronics T-2,4,28016,Electronics T,0.73854512
28724,Electronics T-2,5,81649,Design On Analog Cicuits and Systems M,0.73692153
28724,Electronics T-2,6,00269,Electronics,0.73511142
28724,Electronics T-2,7,28016,Electronics T,0.73266894
28724,Electronics T-2,8,28722,Electronics T-1,0.71194535
28724,Electronics T-2,9,28016,Electronics T,0.69707822
28724,Electronics T-2,10,93392,Analog Circuits and Sensor Systems M,0.68858910
28796,Elements of Databases,1,70155,Data Bases,0.77499167
28796,Elements of Databases,2,79194,Databases,0.73880541
28796,Elements of Databases,3,96793,Information Systems and Database Management,0.73626910
28796,Elements of Databases,4,95611,Database Systems,0.70681926
28796,Elements of Databases,5,10906,Databases,0.70628314
28796,Elements of Databases,6,40720,Data Mining,0.68099136
28796,Elements of Databases,7,84339,Advanced Database Systems,0.67658357
28796,Elements of Databases,8,81932,Big Data,0.64585946
28796,Elements of Databases,9,90107,BASI DI DATI,0.64058613
28796,Elements of Databases,10,95631,Machine Learning and Data Mining,0.63913780
29035,Electronic Industrial Systems Architecture and Programming Laboratory T-A,1,73731,Microcontroller-based systems for Industrial Applicatons: Architecture and Programming,0.82590115
29035,Electronic Industrial Systems Architecture and Programming Laboratory T-A,2,85730,Architectures and Firmware M,0.72065014
29035,Electronic Industrial Systems Architecture and Programming Laboratory T-A,3,88228,Microcontroller electronic systems P,0.71425579
29035,Electronic Industrial Systems Architecture and Programming Laboratory T-A,4,10907,Electronics of Digital Systems,0.70859973
29035,Electronic Industrial Systems Architecture and Programming Laboratory T-A,5,35253,Hardware – Software Design Methods M,0.69594317
29035,Electronic Industrial Systems Architecture and Programming Laboratory T-A,6,28651,Electronics T-A,0.67510728
29035,Electronic Industrial Systems Architecture and Programming Laboratory T-A,7,77780,Embedded Systems Programming and Internet of Things,0.67460409
29035,Electronic Industrial Systems Architecture and Programming Laboratory T-A,8,03716,Digital Design Principles and Computer Architecture,0.67367375
29035,Electronic Industrial Systems Architecture and Programming Laboratory T-A,9,03716,Digital Design Principles and Computer Architecture,0.67367375
29035,Electronic Industrial Systems Architecture and Programming Laboratory T-A,10,81678,Laboratory of Making,0.66943845
29227,Foundations of Informatics T,1,29227,Foundations of Informatics T,1.00000000
29227,Foundations of Informatics T,2,88145,Fundamentals of Computer Programming P1,0.86343210
29227,Foundations of Informatics T,3,15305,Foundations of Informatics A,0.80748327
29227,Foundations of Informatics T,4,09730,Principles of Informatics,0.79833858
29227,Foundations of Informatics T,5,28623,Foundations of Informatics and Laboratory,0.75101557
29227,Foundations of Informatics T,6,93034,Foundations of Computer Science T,0.74988678
29227,Foundations of Informatics T,7,93034,Foundations of Computer Science T,0.74988678
29227,Foundations of Informatics T,8,29227,Foundations of Informatics T,0.73594321
29227,Foundations of Informatics T,9,29227,Foundations of Informatics T,0.70836168
29227,Foundations of Informatics T,10,28004,Foundations of Informatics T-1,0.70805583
29227,Foundations of Informatics T,1,29227,Foundations of Informatics T,1.00000000
29227,Foundations of Informatics T,2,88145,Fundamentals of Computer Programming P1,0.86343210
29227,Foundations of Informatics T,3,15305,Foundations of Informatics A,0.80748327
29227,Foundations of Informatics T,4,09730,Principles of Informatics,0.79833858
29227,Foundations of Informatics T,5,28623,Foundations of Informatics and Laboratory,0.75101557
29227,Foundations of Informatics T,6,93034,Foundations of Computer Science T,0.74988678
29227,Foundations of Informatics T,7,93034,Foundations of Computer Science T,0.74988678
29227,Foundations of Informatics T,8,29227,Foundations of Informatics T,0.73594321
29227,Foundations of Informatics T,9,29227,Foundations of Informatics T,0.70836168
29227,Foundations of Informatics T,10,28004,Foundations of Informatics T-1,0.70805583
29227,Foundations of Informatics T,1,29227,Foundations of Informatics T,0.88992103
29227,Foundations of Informatics T,2,29227,Foundations of Informatics T,0.77959612
29227,Foundations of Informatics T,3,15305,Foundations of Informatics A,0.74951322
29227,Foundations of Informatics T,4,09730,Principles of Informatics,0.74036852
29227,Foundations of Informatics T,5,29227,Foundations of Informatics T,0.73594321
29227,Foundations of Informatics T,6,29227,Foundations of Informatics T,0.73594321
29227,Foundations of Informatics T,7,09730,Principles of Informatics,0.69075904
29227,Foundations of Informatics T,8,28004,Foundations of Informatics T-1,0.69011189
29227,Foundations of Informatics T,9,28004,Foundations of Informatics T-1,0.68765385
29227,Foundations of Informatics T,10,28623,Foundations of Informatics and Laboratory,0.68539603
29227,Foundations of Informatics T,1,29227,Foundations of Informatics T,0.88992103
29227,Foundations of Informatics T,2,29227,Foundations of Informatics T,0.80122814
29227,Foundations of Informatics T,3,15305,Foundations of Informatics A,0.73407590
29227,Foundations of Informatics T,4,09730,Principles of Informatics,0.72493121
29227,Foundations of Informatics T,5,09730,Principles of Informatics,0.70632397
29227,Foundations of Informatics T,6,29227,Foundations of Informatics T,0.70031282
29227,Foundations of Informatics T,7,29227,Foundations of Informatics T,0.70031282
29227,Foundations of Informatics T,8,91161,"Networks, Security And Data Bases",0.68491274
29227,Foundations of Informatics T,9,00819,Programming,0.67720128
29227,Foundations of Informatics T,10,89988,Elements of Informatics,0.67687799
29227,Foundations of Informatics T,1,29227,Foundations of Informatics T,0.80122814
29227,Foundations of Informatics T,2,29227,Foundations of Informatics T,0.77959612
29227,Foundations of Informatics T,3,15305,Foundations of Informatics A,0.75090411
29227,Foundations of Informatics T,4,09730,Principles of Informatics,0.74175941
29227,Foundations of Informatics T,5,09730,Principles of Informatics,0.73658679
29227,Foundations of Informatics T,6,29227,Foundations of Informatics T,0.70836168
29227,Foundations of Informatics T,7,29227,Foundations of Informatics T,0.70836168
29227,Foundations of Informatics T,8,28004,Foundations of Informatics T-1,0.70331563
29227,Foundations of Informatics T,9,69731,Computer Architecture,0.69441669
29227,Foundations of Informatics T,10,28004,Foundations of Informatics T-1,0.68784422
30376,Business Intelligence,1,96142,Business Intelligence and Big Data M,0.75515134
30376,Business Intelligence,2,96143,Methods and Models for Data Analytics M,0.66515690
30376,Business Intelligence,3,09679,Data Base Sistems,0.66468750
30376,Business Intelligence,4,70155,Data Bases,0.66291005
30376,Business Intelligence,5,98671,Business Analytics,0.66112385
30376,Business Intelligence,6,81932,Big Data,0.65895300
30376,Business Intelligence,7,28652,IT Systems T-1,0.64026705
30376,Business Intelligence,8,40720,Data Mining,0.63824375
30376,Business Intelligence,9,09032,Software Engineering,0.62288821
30376,Business Intelligence,10,28796,Elements of Databases,0.62248642
34876,Digital Systems Electronics M,1,28651,Electronics T-A,0.73441989
34876,Digital Systems Electronics M,2,10907,Electronics of Digital Systems,0.71983418
34876,Digital Systems Electronics M,3,93390,Digital Systems and Introduction to Computer Architectures M,0.71353695
34876,Digital Systems Electronics M,4,B0159,Integrated Analog Electronics,0.70046322
34876,Digital Systems Electronics M,5,B8379,TECNOLOGIE MICROELETTRONICHE LM,0.69757558
34876,Digital Systems Electronics M,6,37063,Principles of Electronics for Automation T,0.67341985
34876,Digital Systems Electronics M,7,00269,Electronics,0.67178707
34876,Digital Systems Electronics M,8,85730,Architectures and Firmware M,0.66621298
34876,Digital Systems Electronics M,9,28724,Electronics T-2,0.65969206
34876,Digital Systems Electronics M,10,73092,Analog Electronic Circuits T-A,0.65666898
34991,Project in electronics and telecommunications,1,81678,Laboratory of Making,0.73826124
34991,Project in electronics and telecommunications,2,81678,Laboratory of Making,0.71819055
34991,Project in electronics and telecommunications,3,10907,Electronics of Digital Systems,0.67409233
34991,Project in electronics and telecommunications,4,B5722,Embedded Sensors,0.67350219
34991,Project in electronics and telecommunications,5,00269,Electronics,0.66936090
34991,Project in electronics and telecommunications,6,93929,Sensors and Nanotechnology,0.66543751
34991,Project in electronics and telecommunications,7,88155,Industrial Informatics P,0.66262685
34991,Project in electronics and telecommunications,8,84442,High Frequency Electronic Circuits M,0.66073218
34991,Project in electronics and telecommunications,9,94272,Electronic Systems,0.65720678
34991,Project in electronics and telecommunications,10,28722,Electronics T-1,0.65420362
35148,Electronics for analogic signal processing,1,00269,Electronics,0.74318290
35148,Electronics for analogic signal processing,2,B0159,Integrated Analog Electronics,0.70628560
35148,Electronics for analogic signal processing,3,73092,Analog Electronic Circuits T-A,0.69657451
35148,Electronics for analogic signal processing,4,37063,Principles of Electronics for Automation T,0.69352417
35148,Electronics for analogic signal processing,5,28651,Electronics T-A,0.67736245
35148,Electronics for analogic signal processing,6,28724,Electronics T-2,0.67458484
35148,Electronics for analogic signal processing,7,94247,Laboratory on Power Electronics,0.65720713
35148,Electronics for analogic signal processing,8,93392,Analog Circuits and Sensor Systems M,0.65643465
35148,Electronics for analogic signal processing,9,10907,Electronics of Digital Systems,0.65559794
35148,Electronics for analogic signal processing,10,B8379,TECNOLOGIE MICROELETTRONICHE LM,0.64931502
35253,Hardware – Software Design Methods M,1,93322,Hardware-Software Design of Iot Systems M,0.82577989
35253,Hardware – Software Design Methods M,2,85730,Architectures and Firmware M,0.81379637
35253,Hardware – Software Design Methods M,3,69430,COMPUTER ARCHITECTURES M,0.71086796
35253,Hardware – Software Design Methods M,4,03716,Digital Design Principles and Computer Architecture,0.70355765
35253,Hardware – Software Design Methods M,5,03716,Digital Design Principles and Computer Architecture,0.70355765
35253,Hardware – Software Design Methods M,6,29035,Electronic Industrial Systems Architecture and Programming Laboratory T-A,0.69594317
35253,Hardware – Software Design Methods M,7,B8561,ARCHITETTURE DEI CALCOLATORI M,0.66251144
35253,Hardware – Software Design Methods M,8,88228,Microcontroller electronic systems P,0.66239424
35253,Hardware – Software Design Methods M,9,10907,Electronics of Digital Systems,0.65259278
35253,Hardware – Software Design Methods M,10,B8379,TECNOLOGIE MICROELETTRONICHE LM,0.63265643
35364,Digital Architectures for Signal Processing M,1,34876,Digital Systems Electronics M,0.60695326
35364,Digital Architectures for Signal Processing M,2,93392,Analog Circuits and Sensor Systems M,0.59498204
35364,Digital Architectures for Signal Processing M,3,93390,Digital Systems and Introduction to Computer Architectures M,0.59391114
35364,Digital Architectures for Signal Processing M,4,10907,Electronics of Digital Systems,0.58687831
35364,Digital Architectures for Signal Processing M,5,34991,Project in electronics and telecommunications,0.58439299
35364,Digital Architectures for Signal Processing M,6,35148,Electronics for analogic signal processing,0.58411715
35364,Digital Architectures for Signal Processing M,7,B8310,STATISTICS AND MACHINE LEARNING FOR SIGNAL PROCESSING M,0.58406273
35364,Digital Architectures for Signal Processing M,8,73092,Analog Electronic Circuits T-A,0.57856171
35364,Digital Architectures for Signal Processing M,9,93322,Hardware-Software Design of Iot Systems M,0.57528613
35364,Digital Architectures for Signal Processing M,10,B8563,SISTEMI DI ELABORAZIONE ACCELERATA M,0.57510605
35367,Industrial Electronics M,1,73110,Industrial Electronics T-A,0.82869398
35367,Industrial Electronics M,2,85733,Power Electronics for Automotive M,0.81798452
35367,Industrial Electronics M,3,71148,Electronics For Automation T,0.78999300
35367,Industrial Electronics M,4,94247,Laboratory on Power Electronics,0.76047782
35367,Industrial Electronics M,5,28651,Electronics T-A,0.73899066
35367,Industrial Electronics M,6,94272,Electronic Systems,0.72247854
35367,Industrial Electronics M,7,88154,ELETTRONICA INDUSTRIALE P,0.70965004
35367,Industrial Electronics M,8,00269,Electronics,0.70804969
35367,Industrial Electronics M,9,93392,Analog Circuits and Sensor Systems M,0.69302587
35367,Industrial Electronics M,10,B8379,TECNOLOGIE MICROELETTRONICHE LM,0.69147274
35424,Time-Frequency and Multirate Signal Processing M,1,B8310,STATISTICS AND MACHINE LEARNING FOR SIGNAL PROCESSING M,0.67149610
35424,Time-Frequency and Multirate Signal Processing M,2,84442,High Frequency Electronic Circuits M,0.60707212
35424,Time-Frequency and Multirate Signal Processing M,3,28722,Electronics T-1,0.59655588
35424,Time-Frequency and Multirate Signal Processing M,4,B8309,STATISTICA E MACHINE LEARNING PER L'ELABORAZIONE DEI SEGNALI M,0.58506860
35424,Time-Frequency and Multirate Signal Processing M,5,34991,Project in electronics and telecommunications,0.58392812
35424,Time-Frequency and Multirate Signal Processing M,6,91254,Image Processing and Computer Vision,0.57744697
35424,Time-Frequency and Multirate Signal Processing M,7,28016,Electronics T,0.56908876
35424,Time-Frequency and Multirate Signal Processing M,8,B5722,Embedded Sensors,0.56891950
35424,Time-Frequency and Multirate Signal Processing M,9,37063,Principles of Electronics for Automation T,0.56522023
35424,Time-Frequency and Multirate Signal Processing M,10,35148,Electronics for analogic signal processing,0.56304795
37063,Principles of Electronics for Automation T,1,28651,Electronics T-A,0.79519880
37063,Principles of Electronics for Automation T,2,00269,Electronics,0.78473757
37063,Principles of Electronics for Automation T,3,73092,Analog Electronic Circuits T-A,0.75723694
37063,Principles of Electronics for Automation T,4,28724,Electronics T-2,0.75430830
37063,Principles of Electronics for Automation T,5,88154,ELETTRONICA INDUSTRIALE P,0.74673759
37063,Principles of Electronics for Automation T,6,84442,High Frequency Electronic Circuits M,0.73552725
37063,Principles of Electronics for Automation T,7,71148,Electronics For Automation T,0.72274471
37063,Principles of Electronics for Automation T,8,B8379,TECNOLOGIE MICROELETTRONICHE LM,0.71306423
37063,Principles of Electronics for Automation T,9,93392,Analog Circuits and Sensor Systems M,0.71246857
37063,Principles of Electronics for Automation T,10,28016,Electronics T,0.70975050
37085,"Principles, Models and Applications for Distributed Systems M",1,28024,Computer Networks T,0.68940549
37085,"Principles, Models and Applications for Distributed Systems M",2,28024,Computer Networks T,0.68940549
37085,"Principles, Models and Applications for Distributed Systems M",3,73025,Distributed Systems M,0.67313433
37085,"Principles, Models and Applications for Distributed Systems M",4,87474,Distributed Systems,0.66489467
37085,"Principles, Models and Applications for Distributed Systems M",5,93468,Distributed Software Systems,0.66248444
37085,"Principles, Models and Applications for Distributed Systems M",6,84531,Infrastructures For Cloud Computing and Big Data M,0.65354244
37085,"Principles, Models and Applications for Distributed Systems M",7,88324,System Administration T,0.64986888
37085,"Principles, Models and Applications for Distributed Systems M",8,91161,"Networks, Security And Data Bases",0.64936463
37085,"Principles, Models and Applications for Distributed Systems M",9,B0832,Administration of Systems T,0.64826053
37085,"Principles, Models and Applications for Distributed Systems M",10,95604,Operating Systems and Networks,0.64073897
37262,Computer Programming,1,95602,Programming and Computer Architectures,0.80349429
37262,Computer Programming,2,07276,Computer Science,0.78411362
37262,Computer Programming,3,00819,Programming,0.78168076
37262,Computer Programming,4,00819,Programming,0.77961550
37262,Computer Programming,5,00819,Programming,0.76894660
37262,Computer Programming,6,B8905,Foundations of Programming,0.76515394
37262,Computer Programming,7,65094,ADVANCED PROGRAMMING,0.75670843
37262,Computer Programming,8,09730,Principles of Informatics,0.75054957
37262,Computer Programming,9,93363,Advanced Programming,0.74928951
37262,Computer Programming,10,00819,Programming,0.74778380
37635,Data Structure and Algorithms,1,11929,Algorithms and Data Structures,0.99683382
37635,Data Structure and Algorithms,2,11929,Algorithm and Data Structures,0.81211569
37635,Data Structure and Algorithms,3,B5782,Algorithms and Data Structures for Computational Biology,0.77637818
37635,Data Structure and Algorithms,4,11929,Algorithms and Data Structures,0.77172206
37635,Data Structure and Algorithms,5,11929,Algorithms and Data Structures,0.75893760
37635,Data Structure and Algorithms,6,B4913,ALGORITMI E STRUTTURE DATI,0.74634232
37635,Data Structure and Algorithms,7,09730,Principles of Informatics,0.72421468
37635,Data Structure and Algorithms,8,15305,Foundations of Informatics A,0.71882498
37635,Data Structure and Algorithms,9,09730,Principles of Informatics,0.71746456
37635,Data Structure and Algorithms,10,16692,Laboratory of Informatics,0.70204250
37760,Systems Simulation,1,B0009,Advanced Software Modelling and Design,0.65292925
37760,Systems Simulation,2,72945,Real-Time Systems M,0.61225248
37760,Systems Simulation,3,90106,INGEGNERIA DEL SOFTWARE,0.60779096
37760,Systems Simulation,4,81934,HUMAN COMPUTER INTERACTION,0.60566250
37760,Systems Simulation,5,78778,Intelligent Systems M,0.59321669
37760,Systems Simulation,6,11933,Theoretical Computer Science,0.59090264
37760,Systems Simulation,7,41169,Theoretical Computer Science,0.59077444
37760,Systems Simulation,8,88324,System Administration T,0.58964406
37760,Systems Simulation,9,B0063,Programming Laboratory,0.58633035
37760,Systems Simulation,10,09032,Software Engineering,0.58491665
37925,Virtual System Design,1,95646,Virtualized Systems,0.71031645
37925,Virtual System Design,2,10907,Electronics of Digital Systems,0.60600875
37925,Virtual System Design,3,08574,Operating Systems,0.58806121
37925,Virtual System Design,4,84258,Design of Electronic Systems T-A,0.58708609
37925,Virtual System Design,5,96995,Programmable Networking,0.58687778
37925,Virtual System Design,6,77780,Embedded Systems Programming and Internet of Things,0.57975136
37925,Virtual System Design,7,95604,Operating Systems and Networks,0.56947823
37925,Virtual System Design,8,96642,Virtualization and System Integration,0.56494031
37925,Virtual System Design,9,73025,Distributed Systems M,0.56421752
37925,Virtual System Design,10,81683,Internet of Things,0.56262478
39176,Basic and Laboratory Informatics,1,39176,Basic and Laboratory Informatics,1.00000000
39176,Basic and Laboratory Informatics,2,82202,Informatic,0.95164958
39176,Basic and Laboratory Informatics,3,57828,Informatics,0.73090947
39176,Basic and Laboratory Informatics,4,82202,Informatic,0.71416935
39176,Basic and Laboratory Informatics,5,B4826,Informatics for the Humanities,0.70749685
39176,Basic and Laboratory Informatics,6,75969,Basic Informatics,0.67946267
39176,Basic and Laboratory Informatics,7,75969,Basic Informatics,0.67762340
39176,Basic and Laboratory Informatics,8,11340,INFORMATICA APPLICATA,0.65554338
39176,Basic and Laboratory Informatics,9,70155,Data Bases,0.65332675
39176,Basic and Laboratory Informatics,10,96793,Information Systems and Database Management,0.64452098
39176,Basic and Laboratory Informatics,1,39176,Basic and Laboratory Informatics,1.00000000
39176,Basic and Laboratory Informatics,2,82202,Informatic,0.95164958
39176,Basic and Laboratory Informatics,3,57828,Informatics,0.73090947
39176,Basic and Laboratory Informatics,4,82202,Informatic,0.71416935
39176,Basic and Laboratory Informatics,5,B4826,Informatics for the Humanities,0.70749685
39176,Basic and Laboratory Informatics,6,75969,Basic Informatics,0.67946267
39176,Basic and Laboratory Informatics,7,75969,Basic Informatics,0.67762340
39176,Basic and Laboratory Informatics,8,11340,INFORMATICA APPLICATA,0.65554338
39176,Basic and Laboratory Informatics,9,70155,Data Bases,0.65332675
39176,Basic and Laboratory Informatics,10,96793,Information Systems and Database Management,0.64452098
40720,Data Mining,1,95631,Machine Learning and Data Mining,0.89426946
40720,Data Mining,2,B2133,Big Data Analytics and Text Mining,0.77160067
40720,Data Mining,3,95631,Machine Learning and Data Mining,0.76788725
40720,Data Mining,4,B2125,Machine Learning and Data Mining M,0.75972172
40720,Data Mining,5,70155,Data Bases,0.72771556
40720,Data Mining,6,81932,Big Data,0.69082122
40720,Data Mining,7,96143,Methods and Models for Data Analytics M,0.68641114
40720,Data Mining,8,28796,Elements of Databases,0.68099136
40720,Data Mining,9,09679,Data Base Sistems,0.66692249
40720,Data Mining,10,79194,Databases,0.66369247
41169,Theoretical Computer Science,1,11933,Theoretical Computer Science,0.92557886
41169,Theoretical Computer Science,2,07276,Computer Science,0.72972783
41169,Theoretical Computer Science,3,09730,Principles of Informatics,0.70188646
41169,Theoretical Computer Science,4,11929,Algorithms and Data Structures,0.69858420
41169,Theoretical Computer Science,5,93034,Foundations of Computer Science T,0.69562863
41169,Theoretical Computer Science,6,93034,Foundations of Computer Science T,0.69562863
41169,Theoretical Computer Science,7,15305,Foundations of Informatics A,0.69392026
41169,Theoretical Computer Science,8,37635,Data Structure and Algorithms,0.69142638
41169,Theoretical Computer Science,9,B5782,Algorithms and Data Structures for Computational Biology,0.68833673
41169,Theoretical Computer Science,10,98931,Fundamentals of Artificial Intelligence,0.68761985
41588,INTRODUZIONE ALL'ANALISI DEI DATI,1,96346,INFORMATICA,0.74615390
41588,INTRODUZIONE ALL'ANALISI DEI DATI,2,85189,Systems and Algorithms for Data Science,0.71409478
41588,INTRODUZIONE ALL'ANALISI DEI DATI,3,90477,Machine Learning Systems For Data Science,0.69091581
41588,INTRODUZIONE ALL'ANALISI DEI DATI,4,B5780,Computational Methods for Bioinformatics,0.64697122
41588,INTRODUZIONE ALL'ANALISI DEI DATI,5,89988,Elements of Informatics,0.64567469
41588,INTRODUZIONE ALL'ANALISI DEI DATI,6,07276,INFORMATICA,0.64422422
41588,INTRODUZIONE ALL'ANALISI DEI DATI,7,85285,Programming,0.64346387
41588,INTRODUZIONE ALL'ANALISI DEI DATI,8,B0063,Programming Laboratory,0.64096004
41588,INTRODUZIONE ALL'ANALISI DEI DATI,9,11929,Algorithm and Data Structures,0.63301005
41588,INTRODUZIONE ALL'ANALISI DEI DATI,10,95602,Programming and Computer Architectures,0.63126879
41731,Web-related Technologies,1,95645,Foundations of Web Systems,0.80830227
41731,Web-related Technologies,2,41731,Web-related Technologies,0.75405944
41731,Web-related Technologies,3,75835,Web Technologies,0.74146154
41731,Web-related Technologies,4,47240,Web Systems Engineering,0.71423712
41731,Web-related Technologies,5,69867,Web Services and Applications,0.70885645
41731,Web-related Technologies,6,95605,Web and Mobile Systems,0.69714446
41731,Web-related Technologies,7,88566,Web Technology,0.68698037
41731,Web-related Technologies,8,94442,Design of Web Applications T,0.65472239
41731,Web-related Technologies,9,85445,Information Modelling and Web Technologies,0.65283158
41731,Web-related Technologies,10,28659,Web Technologies T,0.61347941
41731,Web-related Technologies,1,75835,Web Technologies,0.98868857
41731,Web-related Technologies,2,88566,Web Technology,0.82617112
41731,Web-related Technologies,3,95605,Web and Mobile Systems,0.81980829
41731,Web-related Technologies,4,95645,Foundations of Web Systems,0.75781667
41731,Web-related Technologies,5,41731,Web-related Technologies,0.75405944
41731,Web-related Technologies,6,94442,Design of Web Applications T,0.73055535
41731,Web-related Technologies,7,85445,Information Modelling and Web Technologies,0.72729412
41731,Web-related Technologies,8,69867,Web Services and Applications,0.71220334
41731,Web-related Technologies,9,28659,Web Technologies T,0.69651496
41731,Web-related Technologies,10,28659,Web Technologies T,0.69651496
42500,Semantic Web,1,85446,Knowledge Representation and Extraction,0.68750882
42500,Semantic Web,2,B0070,METODOLOGIE E TECNICHE DI SIMULAZIONE,0.67323284
42500,Semantic Web,3,91265,Knowledge Engineering,0.67203765
42500,Semantic Web,4,B5292,Knowledge Engeneering for the Humanities,0.65560114
42500,Semantic Web,5,84401,Context-Aware Systems,0.64258113
42500,Semantic Web,6,90730,Social Network Analysis,0.64184018
42500,Semantic Web,7,B2133,Big Data Analytics and Text Mining,0.63113239
42500,Semantic Web,8,94442,Design of Web Applications T,0.61761903
42500,Semantic Web,9,75835,Web Technologies,0.61620825
42500,Semantic Web,10,41731,Web-related Technologies,0.61601538
47240,Web Systems Engineering,1,95645,Foundations of Web Systems,0.74749899
47240,Web Systems Engineering,2,69867,Web Services and Applications,0.71776980
47240,Web Systems Engineering,3,41731,Web-related Technologies,0.71423712
47240,Web Systems Engineering,4,75835,Web Technologies,0.69492182
47240,Web Systems Engineering,5,41731,Web-related Technologies,0.69098545
47240,Web Systems Engineering,6,95605,Web and Mobile Systems,0.67910266
47240,Web Systems Engineering,7,94442,Design of Web Applications T,0.64114194
47240,Web Systems Engineering,8,88566,Web Technology,0.58648721
47240,Web Systems Engineering,9,84401,Context-Aware Systems,0.55385662
47240,Web Systems Engineering,10,85445,Information Modelling and Web Technologies,0.55385334
48693,Computer Science for Cultural Heritage,1,B5079,Digital Humanities and Data Management for Cultural Heritage,0.86422527
48693,Computer Science for Cultural Heritage,2,48693,Computer Science for Cultural Heritage,0.68106489
48693,Computer Science for Cultural Heritage,3,B1874,Project Management and Software Engineering for Cultural Heritage,0.66090131
48693,Computer Science for Cultural Heritage,4,76011,Multimedia Technologies in Archaelogy,0.65921935
48693,Computer Science for Cultural Heritage,5,98618,"""Document Digitization Techniques """,0.64944672
48693,Computer Science for Cultural Heritage,6,B5059,Interaction Media Design,0.64702445
48693,Computer Science for Cultural Heritage,7,B1873,Machine Learning for Humanities,0.61916119
48693,Computer Science for Cultural Heritage,8,97466,Digital represention of the Landscape Project,0.60570601
48693,Computer Science for Cultural Heritage,9,27311,Humanistic IT,0.60532738
48693,Computer Science for Cultural Heritage,10,75969,Basic Informatics,0.60361126
48693,Computer Science for Cultural Heritage,1,48693,Computer Science for Cultural Heritage,0.68106489
48693,Computer Science for Cultural Heritage,2,76011,Multimedia Technologies in Archaelogy,0.65276227
48693,Computer Science for Cultural Heritage,3,98618,"""Document Digitization Techniques """,0.65244564
48693,Computer Science for Cultural Heritage,4,B5059,Interaction Media Design,0.64750218
48693,Computer Science for Cultural Heritage,5,C7674,INTRODUZIONE ALLE TECNICHE DI MEMORIA E ALLE METODOLOGIE DI STUDIO,0.61697955
48693,Computer Science for Cultural Heritage,6,97466,Digital represention of the Landscape Project,0.60696597
48693,Computer Science for Cultural Heritage,7,B5079,Digital Humanities and Data Management for Cultural Heritage,0.60495915
48693,Computer Science for Cultural Heritage,8,69259,Computer Science,0.59802813
48693,Computer Science for Cultural Heritage,9,27311,Humanistic IT,0.58212255
48693,Computer Science for Cultural Heritage,10,B4826,Informatics for the Humanities,0.58155878
57828,Informatics,1,82202,Informatic,0.78920164
57828,Informatics,2,B4826,Informatics for the Humanities,0.77658320
57828,Informatics,3,82202,Informatic,0.77575794
57828,Informatics,4,78510,Informatics,0.74714047
57828,Informatics,5,39176,Basic and Laboratory Informatics,0.73090947
57828,Informatics,6,39176,Basic and Laboratory Informatics,0.73090947
57828,Informatics,7,09730,Principles of Informatics,0.72940119
57828,Informatics,8,15305,Foundations of Informatics A,0.72364534
57828,Informatics,9,11340,INFORMATICA APPLICATA,0.72255233
57828,Informatics,10,07276,INFORMATICA,0.71368180
58348,Lab-based Course on Operating Systems,1,08574,Operating Systems,0.62036417
58348,Lab-based Course on Operating Systems,2,08574,Operating Systems,0.58317802
58348,Lab-based Course on Operating Systems,3,B5665,Real Time Systems and Programming for Automation M,0.56883734
58348,Lab-based Course on Operating Systems,4,96007,Foundations of Computer Architecture and Operating Systems,0.55749980
58348,Lab-based Course on Operating Systems,5,90749,Computing Education,0.55501205
58348,Lab-based Course on Operating Systems,6,95604,Operating Systems and Networks,0.54952325
58348,Lab-based Course on Operating Systems,7,28623,Foundations of Informatics and Laboratory,0.54878344
58348,Lab-based Course on Operating Systems,8,88324,System Administration T,0.54224397
58348,Lab-based Course on Operating Systems,9,95602,Programming and Computer Architectures,0.54160315
58348,Lab-based Course on Operating Systems,10,78810,Real Time Systems for Automation M,0.53870554
58423,Internet Architecture,1,95644,Computer Networks and Network Programming,0.74588963
58423,Internet Architecture,2,70226,Network Programming,0.71043731
58423,Internet Architecture,3,95604,Operating Systems and Networks,0.69357524
58423,Internet Architecture,4,93315,Computer Networks,0.66519864
58423,Internet Architecture,5,81683,Internet of Things,0.64208917
58423,Internet Architecture,6,90730,Social Network Analysis,0.60117291
58423,Internet Architecture,7,75835,Web Technologies,0.59840707
58423,Internet Architecture,8,28024,Computer Networks T,0.59551916
58423,Internet Architecture,9,28024,Computer Networks T,0.59551916
58423,Internet Architecture,10,41731,Web-related Technologies,0.59496079
58437,Parallel Calculus,1,72778,High-Performance Computing,0.84795765
58437,Parallel Calculus,2,B8562,SISTEMI CONCORRENTI E PARALLELI M,0.67863860
58437,Parallel Calculus,3,41169,Theoretical Computer Science,0.67244059
58437,Parallel Calculus,4,28012,Electronic Calculators T,0.65313688
58437,Parallel Calculus,5,11933,Theoretical Computer Science,0.65288458
58437,Parallel Calculus,6,91259,Architecture and Platforms for Artificial Intelligence,0.64183736
58437,Parallel Calculus,7,28004,Foundations of Informatics T-1,0.63691519
58437,Parallel Calculus,8,00819,Programming,0.62566613
58437,Parallel Calculus,9,B8105,Computational Management of Data,0.61674074
58437,Parallel Calculus,10,11929,Algorithm and Data Structures,0.61135635
60348,Informatics,1,09730,Principles of Informatics,0.71746979
60348,Informatics,2,15305,Foundations of Informatics A,0.71171394
60348,Informatics,3,B8159,INFORMATICA,0.69331572
60348,Informatics,4,16692,Laboratory of Informatics,0.69202008
60348,Informatics,5,00819,Programming,0.67841864
60348,Informatics,6,29227,Foundations of Informatics T,0.67399876
60348,Informatics,7,29227,Foundations of Informatics T,0.66858192
60348,Informatics,8,37262,Computer Programming,0.66479635
60348,Informatics,9,00819,Programming,0.66470717
60348,Informatics,10,28623,Foundations of Informatics and Laboratory,0.66104493
65094,ADVANCED PROGRAMMING,1,37262,Computer Programming,0.75670843
65094,ADVANCED PROGRAMMING,2,96346,INFORMATICA,0.73030078
65094,ADVANCED PROGRAMMING,3,95602,Programming and Computer Architectures,0.70361141
65094,ADVANCED PROGRAMMING,4,B8905,Foundations of Programming,0.70337722
65094,ADVANCED PROGRAMMING,5,93363,Advanced Programming,0.70116317
65094,ADVANCED PROGRAMMING,6,85285,Programming,0.69536196
65094,ADVANCED PROGRAMMING,7,07276,Computer Science,0.68273119
65094,ADVANCED PROGRAMMING,8,B0063,Programming Laboratory,0.67364659
65094,ADVANCED PROGRAMMING,9,00819,Programming,0.66438587
65094,ADVANCED PROGRAMMING,10,89988,Elements of Informatics,0.65189518
66857,Logic for Computer Science,1,73149,Logic for Informatics,0.85162586
66857,Logic for Computer Science,2,11933,Theoretical Computer Science,0.70600493
66857,Logic for Computer Science,3,41169,Theoretical Computer Science,0.68365395
66857,Logic for Computer Science,4,81609,"Languages, Compilers and Computational Models",0.68192373
66857,Logic for Computer Science,5,98931,Fundamentals of Artificial Intelligence,0.65410335
66857,Logic for Computer Science,6,91248,Fundamentals of Artificial Intelligence and Knowledge Representation,0.63909647
66857,Logic for Computer Science,7,09730,Principles of Informatics,0.63337547
66857,Logic for Computer Science,8,09730,Principles of Informatics,0.62744414
66857,Logic for Computer Science,9,15305,Foundations of Informatics A,0.62298837
66857,Logic for Computer Science,10,B5727,Introduction to Languages for Artificial Intelligence,0.61113811
66858,Software Engineering,1,90106,Software Engineering,0.96408215
66858,Software Engineering,2,28021,Software Engineering T,0.78162785
66858,Software Engineering,3,90106,INGEGNERIA DEL SOFTWARE,0.76653817
66858,Software Engineering,4,09032,Software Engineering,0.76331183
66858,Software Engineering,5,95627,Software Engineering,0.73771816
66858,Software Engineering,6,B1874,Project Management and Software Engineering for Cultural Heritage,0.70766236
66858,Software Engineering,7,81612,Programming and Development paradigms,0.70064616
66858,Software Engineering,8,B0011,Software Process Engineering,0.69534767
66858,Software Engineering,9,B0010,Software Architecture and Platforms,0.67353331
66858,Software Engineering,10,95648,Software Design and Development,0.66694607
66860,Mobile Applications Laboratory,1,72787,Mobile Application Programming,0.73583465
66860,Mobile Applications Laboratory,2,95605,Web and Mobile Systems,0.60136625
66860,Mobile Applications Laboratory,3,78779,Mobile Systems M,0.58167867
66860,Mobile Applications Laboratory,4,94442,Design of Web Applications T,0.55403123
66860,Mobile Applications Laboratory,5,B8019,PROGRAMMING THE INTERNET OF THINGS M,0.55200782
66860,Mobile Applications Laboratory,6,84401,Context-Aware Systems,0.54929284
66860,Mobile Applications Laboratory,7,81683,Internet of Things,0.53484101
66860,Mobile Applications Laboratory,8,47240,Web Systems Engineering,0.52852762
66860,Mobile Applications Laboratory,9,90106,INGEGNERIA DEL SOFTWARE,0.52798406
66860,Mobile Applications Laboratory,10,95648,Software Design and Development,0.52523486
66870,Concurrent Models and Systems,1,17628,Concurrent and Distributed Programming,0.60596802
66870,Concurrent Models and Systems,2,B8562,SISTEMI CONCORRENTI E PARALLELI M,0.59625474
66870,Concurrent Models and Systems,3,81609,"Languages, Compilers and Computational Models",0.59037603
66870,Concurrent Models and Systems,4,11933,Theoretical Computer Science,0.56924407
66870,Concurrent Models and Systems,5,28011,Logic Design T,0.56740209
66870,Concurrent Models and Systems,6,37760,Systems Simulation,0.56492362
66870,Concurrent Models and Systems,7,87474,Distributed Systems,0.56058913
66870,Concurrent Models and Systems,8,95782,Network Analysis,0.55280554
66870,Concurrent Models and Systems,9,41169,Theoretical Computer Science,0.55195828
66870,Concurrent Models and Systems,10,73025,Distributed Systems M,0.54826630
69259,Computer Science,1,07276,Computer Science,0.64080337
69259,Computer Science,2,78510,Informatics,0.63266370
69259,Computer Science,3,57828,Informatics,0.63068274
69259,Computer Science,4,89988,Elements of Informatics,0.62360117
69259,Computer Science,5,09730,Principles of Informatics,0.62265916
69259,Computer Science,6,70210,Lab-based Course on Computer Graphics,0.61592600
69259,Computer Science,7,96007,Foundations of Computer Architecture and Operating Systems,0.61412258
69259,Computer Science,8,B8105,Computational Management of Data,0.61227993
69259,Computer Science,9,82202,Informatic,0.61192809
69259,Computer Science,10,37262,Computer Programming,0.60969548
69430,COMPUTER ARCHITECTURES M,1,B8561,ARCHITETTURE DEI CALCOLATORI M,0.93254646
69430,COMPUTER ARCHITECTURES M,2,85730,Architectures and Firmware M,0.73667435
69430,COMPUTER ARCHITECTURES M,3,03716,Digital Design Principles and Computer Architecture,0.72317122
69430,COMPUTER ARCHITECTURES M,4,03716,Digital Design Principles and Computer Architecture,0.72317122
69430,COMPUTER ARCHITECTURES M,5,35253,Hardware – Software Design Methods M,0.71086796
69430,COMPUTER ARCHITECTURES M,6,93322,Hardware-Software Design of Iot Systems M,0.70606036
69430,COMPUTER ARCHITECTURES M,7,91602,Computer Architectures,0.69548208
69430,COMPUTER ARCHITECTURES M,8,69731,Computer Architecture,0.67099265
69430,COMPUTER ARCHITECTURES M,9,B8563,SISTEMI DI ELABORAZIONE ACCELERATA M,0.66482709
69430,COMPUTER ARCHITECTURES M,10,69731,Computer Architecture,0.65300072
69437,NANOELECTRONICS M,1,B8379,TECNOLOGIE MICROELETTRONICHE LM,0.69835679
69437,NANOELECTRONICS M,2,B2250,Microelectronics M,0.68606504
69437,NANOELECTRONICS M,3,93929,Sensors and Nanotechnology,0.67072617
69437,NANOELECTRONICS M,4,99191,"Devices, Circuits and Algorithms for Quantum Computing M",0.66501593
69437,NANOELECTRONICS M,5,28651,Electronics T-A,0.63433926
69437,NANOELECTRONICS M,6,84442,High Frequency Electronic Circuits M,0.62569100
69437,NANOELECTRONICS M,7,93391,Semiconductor Devices and Quantum-Computing M,0.61149170
69437,NANOELECTRONICS M,8,93321,Sensors and Quantum-Computing Devices M,0.60650666
69437,NANOELECTRONICS M,9,B8390,DISPOSITIVI E CIRCUITI INTEGRATI DI POTENZA LM,0.60156775
69437,NANOELECTRONICS M,10,00269,Electronics,0.60109434
69661,Image Processing And Computer Vision M,1,73302,Computer Vision And Image Processing M,0.92253954
69661,Image Processing And Computer Vision M,2,91254,Image Processing and Computer Vision,0.74957581
69661,Image Processing And Computer Vision M,3,93478,COMPUTER VISION,0.68241427
69661,Image Processing And Computer Vision M,4,17634,Computer Vision,0.66623275
69661,Image Processing And Computer Vision M,5,70210,Lab-based Course on Computer Graphics,0.61725841
69661,Image Processing And Computer Vision M,6,91266,Machine Learning for Computer Vision,0.59080030
69661,Image Processing And Computer Vision M,7,97466,Digital represention of the Landscape Project,0.58011607
69661,Image Processing And Computer Vision M,8,09032,Software Engineering,0.56821866
69661,Image Processing And Computer Vision M,9,10907,Electronics of Digital Systems,0.56694536
69661,Image Processing And Computer Vision M,10,69259,Computer Science,0.56082440
69731,Computer Architecture,1,69731,Computer Architecture,0.93142961
69731,Computer Architecture,2,11925,Computer Architecture,0.75103059
69731,Computer Architecture,3,96007,Foundations of Computer Architecture and Operating Systems,0.74668482
69731,Computer Architecture,4,03716,Digital Design Principles and Computer Architecture,0.71964146
69731,Computer Architecture,5,03716,Digital Design Principles and Computer Architecture,0.71964146
69731,Computer Architecture,6,95602,Programming and Computer Architectures,0.70489834
69731,Computer Architecture,7,09730,Principles of Informatics,0.69883891
69731,Computer Architecture,8,29227,Foundations of Informatics T,0.69441669
69731,Computer Architecture,9,15305,Foundations of Informatics A,0.69185265
69731,Computer Architecture,10,57828,Informatics,0.69103430
69731,Computer Architecture,1,69731,Computer Architecture,0.93142961
69731,Computer Architecture,2,96007,Foundations of Computer Architecture and Operating Systems,0.76847810
69731,Computer Architecture,3,11925,Computer Architecture,0.75085540
69731,Computer Architecture,4,03716,Digital Design Principles and Computer Architecture,0.74099950
69731,Computer Architecture,5,03716,Digital Design Principles and Computer Architecture,0.74099950
69731,Computer Architecture,6,95602,Programming and Computer Architectures,0.71699807
69731,Computer Architecture,7,15305,Foundations of Informatics A,0.69035782
69731,Computer Architecture,8,09730,Principles of Informatics,0.68439675
69731,Computer Architecture,9,09730,Principles of Informatics,0.68050510
69731,Computer Architecture,10,28004,Foundations of Informatics T-1,0.67039531
69773,Electronic Circuits Design,1,94272,Electronic Systems,0.76039956
69773,Electronic Circuits Design,2,28651,Electronics T-A,0.75248171
69773,Electronic Circuits Design,3,84442,High Frequency Electronic Circuits M,0.73273205
69773,Electronic Circuits Design,4,00269,Electronics,0.73225484
69773,Electronic Circuits Design,5,93392,Analog Circuits and Sensor Systems M,0.70899290
69773,Electronic Circuits Design,6,88154,ELETTRONICA INDUSTRIALE P,0.69772383
69773,Electronic Circuits Design,7,B5722,Embedded Sensors,0.69281096
69773,Electronic Circuits Design,8,B8379,TECNOLOGIE MICROELETTRONICHE LM,0.69216370
69773,Electronic Circuits Design,9,B8378,SENSORI ELETTRONICI INTELLIGENTI LM,0.69088918
69773,Electronic Circuits Design,10,10907,Electronics of Digital Systems,0.68349710
69867,Web Services and Applications,1,47240,Web Systems Engineering,0.71776980
69867,Web Services and Applications,2,41731,Web-related Technologies,0.71220334
69867,Web Services and Applications,3,75835,Web Technologies,0.71167829
69867,Web Services and Applications,4,41731,Web-related Technologies,0.70885645
69867,Web Services and Applications,5,95605,Web and Mobile Systems,0.69955520
69867,Web Services and Applications,6,95645,Foundations of Web Systems,0.68137842
69867,Web Services and Applications,7,94442,Design of Web Applications T,0.66934708
69867,Web Services and Applications,8,88566,Web Technology,0.66911226
69867,Web Services and Applications,9,85445,Information Modelling and Web Technologies,0.63640034
69867,Web Services and Applications,10,28659,Web Technologies T,0.57444569
70155,Data Bases,1,79194,Databases,0.81852297
70155,Data Bases,2,96793,Information Systems and Database Management,0.80368764
70155,Data Bases,3,10906,Databases,0.79478423
70155,Data Bases,4,95611,Database Systems,0.78448346
70155,Data Bases,5,28796,Elements of Databases,0.77499167
70155,Data Bases,6,90107,BASI DI DATI,0.76297141
70155,Data Bases,7,81932,Big Data,0.75283148
70155,Data Bases,8,84339,Advanced Database Systems,0.74150228
70155,Data Bases,9,09679,Data Base Sistems,0.73675467
70155,Data Bases,10,40720,Data Mining,0.72771556
70210,Lab-based Course on Computer Graphics,1,97466,Digital represention of the Landscape Project,0.67713299
70210,Lab-based Course on Computer Graphics,2,91254,Image Processing and Computer Vision,0.63574935
70210,Lab-based Course on Computer Graphics,3,73302,Computer Vision And Image Processing M,0.63393894
70210,Lab-based Course on Computer Graphics,4,81678,Laboratory of Making,0.62679729
70210,Lab-based Course on Computer Graphics,5,81678,Laboratory of Making,0.61860872
70210,Lab-based Course on Computer Graphics,6,69661,Image Processing And Computer Vision M,0.61725841
70210,Lab-based Course on Computer Graphics,7,69259,Computer Science,0.61592600
70210,Lab-based Course on Computer Graphics,8,37262,Computer Programming,0.61312973
70210,Lab-based Course on Computer Graphics,9,93363,Advanced Programming,0.61190536
70210,Lab-based Course on Computer Graphics,10,95602,Programming and Computer Architectures,0.60888462
70219,Object-Oriented Programming,1,95648,Software Design and Development,0.82376026
70219,Object-Oriented Programming,2,00819,Programming,0.70687034
70219,Object-Oriented Programming,3,16870,Programming Laboratory,0.70257980
70219,Object-Oriented Programming,4,81612,Programming and Development paradigms,0.66940886
70219,Object-Oriented Programming,5,B8554,SISTEMI SOFTWARE A OGGETTI T,0.66784934
70219,Object-Oriented Programming,6,B8554,SISTEMI SOFTWARE A OGGETTI T,0.66784934
70219,Object-Oriented Programming,7,00819,Programming,0.64321286
70219,Object-Oriented Programming,8,15305,Foundations of Informatics A,0.64241425
70219,Object-Oriented Programming,9,09730,Principles of Informatics,0.64093153
70219,Object-Oriented Programming,10,28004,Foundations of Informatics T-1,0.63345514
70226,Network Programming,1,95644,Computer Networks and Network Programming,0.91484930
70226,Network Programming,2,95604,Operating Systems and Networks,0.74893966
70226,Network Programming,3,28024,Computer Networks T,0.71169815
70226,Network Programming,4,28024,Computer Networks T,0.71169815
70226,Network Programming,5,58423,Internet Architecture,0.71043731
70226,Network Programming,6,95782,Network Analysis,0.70013085
70226,Network Programming,7,93315,Computer Networks,0.69162613
70226,Network Programming,8,96995,Programmable Networking,0.67485134
70226,Network Programming,9,91161,"Networks, Security And Data Bases",0.64570029
70226,Network Programming,10,81683,Internet of Things,0.62825215
71148,Electronics For Automation T,1,73110,Industrial Electronics T-A,0.94024777
71148,Electronics For Automation T,2,35367,Industrial Electronics M,0.78999300
71148,Electronics For Automation T,3,28651,Electronics T-A,0.74303061
71148,Electronics For Automation T,4,85733,Power Electronics for Automotive M,0.73813187
71148,Electronics For Automation T,5,37063,Principles of Electronics for Automation T,0.72274471
71148,Electronics For Automation T,6,94272,Electronic Systems,0.72263084
71148,Electronics For Automation T,7,88154,ELETTRONICA INDUSTRIALE P,0.70950008
71148,Electronics For Automation T,8,94247,Laboratory on Power Electronics,0.69105100
71148,Electronics For Automation T,9,28016,Electronics T,0.67849376
71148,Electronics For Automation T,10,00269,Electronics,0.66754061
72671,Complements of Programming Languages,1,81609,"Languages, Compilers and Computational Models",0.65139679
72671,Complements of Programming Languages,2,81612,Programming and Development paradigms,0.65010816
72671,Complements of Programming Languages,3,00819,Programming,0.62582291
72671,Complements of Programming Languages,4,95648,Software Design and Development,0.62401135
72671,Complements of Programming Languages,5,72940,Computational Models And Languages M,0.61510285
72671,Complements of Programming Languages,6,09730,Principles of Informatics,0.61195630
72671,Complements of Programming Languages,7,15305,Foundations of Informatics A,0.61017731
72671,Complements of Programming Languages,8,00819,Programming,0.59868063
72671,Complements of Programming Languages,9,37262,Computer Programming,0.59628551
72671,Complements of Programming Languages,10,00819,Programming,0.59253182
72778,High-Performance Computing,1,58437,Parallel Calculus,0.84795765
72778,High-Performance Computing,2,41169,Theoretical Computer Science,0.68680161
72778,High-Performance Computing,3,91259,Architecture and Platforms for Artificial Intelligence,0.68673810
72778,High-Performance Computing,4,11933,Theoretical Computer Science,0.68120992
72778,High-Performance Computing,5,90749,Computing Education,0.67038046
72778,High-Performance Computing,6,B8105,Computational Management of Data,0.66418704
72778,High-Performance Computing,7,00819,Programming,0.66316181
72778,High-Performance Computing,8,28004,Foundations of Informatics T-1,0.66281051
72778,High-Performance Computing,9,28012,Electronic Calculators T,0.65231015
72778,High-Performance Computing,10,69731,Computer Architecture,0.65203365
72787,Mobile Application Programming,1,66860,Mobile Applications Laboratory,0.73583465
72787,Mobile Application Programming,2,78779,Mobile Systems M,0.63539776
72787,Mobile Application Programming,3,84401,Context-Aware Systems,0.62900435
72787,Mobile Application Programming,4,95605,Web and Mobile Systems,0.62036259
72787,Mobile Application Programming,5,94442,Design of Web Applications T,0.59706478
72787,Mobile Application Programming,6,41731,Web-related Technologies,0.54382804
72787,Mobile Application Programming,7,81612,Programming and Development paradigms,0.53643158
72787,Mobile Application Programming,8,B8019,PROGRAMMING THE INTERNET OF THINGS M,0.53502098
72787,Mobile Application Programming,9,88230,TECNOLOGIE INDUSTRIALI ABILITANTI PER IL WEB E HMI P,0.53377465
72787,Mobile Application Programming,10,75835,Web Technologies,0.53110004
72796,Data Intensive Applications,1,B8105,Computational Management of Data,0.70660305
72796,Data Intensive Applications,2,11929,Algorithm and Data Structures,0.67991083
72796,Data Intensive Applications,3,85189,Systems and Algorithms for Data Science,0.65816007
72796,Data Intensive Applications,4,B1703,Introduction to Programming,0.65320296
72796,Data Intensive Applications,5,96143,Methods and Models for Data Analytics M,0.65123636
72796,Data Intensive Applications,6,90147,Artificial intelligence,0.64765211
72796,Data Intensive Applications,7,81932,Big Data,0.64601395
72796,Data Intensive Applications,8,B2133,Big Data Analytics and Text Mining,0.64578177
72796,Data Intensive Applications,9,75969,Basic Informatics,0.64357588
72796,Data Intensive Applications,10,B1873,Machine Learning for Humanities,0.63976965
72938,Foundations Of Artificial Intelligence T,1,90147,Artificial intelligence,0.76633572
72938,Foundations Of Artificial Intelligence T,2,98931,Fundamentals of Artificial Intelligence,0.74847388
72938,Foundations Of Artificial Intelligence T,3,81940,Artificial Intelligence,0.73799185
72938,Foundations Of Artificial Intelligence T,4,91248,Fundamentals of Artificial Intelligence and Knowledge Representation,0.73326051
72938,Foundations Of Artificial Intelligence T,5,B0069,Artificial Intelligence for Digital Innovation,0.71895049
72938,Foundations Of Artificial Intelligence T,6,93034,Foundations of Computer Science T,0.68844000
72938,Foundations Of Artificial Intelligence T,7,93034,Foundations of Computer Science T,0.68844000
72938,Foundations Of Artificial Intelligence T,8,78778,Intelligent Systems M,0.68422293
72938,Foundations Of Artificial Intelligence T,9,28004,Foundations of Informatics T-1,0.67357738
72938,Foundations Of Artificial Intelligence T,10,B5727,Introduction to Languages for Artificial Intelligence,0.66310801
72939,Software Systems Engineering M,1,28021,Software Engineering T,0.69796783
72939,Software Systems Engineering M,2,66858,Software Engineering,0.66253570
72939,Software Systems Engineering M,3,90106,Software Engineering,0.65568757
72939,Software Systems Engineering M,4,09032,Software Engineering,0.65045083
72939,Software Systems Engineering M,5,B0011,Software Process Engineering,0.63674290
72939,Software Systems Engineering M,6,B0009,Advanced Software Modelling and Design,0.62497505
72939,Software Systems Engineering M,7,95627,Software Engineering,0.61469254
72939,Software Systems Engineering M,8,B0832,Administration of Systems T,0.61172201
72939,Software Systems Engineering M,9,90106,INGEGNERIA DEL SOFTWARE,0.61088235
72939,Software Systems Engineering M,10,B1874,Project Management and Software Engineering for Cultural Heritage,0.60556058
72940,Computational Models And Languages M,1,91258,Natural Language Processing,0.67964851
72940,Computational Models And Languages M,2,91258,Natural Language Processing,0.67661025
72940,Computational Models And Languages M,3,00819,Programming,0.67294428
72940,Computational Models And Languages M,4,09730,Principles of Informatics,0.67170069
72940,Computational Models And Languages M,5,15305,Foundations of Informatics A,0.67060030
72940,Computational Models And Languages M,6,81609,"Languages, Compilers and Computational Models",0.66911591
72940,Computational Models And Languages M,7,00819,Programming,0.66732391
72940,Computational Models And Languages M,8,28623,Foundations of Informatics and Laboratory,0.66673581
72940,Computational Models And Languages M,9,B8554,SISTEMI SOFTWARE A OGGETTI T,0.66630848
72940,Computational Models And Languages M,10,B8554,SISTEMI SOFTWARE A OGGETTI T,0.66630848
72942,Information Security M,1,88325,Computer and Network Security Lab T,0.76152787
72942,Information Security M,2,93466,FONDAMENTI DI CYBERSECURITY,0.75816371
72942,Information Security M,3,93467,Cryptography,0.75261072
72942,Information Security M,4,93470,Cybersecurity,0.71975861
72942,Information Security M,5,91161,"Networks, Security And Data Bases",0.71890437
72942,Information Security M,6,90392,Elements of Applied Data Security M,0.71276093
72942,Information Security M,7,B0833,Computer Security Laboratory T,0.69767998
72942,Information Security M,8,B8311,SECURITY OF DATA AND NEURAL PROCESSING M,0.68256694
72942,Information Security M,9,14015,Cryptography,0.67884282
72942,Information Security M,10,B5793,Cybersecurity M,0.67738379
72945,Real-Time Systems M,1,85728,Real Time OS M,0.69708101
72945,Real-Time Systems M,2,37760,Systems Simulation,0.61225248
72945,Real-Time Systems M,3,28024,Computer Networks T,0.59799859
72945,Real-Time Systems M,4,28024,Computer Networks T,0.59799859
72945,Real-Time Systems M,5,73025,Distributed Systems M,0.58834551
72945,Real-Time Systems M,6,78810,Real Time Systems for Automation M,0.58570610
72945,Real-Time Systems M,7,88324,System Administration T,0.56156489
72945,Real-Time Systems M,8,08574,Operating Systems,0.56126092
72945,Real-Time Systems M,9,95627,Software Engineering,0.56095422
72945,Real-Time Systems M,10,B5665,Real Time Systems and Programming for Automation M,0.55988491
73025,Distributed Systems M,1,78779,Mobile Systems M,0.71278620
73025,Distributed Systems M,2,28652,IT Systems T-1,0.68598890
73025,Distributed Systems M,3,93468,Distributed Software Systems,0.67871105
73025,Distributed Systems M,4,87474,Distributed Systems,0.67776892
73025,Distributed Systems M,5,37085,"Principles, Models and Applications for Distributed Systems M",0.67313433
73025,Distributed Systems M,6,28024,Computer Networks T,0.67135214
73025,Distributed Systems M,7,28024,Computer Networks T,0.67135214
73025,Distributed Systems M,8,88324,System Administration T,0.67057369
73025,Distributed Systems M,9,17628,Concurrent and Distributed Programming,0.66486998
73025,Distributed Systems M,10,B0011,Software Process Engineering,0.66368343
73092,Analog Electronic Circuits T-A,1,28724,Electronics T-2,0.95939822
73092,Analog Electronic Circuits T-A,2,28651,Electronics T-A,0.78729722
73092,Analog Electronic Circuits T-A,3,81649,Design On Analog Cicuits and Systems M,0.76348833
73092,Analog Electronic Circuits T-A,4,37063,Principles of Electronics for Automation T,0.75723694
73092,Analog Electronic Circuits T-A,5,93392,Analog Circuits and Sensor Systems M,0.72265656
73092,Analog Electronic Circuits T-A,6,28016,Electronics T,0.71961396
73092,Analog Electronic Circuits T-A,7,00269,Electronics,0.71441446
73092,Analog Electronic Circuits T-A,8,28016,Electronics T,0.71373778
73092,Analog Electronic Circuits T-A,9,35148,Electronics for analogic signal processing,0.69657451
73092,Analog Electronic Circuits T-A,10,81654,Design of Advanced Analog Circuits M,0.69407755
73110,Industrial Electronics T-A,1,71148,Electronics For Automation T,0.94024777
73110,Industrial Electronics T-A,2,35367,Industrial Electronics M,0.82869398
73110,Industrial Electronics T-A,3,28651,Electronics T-A,0.71433812
73110,Industrial Electronics T-A,4,85733,Power Electronics for Automotive M,0.70647750
73110,Industrial Electronics T-A,5,88154,ELETTRONICA INDUSTRIALE P,0.68791441
73110,Industrial Electronics T-A,6,94272,Electronic Systems,0.68155616
73110,Industrial Electronics T-A,7,37063,Principles of Electronics for Automation T,0.67918909
73110,Industrial Electronics T-A,8,94247,Laboratory on Power Electronics,0.66711360
73110,Industrial Electronics T-A,9,28724,Electronics T-2,0.65893485
73110,Industrial Electronics T-A,10,73092,Analog Electronic Circuits T-A,0.65482859
73149,Logic for Informatics,1,66857,Logic for Computer Science,0.85162586
73149,Logic for Informatics,2,11933,Theoretical Computer Science,0.69333179
73149,Logic for Informatics,3,98931,Fundamentals of Artificial Intelligence,0.68133724
73149,Logic for Informatics,4,09730,Principles of Informatics,0.67272904
73149,Logic for Informatics,5,41169,Theoretical Computer Science,0.67098081
73149,Logic for Informatics,6,91248,Fundamentals of Artificial Intelligence and Knowledge Representation,0.66905296
73149,Logic for Informatics,7,15305,Foundations of Informatics A,0.66444818
73149,Logic for Informatics,8,72940,Computational Models And Languages M,0.66222879
73149,Logic for Informatics,9,B8105,Computational Management of Data,0.65355341
73149,Logic for Informatics,10,81609,"Languages, Compilers and Computational Models",0.65316319
73273,Informatic Tecnologies for Fashion,1,B4826,Informatics for the Humanities,0.68086760
73273,Informatic Tecnologies for Fashion,2,90864,Elements of Computer Technologies for Fashion E-Commerce,0.67840825
73273,Informatic Tecnologies for Fashion,3,75969,Basic Informatics,0.67456049
73273,Informatic Tecnologies for Fashion,4,75969,Basic Informatics,0.67441760
73273,Informatic Tecnologies for Fashion,5,78510,Informatics,0.66358345
73273,Informatic Tecnologies for Fashion,6,B4925,IMMERSIVE TECHNOLOGIES FOR FASHION,0.65952566
73273,Informatic Tecnologies for Fashion,7,90749,Computing Education,0.65866077
73273,Informatic Tecnologies for Fashion,8,57828,Informatics,0.65851080
73273,Informatic Tecnologies for Fashion,9,B8929,Computer Studies and Human Sciences,0.65620199
73273,Informatic Tecnologies for Fashion,10,B5293,Computer Studies and Humanities,0.65485934
73302,Computer Vision And Image Processing M,1,69661,Image Processing And Computer Vision M,0.92253954
73302,Computer Vision And Image Processing M,2,91254,Image Processing and Computer Vision,0.76992109
73302,Computer Vision And Image Processing M,3,17634,Computer Vision,0.74013664
73302,Computer Vision And Image Processing M,4,93478,COMPUTER VISION,0.73102765
73302,Computer Vision And Image Processing M,5,91266,Machine Learning for Computer Vision,0.64263898
73302,Computer Vision And Image Processing M,6,70210,Lab-based Course on Computer Graphics,0.63393894
73302,Computer Vision And Image Processing M,7,97466,Digital represention of the Landscape Project,0.58015771
73302,Computer Vision And Image Processing M,8,69259,Computer Science,0.57022223
73302,Computer Vision And Image Processing M,9,09730,Principles of Informatics,0.56010244
73302,Computer Vision And Image Processing M,10,28011,Logic Design T,0.55715892
73435,Project Management,1,B1874,Project Management and Software Engineering for Cultural Heritage,0.63042619
73435,Project Management,2,95627,Software Engineering,0.60829513
73435,Project Management,3,90106,INGEGNERIA DEL SOFTWARE,0.59727728
73435,Project Management,4,B0011,Software Process Engineering,0.57216639
73435,Project Management,5,09032,Software Engineering,0.56638062
73435,Project Management,6,81612,Programming and Development paradigms,0.56625584
73435,Project Management,7,28021,Software Engineering T,0.56424802
73435,Project Management,8,C7674,INTRODUZIONE ALLE TECNICHE DI MEMORIA E ALLE METODOLOGIE DI STUDIO,0.55984853
73435,Project Management,9,90106,Software Engineering,0.54251004
73435,Project Management,10,B5665,Real Time Systems and Programming for Automation M,0.54085230
73731,Microcontroller-based systems for Industrial Applicatons: Architecture and Programming,1,29035,Electronic Industrial Systems Architecture and Programming Laboratory T-A,0.82590115
73731,Microcontroller-based systems for Industrial Applicatons: Architecture and Programming,2,88228,Microcontroller electronic systems P,0.72172213
73731,Microcontroller-based systems for Industrial Applicatons: Architecture and Programming,3,85730,Architectures and Firmware M,0.71744190
73731,Microcontroller-based systems for Industrial Applicatons: Architecture and Programming,4,93322,Hardware-Software Design of Iot Systems M,0.67549440
73731,Microcontroller-based systems for Industrial Applicatons: Architecture and Programming,5,10907,Electronics of Digital Systems,0.64310957
73731,Microcontroller-based systems for Industrial Applicatons: Architecture and Programming,6,69731,Computer Architecture,0.64270351
73731,Microcontroller-based systems for Industrial Applicatons: Architecture and Programming,7,69430,COMPUTER ARCHITECTURES M,0.63539860
73731,Microcontroller-based systems for Industrial Applicatons: Architecture and Programming,8,77780,Embedded Systems Programming and Internet of Things,0.62905829
73731,Microcontroller-based systems for Industrial Applicatons: Architecture and Programming,9,35253,Hardware – Software Design Methods M,0.62787258
73731,Microcontroller-based systems for Industrial Applicatons: Architecture and Programming,10,28012,Electronic Calculators T,0.62267000
75198,Health Information Processing Systems,1,20741,Information Processing Systems,0.65009905
75198,Health Information Processing Systems,2,B8018,DIGITAL HEALTH M,0.63388243
75198,Health Information Processing Systems,3,96793,Information Systems and Database Management,0.62624660
75198,Health Information Processing Systems,4,11340,INFORMATICA APPLICATA,0.62004971
75198,Health Information Processing Systems,5,82202,Informatic,0.61327990
75198,Health Information Processing Systems,6,77933,Multimedia Data Management M,0.60135686
75198,Health Information Processing Systems,7,70155,Data Bases,0.59976967
75198,Health Information Processing Systems,8,78501,SISTEMA DI ELABORAZIONE DELLE INFORMAZIONI --,0.59699383
75198,Health Information Processing Systems,9,82202,Informatic,0.58866721
75198,Health Information Processing Systems,10,39176,Basic and Laboratory Informatics,0.58105443
75835,Web Technologies,1,41731,Web-related Technologies,0.98868857
75835,Web Technologies,2,88566,Web Technology,0.82574621
75835,Web Technologies,3,95605,Web and Mobile Systems,0.81675112
75835,Web Technologies,4,95645,Foundations of Web Systems,0.76659054
75835,Web Technologies,5,41731,Web-related Technologies,0.74146154
75835,Web Technologies,6,94442,Design of Web Applications T,0.72431594
75835,Web Technologies,7,85445,Information Modelling and Web Technologies,0.71603114
75835,Web Technologies,8,69867,Web Services and Applications,0.71167829
75835,Web Technologies,9,47240,Web Systems Engineering,0.69492182
75835,Web Technologies,10,28659,Web Technologies T,0.69432465
75969,Basic Informatics,1,75969,Basic Informatics,0.99533349
75969,Basic Informatics,2,B8105,Computational Management of Data,0.73631352
75969,Basic Informatics,3,B8396,Basic IT Skills,0.72314045
75969,Basic Informatics,4,B4826,Informatics for the Humanities,0.72269591
75969,Basic Informatics,5,B1703,Introduction to Programming,0.70490729
75969,Basic Informatics,6,90749,Computing Education,0.70431510
75969,Basic Informatics,7,85445,Information Modelling and Web Technologies,0.69164696
75969,Basic Informatics,8,07276,INFORMATICA,0.68067769
75969,Basic Informatics,9,39176,Basic and Laboratory Informatics,0.67946267
75969,Basic Informatics,10,39176,Basic and Laboratory Informatics,0.67946267
75969,Basic Informatics,1,75969,Basic Informatics,0.99533349
75969,Basic Informatics,2,B8105,Computational Management of Data,0.73526861
75969,Basic Informatics,3,B8396,Basic IT Skills,0.73159716
75969,Basic Informatics,4,B4826,Informatics for the Humanities,0.72263232
75969,Basic Informatics,5,90749,Computing Education,0.70572405
75969,Basic Informatics,6,B1703,Introduction to Programming,0.70294907
75969,Basic Informatics,7,85445,Information Modelling and Web Technologies,0.69528889
75969,Basic Informatics,8,07276,INFORMATICA,0.68110929
75969,Basic Informatics,9,B5293,Computer Studies and Humanities,0.68068815
75969,Basic Informatics,10,B8929,Computer Studies and Human Sciences,0.67823847
76011,Multimedia Technologies in Archaelogy,1,98618,"""Document Digitization Techniques """,0.66818384
76011,Multimedia Technologies in Archaelogy,2,48693,Computer Science for Cultural Heritage,0.65921935
76011,Multimedia Technologies in Archaelogy,3,48693,Computer Science for Cultural Heritage,0.65276227
76011,Multimedia Technologies in Archaelogy,4,B5059,Interaction Media Design,0.65265743
76011,Multimedia Technologies in Archaelogy,5,97466,Digital represention of the Landscape Project,0.63950335
76011,Multimedia Technologies in Archaelogy,6,B5079,Digital Humanities and Data Management for Cultural Heritage,0.61235704
76011,Multimedia Technologies in Archaelogy,7,C7674,INTRODUZIONE ALLE TECNICHE DI MEMORIA E ALLE METODOLOGIE DI STUDIO,0.60140787
76011,Multimedia Technologies in Archaelogy,8,B1874,Project Management and Software Engineering for Cultural Heritage,0.58642621
76011,Multimedia Technologies in Archaelogy,9,07276,INFORMATICA,0.58258702
76011,Multimedia Technologies in Archaelogy,10,28652,IT Systems T-1,0.57992695
77780,Embedded Systems Programming and Internet of Things,1,96859,Embedded Systems and Internet of Things,0.95406528
77780,Embedded Systems Programming and Internet of Things,2,10907,Electronics of Digital Systems,0.70712628
77780,Embedded Systems Programming and Internet of Things,3,85730,Architectures and Firmware M,0.69938139
77780,Embedded Systems Programming and Internet of Things,4,29035,Electronic Industrial Systems Architecture and Programming Laboratory T-A,0.67460409
77780,Embedded Systems Programming and Internet of Things,5,93322,Hardware-Software Design of Iot Systems M,0.66751997
77780,Embedded Systems Programming and Internet of Things,6,09032,Software Engineering,0.66560765
77780,Embedded Systems Programming and Internet of Things,7,94272,Electronic Systems,0.65694095
77780,Embedded Systems Programming and Internet of Things,8,88228,Microcontroller electronic systems P,0.65419142
77780,Embedded Systems Programming and Internet of Things,9,81678,Laboratory of Making,0.65351578
77780,Embedded Systems Programming and Internet of Things,10,81683,Internet of Things,0.65257789
77933,Multimedia Data Management M,1,78096,Multimedia Data Management M,0.96520526
77933,Multimedia Data Management M,2,91269,Multimedia Data Management,0.95563195
77933,Multimedia Data Management M,3,40720,Data Mining,0.65519528
77933,Multimedia Data Management M,4,70155,Data Bases,0.65248699
77933,Multimedia Data Management M,5,96793,Information Systems and Database Management,0.64686850
77933,Multimedia Data Management M,6,81932,Big Data,0.63562890
77933,Multimedia Data Management M,7,73025,Distributed Systems M,0.63543920
77933,Multimedia Data Management M,8,79194,Databases,0.63383830
77933,Multimedia Data Management M,9,78779,Mobile Systems M,0.62287109
77933,Multimedia Data Management M,10,B2125,Machine Learning and Data Mining M,0.61908734
78096,Multimedia Data Management M,1,91269,Multimedia Data Management,0.99042669
78096,Multimedia Data Management M,2,77933,Multimedia Data Management M,0.96520526
78096,Multimedia Data Management M,3,73025,Distributed Systems M,0.63876646
78096,Multimedia Data Management M,4,28652,IT Systems T-1,0.62514237
78096,Multimedia Data Management M,5,96793,Information Systems and Database Management,0.61003180
78096,Multimedia Data Management M,6,40720,Data Mining,0.60674431
78096,Multimedia Data Management M,7,78779,Mobile Systems M,0.60268136
78096,Multimedia Data Management M,8,79194,Databases,0.59771098
78096,Multimedia Data Management M,9,70155,Data Bases,0.59512197
78096,Multimedia Data Management M,10,81683,Internet of Things,0.59162293
78501,SISTEMA DI ELABORAZIONE DELLE INFORMAZIONI --,1,07276,INFORMATICA,0.76225186
78501,SISTEMA DI ELABORAZIONE DELLE INFORMAZIONI --,2,82202,Informatic,0.69273853
78501,SISTEMA DI ELABORAZIONE DELLE INFORMAZIONI --,3,96346,INFORMATICA,0.68876198
78501,SISTEMA DI ELABORAZIONE DELLE INFORMAZIONI --,4,09730,Principles of Informatics,0.68792363
78501,SISTEMA DI ELABORAZIONE DELLE INFORMAZIONI --,5,57828,Informatics,0.67759976
78501,SISTEMA DI ELABORAZIONE DELLE INFORMAZIONI --,6,B8159,INFORMATICA,0.67604255
78501,SISTEMA DI ELABORAZIONE DELLE INFORMAZIONI --,7,15305,Foundations of Informatics A,0.67603961
78501,SISTEMA DI ELABORAZIONE DELLE INFORMAZIONI --,8,78510,Informatics,0.67486874
78501,SISTEMA DI ELABORAZIONE DELLE INFORMAZIONI --,9,89988,Elements of Informatics,0.67103191
78501,SISTEMA DI ELABORAZIONE DELLE INFORMAZIONI --,10,09730,Principles of Informatics,0.66925914
78510,Informatics,1,57828,Informatics,0.74714047
78510,Informatics,2,82202,Informatic,0.72662783
78510,Informatics,3,B4826,Informatics for the Humanities,0.72384653
78510,Informatics,4,90749,Computing Education,0.70048209
78510,Informatics,5,09730,Principles of Informatics,0.69399273
78510,Informatics,6,91685,History of Informatics and Computing Systems,0.68832394
78510,Informatics,7,15305,Foundations of Informatics A,0.68823688
78510,Informatics,8,07276,INFORMATICA,0.68795450
78510,Informatics,9,09730,Principles of Informatics,0.68527237
78510,Informatics,10,07276,Computer Science,0.68515294
78778,Intelligent Systems M,1,98931,Fundamentals of Artificial Intelligence,0.76088586
78778,Intelligent Systems M,2,81940,Artificial Intelligence,0.75416146
78778,Intelligent Systems M,3,91248,Fundamentals of Artificial Intelligence and Knowledge Representation,0.74422617
78778,Intelligent Systems M,4,B0069,Artificial Intelligence for Digital Innovation,0.72015316
78778,Intelligent Systems M,5,B5727,Introduction to Languages for Artificial Intelligence,0.71108765
78778,Intelligent Systems M,6,92858,Autonomous and Adaptive Systems M,0.70326834
78778,Intelligent Systems M,7,90147,Artificial intelligence,0.68482647
78778,Intelligent Systems M,8,72938,Foundations Of Artificial Intelligence T,0.68422293
78778,Intelligent Systems M,9,93398,Architectures for Artificial Intelligence M,0.68265348
78778,Intelligent Systems M,10,91411,Intelligent Robotic Systems,0.67887713
78779,Mobile Systems M,1,73025,Distributed Systems M,0.71278620
78779,Mobile Systems M,2,81683,Internet of Things,0.67831849
78779,Mobile Systems M,3,84401,Context-Aware Systems,0.67740670
78779,Mobile Systems M,4,B8019,PROGRAMMING THE INTERNET OF THINGS M,0.65090660
78779,Mobile Systems M,5,28024,Computer Networks T,0.64337550
78779,Mobile Systems M,6,28024,Computer Networks T,0.64337550
78779,Mobile Systems M,7,95604,Operating Systems and Networks,0.63929579
78779,Mobile Systems M,8,72787,Mobile Application Programming,0.63539776
78779,Mobile Systems M,9,77933,Multimedia Data Management M,0.62287109
78779,Mobile Systems M,10,84531,Infrastructures For Cloud Computing and Big Data M,0.61795376
78810,Real Time Systems for Automation M,1,B5665,Real Time Systems and Programming for Automation M,0.97016919
78810,Real Time Systems for Automation M,2,85728,Real Time OS M,0.65496135
78810,Real Time Systems for Automation M,3,88155,Industrial Informatics P,0.63839802
78810,Real Time Systems for Automation M,4,B8105,Computational Management of Data,0.63146959
78810,Real Time Systems for Automation M,5,B5727,Introduction to Languages for Artificial Intelligence,0.60587256
78810,Real Time Systems for Automation M,6,34991,Project in electronics and telecommunications,0.60117842
78810,Real Time Systems for Automation M,7,B1703,Introduction to Programming,0.59924592
78810,Real Time Systems for Automation M,8,08574,Operating Systems,0.59433253
78810,Real Time Systems for Automation M,9,88324,System Administration T,0.59012211
78810,Real Time Systems for Automation M,10,84401,Context-Aware Systems,0.58989172
79194,Databases,1,96793,Information Systems and Database Management,0.88776451
79194,Databases,2,10906,Databases,0.83765459
79194,Databases,3,95611,Database Systems,0.82173851
79194,Databases,4,70155,Data Bases,0.81852297
79194,Databases,5,28796,Elements of Databases,0.73880541
79194,Databases,6,84339,Advanced Database Systems,0.72071113
79194,Databases,7,10906,Databases,0.68072592
79194,Databases,8,B8159,INFORMATICA,0.67872614
79194,Databases,9,81932,Big Data,0.67725873
79194,Databases,10,84530,Database and Big Data Technologies M,0.66401966
81609,"Languages, Compilers and Computational Models",1,11933,Theoretical Computer Science,0.71176714
81609,"Languages, Compilers and Computational Models",2,B5727,Introduction to Languages for Artificial Intelligence,0.70565991
81609,"Languages, Compilers and Computational Models",3,41169,Theoretical Computer Science,0.68241096
81609,"Languages, Compilers and Computational Models",4,66857,Logic for Computer Science,0.68192373
81609,"Languages, Compilers and Computational Models",5,09730,Principles of Informatics,0.68024762
81609,"Languages, Compilers and Computational Models",6,81612,Programming and Development paradigms,0.67541684
81609,"Languages, Compilers and Computational Models",7,72940,Computational Models And Languages M,0.66911591
81609,"Languages, Compilers and Computational Models",8,09730,Principles of Informatics,0.66879200
81609,"Languages, Compilers and Computational Models",9,15305,Foundations of Informatics A,0.66584322
81609,"Languages, Compilers and Computational Models",10,73149,Logic for Informatics,0.65316319
81610,Machine Learning,1,88202,Machine Learning,1.00000000
81610,Machine Learning,2,91250,Deep Learning,0.77926307
81610,Machine Learning,3,91250,Deep Learning,0.72683145
81610,Machine Learning,4,91250,Deep Learning,0.72683145
81610,Machine Learning,5,95631,Machine Learning and Data Mining,0.68188167
81610,Machine Learning,6,95965,Artificial Intelligence and Machine Learning for Business,0.67950561
81610,Machine Learning,7,90477,Machine Learning Systems For Data Science,0.66590191
81610,Machine Learning,8,91250,DEEP LEARNING,0.66010588
81610,Machine Learning,9,81940,Artificial Intelligence,0.64454328
81610,Machine Learning,10,B1873,Machine Learning for Humanities,0.64286184
81612,Programming and Development paradigms,1,09032,Software Engineering,0.72937749
81612,Programming and Development paradigms,2,95627,Software Engineering,0.72659977
81612,Programming and Development paradigms,3,90106,Software Engineering,0.71433565
81612,Programming and Development paradigms,4,95648,Software Design and Development,0.71354748
81612,Programming and Development paradigms,5,B0011,Software Process Engineering,0.70695934
81612,Programming and Development paradigms,6,90106,INGEGNERIA DEL SOFTWARE,0.70415115
81612,Programming and Development paradigms,7,28623,Foundations of Informatics and Laboratory,0.70143523
81612,Programming and Development paradigms,8,66858,Software Engineering,0.70064616
81612,Programming and Development paradigms,9,00819,Programming,0.69708532
81612,Programming and Development paradigms,10,B8905,Foundations of Programming,0.69649384
81649,Design On Analog Cicuits and Systems M,1,93392,Analog Circuits and Sensor Systems M,0.83352064
81649,Design On Analog Cicuits and Systems M,2,81654,Design of Advanced Analog Circuits M,0.76417605
81649,Design On Analog Cicuits and Systems M,3,73092,Analog Electronic Circuits T-A,0.76348833
81649,Design On Analog Cicuits and Systems M,4,28724,Electronics T-2,0.73692153
81649,Design On Analog Cicuits and Systems M,5,00269,Electronics,0.73085269
81649,Design On Analog Cicuits and Systems M,6,93390,Digital Systems and Introduction to Computer Architectures M,0.71212811
81649,Design On Analog Cicuits and Systems M,7,37063,Principles of Electronics for Automation T,0.70277556
81649,Design On Analog Cicuits and Systems M,8,28651,Electronics T-A,0.69074095
81649,Design On Analog Cicuits and Systems M,9,28016,Electronics T,0.67546777
81649,Design On Analog Cicuits and Systems M,10,B2250,Microelectronics M,0.67140078
81654,Design of Advanced Analog Circuits M,1,81649,Design On Analog Cicuits and Systems M,0.76417605
81654,Design of Advanced Analog Circuits M,2,93392,Analog Circuits and Sensor Systems M,0.73552028
81654,Design of Advanced Analog Circuits M,3,73092,Analog Electronic Circuits T-A,0.69407755
81654,Design of Advanced Analog Circuits M,4,B0159,Integrated Analog Electronics,0.69347368
81654,Design of Advanced Analog Circuits M,5,B2250,Microelectronics M,0.68361415
81654,Design of Advanced Analog Circuits M,6,00269,Electronics,0.68084547
81654,Design of Advanced Analog Circuits M,7,84442,High Frequency Electronic Circuits M,0.66646137
81654,Design of Advanced Analog Circuits M,8,93390,Digital Systems and Introduction to Computer Architectures M,0.66490332
81654,Design of Advanced Analog Circuits M,9,28724,Electronics T-2,0.64896729
81654,Design of Advanced Analog Circuits M,10,85733,Power Electronics for Automotive M,0.64322665
81672,Emerging Programming Paradigms,1,00819,Programming,0.63022591
81672,Emerging Programming Paradigms,2,95648,Software Design and Development,0.62857782
81672,Emerging Programming Paradigms,3,00819,Programming,0.62690933
81672,Emerging Programming Paradigms,4,72940,Computational Models And Languages M,0.61383250
81672,Emerging Programming Paradigms,5,00819,Programming,0.60512685
81672,Emerging Programming Paradigms,6,00819,Programming,0.60199832
81672,Emerging Programming Paradigms,7,70219,Object-Oriented Programming,0.60057164
81672,Emerging Programming Paradigms,8,B8554,SISTEMI SOFTWARE A OGGETTI T,0.59701975
81672,Emerging Programming Paradigms,9,B8554,SISTEMI SOFTWARE A OGGETTI T,0.59701975
81672,Emerging Programming Paradigms,10,00819,Programming,0.59471563
81676,Digital Forensic,1,98618,"""Document Digitization Techniques """,0.57956155
81676,Digital Forensic,2,72942,Information Security M,0.55851931
81676,Digital Forensic,3,57828,Informatics,0.55160569
81676,Digital Forensic,4,93379,Digital Culture,0.54345556
81676,Digital Forensic,5,88325,Computer and Network Security Lab T,0.53077972
81676,Digital Forensic,6,14015,Cryptography,0.52079556
81676,Digital Forensic,7,93466,FONDAMENTI DI CYBERSECURITY,0.51962686
81676,Digital Forensic,8,B4826,Informatics for the Humanities,0.51597232
81676,Digital Forensic,9,93467,Cryptography,0.50983915
81676,Digital Forensic,10,78510,Informatics,0.50983788
81678,Laboratory of Making,1,81678,Laboratory of Making,0.97667963
81678,Laboratory of Making,2,34991,Project in electronics and telecommunications,0.73826124
81678,Laboratory of Making,3,93929,Sensors and Nanotechnology,0.68572731
81678,Laboratory of Making,4,B8379,TECNOLOGIE MICROELETTRONICHE LM,0.67661919
81678,Laboratory of Making,5,88154,ELETTRONICA INDUSTRIALE P,0.67300735
81678,Laboratory of Making,6,29035,Electronic Industrial Systems Architecture and Programming Laboratory T-A,0.66943845
81678,Laboratory of Making,7,28651,Electronics T-A,0.66604162
81678,Laboratory of Making,8,10907,Electronics of Digital Systems,0.66337846
81678,Laboratory of Making,9,B5722,Embedded Sensors,0.66181485
81678,Laboratory of Making,10,37063,Principles of Electronics for Automation T,0.65993031
81678,Laboratory of Making,1,81678,Laboratory of Making,0.97667963
81678,Laboratory of Making,2,34991,Project in electronics and telecommunications,0.71819055
81678,Laboratory of Making,3,93929,Sensors and Nanotechnology,0.66766091
81678,Laboratory of Making,4,B8379,TECNOLOGIE MICROELETTRONICHE LM,0.65595560
81678,Laboratory of Making,5,88154,ELETTRONICA INDUSTRIALE P,0.65305873
81678,Laboratory of Making,6,29035,Electronic Industrial Systems Architecture and Programming Laboratory T-A,0.65091721
81678,Laboratory of Making,7,10907,Electronics of Digital Systems,0.64897048
81678,Laboratory of Making,8,28651,Electronics T-A,0.64799483
81678,Laboratory of Making,9,37063,Principles of Electronics for Automation T,0.64530282
81678,Laboratory of Making,10,94247,Laboratory on Power Electronics,0.64225198
81683,Internet of Things,1,B8019,PROGRAMMING THE INTERNET OF THINGS M,0.78047868
81683,Internet of Things,2,93653,Iot And Big Data For Smart Agricultural Systems,0.70108036
81683,Internet of Things,3,96859,Embedded Systems and Internet of Things,0.69163764
81683,Internet of Things,4,78779,Mobile Systems M,0.67831849
81683,Internet of Things,5,41731,Web-related Technologies,0.67522574
81683,Internet of Things,6,57828,Informatics,0.67049049
81683,Internet of Things,7,75835,Web Technologies,0.66533166
81683,Internet of Things,8,88230,TECNOLOGIE INDUSTRIALI ABILITANTI PER IL WEB E HMI P,0.65748400
81683,Internet of Things,9,95604,Operating Systems and Networks,0.65426609
81683,Internet of Things,10,77780,Embedded Systems Programming and Internet of Things,0.65257789
81917,Interaction Multimedia Services,1,95627,Software Engineering,0.68323850
81917,Interaction Multimedia Services,2,09032,Software Engineering,0.65850653
81917,Interaction Multimedia Services,3,88230,TECNOLOGIE INDUSTRIALI ABILITANTI PER IL WEB E HMI P,0.65450523
81917,Interaction Multimedia Services,4,07276,INFORMATICA,0.64932861
81917,Interaction Multimedia Services,5,B5059,Interaction Media Design,0.63823591
81917,Interaction Multimedia Services,6,73025,Distributed Systems M,0.63637497
81917,Interaction Multimedia Services,7,34991,Project in electronics and telecommunications,0.63535945
81917,Interaction Multimedia Services,8,28652,IT Systems T-1,0.62102143
81917,Interaction Multimedia Services,9,97466,Digital represention of the Landscape Project,0.61873062
81917,Interaction Multimedia Services,10,B0832,Administration of Systems T,0.61585891
81932,Big Data,1,95630,Big Data and Cloud Platforms,0.79230521
81932,Big Data,2,70155,Data Bases,0.75283148
81932,Big Data,3,B2133,Big Data Analytics and Text Mining,0.74264217
81932,Big Data,4,84530,Database and Big Data Technologies M,0.73899780
81932,Big Data,5,87198,Statistics and Architectures for Big Data Processing M,0.72710155
81932,Big Data,6,96142,Business Intelligence and Big Data M,0.72239311
81932,Big Data,7,97467,Big Data Analytics for Automotive Manufacturing Applications,0.72207933
81932,Big Data,8,93653,Iot And Big Data For Smart Agricultural Systems,0.71509282
81932,Big Data,9,B8105,Computational Management of Data,0.70320195
81932,Big Data,10,11929,Algorithm and Data Structures,0.70256329
81934,HUMAN COMPUTER INTERACTION,1,85573,Usability and User Experience,0.68432899
81934,HUMAN COMPUTER INTERACTION,2,91264,User Experience Design,0.68014957
81934,HUMAN COMPUTER INTERACTION,3,90720,Usability & User Experience Design,0.67886018
81934,HUMAN COMPUTER INTERACTION,4,88230,TECNOLOGIE INDUSTRIALI ABILITANTI PER IL WEB E HMI P,0.66717767
81934,HUMAN COMPUTER INTERACTION,5,90749,Computing Education,0.66391980
81934,HUMAN COMPUTER INTERACTION,6,B8929,Computer Studies and Human Sciences,0.63981796
81934,HUMAN COMPUTER INTERACTION,7,B0063,Programming Laboratory,0.63832783
81934,HUMAN COMPUTER INTERACTION,8,09032,Software Engineering,0.63133524
81934,HUMAN COMPUTER INTERACTION,9,B5059,Interaction Media Design,0.63115211
81934,HUMAN COMPUTER INTERACTION,10,91685,History of Informatics and Computing Systems,0.62611766
81940,Artificial Intelligence,1,98931,Fundamentals of Artificial Intelligence,0.78036161
81940,Artificial Intelligence,2,B0069,Artificial Intelligence for Digital Innovation,0.77984692
81940,Artificial Intelligence,3,90147,Artificial intelligence,0.77113714
81940,Artificial Intelligence,4,91248,Fundamentals of Artificial Intelligence and Knowledge Representation,0.76286479
81940,Artificial Intelligence,5,78778,Intelligent Systems M,0.75416146
81940,Artificial Intelligence,6,72938,Foundations Of Artificial Intelligence T,0.73799185
81940,Artificial Intelligence,7,B5727,Introduction to Languages for Artificial Intelligence,0.72178300
81940,Artificial Intelligence,8,91250,Deep Learning,0.69525178
81940,Artificial Intelligence,9,91250,Deep Learning,0.69525178
81940,Artificial Intelligence,10,93669,Intelligent Systems Engineering,0.68935034
81942,Scalable and Cloud Programming,1,84531,Infrastructures For Cloud Computing and Big Data M,0.67365047
81942,Scalable and Cloud Programming,2,17628,Concurrent and Distributed Programming,0.65460779
81942,Scalable and Cloud Programming,3,95630,Big Data and Cloud Platforms,0.65154820
81942,Scalable and Cloud Programming,4,B8562,SISTEMI CONCORRENTI E PARALLELI M,0.63288399
81942,Scalable and Cloud Programming,5,95627,Software Engineering,0.61412079
81942,Scalable and Cloud Programming,6,28024,Computer Networks T,0.61107399
81942,Scalable and Cloud Programming,7,28024,Computer Networks T,0.61107399
81942,Scalable and Cloud Programming,8,11929,Algorithms and Data Structures,0.60462024
81942,Scalable and Cloud Programming,9,37635,Data Structure and Algorithms,0.60380222
81942,Scalable and Cloud Programming,10,73025,Distributed Systems M,0.59573858
82202,Informatic,1,57828,Informatics,0.78920164
82202,Informatic,2,82202,Informatic,0.76251977
82202,Informatic,3,07276,Computer Science,0.74812337
82202,Informatic,4,78510,Informatics,0.72662783
82202,Informatic,5,39176,Basic and Laboratory Informatics,0.71416935
82202,Informatic,6,39176,Basic and Laboratory Informatics,0.71416935
82202,Informatic,7,11340,INFORMATICA APPLICATA,0.69845737
82202,Informatic,8,07276,INFORMATICA,0.69352767
82202,Informatic,9,78501,SISTEMA DI ELABORAZIONE DELLE INFORMAZIONI --,0.69273853
82202,Informatic,10,B4826,Informatics for the Humanities,0.68551011
82202,Informatic,1,39176,Basic and Laboratory Informatics,0.95164958
82202,Informatic,2,39176,Basic and Laboratory Informatics,0.95164958
82202,Informatic,3,57828,Informatics,0.77575794
82202,Informatic,4,82202,Informatic,0.76251977
82202,Informatic,5,B4826,Informatics for the Humanities,0.71291974
82202,Informatic,6,20741,Information Processing Systems,0.67495345
82202,Informatic,7,11340,INFORMATICA APPLICATA,0.67325791
82202,Informatic,8,07276,Computer Science,0.67053008
82202,Informatic,9,75969,Basic Informatics,0.66914028
82202,Informatic,10,75969,Basic Informatics,0.66730101
84258,Design of Electronic Systems T-A,1,10907,Electronics of Digital Systems,0.70020328
84258,Design of Electronic Systems T-A,2,28651,Electronics T-A,0.69338974
84258,Design of Electronic Systems T-A,3,28016,Electronics T,0.65342943
84258,Design of Electronic Systems T-A,4,34876,Digital Systems Electronics M,0.64698840
84258,Design of Electronic Systems T-A,5,88228,Microcontroller electronic systems P,0.64608307
84258,Design of Electronic Systems T-A,6,94272,Electronic Systems,0.64576619
84258,Design of Electronic Systems T-A,7,69773,Electronic Circuits Design,0.64364155
84258,Design of Electronic Systems T-A,8,73092,Analog Electronic Circuits T-A,0.64030084
84258,Design of Electronic Systems T-A,9,28011,Logic Design T,0.63890157
84258,Design of Electronic Systems T-A,10,28016,Electronics T,0.63332767
84339,Advanced Database Systems,1,95611,Database Systems,0.78255075
84339,Advanced Database Systems,2,10906,Databases,0.75375923
84339,Advanced Database Systems,3,96793,Information Systems and Database Management,0.75077490
84339,Advanced Database Systems,4,70155,Data Bases,0.74150228
84339,Advanced Database Systems,5,79194,Databases,0.72071113
84339,Advanced Database Systems,6,10906,Databases,0.68903667
84339,Advanced Database Systems,7,28796,Elements of Databases,0.67658357
84339,Advanced Database Systems,8,28652,IT Systems T-1,0.66586959
84339,Advanced Database Systems,9,28027,Information Systems T,0.65797878
84339,Advanced Database Systems,10,84530,Database and Big Data Technologies M,0.65590642
84401,Context-Aware Systems,1,78779,Mobile Systems M,0.67740670
84401,Context-Aware Systems,2,81932,Big Data,0.65450091
84401,Context-Aware Systems,3,57828,Informatics,0.65160892
84401,Context-Aware Systems,4,42500,Semantic Web,0.64258113
84401,Context-Aware Systems,5,81683,Internet of Things,0.63600539
84401,Context-Aware Systems,6,91259,Architecture and Platforms for Artificial Intelligence,0.63596431
84401,Context-Aware Systems,7,73025,Distributed Systems M,0.63268447
84401,Context-Aware Systems,8,72787,Mobile Application Programming,0.62900435
84401,Context-Aware Systems,9,95605,Web and Mobile Systems,0.62601271
84401,Context-Aware Systems,10,41731,Web-related Technologies,0.62347535
84442,High Frequency Electronic Circuits M,1,37063,Principles of Electronics for Automation T,0.73552725
84442,High Frequency Electronic Circuits M,2,69773,Electronic Circuits Design,0.73273205
84442,High Frequency Electronic Circuits M,3,00269,Electronics,0.71429456
84442,High Frequency Electronic Circuits M,4,88154,ELETTRONICA INDUSTRIALE P,0.71057111
84442,High Frequency Electronic Circuits M,5,28651,Electronics T-A,0.69677146
84442,High Frequency Electronic Circuits M,6,93392,Analog Circuits and Sensor Systems M,0.68864844
84442,High Frequency Electronic Circuits M,7,94272,Electronic Systems,0.68417873
84442,High Frequency Electronic Circuits M,8,73092,Analog Electronic Circuits T-A,0.68291629
84442,High Frequency Electronic Circuits M,9,B8379,TECNOLOGIE MICROELETTRONICHE LM,0.67515822
84442,High Frequency Electronic Circuits M,10,B0159,Integrated Analog Electronics,0.67048610
84530,Database and Big Data Technologies M,1,96142,Business Intelligence and Big Data M,0.74675738
84530,Database and Big Data Technologies M,2,10906,Databases,0.74024457
84530,Database and Big Data Technologies M,3,81932,Big Data,0.73899780
84530,Database and Big Data Technologies M,4,28027,Information Systems T,0.73403669
84530,Database and Big Data Technologies M,5,70155,Data Bases,0.71415418
84530,Database and Big Data Technologies M,6,28652,IT Systems T-1,0.67774665
84530,Database and Big Data Technologies M,7,95611,Database Systems,0.67580278
84530,Database and Big Data Technologies M,8,96143,Methods and Models for Data Analytics M,0.67574413
84530,Database and Big Data Technologies M,9,10906,Databases,0.67239965
84530,Database and Big Data Technologies M,10,79194,Databases,0.66401966
84531,Infrastructures For Cloud Computing and Big Data M,1,28024,Computer Networks T,0.73043385
84531,Infrastructures For Cloud Computing and Big Data M,2,28024,Computer Networks T,0.73043385
84531,Infrastructures For Cloud Computing and Big Data M,3,95630,Big Data and Cloud Platforms,0.69921385
84531,Infrastructures For Cloud Computing and Big Data M,4,81942,Scalable and Cloud Programming,0.67365047
84531,Infrastructures For Cloud Computing and Big Data M,5,81932,Big Data,0.67182767
84531,Infrastructures For Cloud Computing and Big Data M,6,37085,"Principles, Models and Applications for Distributed Systems M",0.65354244
84531,Infrastructures For Cloud Computing and Big Data M,7,57828,Informatics,0.64437666
84531,Infrastructures For Cloud Computing and Big Data M,8,87474,Distributed Systems,0.64361918
84531,Infrastructures For Cloud Computing and Big Data M,9,91161,"Networks, Security And Data Bases",0.64335420
84531,Infrastructures For Cloud Computing and Big Data M,10,96995,Programmable Networking,0.63793240
85189,Systems and Algorithms for Data Science,1,90477,Machine Learning Systems For Data Science,0.95736571
85189,Systems and Algorithms for Data Science,2,41588,INTRODUZIONE ALL'ANALISI DEI DATI,0.71409478
85189,Systems and Algorithms for Data Science,3,96346,INFORMATICA,0.70784314
85189,Systems and Algorithms for Data Science,4,B2361,ELEMENTI DI MACHINE LEARNING E QUANTUM COMPUTING T,0.70761323
85189,Systems and Algorithms for Data Science,5,91259,Architecture and Platforms for Artificial Intelligence,0.70206774
85189,Systems and Algorithms for Data Science,6,B5727,Introduction to Languages for Artificial Intelligence,0.70037329
85189,Systems and Algorithms for Data Science,7,11929,Algorithm and Data Structures,0.70033038
85189,Systems and Algorithms for Data Science,8,B5782,Algorithms and Data Structures for Computational Biology,0.69578613
85189,Systems and Algorithms for Data Science,9,89988,Elements of Informatics,0.69383909
85189,Systems and Algorithms for Data Science,10,98931,Fundamentals of Artificial Intelligence,0.69347017
85285,Programming,1,93333,Programming Lab,0.74239462
85285,Programming,2,95602,Programming and Computer Architectures,0.73778092
85285,Programming,3,37262,Computer Programming,0.73527111
85285,Programming,4,96346,INFORMATICA,0.72775002
85285,Programming,5,B0063,Programming Laboratory,0.72092554
85285,Programming,6,07276,Computer Science,0.71905257
85285,Programming,7,00819,Programming,0.71099779
85285,Programming,8,B8905,Foundations of Programming,0.71050199
85285,Programming,9,93363,Advanced Programming,0.69635243
85285,Programming,10,00819,Programming,0.69600797
85301,Algorithms and Data Structures in Biology,1,B5782,Algorithms and Data Structures for Computational Biology,0.81860951
85301,Algorithms and Data Structures in Biology,2,11929,Algorithm and Data Structures,0.69336075
85301,Algorithms and Data Structures in Biology,3,11929,Algorithms and Data Structures,0.68930630
85301,Algorithms and Data Structures in Biology,4,11929,Algorithms and Data Structures,0.68813132
85301,Algorithms and Data Structures in Biology,5,37635,Data Structure and Algorithms,0.68486632
85301,Algorithms and Data Structures in Biology,6,11929,Algorithms and Data Structures,0.66320524
85301,Algorithms and Data Structures in Biology,7,B4913,ALGORITMI E STRUTTURE DATI,0.66011416
85301,Algorithms and Data Structures in Biology,8,16692,Laboratory of Informatics,0.65775204
85301,Algorithms and Data Structures in Biology,9,09730,Principles of Informatics,0.64009659
85301,Algorithms and Data Structures in Biology,10,09730,Principles of Informatics,0.61299362
85445,Information Modelling and Web Technologies,1,88566,Web Technology,0.86007006
85445,Information Modelling and Web Technologies,2,41731,Web-related Technologies,0.72729412
85445,Information Modelling and Web Technologies,3,75835,Web Technologies,0.71603114
85445,Information Modelling and Web Technologies,4,95605,Web and Mobile Systems,0.70476470
85445,Information Modelling and Web Technologies,5,95645,Foundations of Web Systems,0.69854607
85445,Information Modelling and Web Technologies,6,75969,Basic Informatics,0.69528889
85445,Information Modelling and Web Technologies,7,75969,Basic Informatics,0.69164696
85445,Information Modelling and Web Technologies,8,B8105,Computational Management of Data,0.68161708
85445,Information Modelling and Web Technologies,9,B0073,ELABORAZIONE DI TESTI E GESTIONE DOCUMENTALE,0.68036836
85445,Information Modelling and Web Technologies,10,B8396,Basic IT Skills,0.67495919
85446,Knowledge Representation and Extraction,1,91265,Knowledge Engineering,0.70998157
85446,Knowledge Representation and Extraction,2,B0070,METODOLOGIE E TECNICHE DI SIMULAZIONE,0.68975527
85446,Knowledge Representation and Extraction,3,42500,Semantic Web,0.68750882
85446,Knowledge Representation and Extraction,4,91250,DEEP LEARNING,0.68593033
85446,Knowledge Representation and Extraction,5,B5292,Knowledge Engeneering for the Humanities,0.67338531
85446,Knowledge Representation and Extraction,6,90147,Artificial intelligence,0.66462501
85446,Knowledge Representation and Extraction,7,91250,Deep Learning,0.66437010
85446,Knowledge Representation and Extraction,8,91250,Deep Learning,0.66437010
85446,Knowledge Representation and Extraction,9,B1873,Machine Learning for Humanities,0.64894790
85446,Knowledge Representation and Extraction,10,91248,Fundamentals of Artificial Intelligence and Knowledge Representation,0.64211474
85573,Usability and User Experience,1,90720,Usability & User Experience Design,0.99442506
85573,Usability and User Experience,2,91264,User Experience Design,0.97531229
85573,Usability and User Experience,3,81934,HUMAN COMPUTER INTERACTION,0.68432899
85573,Usability and User Experience,4,75969,Basic Informatics,0.65767300
85573,Usability and User Experience,5,75969,Basic Informatics,0.65225966
85573,Usability and User Experience,6,88566,Web Technology,0.64479065
85573,Usability and User Experience,7,85445,Information Modelling and Web Technologies,0.63601765
85573,Usability and User Experience,8,B8396,Basic IT Skills,0.63566761
85573,Usability and User Experience,9,90749,Computing Education,0.62736600
85573,Usability and User Experience,10,09032,Software Engineering,0.62165954
85728,Real Time OS M,1,08574,Operating Systems,0.70016477
85728,Real Time OS M,2,72945,Real-Time Systems M,0.69708101
85728,Real Time OS M,3,08574,Operating Systems,0.68216995
85728,Real Time OS M,4,78810,Real Time Systems for Automation M,0.65496135
85728,Real Time OS M,5,08574,Operating Systems,0.65239581
85728,Real Time OS M,6,85730,Architectures and Firmware M,0.64251756
85728,Real Time OS M,7,28020,Operating Systems T,0.62815008
85728,Real Time OS M,8,28020,Operating Systems T,0.62815008
85728,Real Time OS M,9,B5665,Real Time Systems and Programming for Automation M,0.62219299
85728,Real Time OS M,10,28024,Computer Networks T,0.61672384
85730,Architectures and Firmware M,1,93322,Hardware-Software Design of Iot Systems M,0.88138260
85730,Architectures and Firmware M,2,35253,Hardware – Software Design Methods M,0.81379637
85730,Architectures and Firmware M,3,69430,COMPUTER ARCHITECTURES M,0.73667435
85730,Architectures and Firmware M,4,29035,Electronic Industrial Systems Architecture and Programming Laboratory T-A,0.72065014
85730,Architectures and Firmware M,5,73731,Microcontroller-based systems for Industrial Applicatons: Architecture and Programming,0.71744190
85730,Architectures and Firmware M,6,77780,Embedded Systems Programming and Internet of Things,0.69938139
85730,Architectures and Firmware M,7,88228,Microcontroller electronic systems P,0.69700106
85730,Architectures and Firmware M,8,10907,Electronics of Digital Systems,0.69050441
85730,Architectures and Firmware M,9,96859,Embedded Systems and Internet of Things,0.68868760
85730,Architectures and Firmware M,10,03716,Digital Design Principles and Computer Architecture,0.68429844
85733,Power Electronics for Automotive M,1,35367,Industrial Electronics M,0.81798452
85733,Power Electronics for Automotive M,2,94247,Laboratory on Power Electronics,0.75993534
85733,Power Electronics for Automotive M,3,71148,Electronics For Automation T,0.73813187
85733,Power Electronics for Automotive M,4,73110,Industrial Electronics T-A,0.70647750
85733,Power Electronics for Automotive M,5,28651,Electronics T-A,0.69956117
85733,Power Electronics for Automotive M,6,88154,ELETTRONICA INDUSTRIALE P,0.69123841
85733,Power Electronics for Automotive M,7,00269,Electronics,0.68721843
85733,Power Electronics for Automotive M,8,94272,Electronic Systems,0.67560879
85733,Power Electronics for Automotive M,9,B8379,TECNOLOGIE MICROELETTRONICHE LM,0.66415712
85733,Power Electronics for Automotive M,10,B0159,Integrated Analog Electronics,0.66384806
85734,"Test, Diagnosis and Reliability M",1,99192,Highly Reliable and Resilient Electronic Systems M,0.79351038
85734,"Test, Diagnosis and Reliability M",2,93395,Reliable Data Processing and Storage for Iintelligent Systems M,0.73865216
85734,"Test, Diagnosis and Reliability M",3,B8378,SENSORI ELETTRONICI INTELLIGENTI LM,0.58920646
85734,"Test, Diagnosis and Reliability M",4,B5722,Embedded Sensors,0.56348441
85734,"Test, Diagnosis and Reliability M",5,84442,High Frequency Electronic Circuits M,0.55862171
85734,"Test, Diagnosis and Reliability M",6,93929,Sensors and Nanotechnology,0.55679998
85734,"Test, Diagnosis and Reliability M",7,69773,Electronic Circuits Design,0.55450771
85734,"Test, Diagnosis and Reliability M",8,28651,Electronics T-A,0.55097070
85734,"Test, Diagnosis and Reliability M",9,28016,Electronics T,0.55061217
85734,"Test, Diagnosis and Reliability M",10,94272,Electronic Systems,0.54384679
87198,Statistics and Architectures for Big Data Processing M,1,97467,Big Data Analytics for Automotive Manufacturing Applications,0.79575900
87198,Statistics and Architectures for Big Data Processing M,2,81932,Big Data,0.72710155
87198,Statistics and Architectures for Big Data Processing M,3,91259,Architecture and Platforms for Artificial Intelligence,0.67891082
87198,Statistics and Architectures for Big Data Processing M,4,37635,Data Structure and Algorithms,0.67485090
87198,Statistics and Architectures for Big Data Processing M,5,11929,Algorithms and Data Structures,0.67325411
87198,Statistics and Architectures for Big Data Processing M,6,B5782,Algorithms and Data Structures for Computational Biology,0.67117995
87198,Statistics and Architectures for Big Data Processing M,7,B2133,Big Data Analytics and Text Mining,0.66190443
87198,Statistics and Architectures for Big Data Processing M,8,93395,Reliable Data Processing and Storage for Iintelligent Systems M,0.65721620
87198,Statistics and Architectures for Big Data Processing M,9,09730,Principles of Informatics,0.65689294
87198,Statistics and Architectures for Big Data Processing M,10,85189,Systems and Algorithms for Data Science,0.65295856
87469,Decision Making with Constraint Programming,1,91762,Combinatorial Decision Making and Optimization,0.77417908
87469,Decision Making with Constraint Programming,2,00819,Programming,0.65703555
87469,Decision Making with Constraint Programming,3,41169,Theoretical Computer Science,0.62930464
87469,Decision Making with Constraint Programming,4,00819,Programming,0.62589580
87469,Decision Making with Constraint Programming,5,93034,Foundations of Computer Science T,0.62177631
87469,Decision Making with Constraint Programming,6,93034,Foundations of Computer Science T,0.62177631
87469,Decision Making with Constraint Programming,7,11929,Algorithm and Data Structures,0.62135697
87469,Decision Making with Constraint Programming,8,11929,Algorithms and Data Structures,0.61998147
87469,Decision Making with Constraint Programming,9,00819,Programming,0.61439098
87469,Decision Making with Constraint Programming,10,37635,Data Structure and Algorithms,0.61389329
87474,Distributed Systems,1,93468,Distributed Software Systems,0.91317795
87474,Distributed Systems,2,73025,Distributed Systems M,0.67776892
87474,Distributed Systems,3,37085,"Principles, Models and Applications for Distributed Systems M",0.66489467
87474,Distributed Systems,4,84531,Infrastructures For Cloud Computing and Big Data M,0.64361918
87474,Distributed Systems,5,93669,Intelligent Systems Engineering,0.63430124
87474,Distributed Systems,6,28024,Computer Networks T,0.62022300
87474,Distributed Systems,7,28024,Computer Networks T,0.62022300
87474,Distributed Systems,8,88324,System Administration T,0.61067585
87474,Distributed Systems,9,95604,Operating Systems and Networks,0.60051484
87474,Distributed Systems,10,91267,Multi-Agent Systems,0.59739590
87898,Methods and Technologies for Interpreting,1,87901,Methods and Advanced Technologies for Interpreting,0.89920235
87898,Methods and Technologies for Interpreting,2,B6082,Technology-Assisted Interpreting I,0.75471523
87898,Methods and Technologies for Interpreting,3,B2696,"Language, Technology, Research I: Computational Thinking",0.69869610
87898,Methods and Technologies for Interpreting,4,B8536,"Computer-Aided Human Translation: CAT, MT and AI",0.66969194
87898,Methods and Technologies for Interpreting,5,B8536,"Computer-Aided Human Translation: CAT, MT and AI",0.66969194
87898,Methods and Technologies for Interpreting,6,B8536,"Computer-Aided Human Translation: CAT, MT and AI",0.66969194
87898,Methods and Technologies for Interpreting,7,B8929,Computer Studies and Human Sciences,0.64815663
87898,Methods and Technologies for Interpreting,8,B5293,Computer Studies and Humanities,0.64281379
87898,Methods and Technologies for Interpreting,9,91258,Natural Language Processing,0.62232135
87898,Methods and Technologies for Interpreting,10,B8603,Machine Translation and Artificial Intelligence for Language Services,0.61919528
87901,Methods and Advanced Technologies for Interpreting,1,87898,Methods and Technologies for Interpreting,0.89920235
87901,Methods and Advanced Technologies for Interpreting,2,B6082,Technology-Assisted Interpreting I,0.84364325
87901,Methods and Advanced Technologies for Interpreting,3,B2696,"Language, Technology, Research I: Computational Thinking",0.68093424
87901,Methods and Advanced Technologies for Interpreting,4,B8536,"Computer-Aided Human Translation: CAT, MT and AI",0.66501894
87901,Methods and Advanced Technologies for Interpreting,5,B8536,"Computer-Aided Human Translation: CAT, MT and AI",0.66501894
87901,Methods and Advanced Technologies for Interpreting,6,B8536,"Computer-Aided Human Translation: CAT, MT and AI",0.66501894
87901,Methods and Advanced Technologies for Interpreting,7,B8603,Machine Translation and Artificial Intelligence for Language Services,0.61346324
87901,Methods and Advanced Technologies for Interpreting,8,91258,Natural Language Processing,0.60021151
87901,Methods and Advanced Technologies for Interpreting,9,91258,Natural Language Processing,0.59379954
87901,Methods and Advanced Technologies for Interpreting,10,B0385,Natural Language Processing,0.59379954
88016,Statistics,1,82202,Informatic,0.60093330
88016,Statistics,2,78501,SISTEMA DI ELABORAZIONE DELLE INFORMAZIONI --,0.58234871
88016,Statistics,3,41588,INTRODUZIONE ALL'ANALISI DEI DATI,0.55939051
88016,Statistics,4,40720,Data Mining,0.55160167
88016,Statistics,5,37760,Systems Simulation,0.54598061
88016,Statistics,6,07276,INFORMATICA,0.54212651
88016,Statistics,7,70155,Data Bases,0.53320742
88016,Statistics,8,96346,INFORMATICA,0.53267696
88016,Statistics,9,96143,Methods and Models for Data Analytics M,0.53172435
88016,Statistics,10,11929,Algorithms and Data Structures,0.53171317
88145,Fundamentals of Computer Programming P1,1,29227,Foundations of Informatics T,0.86343210
88145,Fundamentals of Computer Programming P1,2,29227,Foundations of Informatics T,0.86343210
88145,Fundamentals of Computer Programming P1,3,15305,Foundations of Informatics A,0.75150635
88145,Fundamentals of Computer Programming P1,4,09730,Principles of Informatics,0.74992216
88145,Fundamentals of Computer Programming P1,5,00819,Programming,0.73039392
88145,Fundamentals of Computer Programming P1,6,00819,Programming,0.72854656
88145,Fundamentals of Computer Programming P1,7,B0063,Programming Laboratory,0.71780074
88145,Fundamentals of Computer Programming P1,8,28623,Foundations of Informatics and Laboratory,0.71681789
88145,Fundamentals of Computer Programming P1,9,37262,Computer Programming,0.70639172
88145,Fundamentals of Computer Programming P1,10,95602,Programming and Computer Architectures,0.70467547
88146,Fundamentals of Computer Programming P2,1,28004,Foundations of Informatics T-1,0.65079017
88146,Fundamentals of Computer Programming P2,2,28004,Foundations of Informatics T-1,0.64024912
88146,Fundamentals of Computer Programming P2,3,11925,Computer Architecture,0.61929016
88146,Fundamentals of Computer Programming P2,4,69731,Computer Architecture,0.61889220
88146,Fundamentals of Computer Programming P2,5,96007,Foundations of Computer Architecture and Operating Systems,0.59768102
88146,Fundamentals of Computer Programming P2,6,69731,Computer Architecture,0.59355509
88146,Fundamentals of Computer Programming P2,7,07276,Computer Science,0.59160445
88146,Fundamentals of Computer Programming P2,8,96346,Computer Science,0.59160445
88146,Fundamentals of Computer Programming P2,9,07276,INFORMATICA,0.59130201
88146,Fundamentals of Computer Programming P2,10,03716,Digital Design Principles and Computer Architecture,0.58952661
88154,ELETTRONICA INDUSTRIALE P,1,37063,Principles of Electronics for Automation T,0.74673759
88154,ELETTRONICA INDUSTRIALE P,2,00269,Electronics,0.74265967
88154,ELETTRONICA INDUSTRIALE P,3,94247,Laboratory on Power Electronics,0.73292119
88154,ELETTRONICA INDUSTRIALE P,4,28651,Electronics T-A,0.72942702
88154,ELETTRONICA INDUSTRIALE P,5,B8379,TECNOLOGIE MICROELETTRONICHE LM,0.72480226
88154,ELETTRONICA INDUSTRIALE P,6,84442,High Frequency Electronic Circuits M,0.71057111
88154,ELETTRONICA INDUSTRIALE P,7,35367,Industrial Electronics M,0.70965004
88154,ELETTRONICA INDUSTRIALE P,8,71148,Electronics For Automation T,0.70950008
88154,ELETTRONICA INDUSTRIALE P,9,94272,Electronic Systems,0.70557914
88154,ELETTRONICA INDUSTRIALE P,10,69773,Electronic Circuits Design,0.69772383
88155,Industrial Informatics P,1,34991,Project in electronics and telecommunications,0.66262685
88155,Industrial Informatics P,2,89988,Elements of Informatics,0.64064073
88155,Industrial Informatics P,3,78810,Real Time Systems for Automation M,0.63839802
88155,Industrial Informatics P,4,09032,Software Engineering,0.63766177
88155,Industrial Informatics P,5,B5665,Real Time Systems and Programming for Automation M,0.63730550
88155,Industrial Informatics P,6,28004,Foundations of Informatics T-1,0.63429687
88155,Industrial Informatics P,7,07276,INFORMATICA,0.62969654
88155,Industrial Informatics P,8,B8105,Computational Management of Data,0.62164972
88155,Industrial Informatics P,9,28040,Information Technology,0.61942437
88155,Industrial Informatics P,10,B0832,Administration of Systems T,0.61675086
88202,Machine Learning,1,81610,Machine Learning,1.00000000
88202,Machine Learning,2,91250,Deep Learning,0.77926307
88202,Machine Learning,3,91250,Deep Learning,0.72683145
88202,Machine Learning,4,91250,Deep Learning,0.72683145
88202,Machine Learning,5,95631,Machine Learning and Data Mining,0.68188167
88202,Machine Learning,6,95965,Artificial Intelligence and Machine Learning for Business,0.67950561
88202,Machine Learning,7,90477,Machine Learning Systems For Data Science,0.66590191
88202,Machine Learning,8,91250,DEEP LEARNING,0.66010588
88202,Machine Learning,9,81940,Artificial Intelligence,0.64454328
88202,Machine Learning,10,B1873,Machine Learning for Humanities,0.64286184
88228,Microcontroller electronic systems P,1,10907,Electronics of Digital Systems,0.74148528
88228,Microcontroller electronic systems P,2,73731,Microcontroller-based systems for Industrial Applicatons: Architecture and Programming,0.72172213
88228,Microcontroller electronic systems P,3,29035,Electronic Industrial Systems Architecture and Programming Laboratory T-A,0.71425579
88228,Microcontroller electronic systems P,4,85730,Architectures and Firmware M,0.69700106
88228,Microcontroller electronic systems P,5,28651,Electronics T-A,0.69542496
88228,Microcontroller electronic systems P,6,B8379,TECNOLOGIE MICROELETTRONICHE LM,0.67677644
88228,Microcontroller electronic systems P,7,00269,Electronics,0.67259454
88228,Microcontroller electronic systems P,8,94272,Electronic Systems,0.67039525
88228,Microcontroller electronic systems P,9,35253,Hardware – Software Design Methods M,0.66239424
88228,Microcontroller electronic systems P,10,94247,Laboratory on Power Electronics,0.65640116
88230,TECNOLOGIE INDUSTRIALI ABILITANTI PER IL WEB E HMI P,1,41731,Web-related Technologies,0.68279994
88230,TECNOLOGIE INDUSTRIALI ABILITANTI PER IL WEB E HMI P,2,94442,Design of Web Applications T,0.67644834
88230,TECNOLOGIE INDUSTRIALI ABILITANTI PER IL WEB E HMI P,3,75835,Web Technologies,0.67171998
88230,TECNOLOGIE INDUSTRIALI ABILITANTI PER IL WEB E HMI P,4,81934,HUMAN COMPUTER INTERACTION,0.66717767
88230,TECNOLOGIE INDUSTRIALI ABILITANTI PER IL WEB E HMI P,5,96859,Embedded Systems and Internet of Things,0.66418457
88230,TECNOLOGIE INDUSTRIALI ABILITANTI PER IL WEB E HMI P,6,81683,Internet of Things,0.65748400
88230,TECNOLOGIE INDUSTRIALI ABILITANTI PER IL WEB E HMI P,7,81917,Interaction Multimedia Services,0.65450523
88230,TECNOLOGIE INDUSTRIALI ABILITANTI PER IL WEB E HMI P,8,28659,Web Technologies T,0.65180539
88230,TECNOLOGIE INDUSTRIALI ABILITANTI PER IL WEB E HMI P,9,28659,Web Technologies T,0.65180539
88230,TECNOLOGIE INDUSTRIALI ABILITANTI PER IL WEB E HMI P,10,77780,Embedded Systems Programming and Internet of Things,0.65033810
88324,System Administration T,1,B0832,Administration of Systems T,0.89354418
88324,System Administration T,2,28652,IT Systems T-1,0.72725259
88324,System Administration T,3,28024,Computer Networks T,0.71539765
88324,System Administration T,4,28024,Computer Networks T,0.71539765
88324,System Administration T,5,95604,Operating Systems and Networks,0.68367544
88324,System Administration T,6,96642,Virtualization and System Integration,0.68275541
88324,System Administration T,7,88325,Computer and Network Security Lab T,0.68196726
88324,System Administration T,8,57828,Informatics,0.67963546
88324,System Administration T,9,08574,Operating Systems,0.67213630
88324,System Administration T,10,91161,"Networks, Security And Data Bases",0.67102286
88325,Computer and Network Security Lab T,1,B0833,Computer Security Laboratory T,0.84721411
88325,Computer and Network Security Lab T,2,72942,Information Security M,0.76152787
88325,Computer and Network Security Lab T,3,93470,Cybersecurity,0.71377299
88325,Computer and Network Security Lab T,4,93470,Cybersecurity,0.71275630
88325,Computer and Network Security Lab T,5,B5793,Cybersecurity M,0.71027136
88325,Computer and Network Security Lab T,6,93466,FONDAMENTI DI CYBERSECURITY,0.70102436
88325,Computer and Network Security Lab T,7,88324,System Administration T,0.68196726
88325,Computer and Network Security Lab T,8,91161,"Networks, Security And Data Bases",0.68048640
88325,Computer and Network Security Lab T,9,B5812,Cybersecurity Governance,0.67477880
88325,Computer and Network Security Lab T,10,28024,Computer Networks T,0.63099120
88566,Web Technology,1,85445,Information Modelling and Web Technologies,0.86007006
88566,Web Technology,2,41731,Web-related Technologies,0.82617112
88566,Web Technology,3,75835,Web Technologies,0.82574621
88566,Web Technology,4,95605,Web and Mobile Systems,0.79288115
88566,Web Technology,5,95645,Foundations of Web Systems,0.74608067
88566,Web Technology,6,41731,Web-related Technologies,0.68698037
88566,Web Technology,7,75969,Basic Informatics,0.67703298
88566,Web Technology,8,75969,Basic Informatics,0.67273156
88566,Web Technology,9,69867,Web Services and Applications,0.66911226
88566,Web Technology,10,B8396,Basic IT Skills,0.65738893
89988,Elements of Informatics,1,96346,INFORMATICA,0.75429787
89988,Elements of Informatics,2,B5727,Introduction to Languages for Artificial Intelligence,0.73467956
89988,Elements of Informatics,3,B8105,Computational Management of Data,0.72372470
89988,Elements of Informatics,4,37262,Computer Programming,0.72042423
89988,Elements of Informatics,5,09730,Principles of Informatics,0.71745889
89988,Elements of Informatics,6,09730,Principles of Informatics,0.71556364
89988,Elements of Informatics,7,00819,Programming,0.71133540
89988,Elements of Informatics,8,B5780,Computational Methods for Bioinformatics,0.70955346
89988,Elements of Informatics,9,07276,Computer Science,0.70703396
89988,Elements of Informatics,10,15305,Foundations of Informatics A,0.70567088
90074,Smart Vehicular Systems,1,96994,Smart Vehicular-Systems,0.99917795
90074,Smart Vehicular Systems,2,92858,Autonomous and Adaptive Systems M,0.63370988
90074,Smart Vehicular Systems,3,28722,Electronics T-1,0.61876500
90074,Smart Vehicular Systems,4,91411,Intelligent Robotic Systems,0.60260698
90074,Smart Vehicular Systems,5,78779,Mobile Systems M,0.58757680
90074,Smart Vehicular Systems,6,91266,Machine Learning for Computer Vision,0.58343100
90074,Smart Vehicular Systems,7,41169,Theoretical Computer Science,0.58208582
90074,Smart Vehicular Systems,8,88324,System Administration T,0.58121036
90074,Smart Vehicular Systems,9,B1873,Machine Learning for Humanities,0.58084636
90074,Smart Vehicular Systems,10,91261,Artificial Intelligence in Industry,0.57997481
90106,Software Engineering,1,66858,Software Engineering,0.96408215
90106,Software Engineering,2,28021,Software Engineering T,0.80051506
90106,Software Engineering,3,09032,Software Engineering,0.78123331
90106,Software Engineering,4,95627,Software Engineering,0.75364920
90106,Software Engineering,5,90106,INGEGNERIA DEL SOFTWARE,0.73801100
90106,Software Engineering,6,81612,Programming and Development paradigms,0.71433565
90106,Software Engineering,7,B1874,Project Management and Software Engineering for Cultural Heritage,0.70802367
90106,Software Engineering,8,B0011,Software Process Engineering,0.69793722
90106,Software Engineering,9,B0010,Software Architecture and Platforms,0.68210295
90106,Software Engineering,10,95648,Software Design and Development,0.67682256
90106,INGEGNERIA DEL SOFTWARE,1,66858,Software Engineering,0.76653817
90106,INGEGNERIA DEL SOFTWARE,2,B0010,Software Architecture and Platforms,0.74933181
90106,INGEGNERIA DEL SOFTWARE,3,95627,Software Engineering,0.74669723
90106,INGEGNERIA DEL SOFTWARE,4,28021,Software Engineering T,0.74419328
90106,INGEGNERIA DEL SOFTWARE,5,90106,Software Engineering,0.73801100
90106,INGEGNERIA DEL SOFTWARE,6,09032,Software Engineering,0.73179733
90106,INGEGNERIA DEL SOFTWARE,7,B1874,Project Management and Software Engineering for Cultural Heritage,0.70835241
90106,INGEGNERIA DEL SOFTWARE,8,81612,Programming and Development paradigms,0.70415115
90106,INGEGNERIA DEL SOFTWARE,9,B0009,Advanced Software Modelling and Design,0.69374834
90106,INGEGNERIA DEL SOFTWARE,10,B5474,ARCHITETTURE SOFTWARE A MICROSERVIZI,0.68758431
90107,BASI DI DATI,1,70155,Data Bases,0.76297141
90107,BASI DI DATI,2,10906,Databases,0.70295319
90107,BASI DI DATI,3,95611,Database Systems,0.68604334
90107,BASI DI DATI,4,10906,Databases,0.64078397
90107,BASI DI DATI,5,28796,Elements of Databases,0.64058613
90107,BASI DI DATI,6,B8159,INFORMATICA,0.63481474
90107,BASI DI DATI,7,28027,Information Systems T,0.62722101
90107,BASI DI DATI,8,79194,Databases,0.61824427
90107,BASI DI DATI,9,96793,Information Systems and Database Management,0.60672242
90107,BASI DI DATI,10,84339,Advanced Database Systems,0.60358731
90147,Artificial intelligence,1,98931,Fundamentals of Artificial Intelligence,0.77573698
90147,Artificial intelligence,2,81940,Artificial Intelligence,0.77113714
90147,Artificial intelligence,3,72938,Foundations Of Artificial Intelligence T,0.76633572
90147,Artificial intelligence,4,91248,Fundamentals of Artificial Intelligence and Knowledge Representation,0.75839614
90147,Artificial intelligence,5,B0069,Artificial Intelligence for Digital Innovation,0.75495447
90147,Artificial intelligence,6,B1873,Machine Learning for Humanities,0.73896799
90147,Artificial intelligence,7,91250,Deep Learning,0.70456078
90147,Artificial intelligence,8,91250,Deep Learning,0.70456078
90147,Artificial intelligence,9,11929,Algorithm and Data Structures,0.70068963
90147,Artificial intelligence,10,93319,INTRODUZIONE ALL'APPRENDIMENTO AUTOMATICO,0.69605528
90157,Open Science,1,75969,Basic Informatics,0.64456602
90157,Open Science,2,75969,Basic Informatics,0.64203982
90157,Open Science,3,B8105,Computational Management of Data,0.63996760
90157,Open Science,4,72796,Data Intensive Applications,0.59946963
90157,Open Science,5,B1703,Introduction to Programming,0.59940896
90157,Open Science,6,85445,Information Modelling and Web Technologies,0.59428676
90157,Open Science,7,90749,Computing Education,0.59069427
90157,Open Science,8,88566,Web Technology,0.58308491
90157,Open Science,9,B5079,Digital Humanities and Data Management for Cultural Heritage,0.58034433
90157,Open Science,10,B1873,Machine Learning for Humanities,0.57269670
90392,Elements of Applied Data Security M,1,B8311,SECURITY OF DATA AND NEURAL PROCESSING M,0.94637023
90392,Elements of Applied Data Security M,2,93466,FONDAMENTI DI CYBERSECURITY,0.72488146
90392,Elements of Applied Data Security M,3,72942,Information Security M,0.71276093
90392,Elements of Applied Data Security M,4,93470,Cybersecurity,0.65635051
90392,Elements of Applied Data Security M,5,93467,Cryptography,0.63593546
90392,Elements of Applied Data Security M,6,88325,Computer and Network Security Lab T,0.61151025
90392,Elements of Applied Data Security M,7,93470,Cybersecurity,0.61113276
90392,Elements of Applied Data Security M,8,B5793,Cybersecurity M,0.60501816
90392,Elements of Applied Data Security M,9,14015,Cryptography,0.60319465
90392,Elements of Applied Data Security M,10,91161,"Networks, Security And Data Bases",0.59630578
90477,Machine Learning Systems For Data Science,1,85189,Systems and Algorithms for Data Science,0.95736571
90477,Machine Learning Systems For Data Science,2,91250,Deep Learning,0.73313957
90477,Machine Learning Systems For Data Science,3,91250,Deep Learning,0.73313957
90477,Machine Learning Systems For Data Science,4,B2361,ELEMENTI DI MACHINE LEARNING E QUANTUM COMPUTING T,0.72331360
90477,Machine Learning Systems For Data Science,5,B5727,Introduction to Languages for Artificial Intelligence,0.71796947
90477,Machine Learning Systems For Data Science,6,95631,Machine Learning and Data Mining,0.71424726
90477,Machine Learning Systems For Data Science,7,98931,Fundamentals of Artificial Intelligence,0.71150417
90477,Machine Learning Systems For Data Science,8,B2125,Machine Learning and Data Mining M,0.70901010
90477,Machine Learning Systems For Data Science,9,91248,Fundamentals of Artificial Intelligence and Knowledge Representation,0.70688421
90477,Machine Learning Systems For Data Science,10,91259,Architecture and Platforms for Artificial Intelligence,0.70684085
90720,Usability & User Experience Design,1,85573,Usability and User Experience,0.99442506
90720,Usability & User Experience Design,2,91264,User Experience Design,0.98109792
90720,Usability & User Experience Design,3,81934,HUMAN COMPUTER INTERACTION,0.67886018
90720,Usability & User Experience Design,4,75969,Basic Informatics,0.65795275
90720,Usability & User Experience Design,5,75969,Basic Informatics,0.65253941
90720,Usability & User Experience Design,6,88566,Web Technology,0.64455159
90720,Usability & User Experience Design,7,85445,Information Modelling and Web Technologies,0.64095126
90720,Usability & User Experience Design,8,B8396,Basic IT Skills,0.63204001
90720,Usability & User Experience Design,9,09032,Software Engineering,0.62969989
90720,Usability & User Experience Design,10,90749,Computing Education,0.62681032
90730,Social Network Analysis,1,95782,Network Analysis,0.85804668
90730,Social Network Analysis,2,91161,"Networks, Security And Data Bases",0.64288120
90730,Social Network Analysis,3,42500,Semantic Web,0.64184018
90730,Social Network Analysis,4,B4826,Informatics for the Humanities,0.63252181
90730,Social Network Analysis,5,82202,Informatic,0.63126580
90730,Social Network Analysis,6,95644,Computer Networks and Network Programming,0.62665609
90730,Social Network Analysis,7,70226,Network Programming,0.62660812
90730,Social Network Analysis,8,95604,Operating Systems and Networks,0.62241742
90730,Social Network Analysis,9,91265,Knowledge Engineering,0.61940793
90730,Social Network Analysis,10,40720,Data Mining,0.61446632
90748,Blockchain and Cryptocurrencies,1,72942,Information Security M,0.58488066
90748,Blockchain and Cryptocurrencies,2,B0074,PIATTAFORME PER LA TRASFORMAZIONE DIGITALE,0.56044778
90748,Blockchain and Cryptocurrencies,3,81683,Internet of Things,0.55937989
90748,Blockchain and Cryptocurrencies,4,91161,"Networks, Security And Data Bases",0.55356164
90748,Blockchain and Cryptocurrencies,5,95646,Virtualized Systems,0.55315720
90748,Blockchain and Cryptocurrencies,6,B4826,Informatics for the Humanities,0.55287456
90748,Blockchain and Cryptocurrencies,7,B1459,"ARTIFICIAL INTELLIGENCE, BLOCKCHAIN E CRIPTOVALUTE NELLO SVILUPPO SOFTWARE",0.54608133
90748,Blockchain and Cryptocurrencies,8,93470,Cybersecurity,0.54513827
90748,Blockchain and Cryptocurrencies,9,93470,Cybersecurity,0.54443360
90748,Blockchain and Cryptocurrencies,10,93467,Cryptography,0.54433556
90749,Computing Education,1,91685,History of Informatics and Computing Systems,0.76323882
90749,Computing Education,2,37262,Computer Programming,0.72749274
90749,Computing Education,3,07276,Computer Science,0.70982296
90749,Computing Education,4,00819,Programming,0.70663540
90749,Computing Education,5,75969,Basic Informatics,0.70572405
90749,Computing Education,6,75969,Basic Informatics,0.70431510
90749,Computing Education,7,09730,Principles of Informatics,0.70259932
90749,Computing Education,8,15305,Foundations of Informatics A,0.70202628
90749,Computing Education,9,93034,Foundations of Computer Science T,0.70091462
90749,Computing Education,10,78510,Informatics,0.70048209
90864,Elements of Computer Technologies for Fashion E-Commerce,1,73273,Informatic Tecnologies for Fashion,0.67840825
90864,Elements of Computer Technologies for Fashion E-Commerce,2,B4925,IMMERSIVE TECHNOLOGIES FOR FASHION,0.64296624
90864,Elements of Computer Technologies for Fashion E-Commerce,3,81683,Internet of Things,0.60214008
90864,Elements of Computer Technologies for Fashion E-Commerce,4,41731,Web-related Technologies,0.56186134
90864,Elements of Computer Technologies for Fashion E-Commerce,5,93379,Digital Culture,0.55119661
90864,Elements of Computer Technologies for Fashion E-Commerce,6,57828,Informatics,0.54857765
90864,Elements of Computer Technologies for Fashion E-Commerce,7,75835,Web Technologies,0.54475680
90864,Elements of Computer Technologies for Fashion E-Commerce,8,B4826,Informatics for the Humanities,0.53922560
90864,Elements of Computer Technologies for Fashion E-Commerce,9,28106,Computer Science for Environmental Sciences,0.53585238
90864,Elements of Computer Technologies for Fashion E-Commerce,10,B8019,PROGRAMMING THE INTERNET OF THINGS M,0.53471192
91161,"Networks, Security And Data Bases",1,72942,Information Security M,0.71890437
91161,"Networks, Security And Data Bases",2,90749,Computing Education,0.69304930
91161,"Networks, Security And Data Bases",3,15305,Foundations of Informatics A,0.68642478
91161,"Networks, Security And Data Bases",4,29227,Foundations of Informatics T,0.68491274
91161,"Networks, Security And Data Bases",5,28024,Computer Networks T,0.68446009
91161,"Networks, Security And Data Bases",6,28024,Computer Networks T,0.68446009
91161,"Networks, Security And Data Bases",7,09730,Principles of Informatics,0.68138905
91161,"Networks, Security And Data Bases",8,88325,Computer and Network Security Lab T,0.68048640
91161,"Networks, Security And Data Bases",9,B4826,Informatics for the Humanities,0.67455605
91161,"Networks, Security And Data Bases",10,88324,System Administration T,0.67102286
91248,Fundamentals of Artificial Intelligence and Knowledge Representation,1,98931,Fundamentals of Artificial Intelligence,0.98346886
91248,Fundamentals of Artificial Intelligence and Knowledge Representation,2,B5727,Introduction to Languages for Artificial Intelligence,0.80898466
91248,Fundamentals of Artificial Intelligence and Knowledge Representation,3,81940,Artificial Intelligence,0.76286479
91248,Fundamentals of Artificial Intelligence and Knowledge Representation,4,90147,Artificial intelligence,0.75839614
91248,Fundamentals of Artificial Intelligence and Knowledge Representation,5,78778,Intelligent Systems M,0.74422617
91248,Fundamentals of Artificial Intelligence and Knowledge Representation,6,72938,Foundations Of Artificial Intelligence T,0.73326051
91248,Fundamentals of Artificial Intelligence and Knowledge Representation,7,95965,Artificial Intelligence and Machine Learning for Business,0.71202145
91248,Fundamentals of Artificial Intelligence and Knowledge Representation,8,90477,Machine Learning Systems For Data Science,0.70688421
91248,Fundamentals of Artificial Intelligence and Knowledge Representation,9,B8105,Computational Management of Data,0.69748000
91248,Fundamentals of Artificial Intelligence and Knowledge Representation,10,91259,Architecture and Platforms for Artificial Intelligence,0.69673372
91250,DEEP LEARNING,1,91250,Deep Learning,0.88476239
91250,DEEP LEARNING,2,91250,Deep Learning,0.88476239
91250,DEEP LEARNING,3,91250,Deep Learning,0.77046080
91250,DEEP LEARNING,4,93319,INTRODUZIONE ALL'APPRENDIMENTO AUTOMATICO,0.70343718
91250,DEEP LEARNING,5,B1873,Machine Learning for Humanities,0.69533832
91250,DEEP LEARNING,6,91266,Machine Learning for Computer Vision,0.69153683
91250,DEEP LEARNING,7,85446,Knowledge Representation and Extraction,0.68593033
91250,DEEP LEARNING,8,90477,Machine Learning Systems For Data Science,0.67590966
91250,DEEP LEARNING,9,81610,Machine Learning,0.66010588
91250,DEEP LEARNING,10,88202,Machine Learning,0.66010588
91250,Deep Learning,1,91250,Deep Learning,1.00000000
91250,Deep Learning,2,91250,DEEP LEARNING,0.88476239
91250,Deep Learning,3,91250,Deep Learning,0.79097771
91250,Deep Learning,4,90477,Machine Learning Systems For Data Science,0.73313957
91250,Deep Learning,5,93319,INTRODUZIONE ALL'APPRENDIMENTO AUTOMATICO,0.72859470
91250,Deep Learning,6,81610,Machine Learning,0.72683145
91250,Deep Learning,7,88202,Machine Learning,0.72683145
91250,Deep Learning,8,91266,Machine Learning for Computer Vision,0.72477940
91250,Deep Learning,9,B1873,Machine Learning for Humanities,0.71697741
91250,Deep Learning,10,90147,Artificial intelligence,0.70456078
91250,Deep Learning,1,91250,Deep Learning,1.00000000
91250,Deep Learning,2,91250,DEEP LEARNING,0.88476239
91250,Deep Learning,3,91250,Deep Learning,0.79097771
91250,Deep Learning,4,90477,Machine Learning Systems For Data Science,0.73313957
91250,Deep Learning,5,93319,INTRODUZIONE ALL'APPRENDIMENTO AUTOMATICO,0.72859470
91250,Deep Learning,6,81610,Machine Learning,0.72683145
91250,Deep Learning,7,88202,Machine Learning,0.72683145
91250,Deep Learning,8,91266,Machine Learning for Computer Vision,0.72477940
91250,Deep Learning,9,B1873,Machine Learning for Humanities,0.71697741
91250,Deep Learning,10,90147,Artificial intelligence,0.70456078
91250,Deep Learning,1,91250,Deep Learning,0.79097771
91250,Deep Learning,2,91250,Deep Learning,0.79097771
91250,Deep Learning,3,81610,Machine Learning,0.77926307
91250,Deep Learning,4,88202,Machine Learning,0.77926307
91250,Deep Learning,5,91250,DEEP LEARNING,0.77046080
91250,Deep Learning,6,90477,Machine Learning Systems For Data Science,0.70235102
91250,Deep Learning,7,85189,Systems and Algorithms for Data Science,0.65531622
91250,Deep Learning,8,93319,INTRODUZIONE ALL'APPRENDIMENTO AUTOMATICO,0.65015400
91250,Deep Learning,9,95631,Machine Learning and Data Mining,0.64096522
91250,Deep Learning,10,95965,Artificial Intelligence and Machine Learning for Business,0.63722216
91254,Image Processing and Computer Vision,1,93478,COMPUTER VISION,0.89542876
91254,Image Processing and Computer Vision,2,73302,Computer Vision And Image Processing M,0.76992109
91254,Image Processing and Computer Vision,3,69661,Image Processing And Computer Vision M,0.74957581
91254,Image Processing and Computer Vision,4,91266,Machine Learning for Computer Vision,0.74668009
91254,Image Processing and Computer Vision,5,17634,Computer Vision,0.73966011
91254,Image Processing and Computer Vision,6,70210,Lab-based Course on Computer Graphics,0.63574935
91254,Image Processing and Computer Vision,7,B5782,Algorithms and Data Structures for Computational Biology,0.62853931
91254,Image Processing and Computer Vision,8,97466,Digital represention of the Landscape Project,0.62816651
91254,Image Processing and Computer Vision,9,91250,Deep Learning,0.61777501
91254,Image Processing and Computer Vision,10,91250,Deep Learning,0.61777501
91258,Natural Language Processing,1,B0385,Natural Language Processing,1.00000000
91258,Natural Language Processing,2,91258,Natural Language Processing,0.76102370
91258,Natural Language Processing,3,91258,Natural Language Processing,0.72684330
91258,Natural Language Processing,4,B2696,"Language, Technology, Research I: Computational Thinking",0.68565154
91258,Natural Language Processing,5,B8603,Machine Translation and Artificial Intelligence for Language Services,0.62910369
91258,Natural Language Processing,6,87898,Methods and Technologies for Interpreting,0.61876505
91258,Natural Language Processing,7,B1873,Machine Learning for Humanities,0.61427068
91258,Natural Language Processing,8,72940,Computational Models And Languages M,0.60388958
91258,Natural Language Processing,9,90147,Artificial intelligence,0.59713860
91258,Natural Language Processing,10,B5727,Introduction to Languages for Artificial Intelligence,0.59558923
91258,Natural Language Processing,1,91258,Natural Language Processing,0.81613690
91258,Natural Language Processing,2,91258,Natural Language Processing,0.72684330
91258,Natural Language Processing,3,B0385,Natural Language Processing,0.72684330
91258,Natural Language Processing,4,72940,Computational Models And Languages M,0.67661025
91258,Natural Language Processing,5,B5727,Introduction to Languages for Artificial Intelligence,0.65037594
91258,Natural Language Processing,6,81940,Artificial Intelligence,0.64448536
91258,Natural Language Processing,7,91248,Fundamentals of Artificial Intelligence and Knowledge Representation,0.61788627
91258,Natural Language Processing,8,98931,Fundamentals of Artificial Intelligence,0.61674885
91258,Natural Language Processing,9,81609,"Languages, Compilers and Computational Models",0.61044100
91258,Natural Language Processing,10,B2696,"Language, Technology, Research I: Computational Thinking",0.60556302
91258,Natural Language Processing,1,91258,Natural Language Processing,0.81613690
91258,Natural Language Processing,2,91258,Natural Language Processing,0.76102370
91258,Natural Language Processing,3,B0385,Natural Language Processing,0.76102370
91258,Natural Language Processing,4,72940,Computational Models And Languages M,0.67964851
91258,Natural Language Processing,5,B2696,"Language, Technology, Research I: Computational Thinking",0.66667963
91258,Natural Language Processing,6,B5727,Introduction to Languages for Artificial Intelligence,0.66548104
91258,Natural Language Processing,7,81940,Artificial Intelligence,0.65216111
91258,Natural Language Processing,8,B1873,Machine Learning for Humanities,0.64791644
91258,Natural Language Processing,9,B8603,Machine Translation and Artificial Intelligence for Language Services,0.64745235
91258,Natural Language Processing,10,91248,Fundamentals of Artificial Intelligence and Knowledge Representation,0.64214938
91259,Architecture and Platforms for Artificial Intelligence,1,93398,Architectures for Artificial Intelligence M,0.78364486
91259,Architecture and Platforms for Artificial Intelligence,2,B5727,Introduction to Languages for Artificial Intelligence,0.71803739
91259,Architecture and Platforms for Artificial Intelligence,3,98931,Fundamentals of Artificial Intelligence,0.71254101
91259,Architecture and Platforms for Artificial Intelligence,4,97467,Big Data Analytics for Automotive Manufacturing Applications,0.70977185
91259,Architecture and Platforms for Artificial Intelligence,5,90477,Machine Learning Systems For Data Science,0.70684085
91259,Architecture and Platforms for Artificial Intelligence,6,85189,Systems and Algorithms for Data Science,0.70206774
91259,Architecture and Platforms for Artificial Intelligence,7,91248,Fundamentals of Artificial Intelligence and Knowledge Representation,0.69673372
91259,Architecture and Platforms for Artificial Intelligence,8,81932,Big Data,0.68820757
91259,Architecture and Platforms for Artificial Intelligence,9,72778,High-Performance Computing,0.68673810
91259,Architecture and Platforms for Artificial Intelligence,10,87198,Statistics and Architectures for Big Data Processing M,0.67891082
91261,Artificial Intelligence in Industry,1,95965,Artificial Intelligence and Machine Learning for Business,0.67869667
91261,Artificial Intelligence in Industry,2,98931,Fundamentals of Artificial Intelligence,0.66997866
91261,Artificial Intelligence in Industry,3,B1873,Machine Learning for Humanities,0.66007292
91261,Artificial Intelligence in Industry,4,91248,Fundamentals of Artificial Intelligence and Knowledge Representation,0.65413808
91261,Artificial Intelligence in Industry,5,90147,Artificial intelligence,0.64486977
91261,Artificial Intelligence in Industry,6,91762,Combinatorial Decision Making and Optimization,0.62926907
91261,Artificial Intelligence in Industry,7,92858,Autonomous and Adaptive Systems M,0.61987693
91261,Artificial Intelligence in Industry,8,81940,Artificial Intelligence,0.61899508
91261,Artificial Intelligence in Industry,9,91266,Machine Learning for Computer Vision,0.61840090
91261,Artificial Intelligence in Industry,10,30376,Business Intelligence,0.61692919
91264,User Experience Design,1,90720,Usability & User Experience Design,0.98109792
91264,User Experience Design,2,85573,Usability and User Experience,0.97531229
91264,User Experience Design,3,81934,HUMAN COMPUTER INTERACTION,0.68014957
91264,User Experience Design,4,75969,Basic Informatics,0.65118180
91264,User Experience Design,5,75969,Basic Informatics,0.64576846
91264,User Experience Design,6,88566,Web Technology,0.64181319
91264,User Experience Design,7,85445,Information Modelling and Web Technologies,0.63417943
91264,User Experience Design,8,B8396,Basic IT Skills,0.63270513
91264,User Experience Design,9,09032,Software Engineering,0.62741603
91264,User Experience Design,10,B5059,Interaction Media Design,0.62603225
91265,Knowledge Engineering,1,B5292,Knowledge Engeneering for the Humanities,0.71163554
91265,Knowledge Engineering,2,85446,Knowledge Representation and Extraction,0.70998157
91265,Knowledge Engineering,3,B0070,METODOLOGIE E TECNICHE DI SIMULAZIONE,0.67979082
91265,Knowledge Engineering,4,42500,Semantic Web,0.67203765
91265,Knowledge Engineering,5,09730,Principles of Informatics,0.65554500
91265,Knowledge Engineering,6,B4826,Informatics for the Humanities,0.64961335
91265,Knowledge Engineering,7,40720,Data Mining,0.64845145
91265,Knowledge Engineering,8,95631,Machine Learning and Data Mining,0.64345799
91265,Knowledge Engineering,9,91248,Fundamentals of Artificial Intelligence and Knowledge Representation,0.64344947
91265,Knowledge Engineering,10,C7674,INTRODUZIONE ALLE TECNICHE DI MEMORIA E ALLE METODOLOGIE DI STUDIO,0.64038355
91266,Machine Learning for Computer Vision,1,93478,COMPUTER VISION,0.77062386
91266,Machine Learning for Computer Vision,2,91254,Image Processing and Computer Vision,0.74668009
91266,Machine Learning for Computer Vision,3,91250,Deep Learning,0.72477940
91266,Machine Learning for Computer Vision,4,91250,Deep Learning,0.72477940
91266,Machine Learning for Computer Vision,5,B1873,Machine Learning for Humanities,0.71172111
91266,Machine Learning for Computer Vision,6,91250,DEEP LEARNING,0.69153683
91266,Machine Learning for Computer Vision,7,91259,Architecture and Platforms for Artificial Intelligence,0.67658757
91266,Machine Learning for Computer Vision,8,91248,Fundamentals of Artificial Intelligence and Knowledge Representation,0.66378238
91266,Machine Learning for Computer Vision,9,90147,Artificial intelligence,0.66289424
91266,Machine Learning for Computer Vision,10,98931,Fundamentals of Artificial Intelligence,0.66280298
91267,Multi-Agent Systems,1,93669,Intelligent Systems Engineering,0.76427100
91267,Multi-Agent Systems,2,92858,Autonomous and Adaptive Systems M,0.67121032
91267,Multi-Agent Systems,3,98931,Fundamentals of Artificial Intelligence,0.60512067
91267,Multi-Agent Systems,4,87474,Distributed Systems,0.59739590
91267,Multi-Agent Systems,5,91248,Fundamentals of Artificial Intelligence and Knowledge Representation,0.59374892
91267,Multi-Agent Systems,6,91411,Intelligent Robotic Systems,0.59120553
91267,Multi-Agent Systems,7,88324,System Administration T,0.58921800
91267,Multi-Agent Systems,8,81940,Artificial Intelligence,0.58645679
91267,Multi-Agent Systems,9,93468,Distributed Software Systems,0.57770781
91267,Multi-Agent Systems,10,78778,Intelligent Systems M,0.56928800
91269,Multimedia Data Management,1,78096,Multimedia Data Management M,0.99042669
91269,Multimedia Data Management,2,77933,Multimedia Data Management M,0.95563195
91269,Multimedia Data Management,3,28652,IT Systems T-1,0.62172246
91269,Multimedia Data Management,4,73025,Distributed Systems M,0.62122467
91269,Multimedia Data Management,5,96793,Information Systems and Database Management,0.61845557
91269,Multimedia Data Management,6,40720,Data Mining,0.61531966
91269,Multimedia Data Management,7,79194,Databases,0.60510921
91269,Multimedia Data Management,8,70155,Data Bases,0.60476906
91269,Multimedia Data Management,9,81683,Internet of Things,0.60010457
91269,Multimedia Data Management,10,81932,Big Data,0.59382850
91411,Intelligent Robotic Systems,1,92858,Autonomous and Adaptive Systems M,0.75566208
91411,Intelligent Robotic Systems,2,78778,Intelligent Systems M,0.67887713
91411,Intelligent Robotic Systems,3,93669,Intelligent Systems Engineering,0.67396017
91411,Intelligent Robotic Systems,4,90147,Artificial intelligence,0.67273433
91411,Intelligent Robotic Systems,5,98931,Fundamentals of Artificial Intelligence,0.66220534
91411,Intelligent Robotic Systems,6,81940,Artificial Intelligence,0.65562946
91411,Intelligent Robotic Systems,7,91248,Fundamentals of Artificial Intelligence and Knowledge Representation,0.64962967
91411,Intelligent Robotic Systems,8,95965,Artificial Intelligence and Machine Learning for Business,0.62359362
91411,Intelligent Robotic Systems,9,B0069,Artificial Intelligence for Digital Innovation,0.60977869
91411,Intelligent Robotic Systems,10,90074,Smart Vehicular Systems,0.60260698
91602,Computer Architectures,1,28012,Electronic Calculators T,0.70115499
91602,Computer Architectures,2,69430,COMPUTER ARCHITECTURES M,0.69548208
91602,Computer Architectures,3,03716,Digital Design Principles and Computer Architecture,0.66235013
91602,Computer Architectures,4,03716,Digital Design Principles and Computer Architecture,0.66235013
91602,Computer Architectures,5,85730,Architectures and Firmware M,0.66159693
91602,Computer Architectures,6,69731,Computer Architecture,0.66060772
91602,Computer Architectures,7,96007,Foundations of Computer Architecture and Operating Systems,0.65899723
91602,Computer Architectures,8,69731,Computer Architecture,0.65555962
91602,Computer Architectures,9,11925,Computer Architecture,0.64984856
91602,Computer Architectures,10,08574,Operating Systems,0.62762991
91685,History of Informatics and Computing Systems,1,90749,Computing Education,0.76323882
91685,History of Informatics and Computing Systems,2,09730,Principles of Informatics,0.74033504
91685,History of Informatics and Computing Systems,3,15305,Foundations of Informatics A,0.73976062
91685,History of Informatics and Computing Systems,4,29227,Foundations of Informatics T,0.70636950
91685,History of Informatics and Computing Systems,5,29227,Foundations of Informatics T,0.70636950
91685,History of Informatics and Computing Systems,6,B4826,Informatics for the Humanities,0.70420076
91685,History of Informatics and Computing Systems,7,96007,Foundations of Computer Architecture and Operating Systems,0.70407796
91685,History of Informatics and Computing Systems,8,37262,Computer Programming,0.70365336
91685,History of Informatics and Computing Systems,9,95602,Programming and Computer Architectures,0.70037679
91685,History of Informatics and Computing Systems,10,09730,Principles of Informatics,0.69561584
91721,Laboratory of Virtual Reality and Advanced Reality,1,B5059,Interaction Media Design,0.58950251
91721,Laboratory of Virtual Reality and Advanced Reality,2,81934,HUMAN COMPUTER INTERACTION,0.57960883
91721,Laboratory of Virtual Reality and Advanced Reality,3,70210,Lab-based Course on Computer Graphics,0.57625292
91721,Laboratory of Virtual Reality and Advanced Reality,4,B4925,IMMERSIVE TECHNOLOGIES FOR FASHION,0.57487761
91721,Laboratory of Virtual Reality and Advanced Reality,5,37925,Virtual System Design,0.56034393
91721,Laboratory of Virtual Reality and Advanced Reality,6,84401,Context-Aware Systems,0.55368319
91721,Laboratory of Virtual Reality and Advanced Reality,7,81678,Laboratory of Making,0.54785483
91721,Laboratory of Virtual Reality and Advanced Reality,8,73302,Computer Vision And Image Processing M,0.54542585
91721,Laboratory of Virtual Reality and Advanced Reality,9,91254,Image Processing and Computer Vision,0.54535939
91721,Laboratory of Virtual Reality and Advanced Reality,10,97466,Digital represention of the Landscape Project,0.54339792
91762,Combinatorial Decision Making and Optimization,1,87469,Decision Making with Constraint Programming,0.77417908
91762,Combinatorial Decision Making and Optimization,2,11929,Algorithm and Data Structures,0.70813043
91762,Combinatorial Decision Making and Optimization,3,98931,Fundamentals of Artificial Intelligence,0.69518579
91762,Combinatorial Decision Making and Optimization,4,00819,Programming,0.68298398
91762,Combinatorial Decision Making and Optimization,5,91248,Fundamentals of Artificial Intelligence and Knowledge Representation,0.67880502
91762,Combinatorial Decision Making and Optimization,6,B8105,Computational Management of Data,0.67877407
91762,Combinatorial Decision Making and Optimization,7,B5782,Algorithms and Data Structures for Computational Biology,0.66952380
91762,Combinatorial Decision Making and Optimization,8,11929,Algorithms and Data Structures,0.66256481
91762,Combinatorial Decision Making and Optimization,9,11933,Theoretical Computer Science,0.66173869
91762,Combinatorial Decision Making and Optimization,10,81940,Artificial Intelligence,0.65656539
92858,Autonomous and Adaptive Systems M,1,91411,Intelligent Robotic Systems,0.75566208
92858,Autonomous and Adaptive Systems M,2,93669,Intelligent Systems Engineering,0.72080059
92858,Autonomous and Adaptive Systems M,3,78778,Intelligent Systems M,0.70326834
92858,Autonomous and Adaptive Systems M,4,91267,Multi-Agent Systems,0.67121032
92858,Autonomous and Adaptive Systems M,5,95965,Artificial Intelligence and Machine Learning for Business,0.67037401
92858,Autonomous and Adaptive Systems M,6,81940,Artificial Intelligence,0.66935507
92858,Autonomous and Adaptive Systems M,7,98931,Fundamentals of Artificial Intelligence,0.66309902
92858,Autonomous and Adaptive Systems M,8,91250,Deep Learning,0.65746639
92858,Autonomous and Adaptive Systems M,9,91250,Deep Learning,0.65746639
92858,Autonomous and Adaptive Systems M,10,93319,INTRODUZIONE ALL'APPRENDIMENTO AUTOMATICO,0.65136462
93034,Foundations of Computer Science T,1,93034,Foundations of Computer Science T,1.00000000
93034,Foundations of Computer Science T,2,29227,Foundations of Informatics T,0.74988678
93034,Foundations of Computer Science T,3,29227,Foundations of Informatics T,0.74988678
93034,Foundations of Computer Science T,4,15305,Foundations of Informatics A,0.74057288
93034,Foundations of Computer Science T,5,28004,Foundations of Informatics T-1,0.73413903
93034,Foundations of Computer Science T,6,09730,Principles of Informatics,0.72796008
93034,Foundations of Computer Science T,7,28623,Foundations of Informatics and Laboratory,0.70449519
93034,Foundations of Computer Science T,8,41169,Theoretical Computer Science,0.69562863
93034,Foundations of Computer Science T,9,28004,Foundations of Informatics T-1,0.69278650
93034,Foundations of Computer Science T,10,72938,Foundations Of Artificial Intelligence T,0.68844000
93034,Foundations of Computer Science T,1,93034,Foundations of Computer Science T,1.00000000
93034,Foundations of Computer Science T,2,29227,Foundations of Informatics T,0.74988678
93034,Foundations of Computer Science T,3,29227,Foundations of Informatics T,0.74988678
93034,Foundations of Computer Science T,4,15305,Foundations of Informatics A,0.74057288
93034,Foundations of Computer Science T,5,28004,Foundations of Informatics T-1,0.73413903
93034,Foundations of Computer Science T,6,09730,Principles of Informatics,0.72796008
93034,Foundations of Computer Science T,7,28623,Foundations of Informatics and Laboratory,0.70449519
93034,Foundations of Computer Science T,8,41169,Theoretical Computer Science,0.69562863
93034,Foundations of Computer Science T,9,28004,Foundations of Informatics T-1,0.69278650
93034,Foundations of Computer Science T,10,72938,Foundations Of Artificial Intelligence T,0.68844000
93034,Foundations of Computer Science T,1,37262,Computer Programming,0.71443422
93034,Foundations of Computer Science T,2,07276,Computer Science,0.71243639
93034,Foundations of Computer Science T,3,00819,Programming,0.70123768
93034,Foundations of Computer Science T,4,90749,Computing Education,0.70091462
93034,Foundations of Computer Science T,5,29227,Foundations of Informatics T,0.68861276
93034,Foundations of Computer Science T,6,29227,Foundations of Informatics T,0.68861276
93034,Foundations of Computer Science T,7,28004,Foundations of Informatics T-1,0.67401429
93034,Foundations of Computer Science T,8,89988,Elements of Informatics,0.67204898
93034,Foundations of Computer Science T,9,95602,Programming and Computer Architectures,0.66623769
93034,Foundations of Computer Science T,10,28623,Foundations of Informatics and Laboratory,0.66522879
93315,Computer Networks,1,95604,Operating Systems and Networks,0.72556256
93315,Computer Networks,2,95644,Computer Networks and Network Programming,0.71396802
93315,Computer Networks,3,70226,Network Programming,0.69162613
93315,Computer Networks,4,58423,Internet Architecture,0.66519864
93315,Computer Networks,5,28024,Computer Networks T,0.64352557
93315,Computer Networks,6,28024,Computer Networks T,0.64352557
93315,Computer Networks,7,95782,Network Analysis,0.64281385
93315,Computer Networks,8,91161,"Networks, Security And Data Bases",0.64048931
93315,Computer Networks,9,96995,Programmable Networking,0.63039550
93315,Computer Networks,10,81683,Internet of Things,0.62856177
93319,INTRODUZIONE ALL'APPRENDIMENTO AUTOMATICO,1,91250,Deep Learning,0.72859470
93319,INTRODUZIONE ALL'APPRENDIMENTO AUTOMATICO,2,91250,Deep Learning,0.72859470
93319,INTRODUZIONE ALL'APPRENDIMENTO AUTOMATICO,3,91250,DEEP LEARNING,0.70343718
93319,INTRODUZIONE ALL'APPRENDIMENTO AUTOMATICO,4,90147,Artificial intelligence,0.69605528
93319,INTRODUZIONE ALL'APPRENDIMENTO AUTOMATICO,5,B0069,Artificial Intelligence for Digital Innovation,0.68506429
93319,INTRODUZIONE ALL'APPRENDIMENTO AUTOMATICO,6,B1873,Machine Learning for Humanities,0.66937685
93319,INTRODUZIONE ALL'APPRENDIMENTO AUTOMATICO,7,B8309,STATISTICA E MACHINE LEARNING PER L'ELABORAZIONE DEI SEGNALI M,0.66833012
93319,INTRODUZIONE ALL'APPRENDIMENTO AUTOMATICO,8,B2361,ELEMENTI DI MACHINE LEARNING E QUANTUM COMPUTING T,0.66249135
93319,INTRODUZIONE ALL'APPRENDIMENTO AUTOMATICO,9,81940,Artificial Intelligence,0.65473454
93319,INTRODUZIONE ALL'APPRENDIMENTO AUTOMATICO,10,93478,COMPUTER VISION,0.65311112
93321,Sensors and Quantum-Computing Devices M,1,93391,Semiconductor Devices and Quantum-Computing M,0.91530751
93321,Sensors and Quantum-Computing Devices M,2,B2250,Microelectronics M,0.61231645
93321,Sensors and Quantum-Computing Devices M,3,69437,NANOELECTRONICS M,0.60650666
93321,Sensors and Quantum-Computing Devices M,4,93929,Sensors and Nanotechnology,0.57726772
93321,Sensors and Quantum-Computing Devices M,5,99191,"Devices, Circuits and Algorithms for Quantum Computing M",0.57604836
93321,Sensors and Quantum-Computing Devices M,6,B5722,Embedded Sensors,0.57046008
93321,Sensors and Quantum-Computing Devices M,7,93390,Digital Systems and Introduction to Computer Architectures M,0.55589584
93321,Sensors and Quantum-Computing Devices M,8,B8379,TECNOLOGIE MICROELETTRONICHE LM,0.55367033
93321,Sensors and Quantum-Computing Devices M,9,B8378,SENSORI ELETTRONICI INTELLIGENTI LM,0.54361560
93321,Sensors and Quantum-Computing Devices M,10,28651,Electronics T-A,0.54273542
93322,Hardware-Software Design of Iot Systems M,1,85730,Architectures and Firmware M,0.88138260
93322,Hardware-Software Design of Iot Systems M,2,35253,Hardware – Software Design Methods M,0.82577989
93322,Hardware-Software Design of Iot Systems M,3,69430,COMPUTER ARCHITECTURES M,0.70606036
93322,Hardware-Software Design of Iot Systems M,4,73731,Microcontroller-based systems for Industrial Applicatons: Architecture and Programming,0.67549440
93322,Hardware-Software Design of Iot Systems M,5,77780,Embedded Systems Programming and Internet of Things,0.66751997
93322,Hardware-Software Design of Iot Systems M,6,29035,Electronic Industrial Systems Architecture and Programming Laboratory T-A,0.66666724
93322,Hardware-Software Design of Iot Systems M,7,B8561,ARCHITETTURE DEI CALCOLATORI M,0.66131713
93322,Hardware-Software Design of Iot Systems M,8,03716,Digital Design Principles and Computer Architecture,0.65967996
93322,Hardware-Software Design of Iot Systems M,9,03716,Digital Design Principles and Computer Architecture,0.65967996
93322,Hardware-Software Design of Iot Systems M,10,10907,Electronics of Digital Systems,0.65086729
93333,Programming Lab,1,85285,Programming,0.74239462
93333,Programming Lab,2,37262,Computer Programming,0.74184070
93333,Programming Lab,3,07276,Computer Science,0.73483117
93333,Programming Lab,4,95602,Programming and Computer Architectures,0.72109066
93333,Programming Lab,5,96346,INFORMATICA,0.70922669
93333,Programming Lab,6,16870,Programming Laboratory,0.70375469
93333,Programming Lab,7,00819,Programming,0.70304373
93333,Programming Lab,8,B0063,Programming Laboratory,0.69995659
93333,Programming Lab,9,16692,Laboratory of Informatics,0.69020850
93333,Programming Lab,10,B8905,Foundations of Programming,0.67348735
93363,Advanced Programming,1,95602,Programming and Computer Architectures,0.75625734
93363,Advanced Programming,2,37262,Computer Programming,0.74928951
93363,Advanced Programming,3,07276,Computer Science,0.72284492
93363,Advanced Programming,4,07276,INFORMATICA,0.71874602
93363,Advanced Programming,5,B0063,Programming Laboratory,0.71556179
93363,Advanced Programming,6,65094,ADVANCED PROGRAMMING,0.70116317
93363,Advanced Programming,7,85285,Programming,0.69635243
93363,Advanced Programming,8,00819,Programming,0.67845099
93363,Advanced Programming,9,B8905,Foundations of Programming,0.67531317
93363,Advanced Programming,10,28040,Information Technology,0.67398823
93379,Digital Culture,1,40720,Data Mining,0.61726331
93379,Digital Culture,2,B0069,Artificial Intelligence for Digital Innovation,0.61351825
93379,Digital Culture,3,B5674,Management of Digital Media,0.61110290
93379,Digital Culture,4,B0074,PIATTAFORME PER LA TRASFORMAZIONE DIGITALE,0.60243295
93379,Digital Culture,5,57828,Informatics,0.60093540
93379,Digital Culture,6,81683,Internet of Things,0.59483718
93379,Digital Culture,7,95631,Machine Learning and Data Mining,0.59238365
93379,Digital Culture,8,B4826,Informatics for the Humanities,0.58578801
93379,Digital Culture,9,B2133,Big Data Analytics and Text Mining,0.58250616
93379,Digital Culture,10,98618,"""Document Digitization Techniques """,0.58124054
93390,Digital Systems and Introduction to Computer Architectures M,1,34876,Digital Systems Electronics M,0.71353695
93390,Digital Systems and Introduction to Computer Architectures M,2,81649,Design On Analog Cicuits and Systems M,0.71212811
93390,Digital Systems and Introduction to Computer Architectures M,3,00269,Electronics,0.70634712
93390,Digital Systems and Introduction to Computer Architectures M,4,B8379,TECNOLOGIE MICROELETTRONICHE LM,0.68661435
93390,Digital Systems and Introduction to Computer Architectures M,5,28651,Electronics T-A,0.67894357
93390,Digital Systems and Introduction to Computer Architectures M,6,93392,Analog Circuits and Sensor Systems M,0.67231476
93390,Digital Systems and Introduction to Computer Architectures M,7,81654,Design of Advanced Analog Circuits M,0.66490332
93390,Digital Systems and Introduction to Computer Architectures M,8,B0159,Integrated Analog Electronics,0.66317924
93390,Digital Systems and Introduction to Computer Architectures M,9,10907,Electronics of Digital Systems,0.65446318
93390,Digital Systems and Introduction to Computer Architectures M,10,37063,Principles of Electronics for Automation T,0.65342943
93391,Semiconductor Devices and Quantum-Computing M,1,93321,Sensors and Quantum-Computing Devices M,0.91530751
93391,Semiconductor Devices and Quantum-Computing M,2,B2250,Microelectronics M,0.62075760
93391,Semiconductor Devices and Quantum-Computing M,3,69437,NANOELECTRONICS M,0.61149170
93391,Semiconductor Devices and Quantum-Computing M,4,99191,"Devices, Circuits and Algorithms for Quantum Computing M",0.58884147
93391,Semiconductor Devices and Quantum-Computing M,5,28651,Electronics T-A,0.57213142
93391,Semiconductor Devices and Quantum-Computing M,6,B8379,TECNOLOGIE MICROELETTRONICHE LM,0.56140229
93391,Semiconductor Devices and Quantum-Computing M,7,93929,Sensors and Nanotechnology,0.56003860
93391,Semiconductor Devices and Quantum-Computing M,8,93390,Digital Systems and Introduction to Computer Architectures M,0.54799439
93391,Semiconductor Devices and Quantum-Computing M,9,B5722,Embedded Sensors,0.54402968
93391,Semiconductor Devices and Quantum-Computing M,10,73092,Analog Electronic Circuits T-A,0.54280141
93392,Analog Circuits and Sensor Systems M,1,81649,Design On Analog Cicuits and Systems M,0.83352064
93392,Analog Circuits and Sensor Systems M,2,00269,Electronics,0.74025441
93392,Analog Circuits and Sensor Systems M,3,81654,Design of Advanced Analog Circuits M,0.73552028
93392,Analog Circuits and Sensor Systems M,4,73092,Analog Electronic Circuits T-A,0.72265656
93392,Analog Circuits and Sensor Systems M,5,37063,Principles of Electronics for Automation T,0.71246857
93392,Analog Circuits and Sensor Systems M,6,69773,Electronic Circuits Design,0.70899290
93392,Analog Circuits and Sensor Systems M,7,28651,Electronics T-A,0.69813155
93392,Analog Circuits and Sensor Systems M,8,B0159,Integrated Analog Electronics,0.69686293
93392,Analog Circuits and Sensor Systems M,9,35367,Industrial Electronics M,0.69302587
93392,Analog Circuits and Sensor Systems M,10,84442,High Frequency Electronic Circuits M,0.68864844
93395,Reliable Data Processing and Storage for Iintelligent Systems M,1,99192,Highly Reliable and Resilient Electronic Systems M,0.75226180
93395,Reliable Data Processing and Storage for Iintelligent Systems M,2,85734,"Test, Diagnosis and Reliability M",0.73865216
93395,Reliable Data Processing and Storage for Iintelligent Systems M,3,87198,Statistics and Architectures for Big Data Processing M,0.65721620
93395,Reliable Data Processing and Storage for Iintelligent Systems M,4,78778,Intelligent Systems M,0.62591223
93395,Reliable Data Processing and Storage for Iintelligent Systems M,5,B5722,Embedded Sensors,0.61635774
93395,Reliable Data Processing and Storage for Iintelligent Systems M,6,10907,Electronics of Digital Systems,0.61431859
93395,Reliable Data Processing and Storage for Iintelligent Systems M,7,95627,Software Engineering,0.60630862
93395,Reliable Data Processing and Storage for Iintelligent Systems M,8,93398,Architectures for Artificial Intelligence M,0.60568893
93395,Reliable Data Processing and Storage for Iintelligent Systems M,9,69773,Electronic Circuits Design,0.60278331
93395,Reliable Data Processing and Storage for Iintelligent Systems M,10,94272,Electronic Systems,0.60124712
93398,Architectures for Artificial Intelligence M,1,91259,Architecture and Platforms for Artificial Intelligence,0.78364486
93398,Architectures for Artificial Intelligence M,2,78778,Intelligent Systems M,0.68265348
93398,Architectures for Artificial Intelligence M,3,98931,Fundamentals of Artificial Intelligence,0.67271763
93398,Architectures for Artificial Intelligence M,4,91248,Fundamentals of Artificial Intelligence and Knowledge Representation,0.65543558
93398,Architectures for Artificial Intelligence M,5,B5727,Introduction to Languages for Artificial Intelligence,0.65406822
93398,Architectures for Artificial Intelligence M,6,85730,Architectures and Firmware M,0.64912886
93398,Architectures for Artificial Intelligence M,7,87198,Statistics and Architectures for Big Data Processing M,0.63710484
93398,Architectures for Artificial Intelligence M,8,81940,Artificial Intelligence,0.63454754
93398,Architectures for Artificial Intelligence M,9,93322,Hardware-Software Design of Iot Systems M,0.63401152
93398,Architectures for Artificial Intelligence M,10,90477,Machine Learning Systems For Data Science,0.63186070
93466,FONDAMENTI DI CYBERSECURITY,1,72942,Information Security M,0.75816371
93466,FONDAMENTI DI CYBERSECURITY,2,14015,Cryptography,0.75377641
93466,FONDAMENTI DI CYBERSECURITY,3,93470,Cybersecurity,0.75229392
93466,FONDAMENTI DI CYBERSECURITY,4,93467,Cryptography,0.73454718
93466,FONDAMENTI DI CYBERSECURITY,5,90392,Elements of Applied Data Security M,0.72488146
93466,FONDAMENTI DI CYBERSECURITY,6,B8311,SECURITY OF DATA AND NEURAL PROCESSING M,0.70336619
93466,FONDAMENTI DI CYBERSECURITY,7,88325,Computer and Network Security Lab T,0.70102436
93466,FONDAMENTI DI CYBERSECURITY,8,93470,Cybersecurity,0.64698753
93466,FONDAMENTI DI CYBERSECURITY,9,91161,"Networks, Security And Data Bases",0.64186867
93466,FONDAMENTI DI CYBERSECURITY,10,B0833,Computer Security Laboratory T,0.62364105
93467,Cryptography,1,14015,Cryptography,0.77398760
93467,Cryptography,2,72942,Information Security M,0.75261072
93467,Cryptography,3,93466,FONDAMENTI DI CYBERSECURITY,0.73454718
93467,Cryptography,4,93470,Cybersecurity,0.66315326
93467,Cryptography,5,90392,Elements of Applied Data Security M,0.63593546
93467,Cryptography,6,B8311,SECURITY OF DATA AND NEURAL PROCESSING M,0.61729252
93467,Cryptography,7,88325,Computer and Network Security Lab T,0.60965054
93467,Cryptography,8,91161,"Networks, Security And Data Bases",0.59740612
93467,Cryptography,9,B0833,Computer Security Laboratory T,0.57330634
93467,Cryptography,10,11929,Algorithm and Data Structures,0.54661802
93468,Distributed Software Systems,1,87474,Distributed Systems,0.91317795
93468,Distributed Software Systems,2,73025,Distributed Systems M,0.67871105
93468,Distributed Software Systems,3,37085,"Principles, Models and Applications for Distributed Systems M",0.66248444
93468,Distributed Software Systems,4,84531,Infrastructures For Cloud Computing and Big Data M,0.62457988
93468,Distributed Software Systems,5,95627,Software Engineering,0.61750006
93468,Distributed Software Systems,6,88324,System Administration T,0.61229001
93468,Distributed Software Systems,7,17628,Concurrent and Distributed Programming,0.60343533
93468,Distributed Software Systems,8,91161,"Networks, Security And Data Bases",0.59417706
93468,Distributed Software Systems,9,28024,Computer Networks T,0.59142500
93468,Distributed Software Systems,10,28024,Computer Networks T,0.59142500
93469,Human Data Science,1,95965,Artificial Intelligence and Machine Learning for Business,0.61220503
93469,Human Data Science,2,40720,Data Mining,0.59706852
93469,Human Data Science,3,95631,Machine Learning and Data Mining,0.59430928
93469,Human Data Science,4,91269,Multimedia Data Management,0.56870517
93469,Human Data Science,5,78096,Multimedia Data Management M,0.56554064
93469,Human Data Science,6,C7674,INTRODUZIONE ALLE TECNICHE DI MEMORIA E ALLE METODOLOGIE DI STUDIO,0.55972722
93469,Human Data Science,7,77933,Multimedia Data Management M,0.55963602
93469,Human Data Science,8,95631,Machine Learning and Data Mining,0.55215660
93469,Human Data Science,9,85446,Knowledge Representation and Extraction,0.55106350
93469,Human Data Science,10,81610,Machine Learning,0.55057081
93470,Cybersecurity,1,93466,FONDAMENTI DI CYBERSECURITY,0.75229392
93470,Cybersecurity,2,93470,Cybersecurity,0.74585229
93470,Cybersecurity,3,72942,Information Security M,0.71975861
93470,Cybersecurity,4,B5793,Cybersecurity M,0.71597935
93470,Cybersecurity,5,88325,Computer and Network Security Lab T,0.71377299
93470,Cybersecurity,6,B5812,Cybersecurity Governance,0.69118733
93470,Cybersecurity,7,91161,"Networks, Security And Data Bases",0.66946916
93470,Cybersecurity,8,93467,Cryptography,0.66315326
93470,Cybersecurity,9,90392,Elements of Applied Data Security M,0.65635051
93470,Cybersecurity,10,14015,Cryptography,0.65133632
93470,Cybersecurity,1,B5793,Cybersecurity M,0.87827527
93470,Cybersecurity,2,B5812,Cybersecurity Governance,0.82298964
93470,Cybersecurity,3,93470,Cybersecurity,0.74585229
93470,Cybersecurity,4,88325,Computer and Network Security Lab T,0.71275630
93470,Cybersecurity,5,72942,Information Security M,0.66571318
93470,Cybersecurity,6,93466,FONDAMENTI DI CYBERSECURITY,0.64698753
93470,Cybersecurity,7,B0833,Computer Security Laboratory T,0.63801885
93470,Cybersecurity,8,91161,"Networks, Security And Data Bases",0.62783871
93470,Cybersecurity,9,90392,Elements of Applied Data Security M,0.61113276
93470,Cybersecurity,10,B8311,SECURITY OF DATA AND NEURAL PROCESSING M,0.58665684
93478,COMPUTER VISION,1,91254,Image Processing and Computer Vision,0.89542876
93478,COMPUTER VISION,2,91266,Machine Learning for Computer Vision,0.77062386
93478,COMPUTER VISION,3,17634,Computer Vision,0.74991345
93478,COMPUTER VISION,4,73302,Computer Vision And Image Processing M,0.73102765
93478,COMPUTER VISION,5,69661,Image Processing And Computer Vision M,0.68241427
93478,COMPUTER VISION,6,91250,Deep Learning,0.66903038
93478,COMPUTER VISION,7,91250,Deep Learning,0.66903038
93478,COMPUTER VISION,8,93319,INTRODUZIONE ALL'APPRENDIMENTO AUTOMATICO,0.65311112
93478,COMPUTER VISION,9,91250,DEEP LEARNING,0.64761507
93478,COMPUTER VISION,10,98931,Fundamentals of Artificial Intelligence,0.62898759
93653,Iot And Big Data For Smart Agricultural Systems,1,81932,Big Data,0.71509282
93653,Iot And Big Data For Smart Agricultural Systems,2,81683,Internet of Things,0.70108036
93653,Iot And Big Data For Smart Agricultural Systems,3,95630,Big Data and Cloud Platforms,0.68042815
93653,Iot And Big Data For Smart Agricultural Systems,4,40720,Data Mining,0.65033069
93653,Iot And Big Data For Smart Agricultural Systems,5,B8019,PROGRAMMING THE INTERNET OF THINGS M,0.63604844
93653,Iot And Big Data For Smart Agricultural Systems,6,95639,Industry 4.0,0.63188998
93653,Iot And Big Data For Smart Agricultural Systems,7,95965,Artificial Intelligence and Machine Learning for Business,0.62974960
93653,Iot And Big Data For Smart Agricultural Systems,8,73025,Distributed Systems M,0.62672112
93653,Iot And Big Data For Smart Agricultural Systems,9,70155,Data Bases,0.62605962
93653,Iot And Big Data For Smart Agricultural Systems,10,28106,Computer Science for Environmental Sciences,0.62541346
93669,Intelligent Systems Engineering,1,91267,Multi-Agent Systems,0.76427100
93669,Intelligent Systems Engineering,2,92858,Autonomous and Adaptive Systems M,0.72080059
93669,Intelligent Systems Engineering,3,98931,Fundamentals of Artificial Intelligence,0.70112888
93669,Intelligent Systems Engineering,4,81940,Artificial Intelligence,0.68935034
93669,Intelligent Systems Engineering,5,91248,Fundamentals of Artificial Intelligence and Knowledge Representation,0.68162310
93669,Intelligent Systems Engineering,6,91411,Intelligent Robotic Systems,0.67396017
93669,Intelligent Systems Engineering,7,78778,Intelligent Systems M,0.66214832
93669,Intelligent Systems Engineering,8,90147,Artificial intelligence,0.65376244
93669,Intelligent Systems Engineering,9,95965,Artificial Intelligence and Machine Learning for Business,0.64349271
93669,Intelligent Systems Engineering,10,87474,Distributed Systems,0.63430124
93929,Sensors and Nanotechnology,1,B5722,Embedded Sensors,0.87969203
93929,Sensors and Nanotechnology,2,B8378,SENSORI ELETTRONICI INTELLIGENTI LM,0.77675108
93929,Sensors and Nanotechnology,3,B8379,TECNOLOGIE MICROELETTRONICHE LM,0.69037536
93929,Sensors and Nanotechnology,4,81678,Laboratory of Making,0.68572731
93929,Sensors and Nanotechnology,5,69437,NANOELECTRONICS M,0.67072617
93929,Sensors and Nanotechnology,6,69773,Electronic Circuits Design,0.66767954
93929,Sensors and Nanotechnology,7,81678,Laboratory of Making,0.66766091
93929,Sensors and Nanotechnology,8,34991,Project in electronics and telecommunications,0.66543751
93929,Sensors and Nanotechnology,9,93392,Analog Circuits and Sensor Systems M,0.66487310
93929,Sensors and Nanotechnology,10,94272,Electronic Systems,0.66430303
94247,Laboratory on Power Electronics,1,00269,Electronics,0.78288695
94247,Laboratory on Power Electronics,2,35367,Industrial Electronics M,0.76047782
94247,Laboratory on Power Electronics,3,85733,Power Electronics for Automotive M,0.75993534
94247,Laboratory on Power Electronics,4,88154,ELETTRONICA INDUSTRIALE P,0.73292119
94247,Laboratory on Power Electronics,5,B8379,TECNOLOGIE MICROELETTRONICHE LM,0.72322335
94247,Laboratory on Power Electronics,6,B8390,DISPOSITIVI E CIRCUITI INTEGRATI DI POTENZA LM,0.72126246
94247,Laboratory on Power Electronics,7,28651,Electronics T-A,0.71740963
94247,Laboratory on Power Electronics,8,94272,Electronic Systems,0.71578804
94247,Laboratory on Power Electronics,9,37063,Principles of Electronics for Automation T,0.70830417
94247,Laboratory on Power Electronics,10,71148,Electronics For Automation T,0.69105100
94272,Electronic Systems,1,28651,Electronics T-A,0.76166072
94272,Electronic Systems,2,69773,Electronic Circuits Design,0.76039956
94272,Electronic Systems,3,10907,Electronics of Digital Systems,0.74336093
94272,Electronic Systems,4,71148,Electronics For Automation T,0.72263084
94272,Electronic Systems,5,35367,Industrial Electronics M,0.72247854
94272,Electronic Systems,6,B5722,Embedded Sensors,0.71951163
94272,Electronic Systems,7,94247,Laboratory on Power Electronics,0.71578804
94272,Electronic Systems,8,00269,Electronics,0.71110752
94272,Electronic Systems,9,88154,ELETTRONICA INDUSTRIALE P,0.70557914
94272,Electronic Systems,10,37063,Principles of Electronics for Automation T,0.70235559
94442,Design of Web Applications T,1,41731,Web-related Technologies,0.73055535
94442,Design of Web Applications T,2,75835,Web Technologies,0.72431594
94442,Design of Web Applications T,3,28659,Web Technologies T,0.71001996
94442,Design of Web Applications T,4,28659,Web Technologies T,0.71001996
94442,Design of Web Applications T,5,88230,TECNOLOGIE INDUSTRIALI ABILITANTI PER IL WEB E HMI P,0.67644834
94442,Design of Web Applications T,6,95645,Foundations of Web Systems,0.67446779
94442,Design of Web Applications T,7,69867,Web Services and Applications,0.66934708
94442,Design of Web Applications T,8,95605,Web and Mobile Systems,0.65738330
94442,Design of Web Applications T,9,73025,Distributed Systems M,0.65592865
94442,Design of Web Applications T,10,41731,Web-related Technologies,0.65472239
95602,Programming and Computer Architectures,1,37262,Computer Programming,0.80349429
95602,Programming and Computer Architectures,2,93363,Advanced Programming,0.75625734
95602,Programming and Computer Architectures,3,07276,Computer Science,0.74979335
95602,Programming and Computer Architectures,4,96007,Foundations of Computer Architecture and Operating Systems,0.74974007
95602,Programming and Computer Architectures,5,B0063,Programming Laboratory,0.74959500
95602,Programming and Computer Architectures,6,96346,INFORMATICA,0.74710174
95602,Programming and Computer Architectures,7,B8905,Foundations of Programming,0.74468555
95602,Programming and Computer Architectures,8,85285,Programming,0.73778092
95602,Programming and Computer Architectures,9,15305,Foundations of Informatics A,0.73451723
95602,Programming and Computer Architectures,10,09730,Principles of Informatics,0.73211526
95604,Operating Systems and Networks,1,95644,Computer Networks and Network Programming,0.79118737
95604,Operating Systems and Networks,2,70226,Network Programming,0.74893966
95604,Operating Systems and Networks,3,28024,Computer Networks T,0.73838784
95604,Operating Systems and Networks,4,28024,Computer Networks T,0.73838784
95604,Operating Systems and Networks,5,93315,Computer Networks,0.72556256
95604,Operating Systems and Networks,6,95782,Network Analysis,0.69370329
95604,Operating Systems and Networks,7,58423,Internet Architecture,0.69357524
95604,Operating Systems and Networks,8,88324,System Administration T,0.68367544
95604,Operating Systems and Networks,9,57828,Informatics,0.68096281
95604,Operating Systems and Networks,10,96007,Foundations of Computer Architecture and Operating Systems,0.68058725
95605,Web and Mobile Systems,1,41731,Web-related Technologies,0.81980829
95605,Web and Mobile Systems,2,75835,Web Technologies,0.81675112
95605,Web and Mobile Systems,3,88566,Web Technology,0.79288115
95605,Web and Mobile Systems,4,95645,Foundations of Web Systems,0.75967795
95605,Web and Mobile Systems,5,85445,Information Modelling and Web Technologies,0.70476470
95605,Web and Mobile Systems,6,69867,Web Services and Applications,0.69955520
95605,Web and Mobile Systems,7,41731,Web-related Technologies,0.69714446
95605,Web and Mobile Systems,8,47240,Web Systems Engineering,0.67910266
95605,Web and Mobile Systems,9,94442,Design of Web Applications T,0.65738330
95605,Web and Mobile Systems,10,81683,Internet of Things,0.64596153
95611,Database Systems,1,10906,Databases,0.97753725
95611,Database Systems,2,79194,Databases,0.82173851
95611,Database Systems,3,10906,Databases,0.79629841
95611,Database Systems,4,70155,Data Bases,0.78448346
95611,Database Systems,5,84339,Advanced Database Systems,0.78255075
95611,Database Systems,6,96793,Information Systems and Database Management,0.75477830
95611,Database Systems,7,28027,Information Systems T,0.71976334
95611,Database Systems,8,28796,Elements of Databases,0.70681926
95611,Database Systems,9,90107,BASI DI DATI,0.68604334
95611,Database Systems,10,84530,Database and Big Data Technologies M,0.67580278
95627,Software Engineering,1,09032,Software Engineering,0.77078540
95627,Software Engineering,2,B0011,Software Process Engineering,0.76525829
95627,Software Engineering,3,90106,Software Engineering,0.75364920
95627,Software Engineering,4,90106,INGEGNERIA DEL SOFTWARE,0.74669723
95627,Software Engineering,5,66858,Software Engineering,0.73771816
95627,Software Engineering,6,28021,Software Engineering T,0.72735156
95627,Software Engineering,7,81612,Programming and Development paradigms,0.72659977
95627,Software Engineering,8,B1874,Project Management and Software Engineering for Cultural Heritage,0.70833126
95627,Software Engineering,9,B5474,ARCHITETTURE SOFTWARE A MICROSERVIZI,0.70744477
95627,Software Engineering,10,B0010,Software Architecture and Platforms,0.70046112
95630,Big Data and Cloud Platforms,1,81932,Big Data,0.79230521
95630,Big Data and Cloud Platforms,2,84531,Infrastructures For Cloud Computing and Big Data M,0.69921385
95630,Big Data and Cloud Platforms,3,93653,Iot And Big Data For Smart Agricultural Systems,0.68042815
95630,Big Data and Cloud Platforms,4,70155,Data Bases,0.67214696
95630,Big Data and Cloud Platforms,5,96793,Information Systems and Database Management,0.67036196
95630,Big Data and Cloud Platforms,6,81942,Scalable and Cloud Programming,0.65154820
95630,Big Data and Cloud Platforms,7,B2133,Big Data Analytics and Text Mining,0.63561314
95630,Big Data and Cloud Platforms,8,81683,Internet of Things,0.62338888
95630,Big Data and Cloud Platforms,9,28796,Elements of Databases,0.62018045
95630,Big Data and Cloud Platforms,10,95631,Machine Learning and Data Mining,0.61417096
95631,Machine Learning and Data Mining,1,40720,Data Mining,0.89426946
95631,Machine Learning and Data Mining,2,95631,Machine Learning and Data Mining,0.80240272
95631,Machine Learning and Data Mining,3,B2125,Machine Learning and Data Mining M,0.79362346
95631,Machine Learning and Data Mining,4,B2133,Big Data Analytics and Text Mining,0.72469360
95631,Machine Learning and Data Mining,5,95965,Artificial Intelligence and Machine Learning for Business,0.71528214
95631,Machine Learning and Data Mining,6,B1873,Machine Learning for Humanities,0.70655040
95631,Machine Learning and Data Mining,7,90477,Machine Learning Systems For Data Science,0.70416996
95631,Machine Learning and Data Mining,8,81610,Machine Learning,0.68188167
95631,Machine Learning and Data Mining,9,88202,Machine Learning,0.68188167
95631,Machine Learning and Data Mining,10,91250,Deep Learning,0.67720398
95631,Machine Learning and Data Mining,1,B2125,Machine Learning and Data Mining M,0.99122075
95631,Machine Learning and Data Mining,2,95631,Machine Learning and Data Mining,0.80240272
95631,Machine Learning and Data Mining,3,40720,Data Mining,0.76788725
95631,Machine Learning and Data Mining,4,95965,Artificial Intelligence and Machine Learning for Business,0.71521476
95631,Machine Learning and Data Mining,5,90477,Machine Learning Systems For Data Science,0.71424726
95631,Machine Learning and Data Mining,6,B2133,Big Data Analytics and Text Mining,0.69797834
95631,Machine Learning and Data Mining,7,96143,Methods and Models for Data Analytics M,0.69464243
95631,Machine Learning and Data Mining,8,91250,Deep Learning,0.68640357
95631,Machine Learning and Data Mining,9,91250,Deep Learning,0.68640357
95631,Machine Learning and Data Mining,10,81932,Big Data,0.68424294
95632,Laboratory on Digital Transformation Technologies,1,95630,Big Data and Cloud Platforms,0.56630707
95632,Laboratory on Digital Transformation Technologies,2,09679,Data Base Sistems,0.56583328
95632,Laboratory on Digital Transformation Technologies,3,C7674,INTRODUZIONE ALLE TECNICHE DI MEMORIA E ALLE METODOLOGIE DI STUDIO,0.54874171
95632,Laboratory on Digital Transformation Technologies,4,73435,Project Management,0.54043049
95632,Laboratory on Digital Transformation Technologies,5,95639,Industry 4.0,0.53194915
95632,Laboratory on Digital Transformation Technologies,6,B4925,IMMERSIVE TECHNOLOGIES FOR FASHION,0.53118332
95632,Laboratory on Digital Transformation Technologies,7,B0074,PIATTAFORME PER LA TRASFORMAZIONE DIGITALE,0.53031180
95632,Laboratory on Digital Transformation Technologies,8,93379,Digital Culture,0.52714743
95632,Laboratory on Digital Transformation Technologies,9,07276,INFORMATICA,0.52675191
95632,Laboratory on Digital Transformation Technologies,10,73273,Informatic Tecnologies for Fashion,0.52183559
95638,Operational Analytics,1,96143,Methods and Models for Data Analytics M,0.58122865
95638,Operational Analytics,2,91762,Combinatorial Decision Making and Optimization,0.52570645
95638,Operational Analytics,3,B4940,DATA SCIENCE FOR FASHION SYSTEM,0.52546176
95638,Operational Analytics,4,B8309,STATISTICA E MACHINE LEARNING PER L'ELABORAZIONE DEI SEGNALI M,0.52416724
95638,Operational Analytics,5,91261,Artificial Intelligence in Industry,0.51545854
95638,Operational Analytics,6,40720,Data Mining,0.51387374
95638,Operational Analytics,7,95965,Artificial Intelligence and Machine Learning for Business,0.51076855
95638,Operational Analytics,8,96142,Business Intelligence and Big Data M,0.51000839
95638,Operational Analytics,9,07276,INFORMATICA,0.50649674
95638,Operational Analytics,10,B8310,STATISTICS AND MACHINE LEARNING FOR SIGNAL PROCESSING M,0.49776652
95639,Industry 4.0,1,81683,Internet of Things,0.63373325
95639,Industry 4.0,2,93653,Iot And Big Data For Smart Agricultural Systems,0.63188998
95639,Industry 4.0,3,B8019,PROGRAMMING THE INTERNET OF THINGS M,0.60484641
95639,Industry 4.0,4,28652,IT Systems T-1,0.59175262
95639,Industry 4.0,5,88566,Web Technology,0.59024175
95639,Industry 4.0,6,88230,TECNOLOGIE INDUSTRIALI ABILITANTI PER IL WEB E HMI P,0.58869732
95639,Industry 4.0,7,81917,Interaction Multimedia Services,0.58128826
95639,Industry 4.0,8,09032,Software Engineering,0.58082324
95639,Industry 4.0,9,81932,Big Data,0.57703487
95639,Industry 4.0,10,91261,Artificial Intelligence in Industry,0.57439012
95644,Computer Networks and Network Programming,1,70226,Network Programming,0.91484930
95644,Computer Networks and Network Programming,2,95604,Operating Systems and Networks,0.79118737
95644,Computer Networks and Network Programming,3,58423,Internet Architecture,0.74588963
95644,Computer Networks and Network Programming,4,28024,Computer Networks T,0.73927323
95644,Computer Networks and Network Programming,5,28024,Computer Networks T,0.73927323
95644,Computer Networks and Network Programming,6,93315,Computer Networks,0.71396802
95644,Computer Networks and Network Programming,7,96995,Programmable Networking,0.70624866
95644,Computer Networks and Network Programming,8,95782,Network Analysis,0.69234574
95644,Computer Networks and Network Programming,9,91161,"Networks, Security And Data Bases",0.64498983
95644,Computer Networks and Network Programming,10,81683,Internet of Things,0.63778810
95645,Foundations of Web Systems,1,41731,Web-related Technologies,0.80830227
95645,Foundations of Web Systems,2,75835,Web Technologies,0.76659054
95645,Foundations of Web Systems,3,95605,Web and Mobile Systems,0.75967795
95645,Foundations of Web Systems,4,41731,Web-related Technologies,0.75781667
95645,Foundations of Web Systems,5,47240,Web Systems Engineering,0.74749899
95645,Foundations of Web Systems,6,88566,Web Technology,0.74608067
95645,Foundations of Web Systems,7,85445,Information Modelling and Web Technologies,0.69854607
95645,Foundations of Web Systems,8,69867,Web Services and Applications,0.68137842
95645,Foundations of Web Systems,9,94442,Design of Web Applications T,0.67446779
95645,Foundations of Web Systems,10,B5293,Computer Studies and Humanities,0.64436164
95646,Virtualized Systems,1,96642,Virtualization and System Integration,0.76485726
95646,Virtualized Systems,2,37925,Virtual System Design,0.71031645
95646,Virtualized Systems,3,99195,Cyber-Physical Systems Programming M,0.62244654
95646,Virtualized Systems,4,88324,System Administration T,0.61379871
95646,Virtualized Systems,5,96995,Programmable Networking,0.61146188
95646,Virtualized Systems,6,10907,Electronics of Digital Systems,0.61084174
95646,Virtualized Systems,7,57828,Informatics,0.60917219
95646,Virtualized Systems,8,B4826,Informatics for the Humanities,0.60411330
95646,Virtualized Systems,9,95604,Operating Systems and Networks,0.60165252
95646,Virtualized Systems,10,91161,"Networks, Security And Data Bases",0.59948919
95648,Software Design and Development,1,70219,Object-Oriented Programming,0.82376026
95648,Software Design and Development,2,00819,Programming,0.73819019
95648,Software Design and Development,3,81612,Programming and Development paradigms,0.71354748
95648,Software Design and Development,4,16870,Programming Laboratory,0.70647359
95648,Software Design and Development,5,B8554,SISTEMI SOFTWARE A OGGETTI T,0.70114938
95648,Software Design and Development,6,B8554,SISTEMI SOFTWARE A OGGETTI T,0.70114938
95648,Software Design and Development,7,09032,Software Engineering,0.69774958
95648,Software Design and Development,8,95627,Software Engineering,0.68230211
95648,Software Design and Development,9,90106,Software Engineering,0.67682256
95648,Software Design and Development,10,28021,Software Engineering T,0.67516062
95782,Network Analysis,1,90730,Social Network Analysis,0.85804668
95782,Network Analysis,2,70226,Network Programming,0.70013085
95782,Network Analysis,3,95604,Operating Systems and Networks,0.69370329
95782,Network Analysis,4,95644,Computer Networks and Network Programming,0.69234574
95782,Network Analysis,5,28024,Computer Networks T,0.65036994
95782,Network Analysis,6,28024,Computer Networks T,0.65036994
95782,Network Analysis,7,91161,"Networks, Security And Data Bases",0.64938757
95782,Network Analysis,8,93315,Computer Networks,0.64281385
95782,Network Analysis,9,40720,Data Mining,0.63434994
95782,Network Analysis,10,95631,Machine Learning and Data Mining,0.63097719
95965,Artificial Intelligence and Machine Learning for Business,1,98931,Fundamentals of Artificial Intelligence,0.71910649
95965,Artificial Intelligence and Machine Learning for Business,2,95631,Machine Learning and Data Mining,0.71528214
95965,Artificial Intelligence and Machine Learning for Business,3,95631,Machine Learning and Data Mining,0.71521476
95965,Artificial Intelligence and Machine Learning for Business,4,91248,Fundamentals of Artificial Intelligence and Knowledge Representation,0.71202145
95965,Artificial Intelligence and Machine Learning for Business,5,B2125,Machine Learning and Data Mining M,0.70845894
95965,Artificial Intelligence and Machine Learning for Business,6,81940,Artificial Intelligence,0.68255980
95965,Artificial Intelligence and Machine Learning for Business,7,81610,Machine Learning,0.67950561
95965,Artificial Intelligence and Machine Learning for Business,8,88202,Machine Learning,0.67950561
95965,Artificial Intelligence and Machine Learning for Business,9,91261,Artificial Intelligence in Industry,0.67869667
95965,Artificial Intelligence and Machine Learning for Business,10,91250,Deep Learning,0.67744047
96007,Foundations of Computer Architecture and Operating Systems,1,69731,Computer Architecture,0.76847810
96007,Foundations of Computer Architecture and Operating Systems,2,95602,Programming and Computer Architectures,0.74974007
96007,Foundations of Computer Architecture and Operating Systems,3,69731,Computer Architecture,0.74668482
96007,Foundations of Computer Architecture and Operating Systems,4,08574,Operating Systems,0.74411116
96007,Foundations of Computer Architecture and Operating Systems,5,11925,Computer Architecture,0.74396499
96007,Foundations of Computer Architecture and Operating Systems,6,08574,Operating Systems,0.73430515
96007,Foundations of Computer Architecture and Operating Systems,7,15305,Foundations of Informatics A,0.71860317
96007,Foundations of Computer Architecture and Operating Systems,8,03716,Digital Design Principles and Computer Architecture,0.70745682
96007,Foundations of Computer Architecture and Operating Systems,9,03716,Digital Design Principles and Computer Architecture,0.70745682
96007,Foundations of Computer Architecture and Operating Systems,10,09730,Principles of Informatics,0.70525108
96142,Business Intelligence and Big Data M,1,96143,Methods and Models for Data Analytics M,0.76897343
96142,Business Intelligence and Big Data M,2,30376,Business Intelligence,0.75515134
96142,Business Intelligence and Big Data M,3,84530,Database and Big Data Technologies M,0.74675738
96142,Business Intelligence and Big Data M,4,81932,Big Data,0.72239311
96142,Business Intelligence and Big Data M,5,28652,IT Systems T-1,0.64320783
96142,Business Intelligence and Big Data M,6,B2133,Big Data Analytics and Text Mining,0.63197969
96142,Business Intelligence and Big Data M,7,72796,Data Intensive Applications,0.62016343
96142,Business Intelligence and Big Data M,8,87198,Statistics and Architectures for Big Data Processing M,0.61758262
96142,Business Intelligence and Big Data M,9,93653,Iot And Big Data For Smart Agricultural Systems,0.61182604
96142,Business Intelligence and Big Data M,10,70155,Data Bases,0.60287183
96143,Methods and Models for Data Analytics M,1,96142,Business Intelligence and Big Data M,0.76897343
96143,Methods and Models for Data Analytics M,2,B2125,Machine Learning and Data Mining M,0.71416500
96143,Methods and Models for Data Analytics M,3,81932,Big Data,0.69752601
96143,Methods and Models for Data Analytics M,4,95631,Machine Learning and Data Mining,0.69464243
96143,Methods and Models for Data Analytics M,5,40720,Data Mining,0.68641114
96143,Methods and Models for Data Analytics M,6,84530,Database and Big Data Technologies M,0.67574413
96143,Methods and Models for Data Analytics M,7,30376,Business Intelligence,0.66515690
96143,Methods and Models for Data Analytics M,8,B2133,Big Data Analytics and Text Mining,0.65393887
96143,Methods and Models for Data Analytics M,9,11929,Algorithm and Data Structures,0.65327444
96143,Methods and Models for Data Analytics M,10,28652,IT Systems T-1,0.65170244
96346,Computer Science,1,07276,Computer Science,1.00000000
96346,Computer Science,2,07276,INFORMATICA,0.67866756
96346,Computer Science,3,57828,Informatics,0.67623991
96346,Computer Science,4,69731,Computer Architecture,0.66066153
96346,Computer Science,5,09730,Principles of Informatics,0.66024493
96346,Computer Science,6,15305,Foundations of Informatics A,0.65896925
96346,Computer Science,7,07276,Computer Science,0.65631764
96346,Computer Science,8,B4826,Informatics for the Humanities,0.65196676
96346,Computer Science,9,07276,Computer Science,0.64705869
96346,Computer Science,10,09730,Principles of Informatics,0.64275144
96346,Informatics,1,57828,Informatics,0.63717110
96346,Informatics,2,82202,Informatic,0.60115452
96346,Informatics,3,82202,Informatic,0.59493808
96346,Informatics,4,78510,Informatics,0.58797440
96346,Informatics,5,11340,INFORMATICA APPLICATA,0.57064582
96346,Informatics,6,B4826,Informatics for the Humanities,0.55703391
96346,Informatics,7,81683,Internet of Things,0.55633004
96346,Informatics,8,39176,Basic and Laboratory Informatics,0.55008961
96346,Informatics,9,39176,Basic and Laboratory Informatics,0.55008961
96346,Informatics,10,41731,Web-related Technologies,0.54186585
96346,INFORMATICA,1,07276,INFORMATICA,0.81214677
96346,INFORMATICA,2,28040,Information Technology,0.81206630
96346,INFORMATICA,3,07276,Computer Science,0.79684473
96346,INFORMATICA,4,89988,Elements of Informatics,0.75429787
96346,INFORMATICA,5,95602,Programming and Computer Architectures,0.74710174
96346,INFORMATICA,6,41588,INTRODUZIONE ALL'ANALISI DEI DATI,0.74615390
96346,INFORMATICA,7,09730,Principles of Informatics,0.74498849
96346,INFORMATICA,8,B0063,Programming Laboratory,0.74294533
96346,INFORMATICA,9,37262,Computer Programming,0.74139269
96346,INFORMATICA,10,15305,Foundations of Informatics A,0.73605729
96642,Virtualization and System Integration,1,95646,Virtualized Systems,0.76485726
96642,Virtualization and System Integration,2,88324,System Administration T,0.68275541
96642,Virtualization and System Integration,3,B0832,Administration of Systems T,0.67711642
96642,Virtualization and System Integration,4,28652,IT Systems T-1,0.63475913
96642,Virtualization and System Integration,5,99195,Cyber-Physical Systems Programming M,0.62817916
96642,Virtualization and System Integration,6,73025,Distributed Systems M,0.60691482
96642,Virtualization and System Integration,7,07276,INFORMATICA,0.60377755
96642,Virtualization and System Integration,8,08574,Operating Systems,0.60334829
96642,Virtualization and System Integration,9,72942,Information Security M,0.59762271
96642,Virtualization and System Integration,10,28004,Foundations of Informatics T-1,0.59610172
96725,IT and Game Localization,1,96725,IT and Game Localization,1.00000000
96725,IT and Game Localization,2,B8536,"Computer-Aided Human Translation: CAT, MT and AI",0.61727891
96725,IT and Game Localization,3,B8536,"Computer-Aided Human Translation: CAT, MT and AI",0.61727891
96725,IT and Game Localization,4,B8536,"Computer-Aided Human Translation: CAT, MT and AI",0.61727891
96725,IT and Game Localization,5,84401,Context-Aware Systems,0.53681325
96725,IT and Game Localization,6,87898,Methods and Technologies for Interpreting,0.53352840
96725,IT and Game Localization,7,B2696,"Language, Technology, Research I: Computational Thinking",0.52099795
96725,IT and Game Localization,8,B8603,Machine Translation and Artificial Intelligence for Language Services,0.51563897
96725,IT and Game Localization,9,87901,Methods and Advanced Technologies for Interpreting,0.51066043
96725,IT and Game Localization,10,B6082,Technology-Assisted Interpreting I,0.51037784
96725,IT and Game Localization,1,96725,IT and Game Localization,1.00000000
96725,IT and Game Localization,2,B8536,"Computer-Aided Human Translation: CAT, MT and AI",0.61727891
96725,IT and Game Localization,3,B8536,"Computer-Aided Human Translation: CAT, MT and AI",0.61727891
96725,IT and Game Localization,4,B8536,"Computer-Aided Human Translation: CAT, MT and AI",0.61727891
96725,IT and Game Localization,5,84401,Context-Aware Systems,0.53681325
96725,IT and Game Localization,6,87898,Methods and Technologies for Interpreting,0.53352840
96725,IT and Game Localization,7,B2696,"Language, Technology, Research I: Computational Thinking",0.52099795
96725,IT and Game Localization,8,B8603,Machine Translation and Artificial Intelligence for Language Services,0.51563897
96725,IT and Game Localization,9,87901,Methods and Advanced Technologies for Interpreting,0.51066043
96725,IT and Game Localization,10,B6082,Technology-Assisted Interpreting I,0.51037784
96793,Information Systems and Database Management,1,79194,Databases,0.88776451
96793,Information Systems and Database Management,2,70155,Data Bases,0.80368764
96793,Information Systems and Database Management,3,95611,Database Systems,0.75477830
96793,Information Systems and Database Management,4,84339,Advanced Database Systems,0.75077490
96793,Information Systems and Database Management,5,10906,Databases,0.73748096
96793,Information Systems and Database Management,6,28796,Elements of Databases,0.73626910
96793,Information Systems and Database Management,7,B8159,INFORMATICA,0.72277631
96793,Information Systems and Database Management,8,81932,Big Data,0.67845736
96793,Information Systems and Database Management,9,28652,IT Systems T-1,0.67169992
96793,Information Systems and Database Management,10,95630,Big Data and Cloud Platforms,0.67036196
96859,Embedded Systems and Internet of Things,1,77780,Embedded Systems Programming and Internet of Things,0.95406528
96859,Embedded Systems and Internet of Things,2,10907,Electronics of Digital Systems,0.71439591
96859,Embedded Systems and Internet of Things,3,81683,Internet of Things,0.69163764
96859,Embedded Systems and Internet of Things,4,85730,Architectures and Firmware M,0.68868760
96859,Embedded Systems and Internet of Things,5,88230,TECNOLOGIE INDUSTRIALI ABILITANTI PER IL WEB E HMI P,0.66418457
96859,Embedded Systems and Internet of Things,6,88228,Microcontroller electronic systems P,0.65519416
96859,Embedded Systems and Internet of Things,7,93322,Hardware-Software Design of Iot Systems M,0.64869919
96859,Embedded Systems and Internet of Things,8,29035,Electronic Industrial Systems Architecture and Programming Laboratory T-A,0.64616038
96859,Embedded Systems and Internet of Things,9,94272,Electronic Systems,0.64535132
96859,Embedded Systems and Internet of Things,10,B8019,PROGRAMMING THE INTERNET OF THINGS M,0.64088533
96994,Smart Vehicular-Systems,1,90074,Smart Vehicular Systems,0.99917795
96994,Smart Vehicular-Systems,2,92858,Autonomous and Adaptive Systems M,0.63157561
96994,Smart Vehicular-Systems,3,28722,Electronics T-1,0.61621820
96994,Smart Vehicular-Systems,4,91411,Intelligent Robotic Systems,0.59700787
96994,Smart Vehicular-Systems,5,78779,Mobile Systems M,0.58644790
96994,Smart Vehicular-Systems,6,91266,Machine Learning for Computer Vision,0.58008428
96994,Smart Vehicular-Systems,7,B1873,Machine Learning for Humanities,0.57916841
96994,Smart Vehicular-Systems,8,88324,System Administration T,0.57873806
96994,Smart Vehicular-Systems,9,41169,Theoretical Computer Science,0.57832159
96994,Smart Vehicular-Systems,10,73025,Distributed Systems M,0.57786221
96995,Programmable Networking,1,95644,Computer Networks and Network Programming,0.70624866
96995,Programmable Networking,2,28024,Computer Networks T,0.69432325
96995,Programmable Networking,3,28024,Computer Networks T,0.69432325
96995,Programmable Networking,4,95604,Operating Systems and Networks,0.67591748
96995,Programmable Networking,5,70226,Network Programming,0.67485134
96995,Programmable Networking,6,84531,Infrastructures For Cloud Computing and Big Data M,0.63793240
96995,Programmable Networking,7,91161,"Networks, Security And Data Bases",0.63208052
96995,Programmable Networking,8,93315,Computer Networks,0.63039550
96995,Programmable Networking,9,57828,Informatics,0.63027890
96995,Programmable Networking,10,10907,Electronics of Digital Systems,0.61680110
97431,Scalable and Reliable Services M,1,B5796,Scalable and Reliable Services M,1.00000000
97431,Scalable and Reliable Services M,2,73025,Distributed Systems M,0.60202245
97431,Scalable and Reliable Services M,3,B5793,Cybersecurity M,0.57462800
97431,Scalable and Reliable Services M,4,95630,Big Data and Cloud Platforms,0.56409062
97431,Scalable and Reliable Services M,5,78779,Mobile Systems M,0.56393845
97431,Scalable and Reliable Services M,6,B0832,Administration of Systems T,0.54890861
97431,Scalable and Reliable Services M,7,93395,Reliable Data Processing and Storage for Iintelligent Systems M,0.53930433
97431,Scalable and Reliable Services M,8,93470,Cybersecurity,0.53744246
97431,Scalable and Reliable Services M,9,87474,Distributed Systems,0.53628257
97431,Scalable and Reliable Services M,10,B5812,Cybersecurity Governance,0.53461288
97466,Digital represention of the Landscape Project,1,70210,Lab-based Course on Computer Graphics,0.67713299
97466,Digital represention of the Landscape Project,2,B1874,Project Management and Software Engineering for Cultural Heritage,0.65046625
97466,Digital represention of the Landscape Project,3,B5059,Interaction Media Design,0.64507999
97466,Digital represention of the Landscape Project,4,76011,Multimedia Technologies in Archaelogy,0.63950335
97466,Digital represention of the Landscape Project,5,98618,"""Document Digitization Techniques """,0.63385732
97466,Digital represention of the Landscape Project,6,91254,Image Processing and Computer Vision,0.62816651
97466,Digital represention of the Landscape Project,7,81917,Interaction Multimedia Services,0.61873062
97466,Digital represention of the Landscape Project,8,48693,Computer Science for Cultural Heritage,0.60696597
97466,Digital represention of the Landscape Project,9,48693,Computer Science for Cultural Heritage,0.60570601
97466,Digital represention of the Landscape Project,10,09032,Software Engineering,0.60310879
97467,Big Data Analytics for Automotive Manufacturing Applications,1,87198,Statistics and Architectures for Big Data Processing M,0.79575900
97467,Big Data Analytics for Automotive Manufacturing Applications,2,81932,Big Data,0.72207933
97467,Big Data Analytics for Automotive Manufacturing Applications,3,91259,Architecture and Platforms for Artificial Intelligence,0.70977185
97467,Big Data Analytics for Automotive Manufacturing Applications,4,B5782,Algorithms and Data Structures for Computational Biology,0.69465134
97467,Big Data Analytics for Automotive Manufacturing Applications,5,37635,Data Structure and Algorithms,0.67843824
97467,Big Data Analytics for Automotive Manufacturing Applications,6,11929,Algorithms and Data Structures,0.67727416
97467,Big Data Analytics for Automotive Manufacturing Applications,7,11929,Algorithm and Data Structures,0.67272110
97467,Big Data Analytics for Automotive Manufacturing Applications,8,16692,Laboratory of Informatics,0.67141861
97467,Big Data Analytics for Automotive Manufacturing Applications,9,09730,Principles of Informatics,0.67131568
97467,Big Data Analytics for Automotive Manufacturing Applications,10,B2133,Big Data Analytics and Text Mining,0.66913960
98618,"""Document Digitization Techniques """,1,76011,Multimedia Technologies in Archaelogy,0.66818384
98618,"""Document Digitization Techniques """,2,B5079,Digital Humanities and Data Management for Cultural Heritage,0.66311638
98618,"""Document Digitization Techniques """,3,48693,Computer Science for Cultural Heritage,0.65244564
98618,"""Document Digitization Techniques """,4,B5059,Interaction Media Design,0.65042465
98618,"""Document Digitization Techniques """,5,48693,Computer Science for Cultural Heritage,0.64944672
98618,"""Document Digitization Techniques """,6,97466,Digital represention of the Landscape Project,0.63385732
98618,"""Document Digitization Techniques """,7,B0073,ELABORAZIONE DI TESTI E GESTIONE DOCUMENTALE,0.61753513
98618,"""Document Digitization Techniques """,8,57828,Informatics,0.61184098
98618,"""Document Digitization Techniques """,9,B4826,Informatics for the Humanities,0.60344509
98618,"""Document Digitization Techniques """,10,C7674,INTRODUZIONE ALLE TECNICHE DI MEMORIA E ALLE METODOLOGIE DI STUDIO,0.60329852
98671,Business Analytics,1,30376,Business Intelligence,0.66112385
98671,Business Analytics,2,40720,Data Mining,0.60710842
98671,Business Analytics,3,96142,Business Intelligence and Big Data M,0.60218924
98671,Business Analytics,4,95631,Machine Learning and Data Mining,0.59502586
98671,Business Analytics,5,B2125,Machine Learning and Data Mining M,0.59177267
98671,Business Analytics,6,70155,Data Bases,0.59086831
98671,Business Analytics,7,95631,Machine Learning and Data Mining,0.58869179
98671,Business Analytics,8,96793,Information Systems and Database Management,0.58715766
98671,Business Analytics,9,96143,Methods and Models for Data Analytics M,0.58281835
98671,Business Analytics,10,81932,Big Data,0.57370409
98735,Python Coding and Data Science,1,85189,Systems and Algorithms for Data Science,0.65251089
98735,Python Coding and Data Science,2,95602,Programming and Computer Architectures,0.63383368
98735,Python Coding and Data Science,3,90477,Machine Learning Systems For Data Science,0.62588765
98735,Python Coding and Data Science,4,41588,INTRODUZIONE ALL'ANALISI DEI DATI,0.62575239
98735,Python Coding and Data Science,5,85285,Programming,0.61726446
98735,Python Coding and Data Science,6,37262,Computer Programming,0.61725620
98735,Python Coding and Data Science,7,40720,Data Mining,0.61536411
98735,Python Coding and Data Science,8,00819,Programming,0.60202135
98735,Python Coding and Data Science,9,96346,INFORMATICA,0.60191476
98735,Python Coding and Data Science,10,65094,ADVANCED PROGRAMMING,0.60080055
98931,Fundamentals of Artificial Intelligence,1,91248,Fundamentals of Artificial Intelligence and Knowledge Representation,0.98346886
98931,Fundamentals of Artificial Intelligence,2,B5727,Introduction to Languages for Artificial Intelligence,0.81819011
98931,Fundamentals of Artificial Intelligence,3,81940,Artificial Intelligence,0.78036161
98931,Fundamentals of Artificial Intelligence,4,90147,Artificial intelligence,0.77573698
98931,Fundamentals of Artificial Intelligence,5,78778,Intelligent Systems M,0.76088586
98931,Fundamentals of Artificial Intelligence,6,72938,Foundations Of Artificial Intelligence T,0.74847388
98931,Fundamentals of Artificial Intelligence,7,95965,Artificial Intelligence and Machine Learning for Business,0.71910649
98931,Fundamentals of Artificial Intelligence,8,91259,Architecture and Platforms for Artificial Intelligence,0.71254101
98931,Fundamentals of Artificial Intelligence,9,90477,Machine Learning Systems For Data Science,0.71150417
98931,Fundamentals of Artificial Intelligence,10,B8105,Computational Management of Data,0.70525385
99191,"Devices, Circuits and Algorithms for Quantum Computing M",1,B3567,INTRODUCTION TO QUANTUM COMPUTING,0.86482016
99191,"Devices, Circuits and Algorithms for Quantum Computing M",2,69437,NANOELECTRONICS M,0.66501593
99191,"Devices, Circuits and Algorithms for Quantum Computing M",3,84442,High Frequency Electronic Circuits M,0.63037597
99191,"Devices, Circuits and Algorithms for Quantum Computing M",4,B2361,ELEMENTI DI MACHINE LEARNING E QUANTUM COMPUTING T,0.61073081
99191,"Devices, Circuits and Algorithms for Quantum Computing M",5,28651,Electronics T-A,0.60839889
99191,"Devices, Circuits and Algorithms for Quantum Computing M",6,10907,Electronics of Digital Systems,0.60501434
99191,"Devices, Circuits and Algorithms for Quantum Computing M",7,29227,Foundations of Informatics T,0.60420353
99191,"Devices, Circuits and Algorithms for Quantum Computing M",8,28012,Electronic Calculators T,0.60285442
99191,"Devices, Circuits and Algorithms for Quantum Computing M",9,28011,Logic Design T,0.60224153
99191,"Devices, Circuits and Algorithms for Quantum Computing M",10,91161,"Networks, Security And Data Bases",0.60037948
99192,Highly Reliable and Resilient Electronic Systems M,1,85734,"Test, Diagnosis and Reliability M",0.79351038
99192,Highly Reliable and Resilient Electronic Systems M,2,93395,Reliable Data Processing and Storage for Iintelligent Systems M,0.75226180
99192,Highly Reliable and Resilient Electronic Systems M,3,B2250,Microelectronics M,0.60344943
99192,Highly Reliable and Resilient Electronic Systems M,4,69773,Electronic Circuits Design,0.59402036
99192,Highly Reliable and Resilient Electronic Systems M,5,93392,Analog Circuits and Sensor Systems M,0.59048226
99192,Highly Reliable and Resilient Electronic Systems M,6,84442,High Frequency Electronic Circuits M,0.58510549
99192,Highly Reliable and Resilient Electronic Systems M,7,81649,Design On Analog Cicuits and Systems M,0.58461800
99192,Highly Reliable and Resilient Electronic Systems M,8,35367,Industrial Electronics M,0.58449563
99192,Highly Reliable and Resilient Electronic Systems M,9,85733,Power Electronics for Automotive M,0.57646915
99192,Highly Reliable and Resilient Electronic Systems M,10,81654,Design of Advanced Analog Circuits M,0.57587526
99195,Cyber-Physical Systems Programming M,1,85730,Architectures and Firmware M,0.64321755
99195,Cyber-Physical Systems Programming M,2,10907,Electronics of Digital Systems,0.64272004
99195,Cyber-Physical Systems Programming M,3,90749,Computing Education,0.63742793
99195,Cyber-Physical Systems Programming M,4,B0009,Advanced Software Modelling and Design,0.62999476
99195,Cyber-Physical Systems Programming M,5,B8019,PROGRAMMING THE INTERNET OF THINGS M,0.62998015
99195,Cyber-Physical Systems Programming M,6,29035,Electronic Industrial Systems Architecture and Programming Laboratory T-A,0.62860576
99195,Cyber-Physical Systems Programming M,7,96642,Virtualization and System Integration,0.62817916
99195,Cyber-Physical Systems Programming M,8,81683,Internet of Things,0.62642125
99195,Cyber-Physical Systems Programming M,9,77780,Embedded Systems Programming and Internet of Things,0.62438853
99195,Cyber-Physical Systems Programming M,10,95646,Virtualized Systems,0.62244654
B0009,Advanced Software Modelling and Design,1,09032,Software Engineering,0.72268755
B0009,Advanced Software Modelling and Design,2,95627,Software Engineering,0.69558375
B0009,Advanced Software Modelling and Design,3,90106,INGEGNERIA DEL SOFTWARE,0.69374834
B0009,Advanced Software Modelling and Design,4,28021,Software Engineering T,0.69259276
B0009,Advanced Software Modelling and Design,5,B0011,Software Process Engineering,0.66945606
B0009,Advanced Software Modelling and Design,6,90106,Software Engineering,0.66199152
B0009,Advanced Software Modelling and Design,7,37760,Systems Simulation,0.65292925
B0009,Advanced Software Modelling and Design,8,B0010,Software Architecture and Platforms,0.65199699
B0009,Advanced Software Modelling and Design,9,66858,Software Engineering,0.64925732
B0009,Advanced Software Modelling and Design,10,00819,Programming,0.64372415
B0010,Software Architecture and Platforms,1,90106,INGEGNERIA DEL SOFTWARE,0.74933181
B0010,Software Architecture and Platforms,2,28021,Software Engineering T,0.73410606
B0010,Software Architecture and Platforms,3,95627,Software Engineering,0.70046112
B0010,Software Architecture and Platforms,4,09032,Software Engineering,0.69140696
B0010,Software Architecture and Platforms,5,90106,Software Engineering,0.68210295
B0010,Software Architecture and Platforms,6,66858,Software Engineering,0.67353331
B0010,Software Architecture and Platforms,7,81612,Programming and Development paradigms,0.66743313
B0010,Software Architecture and Platforms,8,B5474,ARCHITETTURE SOFTWARE A MICROSERVIZI,0.66341408
B0010,Software Architecture and Platforms,9,B1874,Project Management and Software Engineering for Cultural Heritage,0.65364126
B0010,Software Architecture and Platforms,10,B0009,Advanced Software Modelling and Design,0.65199699
B0011,Software Process Engineering,1,95627,Software Engineering,0.76525829
B0011,Software Process Engineering,2,09032,Software Engineering,0.72486121
B0011,Software Process Engineering,3,81612,Programming and Development paradigms,0.70695934
B0011,Software Process Engineering,4,90106,Software Engineering,0.69793722
B0011,Software Process Engineering,5,28021,Software Engineering T,0.69770592
B0011,Software Process Engineering,6,66858,Software Engineering,0.69534767
B0011,Software Process Engineering,7,B0009,Advanced Software Modelling and Design,0.66945606
B0011,Software Process Engineering,8,73025,Distributed Systems M,0.66368343
B0011,Software Process Engineering,9,90106,INGEGNERIA DEL SOFTWARE,0.66300415
B0011,Software Process Engineering,10,95648,Software Design and Development,0.66223001
B0061,Computer Methods for Digital Transformation,1,28016,Electronics T,0.54268539
B0061,Computer Methods for Digital Transformation,2,09032,Software Engineering,0.53605608
B0061,Computer Methods for Digital Transformation,3,98618,"""Document Digitization Techniques """,0.53368552
B0061,Computer Methods for Digital Transformation,4,91264,User Experience Design,0.52778996
B0061,Computer Methods for Digital Transformation,5,90720,Usability & User Experience Design,0.52578300
B0061,Computer Methods for Digital Transformation,6,85573,Usability and User Experience,0.52380059
B0061,Computer Methods for Digital Transformation,7,28722,Electronics T-1,0.51867529
B0061,Computer Methods for Digital Transformation,8,28016,Electronics T,0.51838275
B0061,Computer Methods for Digital Transformation,9,C7674,INTRODUZIONE ALLE TECNICHE DI MEMORIA E ALLE METODOLOGIE DI STUDIO,0.51178567
B0061,Computer Methods for Digital Transformation,10,90749,Computing Education,0.50889399
B0063,Programming Laboratory,1,95602,Programming and Computer Architectures,0.74959500
B0063,Programming Laboratory,2,37262,Computer Programming,0.74488503
B0063,Programming Laboratory,3,16870,Programming Laboratory,0.74360662
B0063,Programming Laboratory,4,96346,INFORMATICA,0.74294533
B0063,Programming Laboratory,5,85285,Programming,0.72092554
B0063,Programming Laboratory,6,88145,Fundamentals of Computer Programming P1,0.71780074
B0063,Programming Laboratory,7,B8905,Foundations of Programming,0.71685437
B0063,Programming Laboratory,8,93363,Advanced Programming,0.71556179
B0063,Programming Laboratory,9,07276,Computer Science,0.71180523
B0063,Programming Laboratory,10,00819,Programming,0.70612293
B0064,Introduction to Data Science and Computational Thinking,1,09730,Principles of Informatics,0.73322001
B0064,Introduction to Data Science and Computational Thinking,2,15305,Foundations of Informatics A,0.72499807
B0064,Introduction to Data Science and Computational Thinking,3,B4826,Informatics for the Humanities,0.70408866
B0064,Introduction to Data Science and Computational Thinking,4,37262,Computer Programming,0.68245986
B0064,Introduction to Data Science and Computational Thinking,5,96346,INFORMATICA,0.68117019
B0064,Introduction to Data Science and Computational Thinking,6,85189,Systems and Algorithms for Data Science,0.68004043
B0064,Introduction to Data Science and Computational Thinking,7,28623,Foundations of Informatics and Laboratory,0.67869585
B0064,Introduction to Data Science and Computational Thinking,8,95602,Programming and Computer Architectures,0.67765286
B0064,Introduction to Data Science and Computational Thinking,9,B5782,Algorithms and Data Structures for Computational Biology,0.66971417
B0064,Introduction to Data Science and Computational Thinking,10,B8105,Computational Management of Data,0.66255411
B0069,Artificial Intelligence for Digital Innovation,1,81940,Artificial Intelligence,0.77984692
B0069,Artificial Intelligence for Digital Innovation,2,90147,Artificial intelligence,0.75495447
B0069,Artificial Intelligence for Digital Innovation,3,78778,Intelligent Systems M,0.72015316
B0069,Artificial Intelligence for Digital Innovation,4,72938,Foundations Of Artificial Intelligence T,0.71895049
B0069,Artificial Intelligence for Digital Innovation,5,98931,Fundamentals of Artificial Intelligence,0.69318431
B0069,Artificial Intelligence for Digital Innovation,6,93319,INTRODUZIONE ALL'APPRENDIMENTO AUTOMATICO,0.68506429
B0069,Artificial Intelligence for Digital Innovation,7,91248,Fundamentals of Artificial Intelligence and Knowledge Representation,0.67826644
B0069,Artificial Intelligence for Digital Innovation,8,B1873,Machine Learning for Humanities,0.65872572
B0069,Artificial Intelligence for Digital Innovation,9,91250,Deep Learning,0.65741331
B0069,Artificial Intelligence for Digital Innovation,10,91250,Deep Learning,0.65741331
B0070,METODOLOGIE E TECNICHE DI SIMULAZIONE,1,B5292,Knowledge Engeneering for the Humanities,0.76751050
B0070,METODOLOGIE E TECNICHE DI SIMULAZIONE,2,B8929,Computer Studies and Human Sciences,0.69410011
B0070,METODOLOGIE E TECNICHE DI SIMULAZIONE,3,85446,Knowledge Representation and Extraction,0.68975527
B0070,METODOLOGIE E TECNICHE DI SIMULAZIONE,4,B5293,Computer Studies and Humanities,0.68048038
B0070,METODOLOGIE E TECNICHE DI SIMULAZIONE,5,91265,Knowledge Engineering,0.67979082
B0070,METODOLOGIE E TECNICHE DI SIMULAZIONE,6,42500,Semantic Web,0.67323284
B0070,METODOLOGIE E TECNICHE DI SIMULAZIONE,7,11929,Algorithm and Data Structures,0.65055905
B0070,METODOLOGIE E TECNICHE DI SIMULAZIONE,8,85189,Systems and Algorithms for Data Science,0.63718500
B0070,METODOLOGIE E TECNICHE DI SIMULAZIONE,9,B8105,Computational Management of Data,0.63264814
B0070,METODOLOGIE E TECNICHE DI SIMULAZIONE,10,B1873,Machine Learning for Humanities,0.63186099
B0073,ELABORAZIONE DI TESTI E GESTIONE DOCUMENTALE,1,85445,Information Modelling and Web Technologies,0.68036836
B0073,ELABORAZIONE DI TESTI E GESTIONE DOCUMENTALE,2,B8396,Basic IT Skills,0.66104688
B0073,ELABORAZIONE DI TESTI E GESTIONE DOCUMENTALE,3,27311,Humanistic IT,0.65158882
B0073,ELABORAZIONE DI TESTI E GESTIONE DOCUMENTALE,4,B4826,Informatics for the Humanities,0.64259632
B0073,ELABORAZIONE DI TESTI E GESTIONE DOCUMENTALE,5,88566,Web Technology,0.63600680
B0073,ELABORAZIONE DI TESTI E GESTIONE DOCUMENTALE,6,78501,SISTEMA DI ELABORAZIONE DELLE INFORMAZIONI --,0.62958266
B0073,ELABORAZIONE DI TESTI E GESTIONE DOCUMENTALE,7,75969,Basic Informatics,0.62401854
B0073,ELABORAZIONE DI TESTI E GESTIONE DOCUMENTALE,8,41731,Web-related Technologies,0.62284894
B0073,ELABORAZIONE DI TESTI E GESTIONE DOCUMENTALE,9,75969,Basic Informatics,0.61867412
B0073,ELABORAZIONE DI TESTI E GESTIONE DOCUMENTALE,10,98618,"""Document Digitization Techniques """,0.61753513
B0074,PIATTAFORME PER LA TRASFORMAZIONE DIGITALE,1,B1459,"ARTIFICIAL INTELLIGENCE, BLOCKCHAIN E CRIPTOVALUTE NELLO SVILUPPO SOFTWARE",0.91440955
B0074,PIATTAFORME PER LA TRASFORMAZIONE DIGITALE,2,90106,Software Engineering,0.64837746
B0074,PIATTAFORME PER LA TRASFORMAZIONE DIGITALE,3,66858,Software Engineering,0.62899064
B0074,PIATTAFORME PER LA TRASFORMAZIONE DIGITALE,4,92858,Autonomous and Adaptive Systems M,0.62347660
B0074,PIATTAFORME PER LA TRASFORMAZIONE DIGITALE,5,B1874,Project Management and Software Engineering for Cultural Heritage,0.60845805
B0074,PIATTAFORME PER LA TRASFORMAZIONE DIGITALE,6,57828,Informatics,0.60516842
B0074,PIATTAFORME PER LA TRASFORMAZIONE DIGITALE,7,C7674,INTRODUZIONE ALLE TECNICHE DI MEMORIA E ALLE METODOLOGIE DI STUDIO,0.60455524
B0074,PIATTAFORME PER LA TRASFORMAZIONE DIGITALE,8,93379,Digital Culture,0.60243295
B0074,PIATTAFORME PER LA TRASFORMAZIONE DIGITALE,9,09730,Principles of Informatics,0.59534221
B0074,PIATTAFORME PER LA TRASFORMAZIONE DIGITALE,10,B0069,Artificial Intelligence for Digital Innovation,0.59326020
B0159,Integrated Analog Electronics,1,00269,Electronics,0.73369572
B0159,Integrated Analog Electronics,2,28651,Electronics T-A,0.71445850
B0159,Integrated Analog Electronics,3,37063,Principles of Electronics for Automation T,0.70807051
B0159,Integrated Analog Electronics,4,35148,Electronics for analogic signal processing,0.70628560
B0159,Integrated Analog Electronics,5,34876,Digital Systems Electronics M,0.70046322
B0159,Integrated Analog Electronics,6,93392,Analog Circuits and Sensor Systems M,0.69686293
B0159,Integrated Analog Electronics,7,81654,Design of Advanced Analog Circuits M,0.69347368
B0159,Integrated Analog Electronics,8,73092,Analog Electronic Circuits T-A,0.68220999
B0159,Integrated Analog Electronics,9,28724,Electronics T-2,0.67377551
B0159,Integrated Analog Electronics,10,94272,Electronic Systems,0.67158735
B0385,Natural Language Processing,1,91258,Natural Language Processing,1.00000000
B0385,Natural Language Processing,2,91258,Natural Language Processing,0.76102370
B0385,Natural Language Processing,3,91258,Natural Language Processing,0.72684330
B0385,Natural Language Processing,4,B2696,"Language, Technology, Research I: Computational Thinking",0.68565154
B0385,Natural Language Processing,5,B8603,Machine Translation and Artificial Intelligence for Language Services,0.62910369
B0385,Natural Language Processing,6,87898,Methods and Technologies for Interpreting,0.61876505
B0385,Natural Language Processing,7,B1873,Machine Learning for Humanities,0.61427068
B0385,Natural Language Processing,8,72940,Computational Models And Languages M,0.60388958
B0385,Natural Language Processing,9,90147,Artificial intelligence,0.59713860
B0385,Natural Language Processing,10,B5727,Introduction to Languages for Artificial Intelligence,0.59558923
B0832,Administration of Systems T,1,88324,System Administration T,0.89354418
B0832,Administration of Systems T,2,28652,IT Systems T-1,0.71917074
B0832,Administration of Systems T,3,B0833,Computer Security Laboratory T,0.67736141
B0832,Administration of Systems T,4,96642,Virtualization and System Integration,0.67711642
B0832,Administration of Systems T,5,28024,Computer Networks T,0.66390155
B0832,Administration of Systems T,6,28024,Computer Networks T,0.66390155
B0832,Administration of Systems T,7,28004,Foundations of Informatics T-1,0.65254193
B0832,Administration of Systems T,8,37085,"Principles, Models and Applications for Distributed Systems M",0.64826053
B0832,Administration of Systems T,9,95627,Software Engineering,0.63358712
B0832,Administration of Systems T,10,73025,Distributed Systems M,0.62993464
B0833,Computer Security Laboratory T,1,88325,Computer and Network Security Lab T,0.84721411
B0833,Computer Security Laboratory T,2,72942,Information Security M,0.69767998
B0833,Computer Security Laboratory T,3,B5793,Cybersecurity M,0.68844050
B0833,Computer Security Laboratory T,4,B0832,Administration of Systems T,0.67736141
B0833,Computer Security Laboratory T,5,93470,Cybersecurity,0.63801885
B0833,Computer Security Laboratory T,6,93466,FONDAMENTI DI CYBERSECURITY,0.62364105
B0833,Computer Security Laboratory T,7,93470,Cybersecurity,0.62234316
B0833,Computer Security Laboratory T,8,88324,System Administration T,0.61882454
B0833,Computer Security Laboratory T,9,B5812,Cybersecurity Governance,0.60689363
B0833,Computer Security Laboratory T,10,91161,"Networks, Security And Data Bases",0.58137160
B1459,"ARTIFICIAL INTELLIGENCE, BLOCKCHAIN E CRIPTOVALUTE NELLO SVILUPPO SOFTWARE",1,B0074,PIATTAFORME PER LA TRASFORMAZIONE DIGITALE,0.91440955
B1459,"ARTIFICIAL INTELLIGENCE, BLOCKCHAIN E CRIPTOVALUTE NELLO SVILUPPO SOFTWARE",2,90106,Software Engineering,0.66824410
B1459,"ARTIFICIAL INTELLIGENCE, BLOCKCHAIN E CRIPTOVALUTE NELLO SVILUPPO SOFTWARE",3,66858,Software Engineering,0.64885727
B1459,"ARTIFICIAL INTELLIGENCE, BLOCKCHAIN E CRIPTOVALUTE NELLO SVILUPPO SOFTWARE",4,81940,Artificial Intelligence,0.64122559
B1459,"ARTIFICIAL INTELLIGENCE, BLOCKCHAIN E CRIPTOVALUTE NELLO SVILUPPO SOFTWARE",5,90147,Artificial intelligence,0.63813265
B1459,"ARTIFICIAL INTELLIGENCE, BLOCKCHAIN E CRIPTOVALUTE NELLO SVILUPPO SOFTWARE",6,92858,Autonomous and Adaptive Systems M,0.63213848
B1459,"ARTIFICIAL INTELLIGENCE, BLOCKCHAIN E CRIPTOVALUTE NELLO SVILUPPO SOFTWARE",7,95965,Artificial Intelligence and Machine Learning for Business,0.61496993
B1459,"ARTIFICIAL INTELLIGENCE, BLOCKCHAIN E CRIPTOVALUTE NELLO SVILUPPO SOFTWARE",8,B0064,Introduction to Data Science and Computational Thinking,0.60956149
B1459,"ARTIFICIAL INTELLIGENCE, BLOCKCHAIN E CRIPTOVALUTE NELLO SVILUPPO SOFTWARE",9,09730,Principles of Informatics,0.60870336
B1459,"ARTIFICIAL INTELLIGENCE, BLOCKCHAIN E CRIPTOVALUTE NELLO SVILUPPO SOFTWARE",10,57828,Informatics,0.60549942
B1703,Introduction to Programming,1,B8105,Computational Management of Data,0.82758960
B1703,Introduction to Programming,2,00819,Programming,0.75754278
B1703,Introduction to Programming,3,75969,Basic Informatics,0.70490729
B1703,Introduction to Programming,4,75969,Basic Informatics,0.70294907
B1703,Introduction to Programming,5,07276,Computer Science,0.68832436
B1703,Introduction to Programming,6,37262,Computer Programming,0.68613130
B1703,Introduction to Programming,7,89988,Elements of Informatics,0.68155819
B1703,Introduction to Programming,8,95602,Programming and Computer Architectures,0.67990557
B1703,Introduction to Programming,9,00819,Programming,0.67386044
B1703,Introduction to Programming,10,11929,Algorithm and Data Structures,0.67315141
B1873,Machine Learning for Humanities,1,90147,Artificial intelligence,0.73896799
B1873,Machine Learning for Humanities,2,B8603,Machine Translation and Artificial Intelligence for Language Services,0.72413864
B1873,Machine Learning for Humanities,3,91250,Deep Learning,0.71697741
B1873,Machine Learning for Humanities,4,91250,Deep Learning,0.71697741
B1873,Machine Learning for Humanities,5,91266,Machine Learning for Computer Vision,0.71172111
B1873,Machine Learning for Humanities,6,95631,Machine Learning and Data Mining,0.70655040
B1873,Machine Learning for Humanities,7,90477,Machine Learning Systems For Data Science,0.70634313
B1873,Machine Learning for Humanities,8,91250,DEEP LEARNING,0.69533832
B1873,Machine Learning for Humanities,9,B2361,ELEMENTI DI MACHINE LEARNING E QUANTUM COMPUTING T,0.67965435
B1873,Machine Learning for Humanities,10,95631,Machine Learning and Data Mining,0.67907666
B1874,Project Management and Software Engineering for Cultural Heritage,1,09032,Software Engineering,0.72452492
B1874,Project Management and Software Engineering for Cultural Heritage,2,90106,INGEGNERIA DEL SOFTWARE,0.70835241
B1874,Project Management and Software Engineering for Cultural Heritage,3,95627,Software Engineering,0.70833126
B1874,Project Management and Software Engineering for Cultural Heritage,4,90106,Software Engineering,0.70802367
B1874,Project Management and Software Engineering for Cultural Heritage,5,66858,Software Engineering,0.70766236
B1874,Project Management and Software Engineering for Cultural Heritage,6,28021,Software Engineering T,0.69658084
B1874,Project Management and Software Engineering for Cultural Heritage,7,B5079,Digital Humanities and Data Management for Cultural Heritage,0.67018536
B1874,Project Management and Software Engineering for Cultural Heritage,8,28652,IT Systems T-1,0.66172563
B1874,Project Management and Software Engineering for Cultural Heritage,9,48693,Computer Science for Cultural Heritage,0.66090131
B1874,Project Management and Software Engineering for Cultural Heritage,10,B0010,Software Architecture and Platforms,0.65364126
B2125,Machine Learning and Data Mining M,1,95631,Machine Learning and Data Mining,0.99122075
B2125,Machine Learning and Data Mining M,2,95631,Machine Learning and Data Mining,0.79362346
B2125,Machine Learning and Data Mining M,3,40720,Data Mining,0.75972172
B2125,Machine Learning and Data Mining M,4,96143,Methods and Models for Data Analytics M,0.71416500
B2125,Machine Learning and Data Mining M,5,90477,Machine Learning Systems For Data Science,0.70901010
B2125,Machine Learning and Data Mining M,6,95965,Artificial Intelligence and Machine Learning for Business,0.70845894
B2125,Machine Learning and Data Mining M,7,B2133,Big Data Analytics and Text Mining,0.69102855
B2125,Machine Learning and Data Mining M,8,91250,Deep Learning,0.67997795
B2125,Machine Learning and Data Mining M,9,91250,Deep Learning,0.67997795
B2125,Machine Learning and Data Mining M,10,81932,Big Data,0.67910830
B2133,Big Data Analytics and Text Mining,1,40720,Data Mining,0.77160067
B2133,Big Data Analytics and Text Mining,2,81932,Big Data,0.74264217
B2133,Big Data Analytics and Text Mining,3,95631,Machine Learning and Data Mining,0.72469360
B2133,Big Data Analytics and Text Mining,4,95631,Machine Learning and Data Mining,0.69797834
B2133,Big Data Analytics and Text Mining,5,B2125,Machine Learning and Data Mining M,0.69102855
B2133,Big Data Analytics and Text Mining,6,90477,Machine Learning Systems For Data Science,0.69034214
B2133,Big Data Analytics and Text Mining,7,85189,Systems and Algorithms for Data Science,0.68329390
B2133,Big Data Analytics and Text Mining,8,97467,Big Data Analytics for Automotive Manufacturing Applications,0.66913960
B2133,Big Data Analytics and Text Mining,9,87198,Statistics and Architectures for Big Data Processing M,0.66190443
B2133,Big Data Analytics and Text Mining,10,70155,Data Bases,0.66176212
B2250,Microelectronics M,1,B8379,TECNOLOGIE MICROELETTRONICHE LM,0.70743298
B2250,Microelectronics M,2,69437,NANOELECTRONICS M,0.68606504
B2250,Microelectronics M,3,81654,Design of Advanced Analog Circuits M,0.68361415
B2250,Microelectronics M,4,93392,Analog Circuits and Sensor Systems M,0.68024947
B2250,Microelectronics M,5,28651,Electronics T-A,0.67509530
B2250,Microelectronics M,6,69773,Electronic Circuits Design,0.67269239
B2250,Microelectronics M,7,81649,Design On Analog Cicuits and Systems M,0.67140078
B2250,Microelectronics M,8,73092,Analog Electronic Circuits T-A,0.66630013
B2250,Microelectronics M,9,28724,Electronics T-2,0.65719282
B2250,Microelectronics M,10,00269,Electronics,0.64942559
B2361,ELEMENTI DI MACHINE LEARNING E QUANTUM COMPUTING T,1,90477,Machine Learning Systems For Data Science,0.72331360
B2361,ELEMENTI DI MACHINE LEARNING E QUANTUM COMPUTING T,2,85189,Systems and Algorithms for Data Science,0.70761323
B2361,ELEMENTI DI MACHINE LEARNING E QUANTUM COMPUTING T,3,90147,Artificial intelligence,0.68127622
B2361,ELEMENTI DI MACHINE LEARNING E QUANTUM COMPUTING T,4,11929,Algorithm and Data Structures,0.68067634
B2361,ELEMENTI DI MACHINE LEARNING E QUANTUM COMPUTING T,5,B1873,Machine Learning for Humanities,0.67965435
B2361,ELEMENTI DI MACHINE LEARNING E QUANTUM COMPUTING T,6,96346,INFORMATICA,0.66639829
B2361,ELEMENTI DI MACHINE LEARNING E QUANTUM COMPUTING T,7,93319,INTRODUZIONE ALL'APPRENDIMENTO AUTOMATICO,0.66249135
B2361,ELEMENTI DI MACHINE LEARNING E QUANTUM COMPUTING T,8,90749,Computing Education,0.66135106
B2361,ELEMENTI DI MACHINE LEARNING E QUANTUM COMPUTING T,9,91250,Deep Learning,0.65963269
B2361,ELEMENTI DI MACHINE LEARNING E QUANTUM COMPUTING T,10,91250,Deep Learning,0.65963269
B2696,"Language, Technology, Research I: Computational Thinking",1,37262,Computer Programming,0.71036720
B2696,"Language, Technology, Research I: Computational Thinking",2,87898,Methods and Technologies for Interpreting,0.69869610
B2696,"Language, Technology, Research I: Computational Thinking",3,28623,Foundations of Informatics and Laboratory,0.68799664
B2696,"Language, Technology, Research I: Computational Thinking",4,91258,Natural Language Processing,0.68565154
B2696,"Language, Technology, Research I: Computational Thinking",5,B0385,Natural Language Processing,0.68565154
B2696,"Language, Technology, Research I: Computational Thinking",6,07276,Computer Science,0.68425393
B2696,"Language, Technology, Research I: Computational Thinking",7,09730,Principles of Informatics,0.68192672
B2696,"Language, Technology, Research I: Computational Thinking",8,87901,Methods and Advanced Technologies for Interpreting,0.68093424
B2696,"Language, Technology, Research I: Computational Thinking",9,11933,Theoretical Computer Science,0.68060821
B2696,"Language, Technology, Research I: Computational Thinking",10,29227,Foundations of Informatics T,0.68001379
B3567,INTRODUCTION TO QUANTUM COMPUTING,1,99191,"Devices, Circuits and Algorithms for Quantum Computing M",0.86482016
B3567,INTRODUCTION TO QUANTUM COMPUTING,2,B2361,ELEMENTI DI MACHINE LEARNING E QUANTUM COMPUTING T,0.63301128
B3567,INTRODUCTION TO QUANTUM COMPUTING,3,89988,Elements of Informatics,0.60515565
B3567,INTRODUCTION TO QUANTUM COMPUTING,4,41169,Theoretical Computer Science,0.60422569
B3567,INTRODUCTION TO QUANTUM COMPUTING,5,11933,Theoretical Computer Science,0.59859805
B3567,INTRODUCTION TO QUANTUM COMPUTING,6,09730,Principles of Informatics,0.59707801
B3567,INTRODUCTION TO QUANTUM COMPUTING,7,00819,Programming,0.59499568
B3567,INTRODUCTION TO QUANTUM COMPUTING,8,B5727,Introduction to Languages for Artificial Intelligence,0.59115445
B3567,INTRODUCTION TO QUANTUM COMPUTING,9,B5026,Introduction to Computability and Complexity,0.58029607
B3567,INTRODUCTION TO QUANTUM COMPUTING,10,09730,Principles of Informatics,0.57964381
B4826,Informatics for the Humanities,1,57828,Informatics,0.77658320
B4826,Informatics for the Humanities,2,15305,Foundations of Informatics A,0.74503355
B4826,Informatics for the Humanities,3,09730,Principles of Informatics,0.74372182
B4826,Informatics for the Humanities,4,07276,INFORMATICA,0.73749504
B4826,Informatics for the Humanities,5,78510,Informatics,0.72384653
B4826,Informatics for the Humanities,6,75969,Basic Informatics,0.72269591
B4826,Informatics for the Humanities,7,75969,Basic Informatics,0.72263232
B4826,Informatics for the Humanities,8,96346,INFORMATICA,0.71476628
B4826,Informatics for the Humanities,9,82202,Informatic,0.71291974
B4826,Informatics for the Humanities,10,28106,Computer Science for Environmental Sciences,0.70881285
B4913,ALGORITMI E STRUTTURE DATI,1,11929,Algorithms and Data Structures,0.75699594
B4913,ALGORITMI E STRUTTURE DATI,2,37635,Data Structure and Algorithms,0.74634232
B4913,ALGORITMI E STRUTTURE DATI,3,B5782,Algorithms and Data Structures for Computational Biology,0.71297220
B4913,ALGORITMI E STRUTTURE DATI,4,11929,Algorithms and Data Structures,0.70799776
B4913,ALGORITMI E STRUTTURE DATI,5,11929,Algorithms and Data Structures,0.70625091
B4913,ALGORITMI E STRUTTURE DATI,6,41169,Theoretical Computer Science,0.68455771
B4913,ALGORITMI E STRUTTURE DATI,7,16692,Laboratory of Informatics,0.67326767
B4913,ALGORITMI E STRUTTURE DATI,8,85301,Algorithms and Data Structures in Biology,0.66011416
B4913,ALGORITMI E STRUTTURE DATI,9,11929,Algorithm and Data Structures,0.65625386
B4913,ALGORITMI E STRUTTURE DATI,10,09730,Principles of Informatics,0.64983275
B4925,IMMERSIVE TECHNOLOGIES FOR FASHION,1,B4940,DATA SCIENCE FOR FASHION SYSTEM,0.78260962
B4925,IMMERSIVE TECHNOLOGIES FOR FASHION,2,73273,Informatic Tecnologies for Fashion,0.65952566
B4925,IMMERSIVE TECHNOLOGIES FOR FASHION,3,90864,Elements of Computer Technologies for Fashion E-Commerce,0.64296624
B4925,IMMERSIVE TECHNOLOGIES FOR FASHION,4,B8019,PROGRAMMING THE INTERNET OF THINGS M,0.61402459
B4925,IMMERSIVE TECHNOLOGIES FOR FASHION,5,B5059,Interaction Media Design,0.60438536
B4925,IMMERSIVE TECHNOLOGIES FOR FASHION,6,07276,INFORMATICA,0.59868748
B4925,IMMERSIVE TECHNOLOGIES FOR FASHION,7,81678,Laboratory of Making,0.59097879
B4925,IMMERSIVE TECHNOLOGIES FOR FASHION,8,81678,Laboratory of Making,0.58796638
B4925,IMMERSIVE TECHNOLOGIES FOR FASHION,9,88566,Web Technology,0.58190081
B4925,IMMERSIVE TECHNOLOGIES FOR FASHION,10,85445,Information Modelling and Web Technologies,0.57520592
B4940,DATA SCIENCE FOR FASHION SYSTEM,1,B4925,IMMERSIVE TECHNOLOGIES FOR FASHION,0.78260962
B4940,DATA SCIENCE FOR FASHION SYSTEM,2,07276,INFORMATICA,0.64245918
B4940,DATA SCIENCE FOR FASHION SYSTEM,3,93653,Iot And Big Data For Smart Agricultural Systems,0.62513360
B4940,DATA SCIENCE FOR FASHION SYSTEM,4,81932,Big Data,0.61883644
B4940,DATA SCIENCE FOR FASHION SYSTEM,5,72796,Data Intensive Applications,0.61534550
B4940,DATA SCIENCE FOR FASHION SYSTEM,6,70155,Data Bases,0.61049465
B4940,DATA SCIENCE FOR FASHION SYSTEM,7,11929,Algorithm and Data Structures,0.59807712
B4940,DATA SCIENCE FOR FASHION SYSTEM,8,85445,Information Modelling and Web Technologies,0.59746761
B4940,DATA SCIENCE FOR FASHION SYSTEM,9,B8105,Computational Management of Data,0.59187743
B4940,DATA SCIENCE FOR FASHION SYSTEM,10,78501,SISTEMA DI ELABORAZIONE DELLE INFORMAZIONI --,0.58845059
B4948,Cognitive Sematics for Artificial Intelligence,1,90147,Artificial intelligence,0.65890844
B4948,Cognitive Sematics for Artificial Intelligence,2,B8836,Universal Semantics,0.65708098
B4948,Cognitive Sematics for Artificial Intelligence,3,B1873,Machine Learning for Humanities,0.62391394
B4948,Cognitive Sematics for Artificial Intelligence,4,81940,Artificial Intelligence,0.62274588
B4948,Cognitive Sematics for Artificial Intelligence,5,85446,Knowledge Representation and Extraction,0.60608360
B4948,Cognitive Sematics for Artificial Intelligence,6,91265,Knowledge Engineering,0.59355319
B4948,Cognitive Sematics for Artificial Intelligence,7,B0069,Artificial Intelligence for Digital Innovation,0.58935681
B4948,Cognitive Sematics for Artificial Intelligence,8,72938,Foundations Of Artificial Intelligence T,0.57225767
B4948,Cognitive Sematics for Artificial Intelligence,9,91250,Deep Learning,0.55625915
B4948,Cognitive Sematics for Artificial Intelligence,10,91250,Deep Learning,0.55625915
B5026,Introduction to Computability and Complexity,1,11933,Theoretical Computer Science,0.68774993
B5026,Introduction to Computability and Complexity,2,41169,Theoretical Computer Science,0.67854614
B5026,Introduction to Computability and Complexity,3,11929,Algorithm and Data Structures,0.67741180
B5026,Introduction to Computability and Complexity,4,B5782,Algorithms and Data Structures for Computational Biology,0.66400141
B5026,Introduction to Computability and Complexity,5,B5727,Introduction to Languages for Artificial Intelligence,0.65737461
B5026,Introduction to Computability and Complexity,6,78778,Intelligent Systems M,0.65720057
B5026,Introduction to Computability and Complexity,7,09730,Principles of Informatics,0.64426926
B5026,Introduction to Computability and Complexity,8,81609,"Languages, Compilers and Computational Models",0.64321262
B5026,Introduction to Computability and Complexity,9,90147,Artificial intelligence,0.64120168
B5026,Introduction to Computability and Complexity,10,07276,Computer Science,0.63964034
B5059,Interaction Media Design,1,76011,Multimedia Technologies in Archaelogy,0.65265743
B5059,Interaction Media Design,2,98618,"""Document Digitization Techniques """,0.65042465
B5059,Interaction Media Design,3,48693,Computer Science for Cultural Heritage,0.64750218
B5059,Interaction Media Design,4,48693,Computer Science for Cultural Heritage,0.64702445
B5059,Interaction Media Design,5,97466,Digital represention of the Landscape Project,0.64507999
B5059,Interaction Media Design,6,81917,Interaction Multimedia Services,0.63823591
B5059,Interaction Media Design,7,81934,HUMAN COMPUTER INTERACTION,0.63115211
B5059,Interaction Media Design,8,91264,User Experience Design,0.62603225
B5059,Interaction Media Design,9,B5079,Digital Humanities and Data Management for Cultural Heritage,0.62231016
B5059,Interaction Media Design,10,88230,TECNOLOGIE INDUSTRIALI ABILITANTI PER IL WEB E HMI P,0.61655133
B5079,Digital Humanities and Data Management for Cultural Heritage,1,48693,Computer Science for Cultural Heritage,0.86422527
B5079,Digital Humanities and Data Management for Cultural Heritage,2,27311,Humanistic IT,0.68614502
B5079,Digital Humanities and Data Management for Cultural Heritage,3,B1874,Project Management and Software Engineering for Cultural Heritage,0.67018536
B5079,Digital Humanities and Data Management for Cultural Heritage,4,98618,"""Document Digitization Techniques """,0.66311638
B5079,Digital Humanities and Data Management for Cultural Heritage,5,B4826,Informatics for the Humanities,0.64179869
B5079,Digital Humanities and Data Management for Cultural Heritage,6,27311,Humanistic IT,0.63589019
B5079,Digital Humanities and Data Management for Cultural Heritage,7,B1873,Machine Learning for Humanities,0.62498222
B5079,Digital Humanities and Data Management for Cultural Heritage,8,B5059,Interaction Media Design,0.62231016
B5079,Digital Humanities and Data Management for Cultural Heritage,9,75969,Basic Informatics,0.61359816
B5079,Digital Humanities and Data Management for Cultural Heritage,10,75969,Basic Informatics,0.61286885
B5292,Knowledge Engeneering for the Humanities,1,B0070,METODOLOGIE E TECNICHE DI SIMULAZIONE,0.76751050
B5292,Knowledge Engeneering for the Humanities,2,91265,Knowledge Engineering,0.71163554
B5292,Knowledge Engeneering for the Humanities,3,B4826,Informatics for the Humanities,0.70060391
B5292,Knowledge Engeneering for the Humanities,4,85446,Knowledge Representation and Extraction,0.67338531
B5292,Knowledge Engeneering for the Humanities,5,B1873,Machine Learning for Humanities,0.65595474
B5292,Knowledge Engeneering for the Humanities,6,42500,Semantic Web,0.65560114
B5292,Knowledge Engeneering for the Humanities,7,91248,Fundamentals of Artificial Intelligence and Knowledge Representation,0.62934860
B5292,Knowledge Engeneering for the Humanities,8,B5293,Computer Studies and Humanities,0.62784201
B5292,Knowledge Engeneering for the Humanities,9,27311,Humanistic IT,0.62491375
B5292,Knowledge Engeneering for the Humanities,10,B2133,Big Data Analytics and Text Mining,0.62219387
B5293,Computer Studies and Humanities,1,B8929,Computer Studies and Human Sciences,0.97652364
B5293,Computer Studies and Humanities,2,B4826,Informatics for the Humanities,0.68916212
B5293,Computer Studies and Humanities,3,75969,Basic Informatics,0.68068815
B5293,Computer Studies and Humanities,4,B0070,METODOLOGIE E TECNICHE DI SIMULAZIONE,0.68048038
B5293,Computer Studies and Humanities,5,B9254,Basic IT Skills,0.67724309
B5293,Computer Studies and Humanities,6,75969,Basic Informatics,0.67723276
B5293,Computer Studies and Humanities,7,90749,Computing Education,0.67342546
B5293,Computer Studies and Humanities,8,B8396,Basic IT Skills,0.66260478
B5293,Computer Studies and Humanities,9,73273,Informatic Tecnologies for Fashion,0.65485934
B5293,Computer Studies and Humanities,10,95645,Foundations of Web Systems,0.64436164
B5474,ARCHITETTURE SOFTWARE A MICROSERVIZI,1,95627,Software Engineering,0.70744477
B5474,ARCHITETTURE SOFTWARE A MICROSERVIZI,2,90106,INGEGNERIA DEL SOFTWARE,0.68758431
B5474,ARCHITETTURE SOFTWARE A MICROSERVIZI,3,09032,Software Engineering,0.66676171
B5474,ARCHITETTURE SOFTWARE A MICROSERVIZI,4,B0010,Software Architecture and Platforms,0.66341408
B5474,ARCHITETTURE SOFTWARE A MICROSERVIZI,5,B0009,Advanced Software Modelling and Design,0.64358509
B5474,ARCHITETTURE SOFTWARE A MICROSERVIZI,6,57828,Informatics,0.63995201
B5474,ARCHITETTURE SOFTWARE A MICROSERVIZI,7,94442,Design of Web Applications T,0.63495499
B5474,ARCHITETTURE SOFTWARE A MICROSERVIZI,8,90106,Software Engineering,0.63013657
B5474,ARCHITETTURE SOFTWARE A MICROSERVIZI,9,81612,Programming and Development paradigms,0.62053509
B5474,ARCHITETTURE SOFTWARE A MICROSERVIZI,10,B1874,Project Management and Software Engineering for Cultural Heritage,0.61926524
B5665,Real Time Systems and Programming for Automation M,1,78810,Real Time Systems for Automation M,0.97016919
B5665,Real Time Systems and Programming for Automation M,2,B8105,Computational Management of Data,0.65214469
B5665,Real Time Systems and Programming for Automation M,3,B1703,Introduction to Programming,0.64727761
B5665,Real Time Systems and Programming for Automation M,4,00819,Programming,0.64205567
B5665,Real Time Systems and Programming for Automation M,5,88155,Industrial Informatics P,0.63730550
B5665,Real Time Systems and Programming for Automation M,6,B5727,Introduction to Languages for Artificial Intelligence,0.63622819
B5665,Real Time Systems and Programming for Automation M,7,85728,Real Time OS M,0.62219299
B5665,Real Time Systems and Programming for Automation M,8,95602,Programming and Computer Architectures,0.61957777
B5665,Real Time Systems and Programming for Automation M,9,B5780,Computational Methods for Bioinformatics,0.61714011
B5665,Real Time Systems and Programming for Automation M,10,08574,Operating Systems,0.61263031
B5674,Management of Digital Media,1,93379,Digital Culture,0.61110290
B5674,Management of Digital Media,2,B5059,Interaction Media Design,0.61016065
B5674,Management of Digital Media,3,98618,"""Document Digitization Techniques """,0.58998586
B5674,Management of Digital Media,4,B5079,Digital Humanities and Data Management for Cultural Heritage,0.57409511
B5674,Management of Digital Media,5,48693,Computer Science for Cultural Heritage,0.53030195
B5674,Management of Digital Media,6,73273,Informatic Tecnologies for Fashion,0.52623135
B5674,Management of Digital Media,7,B4925,IMMERSIVE TECHNOLOGIES FOR FASHION,0.52544138
B5674,Management of Digital Media,8,57828,Informatics,0.51337815
B5674,Management of Digital Media,9,95639,Industry 4.0,0.51164879
B5674,Management of Digital Media,10,95632,Laboratory on Digital Transformation Technologies,0.50678316
B5722,Embedded Sensors,1,93929,Sensors and Nanotechnology,0.87969203
B5722,Embedded Sensors,2,B8378,SENSORI ELETTRONICI INTELLIGENTI LM,0.82952359
B5722,Embedded Sensors,3,94272,Electronic Systems,0.71951163
B5722,Embedded Sensors,4,69773,Electronic Circuits Design,0.69281096
B5722,Embedded Sensors,5,34991,Project in electronics and telecommunications,0.67350219
B5722,Embedded Sensors,6,B8379,TECNOLOGIE MICROELETTRONICHE LM,0.66932424
B5722,Embedded Sensors,7,28651,Electronics T-A,0.66539719
B5722,Embedded Sensors,8,00269,Electronics,0.66283839
B5722,Embedded Sensors,9,81678,Laboratory of Making,0.66181485
B5722,Embedded Sensors,10,93392,Analog Circuits and Sensor Systems M,0.65682887
B5727,Introduction to Languages for Artificial Intelligence,1,98931,Fundamentals of Artificial Intelligence,0.81819011
B5727,Introduction to Languages for Artificial Intelligence,2,91248,Fundamentals of Artificial Intelligence and Knowledge Representation,0.80898466
B5727,Introduction to Languages for Artificial Intelligence,3,89988,Elements of Informatics,0.73467956
B5727,Introduction to Languages for Artificial Intelligence,4,81940,Artificial Intelligence,0.72178300
B5727,Introduction to Languages for Artificial Intelligence,5,91259,Architecture and Platforms for Artificial Intelligence,0.71803739
B5727,Introduction to Languages for Artificial Intelligence,6,90477,Machine Learning Systems For Data Science,0.71796947
B5727,Introduction to Languages for Artificial Intelligence,7,78778,Intelligent Systems M,0.71108765
B5727,Introduction to Languages for Artificial Intelligence,8,81609,"Languages, Compilers and Computational Models",0.70565991
B5727,Introduction to Languages for Artificial Intelligence,9,85189,Systems and Algorithms for Data Science,0.70037329
B5727,Introduction to Languages for Artificial Intelligence,10,09730,Principles of Informatics,0.68972858
B5780,Computational Methods for Bioinformatics,1,89988,Elements of Informatics,0.70955346
B5780,Computational Methods for Bioinformatics,2,96346,INFORMATICA,0.70268981
B5780,Computational Methods for Bioinformatics,3,85189,Systems and Algorithms for Data Science,0.69251700
B5780,Computational Methods for Bioinformatics,4,90477,Machine Learning Systems For Data Science,0.68535738
B5780,Computational Methods for Bioinformatics,5,95602,Programming and Computer Architectures,0.67087257
B5780,Computational Methods for Bioinformatics,6,B8105,Computational Management of Data,0.65869410
B5780,Computational Methods for Bioinformatics,7,37262,Computer Programming,0.65208463
B5780,Computational Methods for Bioinformatics,8,B2361,ELEMENTI DI MACHINE LEARNING E QUANTUM COMPUTING T,0.65196355
B5780,Computational Methods for Bioinformatics,9,B5782,Algorithms and Data Structures for Computational Biology,0.64974555
B5780,Computational Methods for Bioinformatics,10,41588,INTRODUZIONE ALL'ANALISI DEI DATI,0.64697122
B5782,Algorithms and Data Structures for Computational Biology,1,85301,Algorithms and Data Structures in Biology,0.81860951
B5782,Algorithms and Data Structures for Computational Biology,2,11929,Algorithm and Data Structures,0.80542223
B5782,Algorithms and Data Structures for Computational Biology,3,11929,Algorithms and Data Structures,0.78175163
B5782,Algorithms and Data Structures for Computational Biology,4,37635,Data Structure and Algorithms,0.77637818
B5782,Algorithms and Data Structures for Computational Biology,5,16692,Laboratory of Informatics,0.74628155
B5782,Algorithms and Data Structures for Computational Biology,6,09730,Principles of Informatics,0.74138866
B5782,Algorithms and Data Structures for Computational Biology,7,15305,Foundations of Informatics A,0.73493346
B5782,Algorithms and Data Structures for Computational Biology,8,09730,Principles of Informatics,0.72324736
B5782,Algorithms and Data Structures for Computational Biology,9,11929,Algorithms and Data Structures,0.71803468
B5782,Algorithms and Data Structures for Computational Biology,10,B8105,Computational Management of Data,0.71709493
B5793,Cybersecurity M,1,93470,Cybersecurity,0.87827527
B5793,Cybersecurity M,2,B5812,Cybersecurity Governance,0.82381580
B5793,Cybersecurity M,3,93470,Cybersecurity,0.71597935
B5793,Cybersecurity M,4,88325,Computer and Network Security Lab T,0.71027136
B5793,Cybersecurity M,5,B0833,Computer Security Laboratory T,0.68844050
B5793,Cybersecurity M,6,72942,Information Security M,0.67738379
B5793,Cybersecurity M,7,93466,FONDAMENTI DI CYBERSECURITY,0.61096362
B5793,Cybersecurity M,8,90392,Elements of Applied Data Security M,0.60501816
B5793,Cybersecurity M,9,91161,"Networks, Security And Data Bases",0.57783515
B5793,Cybersecurity M,10,B8311,SECURITY OF DATA AND NEURAL PROCESSING M,0.57583544
B5796,Scalable and Reliable Services M,1,97431,Scalable and Reliable Services M,1.00000000
B5796,Scalable and Reliable Services M,2,73025,Distributed Systems M,0.60202245
B5796,Scalable and Reliable Services M,3,B5793,Cybersecurity M,0.57462800
B5796,Scalable and Reliable Services M,4,95630,Big Data and Cloud Platforms,0.56409062
B5796,Scalable and Reliable Services M,5,78779,Mobile Systems M,0.56393845
B5796,Scalable and Reliable Services M,6,B0832,Administration of Systems T,0.54890861
B5796,Scalable and Reliable Services M,7,93395,Reliable Data Processing and Storage for Iintelligent Systems M,0.53930433
B5796,Scalable and Reliable Services M,8,93470,Cybersecurity,0.53744246
B5796,Scalable and Reliable Services M,9,87474,Distributed Systems,0.53628257
B5796,Scalable and Reliable Services M,10,B5812,Cybersecurity Governance,0.53461288
B5812,Cybersecurity Governance,1,B5793,Cybersecurity M,0.82381580
B5812,Cybersecurity Governance,2,93470,Cybersecurity,0.82298964
B5812,Cybersecurity Governance,3,93470,Cybersecurity,0.69118733
B5812,Cybersecurity Governance,4,88325,Computer and Network Security Lab T,0.67477880
B5812,Cybersecurity Governance,5,91161,"Networks, Security And Data Bases",0.63508784
B5812,Cybersecurity Governance,6,72942,Information Security M,0.63384573
B5812,Cybersecurity Governance,7,88324,System Administration T,0.63310757
B5812,Cybersecurity Governance,8,B0833,Computer Security Laboratory T,0.60689363
B5812,Cybersecurity Governance,9,93466,FONDAMENTI DI CYBERSECURITY,0.57785427
B5812,Cybersecurity Governance,10,B0832,Administration of Systems T,0.56977757
B6082,Technology-Assisted Interpreting I,1,87901,Methods and Advanced Technologies for Interpreting,0.84364325
B6082,Technology-Assisted Interpreting I,2,87898,Methods and Technologies for Interpreting,0.75471523
B6082,Technology-Assisted Interpreting I,3,B8536,"Computer-Aided Human Translation: CAT, MT and AI",0.68230084
B6082,Technology-Assisted Interpreting I,4,B8536,"Computer-Aided Human Translation: CAT, MT and AI",0.68230084
B6082,Technology-Assisted Interpreting I,5,B8536,"Computer-Aided Human Translation: CAT, MT and AI",0.68230084
B6082,Technology-Assisted Interpreting I,6,B2696,"Language, Technology, Research I: Computational Thinking",0.63906123
B6082,Technology-Assisted Interpreting I,7,B8603,Machine Translation and Artificial Intelligence for Language Services,0.62067280
B6082,Technology-Assisted Interpreting I,8,B8396,Basic IT Skills,0.60780519
B6082,Technology-Assisted Interpreting I,9,B0073,ELABORAZIONE DI TESTI E GESTIONE DOCUMENTALE,0.60349204
B6082,Technology-Assisted Interpreting I,10,B5059,Interaction Media Design,0.59959739
B8018,DIGITAL HEALTH M,1,B8019,PROGRAMMING THE INTERNET OF THINGS M,0.65195514
B8018,DIGITAL HEALTH M,2,75198,Health Information Processing Systems,0.63388243
B8018,DIGITAL HEALTH M,3,07276,Computer Science,0.60583987
B8018,DIGITAL HEALTH M,4,81683,Internet of Things,0.58176632
B8018,DIGITAL HEALTH M,5,77933,Multimedia Data Management M,0.57965774
B8018,DIGITAL HEALTH M,6,82202,Informatic,0.56024554
B8018,DIGITAL HEALTH M,7,82202,Informatic,0.55895946
B8018,DIGITAL HEALTH M,8,B0074,PIATTAFORME PER LA TRASFORMAZIONE DIGITALE,0.55885540
B8018,DIGITAL HEALTH M,9,B8396,Basic IT Skills,0.55418616
B8018,DIGITAL HEALTH M,10,78096,Multimedia Data Management M,0.55123562
B8019,PROGRAMMING THE INTERNET OF THINGS M,1,81683,Internet of Things,0.78047868
B8019,PROGRAMMING THE INTERNET OF THINGS M,2,75969,Basic Informatics,0.66148254
B8019,PROGRAMMING THE INTERNET OF THINGS M,3,75969,Basic Informatics,0.65846203
B8019,PROGRAMMING THE INTERNET OF THINGS M,4,B8018,DIGITAL HEALTH M,0.65195514
B8019,PROGRAMMING THE INTERNET OF THINGS M,5,78779,Mobile Systems M,0.65090660
B8019,PROGRAMMING THE INTERNET OF THINGS M,6,B8105,Computational Management of Data,0.64808969
B8019,PROGRAMMING THE INTERNET OF THINGS M,7,73273,Informatic Tecnologies for Fashion,0.64206206
B8019,PROGRAMMING THE INTERNET OF THINGS M,8,96859,Embedded Systems and Internet of Things,0.64088533
B8019,PROGRAMMING THE INTERNET OF THINGS M,9,93653,Iot And Big Data For Smart Agricultural Systems,0.63604844
B8019,PROGRAMMING THE INTERNET OF THINGS M,10,95605,Web and Mobile Systems,0.63145060
B8105,Computational Management of Data,1,B1703,Introduction to Programming,0.82758960
B8105,Computational Management of Data,2,11929,Algorithm and Data Structures,0.77451083
B8105,Computational Management of Data,3,75969,Basic Informatics,0.73631352
B8105,Computational Management of Data,4,75969,Basic Informatics,0.73526861
B8105,Computational Management of Data,5,00819,Programming,0.72532088
B8105,Computational Management of Data,6,89988,Elements of Informatics,0.72372470
B8105,Computational Management of Data,7,B5782,Algorithms and Data Structures for Computational Biology,0.71709493
B8105,Computational Management of Data,8,72796,Data Intensive Applications,0.70660305
B8105,Computational Management of Data,9,98931,Fundamentals of Artificial Intelligence,0.70525385
B8105,Computational Management of Data,10,81932,Big Data,0.70320195
B8159,INFORMATICA,1,96793,Information Systems and Database Management,0.72277631
B8159,INFORMATICA,2,70155,Data Bases,0.72098404
B8159,INFORMATICA,3,09730,Principles of Informatics,0.71907060
B8159,INFORMATICA,4,15305,Foundations of Informatics A,0.71013940
B8159,INFORMATICA,5,60348,Informatics,0.69331572
B8159,INFORMATICA,6,09730,Principles of Informatics,0.69201471
B8159,INFORMATICA,7,57828,Informatics,0.69112340
B8159,INFORMATICA,8,B4826,Informatics for the Humanities,0.68966740
B8159,INFORMATICA,9,79194,Databases,0.67872614
B8159,INFORMATICA,10,78501,SISTEMA DI ELABORAZIONE DELLE INFORMAZIONI --,0.67604255
B8309,STATISTICA E MACHINE LEARNING PER L'ELABORAZIONE DEI SEGNALI M,1,B8310,STATISTICS AND MACHINE LEARNING FOR SIGNAL PROCESSING M,0.71855172
B8309,STATISTICA E MACHINE LEARNING PER L'ELABORAZIONE DEI SEGNALI M,2,93319,INTRODUZIONE ALL'APPRENDIMENTO AUTOMATICO,0.66833012
B8309,STATISTICA E MACHINE LEARNING PER L'ELABORAZIONE DEI SEGNALI M,3,91250,Deep Learning,0.65594440
B8309,STATISTICA E MACHINE LEARNING PER L'ELABORAZIONE DEI SEGNALI M,4,91250,Deep Learning,0.65594440
B8309,STATISTICA E MACHINE LEARNING PER L'ELABORAZIONE DEI SEGNALI M,5,B2361,ELEMENTI DI MACHINE LEARNING E QUANTUM COMPUTING T,0.64337154
B8309,STATISTICA E MACHINE LEARNING PER L'ELABORAZIONE DEI SEGNALI M,6,91250,DEEP LEARNING,0.63811665
B8309,STATISTICA E MACHINE LEARNING PER L'ELABORAZIONE DEI SEGNALI M,7,81610,Machine Learning,0.62075130
B8309,STATISTICA E MACHINE LEARNING PER L'ELABORAZIONE DEI SEGNALI M,8,88202,Machine Learning,0.62075130
B8309,STATISTICA E MACHINE LEARNING PER L'ELABORAZIONE DEI SEGNALI M,9,90477,Machine Learning Systems For Data Science,0.61369716
B8309,STATISTICA E MACHINE LEARNING PER L'ELABORAZIONE DEI SEGNALI M,10,B2125,Machine Learning and Data Mining M,0.61173124
B8310,STATISTICS AND MACHINE LEARNING FOR SIGNAL PROCESSING M,1,B8309,STATISTICA E MACHINE LEARNING PER L'ELABORAZIONE DEI SEGNALI M,0.71855172
B8310,STATISTICS AND MACHINE LEARNING FOR SIGNAL PROCESSING M,2,35424,Time-Frequency and Multirate Signal Processing M,0.67149610
B8310,STATISTICS AND MACHINE LEARNING FOR SIGNAL PROCESSING M,3,84442,High Frequency Electronic Circuits M,0.60172381
B8310,STATISTICS AND MACHINE LEARNING FOR SIGNAL PROCESSING M,4,35364,Digital Architectures for Signal Processing M,0.58406273
B8310,STATISTICS AND MACHINE LEARNING FOR SIGNAL PROCESSING M,5,B2361,ELEMENTI DI MACHINE LEARNING E QUANTUM COMPUTING T,0.57426641
B8310,STATISTICS AND MACHINE LEARNING FOR SIGNAL PROCESSING M,6,35148,Electronics for analogic signal processing,0.57421882
B8310,STATISTICS AND MACHINE LEARNING FOR SIGNAL PROCESSING M,7,91762,Combinatorial Decision Making and Optimization,0.56933367
B8310,STATISTICS AND MACHINE LEARNING FOR SIGNAL PROCESSING M,8,B8378,SENSORI ELETTRONICI INTELLIGENTI LM,0.55873521
B8310,STATISTICS AND MACHINE LEARNING FOR SIGNAL PROCESSING M,9,90477,Machine Learning Systems For Data Science,0.55768255
B8310,STATISTICS AND MACHINE LEARNING FOR SIGNAL PROCESSING M,10,37063,Principles of Electronics for Automation T,0.55408983
B8311,SECURITY OF DATA AND NEURAL PROCESSING M,1,90392,Elements of Applied Data Security M,0.94637023
B8311,SECURITY OF DATA AND NEURAL PROCESSING M,2,93466,FONDAMENTI DI CYBERSECURITY,0.70336619
B8311,SECURITY OF DATA AND NEURAL PROCESSING M,3,72942,Information Security M,0.68256694
B8311,SECURITY OF DATA AND NEURAL PROCESSING M,4,93470,Cybersecurity,0.63187459
B8311,SECURITY OF DATA AND NEURAL PROCESSING M,5,93467,Cryptography,0.61729252
B8311,SECURITY OF DATA AND NEURAL PROCESSING M,6,88325,Computer and Network Security Lab T,0.59997019
B8311,SECURITY OF DATA AND NEURAL PROCESSING M,7,93470,Cybersecurity,0.58665684
B8311,SECURITY OF DATA AND NEURAL PROCESSING M,8,14015,Cryptography,0.58455171
B8311,SECURITY OF DATA AND NEURAL PROCESSING M,9,B5793,Cybersecurity M,0.57583544
B8311,SECURITY OF DATA AND NEURAL PROCESSING M,10,91161,"Networks, Security And Data Bases",0.57246858
B8378,SENSORI ELETTRONICI INTELLIGENTI LM,1,B5722,Embedded Sensors,0.82952359
B8378,SENSORI ELETTRONICI INTELLIGENTI LM,2,93929,Sensors and Nanotechnology,0.77675108
B8378,SENSORI ELETTRONICI INTELLIGENTI LM,3,94272,Electronic Systems,0.69225130
B8378,SENSORI ELETTRONICI INTELLIGENTI LM,4,69773,Electronic Circuits Design,0.69088918
B8378,SENSORI ELETTRONICI INTELLIGENTI LM,5,88154,ELETTRONICA INDUSTRIALE P,0.68859868
B8378,SENSORI ELETTRONICI INTELLIGENTI LM,6,81678,Laboratory of Making,0.64595005
B8378,SENSORI ELETTRONICI INTELLIGENTI LM,7,28651,Electronics T-A,0.64337026
B8378,SENSORI ELETTRONICI INTELLIGENTI LM,8,84442,High Frequency Electronic Circuits M,0.64225254
B8378,SENSORI ELETTRONICI INTELLIGENTI LM,9,93392,Analog Circuits and Sensor Systems M,0.63399698
B8378,SENSORI ELETTRONICI INTELLIGENTI LM,10,B8379,TECNOLOGIE MICROELETTRONICHE LM,0.63074956
B8379,TECNOLOGIE MICROELETTRONICHE LM,1,28651,Electronics T-A,0.76497966
B8379,TECNOLOGIE MICROELETTRONICHE LM,2,B8390,DISPOSITIVI E CIRCUITI INTEGRATI DI POTENZA LM,0.76140506
B8379,TECNOLOGIE MICROELETTRONICHE LM,3,00269,Electronics,0.74591732
B8379,TECNOLOGIE MICROELETTRONICHE LM,4,88154,ELETTRONICA INDUSTRIALE P,0.72480226
B8379,TECNOLOGIE MICROELETTRONICHE LM,5,94247,Laboratory on Power Electronics,0.72322335
B8379,TECNOLOGIE MICROELETTRONICHE LM,6,37063,Principles of Electronics for Automation T,0.71306423
B8379,TECNOLOGIE MICROELETTRONICHE LM,7,B2250,Microelectronics M,0.70743298
B8379,TECNOLOGIE MICROELETTRONICHE LM,8,69437,NANOELECTRONICS M,0.69835679
B8379,TECNOLOGIE MICROELETTRONICHE LM,9,34876,Digital Systems Electronics M,0.69757558
B8379,TECNOLOGIE MICROELETTRONICHE LM,10,69773,Electronic Circuits Design,0.69216370
B8390,DISPOSITIVI E CIRCUITI INTEGRATI DI POTENZA LM,1,B8379,TECNOLOGIE MICROELETTRONICHE LM,0.76140506
B8390,DISPOSITIVI E CIRCUITI INTEGRATI DI POTENZA LM,2,94247,Laboratory on Power Electronics,0.72126246
B8390,DISPOSITIVI E CIRCUITI INTEGRATI DI POTENZA LM,3,00269,Electronics,0.68994248
B8390,DISPOSITIVI E CIRCUITI INTEGRATI DI POTENZA LM,4,88154,ELETTRONICA INDUSTRIALE P,0.68429922
B8390,DISPOSITIVI E CIRCUITI INTEGRATI DI POTENZA LM,5,28651,Electronics T-A,0.66183660
B8390,DISPOSITIVI E CIRCUITI INTEGRATI DI POTENZA LM,6,85733,Power Electronics for Automotive M,0.64373217
B8390,DISPOSITIVI E CIRCUITI INTEGRATI DI POTENZA LM,7,37063,Principles of Electronics for Automation T,0.64354557
B8390,DISPOSITIVI E CIRCUITI INTEGRATI DI POTENZA LM,8,93390,Digital Systems and Introduction to Computer Architectures M,0.64275105
B8390,DISPOSITIVI E CIRCUITI INTEGRATI DI POTENZA LM,9,84442,High Frequency Electronic Circuits M,0.64236909
B8390,DISPOSITIVI E CIRCUITI INTEGRATI DI POTENZA LM,10,88228,Microcontroller electronic systems P,0.64148342
B8396,Basic IT Skills,1,B9254,Basic IT Skills,0.79441321
B8396,Basic IT Skills,2,75969,Basic Informatics,0.73159716
B8396,Basic IT Skills,3,75969,Basic Informatics,0.72314045
B8396,Basic IT Skills,4,85445,Information Modelling and Web Technologies,0.67495919
B8396,Basic IT Skills,5,B8929,Computer Studies and Human Sciences,0.66544339
B8396,Basic IT Skills,6,B5293,Computer Studies and Humanities,0.66260478
B8396,Basic IT Skills,7,B0073,ELABORAZIONE DI TESTI E GESTIONE DOCUMENTALE,0.66104688
B8396,Basic IT Skills,8,88566,Web Technology,0.65738893
B8396,Basic IT Skills,9,90749,Computing Education,0.65516821
B8396,Basic IT Skills,10,B8105,Computational Management of Data,0.65251201
B8536,"Computer-Aided Human Translation: CAT, MT and AI",1,B8536,"Computer-Aided Human Translation: CAT, MT and AI",1.00000000
B8536,"Computer-Aided Human Translation: CAT, MT and AI",2,B8536,"Computer-Aided Human Translation: CAT, MT and AI",1.00000000
B8536,"Computer-Aided Human Translation: CAT, MT and AI",3,B8603,Machine Translation and Artificial Intelligence for Language Services,0.74631720
B8536,"Computer-Aided Human Translation: CAT, MT and AI",4,B6082,Technology-Assisted Interpreting I,0.68230084
B8536,"Computer-Aided Human Translation: CAT, MT and AI",5,87898,Methods and Technologies for Interpreting,0.66969194
B8536,"Computer-Aided Human Translation: CAT, MT and AI",6,87901,Methods and Advanced Technologies for Interpreting,0.66501894
B8536,"Computer-Aided Human Translation: CAT, MT and AI",7,91258,Natural Language Processing,0.62463975
B8536,"Computer-Aided Human Translation: CAT, MT and AI",8,B2696,"Language, Technology, Research I: Computational Thinking",0.62045470
B8536,"Computer-Aided Human Translation: CAT, MT and AI",9,96725,IT and Game Localization,0.61727891
B8536,"Computer-Aided Human Translation: CAT, MT and AI",10,96725,IT and Game Localization,0.61727891
B8536,"Computer-Aided Human Translation: CAT, MT and AI",1,B8536,"Computer-Aided Human Translation: CAT, MT and AI",1.00000000
B8536,"Computer-Aided Human Translation: CAT, MT and AI",2,B8536,"Computer-Aided Human Translation: CAT, MT and AI",1.00000000
B8536,"Computer-Aided Human Translation: CAT, MT and AI",3,B8603,Machine Translation and Artificial Intelligence for Language Services,0.74631720
B8536,"Computer-Aided Human Translation: CAT, MT and AI",4,B6082,Technology-Assisted Interpreting I,0.68230084
B8536,"Computer-Aided Human Translation: CAT, MT and AI",5,87898,Methods and Technologies for Interpreting,0.66969194
B8536,"Computer-Aided Human Translation: CAT, MT and AI",6,87901,Methods and Advanced Technologies for Interpreting,0.66501894
B8536,"Computer-Aided Human Translation: CAT, MT and AI",7,91258,Natural Language Processing,0.62463975
B8536,"Computer-Aided Human Translation: CAT, MT and AI",8,B2696,"Language, Technology, Research I: Computational Thinking",0.62045470
B8536,"Computer-Aided Human Translation: CAT, MT and AI",9,96725,IT and Game Localization,0.61727891
B8536,"Computer-Aided Human Translation: CAT, MT and AI",10,96725,IT and Game Localization,0.61727891
B8536,"Computer-Aided Human Translation: CAT, MT and AI",1,B8536,"Computer-Aided Human Translation: CAT, MT and AI",1.00000000
B8536,"Computer-Aided Human Translation: CAT, MT and AI",2,B8536,"Computer-Aided Human Translation: CAT, MT and AI",1.00000000
B8536,"Computer-Aided Human Translation: CAT, MT and AI",3,B8603,Machine Translation and Artificial Intelligence for Language Services,0.74631720
B8536,"Computer-Aided Human Translation: CAT, MT and AI",4,B6082,Technology-Assisted Interpreting I,0.68230084
B8536,"Computer-Aided Human Translation: CAT, MT and AI",5,87898,Methods and Technologies for Interpreting,0.66969194
B8536,"Computer-Aided Human Translation: CAT, MT and AI",6,87901,Methods and Advanced Technologies for Interpreting,0.66501894
B8536,"Computer-Aided Human Translation: CAT, MT and AI",7,91258,Natural Language Processing,0.62463975
B8536,"Computer-Aided Human Translation: CAT, MT and AI",8,B2696,"Language, Technology, Research I: Computational Thinking",0.62045470
B8536,"Computer-Aided Human Translation: CAT, MT and AI",9,96725,IT and Game Localization,0.61727891
B8536,"Computer-Aided Human Translation: CAT, MT and AI",10,96725,IT and Game Localization,0.61727891
B8554,SISTEMI SOFTWARE A OGGETTI T,1,B8554,SISTEMI SOFTWARE A OGGETTI T,1.00000000
B8554,SISTEMI SOFTWARE A OGGETTI T,2,95648,Software Design and Development,0.70114938
B8554,SISTEMI SOFTWARE A OGGETTI T,3,70219,Object-Oriented Programming,0.66784934
B8554,SISTEMI SOFTWARE A OGGETTI T,4,72940,Computational Models And Languages M,0.66630848
B8554,SISTEMI SOFTWARE A OGGETTI T,5,09032,Software Engineering,0.64340610
B8554,SISTEMI SOFTWARE A OGGETTI T,6,28004,Foundations of Informatics T-1,0.64172108
B8554,SISTEMI SOFTWARE A OGGETTI T,7,73025,Distributed Systems M,0.64102403
B8554,SISTEMI SOFTWARE A OGGETTI T,8,28004,Foundations of Informatics T-1,0.63199368
B8554,SISTEMI SOFTWARE A OGGETTI T,9,00819,Programming,0.62943806
B8554,SISTEMI SOFTWARE A OGGETTI T,10,94442,Design of Web Applications T,0.62763734
B8554,SISTEMI SOFTWARE A OGGETTI T,1,B8554,SISTEMI SOFTWARE A OGGETTI T,1.00000000
B8554,SISTEMI SOFTWARE A OGGETTI T,2,95648,Software Design and Development,0.70114938
B8554,SISTEMI SOFTWARE A OGGETTI T,3,70219,Object-Oriented Programming,0.66784934
B8554,SISTEMI SOFTWARE A OGGETTI T,4,72940,Computational Models And Languages M,0.66630848
B8554,SISTEMI SOFTWARE A OGGETTI T,5,09032,Software Engineering,0.64340610
B8554,SISTEMI SOFTWARE A OGGETTI T,6,28004,Foundations of Informatics T-1,0.64172108
B8554,SISTEMI SOFTWARE A OGGETTI T,7,73025,Distributed Systems M,0.64102403
B8554,SISTEMI SOFTWARE A OGGETTI T,8,28004,Foundations of Informatics T-1,0.63199368
B8554,SISTEMI SOFTWARE A OGGETTI T,9,00819,Programming,0.62943806
B8554,SISTEMI SOFTWARE A OGGETTI T,10,94442,Design of Web Applications T,0.62763734
B8561,ARCHITETTURE DEI CALCOLATORI M,1,69430,COMPUTER ARCHITECTURES M,0.93254646
B8561,ARCHITETTURE DEI CALCOLATORI M,2,28012,Electronic Calculators T,0.68042500
B8561,ARCHITETTURE DEI CALCOLATORI M,3,85730,Architectures and Firmware M,0.67710261
B8561,ARCHITETTURE DEI CALCOLATORI M,4,B8563,SISTEMI DI ELABORAZIONE ACCELERATA M,0.67456196
B8561,ARCHITETTURE DEI CALCOLATORI M,5,03716,Digital Design Principles and Computer Architecture,0.66996915
B8561,ARCHITETTURE DEI CALCOLATORI M,6,03716,Digital Design Principles and Computer Architecture,0.66996915
B8561,ARCHITETTURE DEI CALCOLATORI M,7,35253,Hardware – Software Design Methods M,0.66251144
B8561,ARCHITETTURE DEI CALCOLATORI M,8,93322,Hardware-Software Design of Iot Systems M,0.66131713
B8561,ARCHITETTURE DEI CALCOLATORI M,9,B8562,SISTEMI CONCORRENTI E PARALLELI M,0.65564711
B8561,ARCHITETTURE DEI CALCOLATORI M,10,87198,Statistics and Architectures for Big Data Processing M,0.63257228
B8562,SISTEMI CONCORRENTI E PARALLELI M,1,17628,Concurrent and Distributed Programming,0.76077809
B8562,SISTEMI CONCORRENTI E PARALLELI M,2,B8563,SISTEMI DI ELABORAZIONE ACCELERATA M,0.72349140
B8562,SISTEMI CONCORRENTI E PARALLELI M,3,28020,Operating Systems T,0.69254649
B8562,SISTEMI CONCORRENTI E PARALLELI M,4,28020,Operating Systems T,0.69254649
B8562,SISTEMI CONCORRENTI E PARALLELI M,5,58437,Parallel Calculus,0.67863860
B8562,SISTEMI CONCORRENTI E PARALLELI M,6,B8561,ARCHITETTURE DEI CALCOLATORI M,0.65564711
B8562,SISTEMI CONCORRENTI E PARALLELI M,7,69430,COMPUTER ARCHITECTURES M,0.64972883
B8562,SISTEMI CONCORRENTI E PARALLELI M,8,72778,High-Performance Computing,0.64758847
B8562,SISTEMI CONCORRENTI E PARALLELI M,9,03716,Digital Design Principles and Computer Architecture,0.64448083
B8562,SISTEMI CONCORRENTI E PARALLELI M,10,03716,Digital Design Principles and Computer Architecture,0.64448083
B8563,SISTEMI DI ELABORAZIONE ACCELERATA M,1,B8562,SISTEMI CONCORRENTI E PARALLELI M,0.72349140
B8563,SISTEMI DI ELABORAZIONE ACCELERATA M,2,B8561,ARCHITETTURE DEI CALCOLATORI M,0.67456196
B8563,SISTEMI DI ELABORAZIONE ACCELERATA M,3,97467,Big Data Analytics for Automotive Manufacturing Applications,0.66839062
B8563,SISTEMI DI ELABORAZIONE ACCELERATA M,4,69430,COMPUTER ARCHITECTURES M,0.66482709
B8563,SISTEMI DI ELABORAZIONE ACCELERATA M,5,29035,Electronic Industrial Systems Architecture and Programming Laboratory T-A,0.65004683
B8563,SISTEMI DI ELABORAZIONE ACCELERATA M,6,69731,Computer Architecture,0.63833701
B8563,SISTEMI DI ELABORAZIONE ACCELERATA M,7,16692,Laboratory of Informatics,0.63598297
B8563,SISTEMI DI ELABORAZIONE ACCELERATA M,8,03716,Digital Design Principles and Computer Architecture,0.62757842
B8563,SISTEMI DI ELABORAZIONE ACCELERATA M,9,03716,Digital Design Principles and Computer Architecture,0.62757842
B8563,SISTEMI DI ELABORAZIONE ACCELERATA M,10,09730,Principles of Informatics,0.62698885
B8603,Machine Translation and Artificial Intelligence for Language Services,1,B8536,"Computer-Aided Human Translation: CAT, MT and AI",0.74631720
B8603,Machine Translation and Artificial Intelligence for Language Services,2,B8536,"Computer-Aided Human Translation: CAT, MT and AI",0.74631720
B8603,Machine Translation and Artificial Intelligence for Language Services,3,B8536,"Computer-Aided Human Translation: CAT, MT and AI",0.74631720
B8603,Machine Translation and Artificial Intelligence for Language Services,4,B1873,Machine Learning for Humanities,0.72413864
B8603,Machine Translation and Artificial Intelligence for Language Services,5,B2696,"Language, Technology, Research I: Computational Thinking",0.65867011
B8603,Machine Translation and Artificial Intelligence for Language Services,6,91258,Natural Language Processing,0.64745235
B8603,Machine Translation and Artificial Intelligence for Language Services,7,90147,Artificial intelligence,0.64112427
B8603,Machine Translation and Artificial Intelligence for Language Services,8,B5727,Introduction to Languages for Artificial Intelligence,0.63067110
B8603,Machine Translation and Artificial Intelligence for Language Services,9,91258,Natural Language Processing,0.62910369
B8603,Machine Translation and Artificial Intelligence for Language Services,10,B0385,Natural Language Processing,0.62910369
B8836,Universal Semantics,1,B4948,Cognitive Sematics for Artificial Intelligence,0.65708098
B8836,Universal Semantics,2,B2696,"Language, Technology, Research I: Computational Thinking",0.63061786
B8836,Universal Semantics,3,91265,Knowledge Engineering,0.60921413
B8836,Universal Semantics,4,27311,Humanistic IT,0.60562051
B8836,Universal Semantics,5,B5026,Introduction to Computability and Complexity,0.60541603
B8836,Universal Semantics,6,87898,Methods and Technologies for Interpreting,0.60058991
B8836,Universal Semantics,7,B1873,Machine Learning for Humanities,0.60023209
B8836,Universal Semantics,8,81940,Artificial Intelligence,0.58865941
B8836,Universal Semantics,9,72940,Computational Models And Languages M,0.58854668
B8836,Universal Semantics,10,90147,Artificial intelligence,0.58828104
B8905,Foundations of Programming,1,37262,Computer Programming,0.76515394
B8905,Foundations of Programming,2,95602,Programming and Computer Architectures,0.74468555
B8905,Foundations of Programming,3,00819,Programming,0.73503349
B8905,Foundations of Programming,4,96346,INFORMATICA,0.73041889
B8905,Foundations of Programming,5,B0063,Programming Laboratory,0.71685437
B8905,Foundations of Programming,6,15305,Foundations of Informatics A,0.71301217
B8905,Foundations of Programming,7,85285,Programming,0.71050199
B8905,Foundations of Programming,8,07276,Computer Science,0.70580103
B8905,Foundations of Programming,9,89988,Elements of Informatics,0.70417763
B8905,Foundations of Programming,10,65094,ADVANCED PROGRAMMING,0.70337722
B8929,Computer Studies and Human Sciences,1,B5293,Computer Studies and Humanities,0.97652364
B8929,Computer Studies and Human Sciences,2,B0070,METODOLOGIE E TECNICHE DI SIMULAZIONE,0.69410011
B8929,Computer Studies and Human Sciences,3,B9254,Basic IT Skills,0.68008169
B8929,Computer Studies and Human Sciences,4,75969,Basic Informatics,0.67823847
B8929,Computer Studies and Human Sciences,5,75969,Basic Informatics,0.67478308
B8929,Computer Studies and Human Sciences,6,90749,Computing Education,0.67054187
B8929,Computer Studies and Human Sciences,7,B4826,Informatics for the Humanities,0.66734220
B8929,Computer Studies and Human Sciences,8,B8396,Basic IT Skills,0.66544339
B8929,Computer Studies and Human Sciences,9,73273,Informatic Tecnologies for Fashion,0.65620199
B8929,Computer Studies and Human Sciences,10,90147,Artificial intelligence,0.65031710
B9254,Basic IT Skills,1,B8396,Basic IT Skills,0.79441321
B9254,Basic IT Skills,2,B8929,Computer Studies and Human Sciences,0.68008169
B9254,Basic IT Skills,3,B5293,Computer Studies and Humanities,0.67724309
B9254,Basic IT Skills,4,90749,Computing Education,0.64905935
B9254,Basic IT Skills,5,B1703,Introduction to Programming,0.64759154
B9254,Basic IT Skills,6,75969,Basic Informatics,0.64426194
B9254,Basic IT Skills,7,75969,Basic Informatics,0.64018400
B9254,Basic IT Skills,8,72796,Data Intensive Applications,0.63711004
B9254,Basic IT Skills,9,91685,History of Informatics and Computing Systems,0.62847044
B9254,Basic IT Skills,10,90147,Artificial intelligence,0.61821670
C7674,INTRODUZIONE ALLE TECNICHE DI MEMORIA E ALLE METODOLOGIE DI STUDIO,1,57828,Informatics,0.64514641
C7674,INTRODUZIONE ALLE TECNICHE DI MEMORIA E ALLE METODOLOGIE DI STUDIO,2,B1873,Machine Learning for Humanities,0.64120764
C7674,INTRODUZIONE ALLE TECNICHE DI MEMORIA E ALLE METODOLOGIE DI STUDIO,3,B2361,ELEMENTI DI MACHINE LEARNING E QUANTUM COMPUTING T,0.64091055
C7674,INTRODUZIONE ALLE TECNICHE DI MEMORIA E ALLE METODOLOGIE DI STUDIO,4,91265,Knowledge Engineering,0.64038355
C7674,INTRODUZIONE ALLE TECNICHE DI MEMORIA E ALLE METODOLOGIE DI STUDIO,5,85446,Knowledge Representation and Extraction,0.63357817
C7674,INTRODUZIONE ALLE TECNICHE DI MEMORIA E ALLE METODOLOGIE DI STUDIO,6,B4826,Informatics for the Humanities,0.63134879
C7674,INTRODUZIONE ALLE TECNICHE DI MEMORIA E ALLE METODOLOGIE DI STUDIO,7,07276,INFORMATICA,0.63105501
C7674,INTRODUZIONE ALLE TECNICHE DI MEMORIA E ALLE METODOLOGIE DI STUDIO,8,90147,Artificial intelligence,0.62444640
C7674,INTRODUZIONE ALLE TECNICHE DI MEMORIA E ALLE METODOLOGIE DI STUDIO,9,93319,INTRODUZIONE ALL'APPRENDIMENTO AUTOMATICO,0.61914355
C7674,INTRODUZIONE ALLE TECNICHE DI MEMORIA E ALLE METODOLOGIE DI STUDIO,10,29227,Foundations of Informatics T,0.61797365
