"cluster_id";"cluster_name";"course_id";"course_name";"year";"teachers";"teachers_affiliations";"teachers_ssds";"teachers_roles";"campus";"credits";"ssd";"language";"programmes_codes";"programmes_names";"programmes_types";"programmes_affiliations";"course_scope";"course_url"
"0";"Security Information Cryptography (0)";"14015";"Cryptography";"2025";"luciano.margara";"disi";"INFO-01/A";"full professor";"Cesena";"6";"INF/01";"Italian";"6673, 6699, 8614, 8615";"Computer Science and Engineering";"LM, LT";"disi";"internal";"https://www.unibo.it/en/study/course-units-transferable-skills-moocs/course-unit-catalogue/course-unit/2025/447103"
"0";"Security Information Cryptography (0)";"72942";"Information Security M";"2025";"alessandr.marchesano, rebecca.montanari";"disi";"IINF-05/A";"full professor, pre-doc research fellow";"Bologna";"8";"ING-INF/05";"Italian";"5826, 6668, 6719, 9254";"Computer Engineering";"LM, LT";"disi";"internal";"https://www.unibo.it/en/study/course-units-transferable-skills-moocs/course-unit-catalogue/course-unit/2025/517546"
"0";"Security Information Cryptography (0)";"88325";"Computer and Network Security Lab T";"2025";"leonardo.barone4, marco.prandini, pierluca.pevere2";"disi";"IINF-05/A";"associate professor, teaching tutor";"Bologna";"6";"ING-INF/05";"Italian";"5826, 6668, 6719, 9254";"Computer Engineering";"LM, LT";"disi";"internal";"https://www.unibo.it/en/study/course-units-transferable-skills-moocs/course-unit-catalogue/course-unit/2025/434900"
"0";"Security Information Cryptography (0)";"93466";"FONDAMENTI DI CYBERSECURITY";"2025";"jocelyne.elias, m.dinelli";"disi";"INFO-01/A";"associate professor, teaching tutor";"Bologna";"6";"INF/01";"Italian";"5898, 6640, 6698, 8009";"Computer Science";"LM, LT";"disi";"internal";"https://www.unibo.it/en/study/course-units-transferable-skills-moocs/course-unit-catalogue/course-unit/2025/455457"
"0";"Security Information Cryptography (0)";"93467";"Cryptography";"2025";"davide.davoli5, ugo.dallago";"disi";"INFO-01/A";"full professor, teaching tutor";"Bologna";"6";"INF/01";"English";"5898, 6640, 6698, 6700, 8009, 9063";"Artificial Intelligence, Computer Science";"LM, LT";"disi";"internal";"https://www.unibo.it/en/study/course-units-transferable-skills-moocs/course-unit-catalogue/course-unit/2025/479060"
"0";"Security Information Cryptography (0)";"93470";"Cybersecurity";"2025";"g.dangelo, manuel.andruccioli, s.ferretti";"disi";"INF/01, INFO-01/A";"full professor, phd student, researcher";"Cesena";"6";"INF/01";"English";"5815, 6673, 6699, 6823, 8614, 8615";"Computer Science and Engineering, Digital Transformation Management";"LM, LT";"disi";"internal";"https://www.unibo.it/en/study/course-units-transferable-skills-moocs/course-unit-catalogue/course-unit/2025/517112"
"0";"Security Information Cryptography (0)";"93470-A";"Cybersecurity";"2025";"isabella.marasco4, michele.colajanni";"disi";"IINF-05/A, ING-INF/05";"full professor, phd student";"Bologna";"6";"INF/01";"English";"5826, 5898, 6640, 6698, 6700, 8009, 9063";"Artificial Intelligence, Computer Engineering, Computer Science";"LM, LT";"disi";"internal";"https://www.unibo.it/en/study/course-units-transferable-skills-moocs/course-unit-catalogue/course-unit/2025/477343"
"0";"Security Information Cryptography (0)";"B0833";"Computer Security Laboratory T";"2025";"leonardo.barone4, marco.prandini, pierluca.pevere2";"disi";"IINF-05/A";"associate professor, teaching tutor";"Bologna";"6";"ING-INF/05";"Italian";"5826, 6668, 6719, 9254";"Computer Engineering";"LM, LT";"disi";"internal";"https://www.unibo.it/en/study/course-units-transferable-skills-moocs/course-unit-catalogue/course-unit/2025/487362"
"0";"Security Information Cryptography (0)";"B5793";"Cybersecurity M";"2025";"isabella.marasco4, michele.colajanni";"disi";"IINF-05/A, ING-INF/05";"full professor, phd student";"Bologna";"8";"ING-INF/05";"English";"5826, 5898, 6668, 6719, 9063, 9254";"Artificial Intelligence, Computer Engineering, Computer Science";"LM, LT";"disi";"internal";"https://www.unibo.it/en/study/course-units-transferable-skills-moocs/course-unit-catalogue/course-unit/2025/504338"
"0";"Security Information Cryptography (0)";"B5812";"Cybersecurity Governance";"2025";"michele.colajanni";"disi";"IINF-05/A";"full professor";"Bologna";"8";"ING-INF/05";"Italian";"5889, 6777";"Digital Innovation Policies and Governance";"LM";"sps";"service";"https://www.unibo.it/en/study/course-units-transferable-skills-moocs/course-unit-catalogue/course-unit/2025/504413"
"1";"Informatics Principles Foundations (1)";"00819-B";"Programming";"2025";"andrea.bedei3, andrea.negri6, antonella.carbonaro, mirko.ravaioli, paola.salomoni, roberto.girau";"din, disi";"INF/01, INFO-01/A";"adjunct professor, associate professor, full professor, phd student, teaching tutor";"Cesena";"12";"INF/01";"Italian";"6673, 6699, 8614, 8615";"Computer Science and Engineering";"LM, LT";"disi";"weak_internal";"https://www.unibo.it/en/study/course-units-transferable-skills-moocs/course-unit-catalogue/course-unit/2025/536894"
"1";"Informatics Principles Foundations (1)";"03716";"Digital Design Principles and Computer Architecture";"2025";"elena.sarti10, luca.roffia";"dei, disi";"";"adjunct professor, teaching tutor";"Cesena";"9";"ING-INF/05";"Italian";"5834, 6669, 6670, 6705, 9082, 9266";"Biomedical Engineering, Electronics Engineering";"LM, LT";"dei";"service";"https://www.unibo.it/en/study/course-units-transferable-skills-moocs/course-unit-catalogue/course-unit/2025/447691"
"1";"Informatics Principles Foundations (1)";"09730";"Principles of Informatics";"2025";"davide.domini, leonardo.micelli2, roby.casadei, sara.montagna";"dei, disi, unibo";"INFO-01/A, ING-INF/05";"external associate professor, phd student, rtdb, teaching tutor";"Cesena";"6";"ING-INF/05";"Italian";"6669, 6670, 6705, 9082, 9266";"Biomedical Engineering, Electronics Engineering";"LM, LT";"dei";"service";"https://www.unibo.it/en/study/course-units-transferable-skills-moocs/course-unit-catalogue/course-unit/2025/531744"
"1";"Informatics Principles Foundations (1)";"09730-A";"Principles of Informatics";"2025";"martina.cantelli6, mirko.ravaioli";"din";"";"adjunct professor, teaching tutor";"Forli";"6";"ING-INF/05";"Italian";"0927, 0949, 5723, 5724, 6676, 6677, 6680, 6704, 6721, 9234";"Aerospace Engineering, Mechanical Engineering";"LM, LT";"din";"external";"https://www.unibo.it/en/study/course-units-transferable-skills-moocs/course-unit-catalogue/course-unit/2025/514508"
"1";"Informatics Principles Foundations (1)";"15305";"Foundations of Informatics A";"2025";"davide.domini, leonardo.micelli2, roby.casadei, sara.montagna";"dei, disi, unibo";"INFO-01/A, ING-INF/05";"external associate professor, phd student, rtdb, teaching tutor";"Cesena";"6";"ING-INF/05";"Italian";"5834, 6669, 6670";"Biomedical Engineering, Electronics Engineering";"LT";"dei";"service";"https://www.unibo.it/en/study/course-units-transferable-skills-moocs/course-unit-catalogue/course-unit/2025/518106"
"1";"Informatics Principles Foundations (1)";"28004";"Foundations of Informatics T-1";"2025";"alessio.benenati2, armir.bujari, francesco.giordani8, wilma.penzo";"din, disi";"IINF-05/A, ING-INF/05";"associate professor, phd student, researcher, teaching tutor";"Bologna";"9";"ING-INF/05";"Italian";"0925, 0936, 6679, 6718";"Engineering Management";"LM, LT";"din";"service";"https://www.unibo.it/en/study/course-units-transferable-skills-moocs/course-unit-catalogue/course-unit/2025/536944"
"1";"Informatics Principles Foundations (1)";"28011-A";"Logic Design T";"2025";"giacomo.melacini2, samuele.salti";"disi";"IINF-05/A, ING-INF/05";"associate professor, phd student";"Bologna";"6";"ING-INF/05";"Italian";"5826, 6668, 6719, 9254";"Computer Engineering";"LM, LT";"disi";"internal";"https://www.unibo.it/en/study/course-units-transferable-skills-moocs/course-unit-catalogue/course-unit/2025/535286"
"1";"Informatics Principles Foundations (1)";"28623";"Foundations of Informatics and Laboratory";"2025";"alessandro.calvio, domenico.scotece, luca.foschini";"ciri-ict, disi";"IINF-05/A, ING-INF/05";"full professor, research scholarship holder, rtda";"Bologna";"12";"ING-INF/05";"Italian";"6672, 9065";"Electronics and Telecommunications Engineering";"LT";"dei";"service";"https://www.unibo.it/en/study/course-units-transferable-skills-moocs/course-unit-catalogue/course-unit/2025/530782"
"1";"Informatics Principles Foundations (1)";"29227-A";"Foundations of Informatics T";"2025";"federico.giangolini2, giorgio.bornia, marco.barbieri33, ruben.scardovelli";"din";"IIND-07/D, ING-IND/19";"associate professor, phd student";"Bologna";"6";"ING-INF/05";"Italian";"0927, 0949, 5724, 6677, 6680, 6721";"Mechanical Engineering";"LM, LT";"din";"external";"https://www.unibo.it/en/study/course-units-transferable-skills-moocs/course-unit-catalogue/course-unit/2025/333852"
"1";"Informatics Principles Foundations (1)";"60348";"Informatics";"2025";"claudio.sartori, gloria.remoli";"disi, stat";"IINF-05/A, SECS-S/01";"full professor, phd student";"Bologna";"10";"ING-INF/05";"English";"6661, 6810, 8873, 9222";"Statistical Sciences";"LM, LT";"stat";"service";"https://www.unibo.it/en/study/course-units-transferable-skills-moocs/course-unit-catalogue/course-unit/2025/529124"
"1";"Informatics Principles Foundations (1)";"69731";"Computer Architecture";"2025";"davide.maltoni, gloria.semprini2, matteo.ferrara, raffaele.cappelli, serafino.pandolfini2";"disi";"IINF-05/A, ING-INF/05";"associate professor, full professor, phd student, teaching tutor";"Cesena";"12";"ING-INF/05";"Italian";"6673, 6699, 8614, 8615";"Computer Science and Engineering";"LM, LT";"disi";"internal";"https://www.unibo.it/en/study/course-units-transferable-skills-moocs/course-unit-catalogue/course-unit/2025/536883"
"1";"Informatics Principles Foundations (1)";"81612";"Programming and Development paradigms";"2025";"gianluca.aguzzi, mirko.viroli, nicolas.farabegoli";"disi";"IINF-05/A, ING-INF/05";"adjunct professor, full professor, phd student";"Cesena";"6";"ING-INF/05";"Italian";"6673, 6699, 8614, 8615";"Computer Science and Engineering";"LM, LT";"disi";"internal";"https://www.unibo.it/en/study/course-units-transferable-skills-moocs/course-unit-catalogue/course-unit/2025/526526"
"1";"Informatics Principles Foundations (1)";"88146";"Fundamentals of Computer Programming P2";"2025";"luca.bartolomei5, stefano.mattoccia";"disi";"IINF-05/A, ING-INF/05";"full professor, pre-doc research fellow";"Bologna";"3";"ING-INF/05";"Italian";"6009";"Mechatronics";"LT";"dei";"service";"https://www.unibo.it/en/study/course-units-transferable-skills-moocs/course-unit-catalogue/course-unit/2025/498976"
"1";"Informatics Principles Foundations (1)";"89988";"Elements of Informatics";"2025";"mauro.gaspari, michele.moresco, nicola.borghi6";"difa, disi";"INFO-01/A, PHYS-05/A";"associate professor, research fellow";"Bologna";"6";"INF/01";"Italian";"6638, 8004";"Astronomy";"LT";"difa";"service";"https://www.unibo.it/en/study/course-units-transferable-skills-moocs/course-unit-catalogue/course-unit/2025/524116"
"1";"Informatics Principles Foundations (1)";"93034";"Foundations of Computer Science T";"2025";"alessandro.aimi, andrea.borghesi3, angelo.quarta2, davide.tazzioli, federico.chesani, giulia.grundler2, giuseppe.dimodica, william.crawfordiii";"disi";"IINF-05/A, ING-INF/05";"associate professor, phd student, research fellow, research scholarship holder";"Bologna";"12";"ING-INF/05";"Italian";"5826, 6668, 6719, 9254";"Computer Engineering";"LM, LT";"disi";"internal";"https://www.unibo.it/en/study/course-units-transferable-skills-moocs/course-unit-catalogue/course-unit/2025/543007"
"1";"Informatics Principles Foundations (1)";"B3567";"INTRODUCTION TO QUANTUM COMPUTING";"2025";"adrienne.lancelot, ivan.lanese, ugo.dallago";"disi";"INFO-01/A";"associate professor, full professor, research scholarship holder";"Bologna";"6";"INF/01";"English";"5898, 6640, 6698, 8009";"Computer Science";"LM, LT";"disi";"internal";"https://www.unibo.it/en/study/course-units-transferable-skills-moocs/course-unit-catalogue/course-unit/2025/518554"
"1";"Informatics Principles Foundations (1)";"B8159";"INFORMATICA";"2025";"stefano.lodi";"disi";"IINF-05/A";"associate professor";"Rimini";"8";"ING-INF/05";"Italian";"5901, 6660";"Statistics, Finance and Insurance";"LT";"stat";"service";"https://www.unibo.it/en/study/course-units-transferable-skills-moocs/course-unit-catalogue/course-unit/2025/542201"
"2";"Big Data Cloud (2)";"30376";"Business Intelligence";"2025";"enrico.gallinucci, stefano.rizzi";"disi";"IINF-05/A";"full professor, tenure-track researcher";"Cesena";"6";"ING-INF/05";"Italian";"6673, 6699, 8614, 8615";"Computer Science and Engineering";"LM, LT";"disi";"internal";"https://www.unibo.it/en/study/course-units-transferable-skills-moocs/course-unit-catalogue/course-unit/2025/412632"
"2";"Big Data Cloud (2)";"40720";"Data Mining";"2025";"gianluca.moro, manuele.pasini, matteo.golfarelli";"disi";"IINF-05/A, ING-INF/05";"associate professor, full professor, phd student";"Cesena";"6";"ING-INF/05";"English";"5815, 6673, 6699, 8614, 8615";"Computer Science and Engineering, Digital Transformation Management";"LM, LT";"disi";"internal";"https://www.unibo.it/en/study/course-units-transferable-skills-moocs/course-unit-catalogue/course-unit/2025/412644"
"2";"Big Data Cloud (2)";"81932";"Big Data";"2025";"enrico.gallinucci";"disi";"IINF-05/A";"tenure-track researcher";"Cesena";"6";"ING-INF/05";"English";"5815, 6673, 6699, 8614, 8615";"Computer Science and Engineering, Digital Transformation Management";"LM, LT";"disi";"internal";"https://www.unibo.it/en/study/course-units-transferable-skills-moocs/course-unit-catalogue/course-unit/2025/412684"
"2";"Big Data Cloud (2)";"84530";"Database and Big Data Technologies M";"2025";"marco.patella, paolo.ciaccia";"disi";"IINF-05/A";"full professor";"Bologna";"8";"ING-INF/05";"Italian";"5826, 6668, 6719, 9254";"Computer Engineering";"LM, LT";"disi";"internal";"https://www.unibo.it/en/study/course-units-transferable-skills-moocs/course-unit-catalogue/course-unit/2025/517617"
"2";"Big Data Cloud (2)";"84531";"Infrastructures For Cloud Computing and Big Data M";"2025";"andrea.sabbioni5, antonio.corradi";"disi, unibo";"IINF-05/A";"former professor, rtda";"Bologna";"8";"ING-INF/05";"English";"5826, 6668, 6719, 9254";"Computer Engineering";"LM, LT";"disi";"weak_internal";"https://www.unibo.it/en/study/course-units-transferable-skills-moocs/course-unit-catalogue/course-unit/2025/517618"
"2";"Big Data Cloud (2)";"90748";"Blockchain and Cryptocurrencies";"2025";"s.ferretti";"disi";"INFO-01/A";"full professor";"Bologna";"6";"INF/01";"English";"5898, 6640, 6698, 6700, 8009, 9063";"Artificial Intelligence, Computer Science";"LM, LT";"disi";"internal";"https://www.unibo.it/en/study/course-units-transferable-skills-moocs/course-unit-catalogue/course-unit/2025/518539"
"2";"Big Data Cloud (2)";"91259";"Architecture and Platforms for Artificial Intelligence";"2025";"d.nadalini, luca.benini, moreno.marzolla";"dei, disi";"IINF-01/A, INFO-01/A";"associate professor, full professor, phd student";"Bologna";"6";"INF/01";"English";"6700, 9063";"Artificial Intelligence";"LM";"disi";"weak_internal";"https://www.unibo.it/en/study/course-units-transferable-skills-moocs/course-unit-catalogue/course-unit/2025/446607"
"2";"Big Data Cloud (2)";"93653";"Iot And Big Data For Smart Agricultural Systems";"2025";"giuseppe.dimodica";"disi";"IINF-05/A";"associate professor";"Bologna";"5";"ING-INF/05";"English";"5705, 6786";"Precise and Sustainable Agriculture";"LM";"distal";"service";"https://www.unibo.it/en/study/course-units-transferable-skills-moocs/course-unit-catalogue/course-unit/2025/516294"
"2";"Big Data Cloud (2)";"95630";"Big Data and Cloud Platforms";"2025";"enrico.gallinucci, m.francia";"disi";"IINF-05/A";"tenure-track researcher";"Cesena";"6";"ING-INF/05";"English";"5815, 6823";"Digital Transformation Management";"LM";"disi";"internal";"https://www.unibo.it/en/study/course-units-transferable-skills-moocs/course-unit-catalogue/course-unit/2025/466768"
"2";"Big Data Cloud (2)";"95631";"Machine Learning and Data Mining";"2025";"alberto.genovese6, andrea.gurioli5, claudio.sartori";"disi";"IINF-05/A, INF/01";"full professor, phd student, teaching tutor";"Bologna";"6";"ING-INF/05";"English";"5826, 6700, 8891, 9063";"Artificial Intelligence, Automation Engineering, Computer Engineering";"LM";"dei, disi";"weak_internal";"https://www.unibo.it/en/study/course-units-transferable-skills-moocs/course-unit-catalogue/course-unit/2025/502283"
"2";"Big Data Cloud (2)";"95631-A";"Machine Learning and Data Mining";"2025";"m.francia, manuele.pasini, matteo.golfarelli";"disi";"IINF-05/A, ING-INF/05";"full professor, phd student, tenure-track researcher";"Cesena";"6";"ING-INF/05";"English";"5815, 6673, 6699, 6823, 8614, 8615";"Computer Science and Engineering, Digital Transformation Management";"LM, LT";"disi";"internal";"https://www.unibo.it/en/study/course-units-transferable-skills-moocs/course-unit-catalogue/course-unit/2025/466769"
"2";"Big Data Cloud (2)";"96142";"Business Intelligence and Big Data M";"2025";"federico.ravaldi2, stefano.rizzi";"din, disi";"IINF-05/A";"adjunct professor, full professor";"Bologna";"6";"ING-INF/05";"Italian";"0925, 0936, 6679, 6718";"Engineering Management";"LM, LT";"din";"service";"https://www.unibo.it/en/study/course-units-transferable-skills-moocs/course-unit-catalogue/course-unit/2025/467876"
"2";"Big Data Cloud (2)";"96143";"Methods and Models for Data Analytics M";"2025";"andrea.borghesi3, fabio.grandi";"disi";"IINF-05/A";"associate professor";"Bologna";"6";"ING-INF/05";"Italian";"0925, 0936, 6679, 6718";"Engineering Management";"LM, LT";"din";"service";"https://www.unibo.it/en/study/course-units-transferable-skills-moocs/course-unit-catalogue/course-unit/2025/467879"
"2";"Big Data Cloud (2)";"98671";"Business Analytics";"2025";"francesco.bergamaschi";"disa";"";"adjunct professor";"Forli";"3";"INF/01";"English";"5892, 6614";"Management and Economics";"LT";"disa";"external";"https://www.unibo.it/en/study/course-units-transferable-skills-moocs/course-unit-catalogue/course-unit/2025/478372"
"2";"Big Data Cloud (2)";"B2125";"Machine Learning and Data Mining M";"2025";"alberto.genovese6, andrea.gurioli5, claudio.sartori";"disi";"IINF-05/A, INF/01";"full professor, phd student, teaching tutor";"Bologna";"8";"ING-INF/05";"English";"5826, 6668, 6671, 6700, 6711, 6719, 8891, 9063, 9217, 9254";"Artificial Intelligence, Automation Engineering, Computer Engineering";"LM, LT";"dei, disi";"weak_internal";"https://www.unibo.it/en/study/course-units-transferable-skills-moocs/course-unit-catalogue/course-unit/2025/493396"
"2";"Big Data Cloud (2)";"B2133";"Big Data Analytics and Text Mining";"2025";"giacomo.frisoni, gianluca.moro, stefano.lodi";"disi";"IINF-05/A";"associate professor, research fellow";"Bologna";"6";"ING-INF/05";"English";"6700, 9063";"Artificial Intelligence";"LM";"disi";"internal";"https://www.unibo.it/en/study/course-units-transferable-skills-moocs/course-unit-catalogue/course-unit/2025/491926"
"3";"Fashion Technologies Immersive (3)";"73273";"Informatic Tecnologies for Fashion";"2025";"pasquale.cascarano2";"dar";"INFO-01/A";"rtda";"Rimini";"6";"INF/01";"Italian";"6636, 9064";"Fashion Cultures and Practices";"LT";"dar";"external";"https://www.unibo.it/en/study/course-units-transferable-skills-moocs/course-unit-catalogue/course-unit/2025/445009"
"3";"Fashion Technologies Immersive (3)";"90864";"Elements of Computer Technologies for Fashion E-Commerce";"2025";"gustavo.marfia";"dar";"INFO-01/A";"full professor";"Rimini";"6";"INF/01";"Italian";"6636, 9064";"Fashion Cultures and Practices";"LT";"dar";"external";"https://www.unibo.it/en/study/course-units-transferable-skills-moocs/course-unit-catalogue/course-unit/2025/445171"
"3";"Fashion Technologies Immersive (3)";"93379";"Digital Culture";"2025";"gaetano.ronsivalle2";"disa";"";"adjunct professor";"Bologna";"9";"INF/01";"Italian";"6613, 8406";"Management and Marketing";"LT";"disa";"external";"https://www.unibo.it/en/study/course-units-transferable-skills-moocs/course-unit-catalogue/course-unit/2025/455220"
"3";"Fashion Technologies Immersive (3)";"95632";"Laboratory on Digital Transformation Technologies";"2025";"andrea.pia, matteo.golfarelli";"disi";"IINF-05/A";"adjunct professor, full professor";"Cesena";"3";"ING-INF/05";"English";"5815, 6823";"Digital Transformation Management";"LM";"disi";"internal";"https://www.unibo.it/en/study/course-units-transferable-skills-moocs/course-unit-catalogue/course-unit/2025/466770"
"3";"Fashion Technologies Immersive (3)";"B4925";"IMMERSIVE TECHNOLOGIES FOR FASHION";"2025";"gustavo.marfia";"dar";"INFO-01/A";"full professor";"Rimini";"6";"INF/01";"English";"6059, 6780";"Fashion Studies";"LM";"dar";"external";"https://www.unibo.it/en/study/course-units-transferable-skills-moocs/course-unit-catalogue/course-unit/2025/501557"
"3";"Fashion Technologies Immersive (3)";"B4940";"DATA SCIENCE FOR FASHION SYSTEM";"2025";"gustavo.marfia";"dar";"INFO-01/A";"full professor";"Rimini";"6";"INF/01";"English";"6059, 6780";"Fashion Studies";"LM";"dar";"external";"https://www.unibo.it/en/study/course-units-transferable-skills-moocs/course-unit-catalogue/course-unit/2025/501679"
"3";"Fashion Technologies Immersive (3)";"B5674";"Management of Digital Media";"2025";"luca.bersaglia2";"disa";"";"adjunct professor";"Bologna";"5";"INF/01";"English";"6114, 6795";"Innovation and Organization of Culture and the Arts";"LM";"disa";"external";"https://www.unibo.it/en/study/course-units-transferable-skills-moocs/course-unit-catalogue/course-unit/2025/503988"
"4";"Internet Things Systems (4)";"66860";"Mobile Applications Laboratory";"2025";"federico.montori";"disi";"INFO-01/A";"associate professor";"Bologna";"6";"INF/01";"Italian";"5898, 6060, 6640, 6641, 6698, 8009, 8014";"Computer Science, Information Science for Management";"LM, LT";"disi";"internal";"https://www.unibo.it/en/study/course-units-transferable-skills-moocs/course-unit-catalogue/course-unit/2025/367016"
"4";"Internet Things Systems (4)";"72787";"Mobile Application Programming";"2025";"catia.prandi, chiara.ceccarini6, gianni.tumedei2";"disi";"INF/01, INFO-01/A";"associate professor, phd student, rtda";"Cesena";"6";"INF/01";"Italian";"6673, 6699, 8614, 8615";"Computer Science and Engineering";"LM, LT";"disi";"internal";"https://www.unibo.it/en/study/course-units-transferable-skills-moocs/course-unit-catalogue/course-unit/2025/385090"
"4";"Internet Things Systems (4)";"77780";"Embedded Systems Programming and Internet of Things";"2025";"a.ricci, samuele.burattini";"disi";"IINF-05/A, ING-INF/05";"adjunct professor, associate professor";"Cesena";"6";"ING-INF/05";"Italian";"6673, 6699, 8614, 8615";"Computer Science and Engineering";"LM, LT";"disi";"internal";"https://www.unibo.it/en/study/course-units-transferable-skills-moocs/course-unit-catalogue/course-unit/2025/400396"
"4";"Internet Things Systems (4)";"78779";"Mobile Systems M";"2025";"paolo.bellavista";"disi";"IINF-05/A";"full professor";"Bologna";"8";"ING-INF/05";"English";"5826, 6668, 6719, 9254";"Computer Engineering";"LM, LT";"disi";"internal";"https://www.unibo.it/en/study/course-units-transferable-skills-moocs/course-unit-catalogue/course-unit/2025/468026"
"4";"Internet Things Systems (4)";"81678";"Laboratory of Making";"2025";"andrea.iannoli, federico.montori, renzo.davoli";"disi, mat";"INFO-01/A";"associate professor, research scholarship holder";"Bologna";"6";"INF/01";"Italian";"5898, 6060, 6640, 6641, 6698, 8009, 8014";"Computer Science, Information Science for Management";"LM, LT";"disi";"weak_internal";"https://www.unibo.it/en/study/course-units-transferable-skills-moocs/course-unit-catalogue/course-unit/2025/544349"
"4";"Internet Things Systems (4)";"81683";"Internet of Things";"2025";"ivan.zyrianoff, luciano.bononi, marco.difelice3";"dicam, disi";"INFO-01/A";"adjunct professor, full professor";"Bologna";"6";"INF/01";"English";"0934, 5898, 6640, 6698, 6700, 6716, 8009, 9063";"Artificial Intelligence, Computer Science, Electronic Engineering";"LM, LT";"dei, disi";"weak_internal";"https://www.unibo.it/en/study/course-units-transferable-skills-moocs/course-unit-catalogue/course-unit/2025/479055"
"4";"Internet Things Systems (4)";"84401";"Context-Aware Systems";"2025";"a.trotta, leonardo.ciabattini, marco.difelice3";"disi";"INF/01, INFO-01/A";"full professor, phd student, tenure-track researcher";"Bologna";"6";"INF/01";"Italian";"5898, 6640, 6698, 8009";"Computer Science";"LM, LT";"disi";"internal";"https://www.unibo.it/en/study/course-units-transferable-skills-moocs/course-unit-catalogue/course-unit/2025/518530"
"4";"Internet Things Systems (4)";"91721";"Laboratory of Virtual Reality and Advanced Reality";"2025";"gustavo.marfia";"dar";"INFO-01/A";"full professor";"Bologna";"6";"INF/01";"Italian";"5898, 6640, 6698, 8009";"Computer Science";"LM, LT";"disi";"borrow";"https://www.unibo.it/en/study/course-units-transferable-skills-moocs/course-unit-catalogue/course-unit/2025/518544"
"4";"Internet Things Systems (4)";"95646";"Virtualized Systems";"2025";"anna.vitali7, s.ferretti, vittorio.ghini";"disi";"INF/01, INFO-01/A";"associate professor, full professor, phd student";"Cesena";"6";"INF/01";"Italian";"6007";"Computer Systems Technologies";"LT";"disi";"internal";"https://www.unibo.it/en/study/course-units-transferable-skills-moocs/course-unit-catalogue/course-unit/2025/498812"
"4";"Internet Things Systems (4)";"96859";"Embedded Systems and Internet of Things";"2025";"a.ricci, samuele.burattini";"disi";"IINF-05/A, ING-INF/05";"adjunct professor, associate professor";"Cesena";"6";"ING-INF/05";"English";"6673, 6699, 8614, 8615";"Computer Science and Engineering";"LM, LT";"disi";"internal";"https://www.unibo.it/en/study/course-units-transferable-skills-moocs/course-unit-catalogue/course-unit/2025/526556"
"4";"Internet Things Systems (4)";"99195";"Cyber-Physical Systems Programming M";"2025";"andrea.acquaviva, francesco.barchi";"dei";"IINF-05/A";"full professor, rtda";"Bologna";"6";"ING-INF/05";"English";"0934, 6671, 6711, 6716, 8891, 9217";"Automation Engineering, Electronic Engineering";"LM, LT";"dei";"external";"https://www.unibo.it/en/study/course-units-transferable-skills-moocs/course-unit-catalogue/course-unit/2025/481265"
"4";"Internet Things Systems (4)";"B5722";"Embedded Sensors";"2025";"marco.tartagni";"dei";"IINF-01/A";"full professor";"Cesena";"6";"ING-INF/05";"English";"6673, 6699, 6715, 8614, 8615, 9266";"Biomedical Engineering, Computer Science and Engineering, Electronics and Information Engineering";"LM, LT";"dei, disi";"borrow";"https://www.unibo.it/en/study/course-units-transferable-skills-moocs/course-unit-catalogue/course-unit/2025/504122"
"4";"Internet Things Systems (4)";"B8019";"PROGRAMMING THE INTERNET OF THINGS M";"2025";"sumi.helal";"disi";"IINF-05/A";"full professor";"Bologna";"8";"ING-INF/05";"English";"5826, 6668, 6719, 9254";"Computer Engineering";"LM, LT";"disi";"internal";"https://www.unibo.it/en/study/course-units-transferable-skills-moocs/course-unit-catalogue/course-unit/2025/541868"
"5";"Computing Education Informatics (5)";"29227";"Foundations of Informatics T";"2025";"alberto.musa, allegra.defilippo, andrea.acquaviva, giuseppe.tagliavini, luca.bompani5";"dei, disi";"IINF-05/A, ING-INF/01, ING-INF/05";"full professor, research fellow, rtda, tenure-track researcher";"Bologna";"9";"ING-INF/05";"Italian";"6671, 6711, 8891, 9217";"Automation Engineering";"LM, LT";"dei";"service";"https://www.unibo.it/en/study/course-units-transferable-skills-moocs/course-unit-catalogue/course-unit/2025/536851"
"5";"Computing Education Informatics (5)";"29227-B";"Foundations of Informatics T";"2025";"francesco.teodori, roberto.lepore3, samuele.baldini2, sandro.manservisi";"difa, din";"FIS/01, IIND-07/D, IIND-07/E, ING-IND/19";"full professor, phd student, researcher";"Bologna";"6";"ING-INF/05";"Italian";"0924, 5978, 6678, 6717";"Energy Engineering";"LM, LT";"din";"external";"https://www.unibo.it/en/study/course-units-transferable-skills-moocs/course-unit-catalogue/course-unit/2025/513877"
"5";"Computing Education Informatics (5)";"37925";"Virtual System Design";"2025";"daniele.lacamera2, renzo.davoli";"disi";"INFO-01/A";"associate professor, teaching tutor";"Bologna";"6";"INF/01";"Italian";"5898, 6640, 6698, 8009";"Computer Science";"LM, LT";"disi";"internal";"https://www.unibo.it/en/study/course-units-transferable-skills-moocs/course-unit-catalogue/course-unit/2025/354042"
"5";"Computing Education Informatics (5)";"58348";"Lab-based Course on Operating Systems";"2025";"davide.sangiorgi, michele.persiani4";"disi";"INFO-01/A";"full professor, research fellow";"Bologna";"6";"INF/01";"Italian";"6060, 6641, 8014";"Information Science for Management";"LT";"disi";"internal";"https://www.unibo.it/en/study/course-units-transferable-skills-moocs/course-unit-catalogue/course-unit/2025/501528"
"5";"Computing Education Informatics (5)";"81934";"HUMAN COMPUTER INTERACTION";"2025";"catia.prandi";"disi";"INFO-01/A";"associate professor";"Cesena";"6";"ING-INF/05";"English";"6673, 6699, 8614, 8615";"Computer Science and Engineering";"LM, LT";"disi";"internal";"https://www.unibo.it/en/study/course-units-transferable-skills-moocs/course-unit-catalogue/course-unit/2025/526530"
"5";"Computing Education Informatics (5)";"87469";"Decision Making with Constraint Programming";"2025";"zeynep.kiziltan";"disi";"INFO-01/A";"associate professor";"Bologna";"6";"INF/01";"English";"5898, 6640, 6698, 8009";"Computer Science";"LM, LT";"disi";"internal";"https://www.unibo.it/en/study/course-units-transferable-skills-moocs/course-unit-catalogue/course-unit/2025/518531"
"5";"Computing Education Informatics (5)";"88145";"Fundamentals of Computer Programming P1";"2025";"a.bartolini, emanuele.venieri2";"dei";"IINF-05/A, ING-INF/05";"associate professor, phd student";"Bologna";"3";"ING-INF/05";"Italian";"6009";"Mechatronics";"LT";"dei";"external";"https://www.unibo.it/en/study/course-units-transferable-skills-moocs/course-unit-catalogue/course-unit/2025/498979"
"5";"Computing Education Informatics (5)";"90157";"Open Science";"2025";"silvio.peroni";"ficlit";"INFO-01/A";"associate professor";"Bologna";"6";"INF/01";"English";"6736, 9224";"Digital Humanities and Digital Knowledge";"LM";"ficlit";"external";"https://www.unibo.it/en/study/course-units-transferable-skills-moocs/course-unit-catalogue/course-unit/2025/443753"
"5";"Computing Education Informatics (5)";"90749";"Computing Education";"2025";"michael.lodi, renzo.davoli";"disi";"INFO-01/A";"adjunct professor, associate professor";"Bologna";"6";"INF/01";"Italian";"5898, 6640, 6698, 8009";"Computer Science";"LM, LT";"disi";"internal";"https://www.unibo.it/en/study/course-units-transferable-skills-moocs/course-unit-catalogue/course-unit/2025/518540"
"5";"Computing Education Informatics (5)";"91161";"Networks, Security And Data Bases";"2025";"alina.sirbu, paolo.felli";"disi";"INFO-01/A";"associate professor";"Bologna";"6";"INF/01";"English";"6619, 9211";"Genomics";"LT";"fabit";"service";"https://www.unibo.it/en/study/course-units-transferable-skills-moocs/course-unit-catalogue/course-unit/2025/445693"
"5";"Computing Education Informatics (5)";"91685";"History of Informatics and Computing Systems";"2025";"simone.martini";"disi";"INFO-01/A";"full professor";"Bologna";"6";"INF/01";"Italian";"5898, 6640, 6698, 8009";"Computer Science";"LM, LT";"disi";"internal";"https://www.unibo.it/en/study/course-units-transferable-skills-moocs/course-unit-catalogue/course-unit/2025/447912"
"5";"Computing Education Informatics (5)";"93034-A";"Foundations of Computer Science T";"2025";"michele.lombardi2";"disi";"IINF-05/A";"associate professor";"Bologna";"6";"ING-INF/05";"Italian";"5822, 6675, 6714, 9066";"Electrical Energy Engineering";"LM, LT";"dei";"service";"https://www.unibo.it/en/study/course-units-transferable-skills-moocs/course-unit-catalogue/course-unit/2025/517362"
"5";"Computing Education Informatics (5)";"93319";"INTRODUZIONE ALL'APPRENDIMENTO AUTOMATICO";"2025";"andrea.asperti, silvia.zandoli3";"disi";"INFO-01/A, ING-INF/05";"full professor, phd student";"Bologna";"6";"INF/01";"Italian";"5898, 6640, 6698, 8009";"Computer Science";"LM, LT";"disi";"internal";"https://www.unibo.it/en/study/course-units-transferable-skills-moocs/course-unit-catalogue/course-unit/2025/455112"
"5";"Computing Education Informatics (5)";"B1873";"Machine Learning for Humanities";"2025";"giovanni.colavizza";"ficlit";"INFO-01/A";"associate professor";"Bologna";"6";"INF/01";"English";"6736, 9224";"Digital Humanities and Digital Knowledge";"LM";"ficlit";"external";"https://www.unibo.it/en/study/course-units-transferable-skills-moocs/course-unit-catalogue/course-unit/2025/490903"
"6";"Learning Machine Deep (6)";"81610";"Machine Learning";"2025";"davide.maltoni, nicolo.didomenico";"disi";"IINF-05/A, ING-INF/05";"full professor, phd student";"Cesena";"6";"ING-INF/05";"Italian";"6673, 6699, 6715, 8614, 8615, 8770";"Computer Science and Engineering, Electronics and Information Engineering, Electronics and Telecommunications Engineering for Energy";"LM, LT";"dei, disi";"weak_internal";"https://www.unibo.it/en/study/course-units-transferable-skills-moocs/course-unit-catalogue/course-unit/2025/526520"
"6";"Learning Machine Deep (6)";"88202";"Machine Learning";"2025";"davide.maltoni, nicolo.didomenico";"disi";"IINF-05/A, ING-INF/05";"full professor, phd student";"Cesena";"6";"ING-INF/05";"Italian";"6699, 6715, 8770";"Computer Science and Engineering, Electronics and Information Engineering, Electronics and Telecommunications Engineering for Energy";"LM";"dei, disi";"weak_internal";"https://www.unibo.it/en/study/course-units-transferable-skills-moocs/course-unit-catalogue/course-unit/2025/503880"
"6";"Learning Machine Deep (6)";"91250";"DEEP LEARNING";"2025";"alberto.luise, andrea.asperti";"disi";"INFO-01/A, ING-INF/05";"full professor, phd student";"Bologna";"6";"INF/01";"English";"5898, 6640, 6698, 8009";"Computer Science";"LM, LT";"disi";"internal";"https://www.unibo.it/en/study/course-units-transferable-skills-moocs/course-unit-catalogue/course-unit/2025/493201"
"6";"Learning Machine Deep (6)";"91250-A";"Deep Learning";"2025";"andrea.asperti, beniamino.tartufoli";"difa, disi";"GEO/12, INFO-01/A";"full professor, phd student";"Bologna";"6";"INF/01";"English";"0934, 6671, 6700, 6711, 6716, 8891, 9063, 9217";"Artificial Intelligence, Automation Engineering, Electronic Engineering";"LM, LT";"dei, disi";"weak_internal";"https://www.unibo.it/en/study/course-units-transferable-skills-moocs/course-unit-catalogue/course-unit/2025/455262"
"6";"Learning Machine Deep (6)";"91250-B";"Deep Learning";"2025";"matteo.ferrara";"disi";"IINF-05/A";"associate professor";"Cesena";"6";"ING-INF/05";"Italian";"6673, 6699, 8614, 8615";"Computer Science and Engineering";"LM, LT";"disi";"internal";"https://www.unibo.it/en/study/course-units-transferable-skills-moocs/course-unit-catalogue/course-unit/2025/455807"
"7";"Informatica Computer Science (7)";"07276-A";"Computer Science";"2025";"federica.delduchett2, gaia.corona2, marco.sbaraglia, simone.martini";"disi, fabit, mat";"BIO/10, INFO-01/A";"full professor, phd student, teaching tutor";"Bologna";"8";"INF/01";"Italian";"5827, 6061, 6649, 6730, 8010, 8773";"Mathematics, Philosophical Sciences";"LM, LT";"filo, mat";"service";"https://www.unibo.it/en/study/course-units-transferable-skills-moocs/course-unit-catalogue/course-unit/2025/523751"
"7";"Informatica Computer Science (7)";"28040";"Information Technology";"2025";"federica.delduchett2, gaia.corona2, marco.sbaraglia, simone.martini";"disi, fabit, mat";"BIO/10, INFO-01/A";"full professor, phd student, teaching tutor";"Bologna";"6";"INF/01";"Italian";"6649, 6805, 8773";"Mathematics, Philosophical Sciences";"LM, LT";"filo, mat";"service";"https://www.unibo.it/en/study/course-units-transferable-skills-moocs/course-unit-catalogue/course-unit/2025/385649"
"7";"Informatica Computer Science (7)";"37262";"Computer Programming";"2025";"mauro.gaspari";"disi";"INFO-01/A";"associate professor";"Bologna";"6";"INF/01";"English";"6692, 8854";"Quantitative Finance";"LM";"stat";"service";"https://www.unibo.it/en/study/course-units-transferable-skills-moocs/course-unit-catalogue/course-unit/2025/392829"
"7";"Informatica Computer Science (7)";"41588";"INTRODUZIONE ALL'ANALISI DEI DATI";"2025";"alina.sirbu";"disi";"INFO-01/A";"associate professor";"Bologna";"6";"INF/01";"Italian";"5982, 6605";"Biological Sciences";"LT";"bigea";"service";"https://www.unibo.it/en/study/course-units-transferable-skills-moocs/course-unit-catalogue/course-unit/2025/493356"
"7";"Informatica Computer Science (7)";"65094";"ADVANCED PROGRAMMING";"2025";"enrico.baglione";"difa";"";"adjunct professor";"Bologna";"6";"INF/01";"English";"5895, 6697";"Science of Climate";"LM";"difa";"external";"https://www.unibo.it/en/study/course-units-transferable-skills-moocs/course-unit-catalogue/course-unit/2025/480805"
"7";"Informatica Computer Science (7)";"85189";"Systems and Algorithms for Data Science";"2025";"elisabetta.ronchieri, stefano.lodi";"disi, stat";"IINF-05/A";"adjunct professor, associate professor";"Bologna";"10";"ING-INF/05";"English";"6661, 6810, 8873, 9222";"Statistical Sciences";"LM, LT";"stat";"service";"https://www.unibo.it/en/study/course-units-transferable-skills-moocs/course-unit-catalogue/course-unit/2025/423571"
"7";"Informatica Computer Science (7)";"85285";"Programming";"2025";"alessandro.amoroso, n.donati, zeynep.kiziltan";"disi";"INFO-01/A, ING-INF/05";"associate professor, phd student";"Bologna";"12";"INF/01";"English";"6619, 9211";"Genomics";"LT";"fabit";"service";"https://www.unibo.it/en/study/course-units-transferable-skills-moocs/course-unit-catalogue/course-unit/2025/533250"
"7";"Informatica Computer Science (7)";"90477";"Machine Learning Systems For Data Science";"2025";"elisabetta.ronchieri, stefano.lodi";"disi, stat";"IINF-05/A";"adjunct professor, associate professor";"Bologna";"10";"ING-INF/05";"English";"6661, 6810, 8873, 9222";"Statistical Sciences";"LM, LT";"stat";"service";"https://www.unibo.it/en/study/course-units-transferable-skills-moocs/course-unit-catalogue/course-unit/2025/444067"
"7";"Informatica Computer Science (7)";"93333";"Programming Lab";"2025";"sara.zuppiroli";"dse";"";"adjunct professor";"Bologna";"3";"INF/01";"Italian";"6644, 8038";"Economics, Markets and Institutions";"LT";"dse";"external";"https://www.unibo.it/en/study/course-units-transferable-skills-moocs/course-unit-catalogue/course-unit/2025/455038"
"7";"Informatica Computer Science (7)";"93363";"Advanced Programming";"2025";"andrea.nuzzolese2, annasofia.lippolis2";"fabit";"INF/01";"adjunct professor, teaching tutor";"Bologna";"6";"INF/01";"English";"6619, 9211";"Genomics";"LT";"fabit";"external";"https://www.unibo.it/en/study/course-units-transferable-skills-moocs/course-unit-catalogue/course-unit/2025/455200"
"7";"Informatica Computer Science (7)";"95602";"Programming and Computer Architectures";"2025";"alessandro.bevilacqua, enrico.gallinucci, mario.bravetti";"disi";"IINF-05/A, INFO-01/A";"full professor, researcher, tenure-track researcher";"Cesena";"12";"INF/01";"English";"5815, 6823";"Digital Transformation Management";"LM";"disi";"internal";"https://www.unibo.it/en/study/course-units-transferable-skills-moocs/course-unit-catalogue/course-unit/2025/517113"
"7";"Informatica Computer Science (7)";"96346";"INFORMATICA";"2025";"daniele.romanella2, paolo.felli";"disi";"INFO-01/A";"associate professor, teaching tutor";"Bologna";"6";"INF/01";"Italian";"5940, 6830";"Materials Science";"LT";"difa";"service";"https://www.unibo.it/en/study/course-units-transferable-skills-moocs/course-unit-catalogue/course-unit/2025/520631"
"7";"Informatica Computer Science (7)";"98735";"Python Coding and Data Science";"2025";"alberto.cordioli, nicola.bartolini11";"disa, stat";"";"adjunct professor";"Bologna";"6";"INF/01";"English";"5885, 6693";"Greening Energy Market and Finance";"LM";"stat";"external";"https://www.unibo.it/en/study/course-units-transferable-skills-moocs/course-unit-catalogue/course-unit/2025/518146"
"7";"Informatica Computer Science (7)";"B0063";"Programming Laboratory";"2025";"francesco.poggi5";"sps";"";"adjunct professor";"Bologna";"4";"INF/01";"Italian";"5889, 6777";"Digital Innovation Policies and Governance";"LM";"sps";"external";"https://www.unibo.it/en/study/course-units-transferable-skills-moocs/course-unit-catalogue/course-unit/2025/518192"
"7";"Informatica Computer Science (7)";"B0064";"Introduction to Data Science and Computational Thinking";"2025";"francesco.poggi5";"sps";"";"adjunct professor";"Bologna";"8";"INF/01";"Italian";"5889, 6777";"Digital Innovation Policies and Governance";"LM";"sps";"external";"https://www.unibo.it/en/study/course-units-transferable-skills-moocs/course-unit-catalogue/course-unit/2025/518193"
"7";"Informatica Computer Science (7)";"B5780";"Computational Methods for Bioinformatics";"2025";"ivan.lanese, matteo.manfredi4";"disi, fabit";"INFO-01/A";"adjunct professor, associate professor";"Bologna";"10";"INF/01";"English";"6767, 8020";"Bioinformatics";"LM";"fabit";"service";"https://www.unibo.it/en/study/course-units-transferable-skills-moocs/course-unit-catalogue/course-unit/2025/524682"
"7";"Informatica Computer Science (7)";"B8905";"Foundations of Programming";"2025";"massimiliano.garagnani";"filo";"INFO-01/A";"associate professor";"Bologna";"6";"INF/01";"English";"6824, 8886";"Semiotics";"LM";"filo";"external";"https://www.unibo.it/en/study/course-units-transferable-skills-moocs/course-unit-catalogue/course-unit/2025/543578"
"8";"Databases Database Systems (8)";"10906";"Databases";"2025";"alessandra.lumini, maichol.dadi2";"disi";"IINF-05/A";"associate professor, research fellow";"Cesena";"6";"ING-INF/05";"Italian";"6007";"Computer Systems Technologies";"LT";"disi";"internal";"https://www.unibo.it/en/study/course-units-transferable-skills-moocs/course-unit-catalogue/course-unit/2025/498821"
"8";"Databases Database Systems (8)";"10906-A";"Databases";"2025";"annalisa.franco, fabio.notaro3, nicolo.didomenico";"disi";"IINF-05/A, ING-INF/05";"associate professor, phd student";"Cesena";"12";"ING-INF/05";"Italian";"6669, 6673, 6699, 6705, 8614, 8615, 9082, 9266";"Biomedical Engineering, Computer Science and Engineering";"LM, LT";"dei, disi";"weak_internal";"https://www.unibo.it/en/study/course-units-transferable-skills-moocs/course-unit-catalogue/course-unit/2025/378217"
"8";"Databases Database Systems (8)";"28027";"Information Systems T";"2025";"mattia.darpa2, paolo.ciaccia";"disi";"IINF-05/A";"full professor, teaching tutor";"Bologna";"9";"ING-INF/05";"Italian";"5826, 6668, 6719, 9254";"Computer Engineering";"LM, LT";"disi";"internal";"https://www.unibo.it/en/study/course-units-transferable-skills-moocs/course-unit-catalogue/course-unit/2025/434702"
"8";"Databases Database Systems (8)";"28796";"Elements of Databases";"2025";"danilo.montesi, simone.branchetti3";"disi";"INF/01, INFO-01/A";"full professor, phd student";"Bologna";"6";"INF/01";"Italian";"5898, 6640, 6698, 8009";"Computer Science";"LM, LT";"disi";"internal";"https://www.unibo.it/en/study/course-units-transferable-skills-moocs/course-unit-catalogue/course-unit/2025/518550"
"8";"Databases Database Systems (8)";"70155";"Data Bases";"2025";"alfonso.esposito6, marco.difelice3";"disi";"INF/01, INFO-01/A";"full professor, phd student";"Bologna";"9";"INF/01";"Italian";"6060, 6641, 8014";"Information Science for Management";"LT";"disi";"internal";"https://www.unibo.it/en/study/course-units-transferable-skills-moocs/course-unit-catalogue/course-unit/2025/378069"
"8";"Databases Database Systems (8)";"79194";"Databases";"2025";"damiano.somenzi";"stat";"";"adjunct professor";"Bologna";"6";"ING-INF/05";"English";"6661, 6810, 8873, 9222";"Statistical Sciences";"LM, LT";"stat";"external";"https://www.unibo.it/en/study/course-units-transferable-skills-moocs/course-unit-catalogue/course-unit/2025/454733"
"8";"Databases Database Systems (8)";"84339";"Advanced Database Systems";"2025";"alessandra.lumini, matteo.golfarelli";"disi";"IINF-05/A";"associate professor, full professor";"Cesena";"6";"ING-INF/05";"Italian";"6673, 6699, 8614, 8615";"Computer Science and Engineering";"LM, LT";"disi";"internal";"https://www.unibo.it/en/study/course-units-transferable-skills-moocs/course-unit-catalogue/course-unit/2025/421625"
"8";"Databases Database Systems (8)";"90107";"BASI DI DATI";"2025";"danilo.montesi, laura.pistore, simone.branchetti3";"disi";"INF/01, INFO-01/A";"full professor, phd student, teaching tutor";"Bologna";"9";"INF/01";"Italian";"5898, 6640, 6698, 8009";"Computer Science";"LM, LT";"disi";"internal";"https://www.unibo.it/en/study/course-units-transferable-skills-moocs/course-unit-catalogue/course-unit/2025/443720"
"8";"Databases Database Systems (8)";"95611";"Database Systems";"2025";"alessandra.lumini";"disi";"IINF-05/A";"associate professor";"Cesena";"6";"ING-INF/05";"English";"5815, 6823";"Digital Transformation Management";"LM";"disi";"internal";"https://www.unibo.it/en/study/course-units-transferable-skills-moocs/course-unit-catalogue/course-unit/2025/517117"
"8";"Databases Database Systems (8)";"96793";"Information Systems and Database Management";"2025";"damiano.somenzi";"stat";"";"adjunct professor";"Bologna";"6";"ING-INF/05";"English";"6811, 8876";"Statistics, Economics and Business";"LM";"stat";"external";"https://www.unibo.it/en/study/course-units-transferable-skills-moocs/course-unit-catalogue/course-unit/2025/529396"
"9";"Experience User Usability (9)";"85573";"Usability and User Experience";"2025";"carloteo.pedretti2, fabio.vitali, gianmarco.spinaci2";"disi, ficlit";"INF/01, INFO-01/A";"full professor, phd student";"Bologna";"6";"INF/01";"English";"6698, 6736, 9063, 9224";"Artificial Intelligence, Computer Science, Digital Humanities and Digital Knowledge";"LM";"disi, ficlit";"weak_internal";"https://www.unibo.it/en/study/course-units-transferable-skills-moocs/course-unit-catalogue/course-unit/2025/424782"
"9";"Experience User Usability (9)";"90720";"Usability & User Experience Design";"2025";"carloteo.pedretti2, fabio.vitali, gianmarco.spinaci2";"disi, ficlit";"INF/01, INFO-01/A";"full professor, phd student";"Bologna";"6";"INF/01";"English";"5898, 6640, 6698, 8009, 9063, 9224";"Artificial Intelligence, Computer Science, Digital Humanities and Digital Knowledge";"LM, LT";"disi, ficlit";"weak_internal";"https://www.unibo.it/en/study/course-units-transferable-skills-moocs/course-unit-catalogue/course-unit/2025/518535"
"9";"Experience User Usability (9)";"91264";"User Experience Design";"2025";"carloteo.pedretti2, fabio.vitali, gianmarco.spinaci2";"disi, ficlit";"INF/01, INFO-01/A";"full professor, phd student";"Bologna";"6";"INF/01";"English";"6698, 6700, 9063, 9224";"Artificial Intelligence, Computer Science, Digital Humanities and Digital Knowledge";"LM";"disi, ficlit";"weak_internal";"https://www.unibo.it/en/study/course-units-transferable-skills-moocs/course-unit-catalogue/course-unit/2025/446611"
"10";"Reliable Scalable Services (10)";"97431";"Scalable and Reliable Services M";"2025";"michele.colajanni";"disi";"IINF-05/A";"full professor";"Bologna";"8";"ING-INF/05";"English";"5826, 6700, 9063";"Artificial Intelligence, Computer Engineering";"LM";"disi";"internal";"https://www.unibo.it/en/study/course-units-transferable-skills-moocs/course-unit-catalogue/course-unit/2025/477338"
"10";"Reliable Scalable Services (10)";"B5796";"Scalable and Reliable Services M";"2025";"michele.colajanni";"disi";"IINF-05/A";"full professor";"Bologna";"8";"ING-INF/05";"English";"5826, 6668, 6719, 9063, 9254";"Artificial Intelligence, Computer Engineering";"LM, LT";"disi";"internal";"https://www.unibo.it/en/study/course-units-transferable-skills-moocs/course-unit-catalogue/course-unit/2025/504348"
"11";"Computer Computing High-Performance (11)";"11933";"Theoretical Computer Science";"2025";"enrico.malizia";"disi";"INFO-01/A";"associate professor";"Bologna";"6";"ING-INF/05";"Italian";"5827, 6061, 6649, 6730, 8009, 8010";"Computer Science, Mathematics";"LM, LT";"disi, mat";"weak_internal";"https://www.unibo.it/en/study/course-units-transferable-skills-moocs/course-unit-catalogue/course-unit/2025/324002"
"11";"Computer Computing High-Performance (11)";"28012";"Electronic Calculators T";"2025";"luigi.distefano";"disi";"IINF-05/A";"full professor";"Bologna";"6";"ING-INF/05";"Italian";"6671, 6672, 6711, 8891, 9065, 9217";"Automation Engineering, Electronics and Telecommunications Engineering";"LM, LT";"dei";"service";"https://www.unibo.it/en/study/course-units-transferable-skills-moocs/course-unit-catalogue/course-unit/2025/445978"
"11";"Computer Computing High-Performance (11)";"41169";"Theoretical Computer Science";"2025";"enrico.malizia";"disi";"INFO-01/A";"associate professor";"Bologna";"6";"INF/01";"Italian";"5898, 6640, 6698, 8009, 8010";"Computer Science, Mathematics";"LM, LT";"disi, mat";"weak_internal";"https://www.unibo.it/en/study/course-units-transferable-skills-moocs/course-unit-catalogue/course-unit/2025/455107"
"11";"Computer Computing High-Performance (11)";"58437";"Parallel Calculus";"2025";"moreno.marzolla";"disi";"INFO-01/A";"associate professor";"Bologna";"6";"INF/01";"Italian";"5898, 6640, 6698, 8009";"Computer Science";"LM, LT";"disi";"internal";"https://www.unibo.it/en/study/course-units-transferable-skills-moocs/course-unit-catalogue/course-unit/2025/544187"
"11";"Computer Computing High-Performance (11)";"72778";"High-Performance Computing";"2025";"moreno.marzolla";"disi";"INFO-01/A";"associate professor";"Cesena";"6";"INF/01";"Italian";"6673, 6699, 8614, 8615";"Computer Science and Engineering";"LM, LT";"disi";"internal";"https://www.unibo.it/en/study/course-units-transferable-skills-moocs/course-unit-catalogue/course-unit/2025/385080"
"11";"Computer Computing High-Performance (11)";"90074";"Smart Vehicular Systems";"2025";"roberto.girau";"disi";"INFO-01/A";"associate professor";"Cesena";"6";"INF/01";"English";"6673, 6699, 8614, 8615";"Computer Science and Engineering";"LM, LT";"disi";"internal";"https://www.unibo.it/en/study/course-units-transferable-skills-moocs/course-unit-catalogue/course-unit/2025/448425"
"11";"Computer Computing High-Performance (11)";"96994";"Smart Vehicular-Systems";"2025";"roberto.girau";"disi";"INFO-01/A";"associate professor";"Cesena";"6";"ING-INF/05";"English";"6673, 6699, 8614, 8615";"Computer Science and Engineering";"LM, LT";"disi";"internal";"https://www.unibo.it/en/study/course-units-transferable-skills-moocs/course-unit-catalogue/course-unit/2025/470998"
"12";"Knowledge Engineering Extraction (12)";"27311";"Humanistic IT";"2025";"francesca.tomasi";"ficlit";"HIST-04/C";"full professor";"Bologna";"6";"ING-INF/05";"Italian";"6601, 8850";"Humanities";"LT";"ficlit";"external";"https://www.unibo.it/en/study/course-units-transferable-skills-moocs/course-unit-catalogue/course-unit/2025/392953"
"12";"Knowledge Engineering Extraction (12)";"27311-A";"Humanistic IT";"2025";"massimiliano.garagnani";"filo";"INFO-01/A";"associate professor";"Bologna";"6";"ING-INF/05";"Italian";"5975, 6620, 6665, 9216";"Communication Sciences, Philosophy";"LT";"dar, filo";"external";"https://www.unibo.it/en/study/course-units-transferable-skills-moocs/course-unit-catalogue/course-unit/2025/423208"
"12";"Knowledge Engineering Extraction (12)";"28011";"Logic Design T";"2025";"andrea.acquaviva";"dei";"IINF-05/A";"full professor";"Bologna";"6";"ING-INF/05";"Italian";"6672, 9065";"Electronics and Telecommunications Engineering";"LT";"dei";"external";"https://www.unibo.it/en/study/course-units-transferable-skills-moocs/course-unit-catalogue/course-unit/2025/530778"
"12";"Knowledge Engineering Extraction (12)";"42500";"Semantic Web";"2025";"antonella.carbonaro, gianluca.moro";"disi";"IINF-05/A, INFO-01/A";"associate professor";"Cesena";"6";"INF/01";"Italian";"6673, 6699, 8614, 8615";"Computer Science and Engineering";"LM, LT";"disi";"internal";"https://www.unibo.it/en/study/course-units-transferable-skills-moocs/course-unit-catalogue/course-unit/2025/412687"
"12";"Knowledge Engineering Extraction (12)";"66857";"Logic for Computer Science";"2025";"claudio.sacerdoticoen, orazioandrea.capone2";"disi";"INFO-01/A";"associate professor, teaching tutor";"Bologna";"6";"INF/01";"Italian";"5898, 6640, 6698, 8009";"Computer Science";"LM, LT";"disi";"internal";"https://www.unibo.it/en/study/course-units-transferable-skills-moocs/course-unit-catalogue/course-unit/2025/524333"
"12";"Knowledge Engineering Extraction (12)";"73149";"Logic for Informatics";"2025";"massimiliano.garagnani";"filo";"INFO-01/A";"associate professor";"Bologna";"6";"INF/01";"Italian";"6665, 9216";"Philosophy";"LT";"filo";"external";"https://www.unibo.it/en/study/course-units-transferable-skills-moocs/course-unit-catalogue/course-unit/2025/423011"
"12";"Knowledge Engineering Extraction (12)";"81609";"Languages, Compilers and Computational Models";"2025";"mario.bravetti";"disi";"INFO-01/A";"full professor";"Cesena";"12";"INF/01";"Italian";"6673, 6699, 8614, 8615";"Computer Science and Engineering";"LM, LT";"disi";"internal";"https://www.unibo.it/en/study/course-units-transferable-skills-moocs/course-unit-catalogue/course-unit/2025/526519"
"12";"Knowledge Engineering Extraction (12)";"85446";"Knowledge Representation and Extraction";"2025";"aldo.gangemi";"filo";"INFO-01/A";"full professor";"Bologna";"6";"INF/01";"English";"6736, 9224";"Digital Humanities and Digital Knowledge";"LM";"ficlit";"external";"https://www.unibo.it/en/study/course-units-transferable-skills-moocs/course-unit-catalogue/course-unit/2025/533916"
"12";"Knowledge Engineering Extraction (12)";"91265";"Knowledge Engineering";"2025";"andrea.nuzzolese2, valentina.presutti";"fabit, lilec";"INFO-01/A";"adjunct professor, associate professor";"Bologna";"6";"INF/01";"English";"6700, 9063";"Artificial Intelligence";"LM";"disi";"borrow";"https://www.unibo.it/en/study/course-units-transferable-skills-moocs/course-unit-catalogue/course-unit/2025/446613"
"12";"Knowledge Engineering Extraction (12)";"95639";"Industry 4.0";"2025";"samuele.burattini";"disi";"ING-INF/05";"adjunct professor";"Cesena";"6";"ING-INF/05";"English";"5815, 6673, 6699, 6823, 8614, 8615";"Computer Science and Engineering, Digital Transformation Management";"LM, LT";"disi";"internal";"https://www.unibo.it/en/study/course-units-transferable-skills-moocs/course-unit-catalogue/course-unit/2025/466780"
"12";"Knowledge Engineering Extraction (12)";"B0070";"METODOLOGIE E TECNICHE DI SIMULAZIONE";"2025";"valentina.presutti";"lilec";"INFO-01/A";"associate professor";"Bologna";"8";"INF/01";"Italian";"5889, 6777";"Digital Innovation Policies and Governance";"LM";"sps";"external";"https://www.unibo.it/en/study/course-units-transferable-skills-moocs/course-unit-catalogue/course-unit/2025/483945"
"12";"Knowledge Engineering Extraction (12)";"B4948";"Cognitive Sematics for Artificial Intelligence";"2025";"aldo.gangemi";"filo";"INFO-01/A";"full professor";"Bologna";"6";"INF/01";"English";"6805, 6824, 8773, 8886";"Philosophical Sciences, Semiotics";"LM";"filo";"external";"https://www.unibo.it/en/study/course-units-transferable-skills-moocs/course-unit-catalogue/course-unit/2025/527032"
"12";"Knowledge Engineering Extraction (12)";"B5026";"Introduction to Computability and Complexity";"2025";"remy.cerda, ugo.dallago";"disi";"INFO-01/A";"full professor, research scholarship holder";"Bologna";"6";"ING-INF/05";"English";"6700, 9063";"Artificial Intelligence";"LM";"disi";"internal";"https://www.unibo.it/en/study/course-units-transferable-skills-moocs/course-unit-catalogue/course-unit/2025/530708"
"12";"Knowledge Engineering Extraction (12)";"B5292";"Knowledge Engeneering for the Humanities";"2025";"valentina.presutti";"lilec";"INFO-01/A";"associate professor";"Bologna";"3";"INF/01";"English";"6724, 8874";"Language, Society and Communication";"LM";"lilec";"external";"https://www.unibo.it/en/study/course-units-transferable-skills-moocs/course-unit-catalogue/course-unit/2025/529334"
"12";"Knowledge Engineering Extraction (12)";"B8836";"Universal Semantics";"2025";"aldo.gangemi";"filo";"INFO-01/A";"full professor";"Bologna";"6";"INF/01";"English";"6824, 8886";"Semiotics";"LM";"filo";"external";"https://www.unibo.it/en/study/course-units-transferable-skills-moocs/course-unit-catalogue/course-unit/2025/543460"
"13";"Web Technologies Web-Related (13)";"28659";"Web Technologies T";"2025";"andrea.garbugli, elisa.drudi5, giuseppe.dimodica, paolo.bellavista";"ciri-ict, disi";"IINF-05/A";"associate professor, full professor, research fellow, teaching tutor";"Bologna";"9";"ING-INF/05";"Italian";"5826, 6668, 6719, 9254";"Computer Engineering";"LM, LT";"disi";"weak_internal";"https://www.unibo.it/en/study/course-units-transferable-skills-moocs/course-unit-catalogue/course-unit/2025/461147"
"13";"Web Technologies Web-Related (13)";"41731";"Web-related Technologies";"2025";"angelo.diiorio, carloteo.pedretti2, lorenzo.paolini11";"disi";"INF/01, INFO-01/A";"associate professor, phd student";"Bologna";"6";"INF/01";"Italiano";"5975, 6060, 6641, 8014, 8850, 9216";"Communication Sciences, Humanities, Information Science for Management, Philosophy";"LT";"dar, disi, ficlit, filo";"weak_internal";"https://www.unibo.it/it/studiare/insegnamenti-competenze-trasversali-moocs/insegnamenti/insegnamento/2025/367014"
"13";"Web Technologies Web-Related (13)";"41731-A";"Web-related Technologies";"2025";"giovanni.delnevo, kelvin.olaiya, silvia.mirri";"disi";"INF/01, INFO-01/A";"full professor, phd student, tenure-track researcher";"Cesena";"6";"INF/01";"Italian";"6673, 6699, 8614, 8615";"Computer Science and Engineering";"LM, LT";"disi";"internal";"https://www.unibo.it/en/study/course-units-transferable-skills-moocs/course-unit-catalogue/course-unit/2025/378225"
"13";"Web Technologies Web-Related (13)";"47240";"Web Systems Engineering";"2025";"alex.testa2, chiara.ceccarini6";"disi";"INFO-01/A";"rtda, teaching tutor";"Cesena";"6";"INF/01";"Italian";"6007";"Computer Systems Technologies";"LT";"disi";"internal";"https://www.unibo.it/en/study/course-units-transferable-skills-moocs/course-unit-catalogue/course-unit/2025/498809"
"13";"Web Technologies Web-Related (13)";"69867";"Web Services and Applications";"2025";"manuel.andruccioli, silvia.mirri";"disi";"INF/01, INFO-01/A";"full professor, phd student";"Cesena";"6";"ING-INF/05";"Italian";"6673, 6699, 8614, 8615";"Computer Science and Engineering";"LM, LT";"disi";"internal";"https://www.unibo.it/en/study/course-units-transferable-skills-moocs/course-unit-catalogue/course-unit/2025/412604"
"13";"Web Technologies Web-Related (13)";"75835";"Web Technologies";"2025";"angelo.diiorio, carloteo.pedretti2, lorenzo.paolini11";"disi";"INF/01, INFO-01/A";"associate professor, phd student";"Bologna";"6";"INF/01";"Italiano";"5975, 6601, 6620, 6665, 8014, 8850, 9216";"Communication Sciences, Humanities, Information Science for Management, Philosophy";"LT";"dar, disi, ficlit, filo";"weak_internal";"https://www.unibo.it/it/studiare/insegnamenti-competenze-trasversali-moocs/insegnamenti/insegnamento/2025/392954"
"13";"Web Technologies Web-Related (13)";"88566";"Web Technology";"2025";"andrea.schimmenti2, fabio.vitali, gianmarco.spinaci2, remo.grillo";"disi, ficlit";"INF/01, INFO-01/A";"full professor, phd student, teaching tutor";"Bologna";"9";"INF/01";"Italian";"5898, 6640, 6698, 8009";"Computer Science";"LM, LT";"disi";"weak_internal";"https://www.unibo.it/en/study/course-units-transferable-skills-moocs/course-unit-catalogue/course-unit/2025/436428"
"13";"Web Technologies Web-Related (13)";"94442";"Design of Web Applications T";"2025";"ilaria.bartolini, marco.caruso9";"disi";"IINF-05/A";"full professor, teaching tutor";"Bologna";"6";"ING-INF/05";"Italian";"5826, 6668, 6719, 9254";"Computer Engineering";"LM, LT";"disi";"internal";"https://www.unibo.it/en/study/course-units-transferable-skills-moocs/course-unit-catalogue/course-unit/2025/461145"
"13";"Web Technologies Web-Related (13)";"95605";"Web and Mobile Systems";"2025";"catia.prandi, silvia.mirri";"disi";"INFO-01/A";"associate professor, full professor";"Cesena";"6";"INF/01";"English";"5815, 6823";"Digital Transformation Management";"LM";"disi";"internal";"https://www.unibo.it/en/study/course-units-transferable-skills-moocs/course-unit-catalogue/course-unit/2025/517116"
"13";"Web Technologies Web-Related (13)";"95645";"Foundations of Web Systems";"2025";"alex.testa2, giovanni.delnevo, silvia.mirri";"disi";"INFO-01/A";"full professor, teaching tutor, tenure-track researcher";"Cesena";"6";"INF/01";"Italian";"6007";"Computer Systems Technologies";"LT";"disi";"internal";"https://www.unibo.it/en/study/course-units-transferable-skills-moocs/course-unit-catalogue/course-unit/2025/498820"
"14";"Engineering Software Cultural (14)";"28021";"Software Engineering T";"2025";"angelo.quarta2, marco.patella";"disi";"IINF-05/A";"full professor, research fellow";"Bologna";"9";"ING-INF/05";"Italian";"5826, 6668, 6719, 9254";"Computer Engineering";"LM, LT";"disi";"internal";"https://www.unibo.it/en/study/course-units-transferable-skills-moocs/course-unit-catalogue/course-unit/2025/434708"
"14";"Engineering Software Cultural (14)";"66858";"Software Engineering";"2025";"daviderossi, giovanni.grotto3";"disi";"INFO-01/A";"associate professor, teaching tutor";"Bologna";"6";"INF/01";"Italian";"6060, 6641, 8014";"Information Science for Management";"LT";"disi";"internal";"https://www.unibo.it/en/study/course-units-transferable-skills-moocs/course-unit-catalogue/course-unit/2025/367015"
"14";"Engineering Software Cultural (14)";"72939";"Software Systems Engineering M";"2025";"antonio.natali";"unibo";"";"former professor";"Bologna";"8";"ING-INF/05";"Italian";"5826, 6668, 6719, 9254";"Computer Engineering";"LM, LT";"disi";"borrow";"https://www.unibo.it/en/study/course-units-transferable-skills-moocs/course-unit-catalogue/course-unit/2025/517543"
"14";"Engineering Software Cultural (14)";"90106";"Software Engineering";"2025";"daviderossi, giovanni.grotto3, orazioandrea.capone2";"disi";"INFO-01/A";"associate professor, teaching tutor";"Bologna";"9";"INF/01";"Italian";"6060, 6641, 8014";"Information Science for Management";"LT";"disi";"internal";"https://www.unibo.it/en/study/course-units-transferable-skills-moocs/course-unit-catalogue/course-unit/2025/501529"
"14";"Engineering Software Cultural (14)";"95627";"Software Engineering";"2025";"davide.domini, giovanni.ciatto";"disi";"IINF-05/A, ING-INF/05";"phd student, tenure-track researcher";"Cesena";"6";"ING-INF/05";"English";"5815, 6823";"Digital Transformation Management";"LM";"disi";"internal";"https://www.unibo.it/en/study/course-units-transferable-skills-moocs/course-unit-catalogue/course-unit/2025/517125"
"14";"Engineering Software Cultural (14)";"97466";"Digital represention of the Landscape Project";"2025";"alberto.barbaresi";"distal";"AGRI-04/C";"associate professor";"Bologna";"6";"INF/01";"Italian";"5830, 6628";"Sciences and Technologies for Green and Landscape";"LT";"distal";"external";"https://www.unibo.it/en/study/course-units-transferable-skills-moocs/course-unit-catalogue/course-unit/2025/517925"
"14";"Engineering Software Cultural (14)";"B0009";"Advanced Software Modelling and Design";"2025";"gianluca.aguzzi, mirko.viroli";"disi";"IINF-05/A";"adjunct professor, full professor";"Cesena";"6";"ING-INF/05";"English";"6673, 6699, 8614, 8615";"Computer Science and Engineering";"LM, LT";"disi";"internal";"https://www.unibo.it/en/study/course-units-transferable-skills-moocs/course-unit-catalogue/course-unit/2025/483706"
"14";"Engineering Software Cultural (14)";"B0010";"Software Architecture and Platforms";"2025";"a.ricci";"disi";"IINF-05/A";"associate professor";"Cesena";"6";"ING-INF/05";"English";"6673, 6699, 8614, 8615";"Computer Science and Engineering";"LM, LT";"disi";"internal";"https://www.unibo.it/en/study/course-units-transferable-skills-moocs/course-unit-catalogue/course-unit/2025/526565"
"14";"Engineering Software Cultural (14)";"B0074";"PIATTAFORME PER LA TRASFORMAZIONE DIGITALE";"2025";"giancarlo.succi2";"disi";"INFO-01/A";"full professor";"Bologna";"8";"ING-INF/05";"Italian";"5889, 5898, 6777";"Computer Science, Digital Innovation Policies and Governance";"LM";"disi, sps";"weak_internal";"https://www.unibo.it/en/study/course-units-transferable-skills-moocs/course-unit-catalogue/course-unit/2025/483949"
"14";"Engineering Software Cultural (14)";"B1459";"ARTIFICIAL INTELLIGENCE, BLOCKCHAIN E CRIPTOVALUTE NELLO SVILUPPO SOFTWARE";"2025";"giancarlo.succi2";"disi";"INFO-01/A";"full professor";"Bologna";"6";"INF/01";"Italian";"5889, 5898, 6640, 6698, 8009";"Computer Science, Digital Innovation Policies and Governance";"LM, LT";"disi, sps";"weak_internal";"https://www.unibo.it/en/study/course-units-transferable-skills-moocs/course-unit-catalogue/course-unit/2025/495981"
"14";"Engineering Software Cultural (14)";"B1874";"Project Management and Software Engineering for Cultural Heritage";"2025";"paolo.bonora";"ficlit";"";"adjunct professor";"Bologna";"6";"INF/01";"English";"6736, 9224";"Digital Humanities and Digital Knowledge";"LM";"ficlit";"external";"https://www.unibo.it/en/study/course-units-transferable-skills-moocs/course-unit-catalogue/course-unit/2025/490904"
"14";"Engineering Software Cultural (14)";"B5293";"Computer Studies and Humanities";"2025";"valentina.presutti";"lilec";"INFO-01/A";"associate professor";"Bologna";"3";"INF/01";"English";"6724, 6824, 8874";"Language, Society and Communication, Semiotics";"LM";"filo, lilec";"external";"https://www.unibo.it/en/study/course-units-transferable-skills-moocs/course-unit-catalogue/course-unit/2025/529335"
"14";"Engineering Software Cultural (14)";"B5474";"ARCHITETTURE SOFTWARE A MICROSERVIZI";"2025";"daviderossi, ivan.lanese";"disi";"INFO-01/A";"associate professor";"Bologna";"6";"INF/01";"Italian";"5898, 6640, 6698, 8009";"Computer Science";"LM, LT";"disi";"internal";"https://www.unibo.it/en/study/course-units-transferable-skills-moocs/course-unit-catalogue/course-unit/2025/518556"
"14";"Engineering Software Cultural (14)";"B8929";"Computer Studies and Human Sciences";"2025";"valentina.presutti";"lilec";"INFO-01/A";"associate professor";"Bologna";"6";"INF/01";"English";"6824, 8886";"Semiotics";"LM";"filo";"external";"https://www.unibo.it/en/study/course-units-transferable-skills-moocs/course-unit-catalogue/course-unit/2025/543624"
"15";"Network Networks Programming (15)";"28024";"Computer Networks T";"2025";"andrea.sabbioni5, antonio.corradi, armir.bujari, davide.tazzioli, giuseppe.martuscelli, sofia.montebugnoli3";"disi, unibo";"IINF-05/A, ING-INF/05";"associate professor, former professor, phd student, rtda, teaching tutor";"Bologna";"9";"ING-INF/05";"Italian";"5826, 6668, 6719, 9254";"Computer Engineering";"LM, LT";"disi";"weak_internal";"https://www.unibo.it/en/study/course-units-transferable-skills-moocs/course-unit-catalogue/course-unit/2025/545733"
"15";"Network Networks Programming (15)";"58423";"Internet Architecture";"2025";"marco.roccetti, vincenzo.armandi2";"dar, disi";"INF/01, INFO-01/A";"full professor, phd student";"Bologna";"9";"INF/01";"Italian";"6060, 6641, 8014";"Information Science for Management";"LT";"disi";"weak_internal";"https://www.unibo.it/en/study/course-units-transferable-skills-moocs/course-unit-catalogue/course-unit/2025/523718"
"15";"Network Networks Programming (15)";"70226";"Network Programming";"2025";"andrea.piroddi, franco.callegati";"disi";"INFO-01/A";"adjunct professor, full professor";"Cesena";"6";"INF/01";"Italian";"6669, 6673, 6699, 6705, 8614, 8615, 9082, 9266";"Biomedical Engineering, Computer Science and Engineering";"LM, LT";"dei, disi";"weak_internal";"https://www.unibo.it/en/study/course-units-transferable-skills-moocs/course-unit-catalogue/course-unit/2025/412080"
"15";"Network Networks Programming (15)";"90730";"Social Network Analysis";"2025";"giorgia.sampo2, saverio.giallorenzo";"disi, ficlit";"INFO-01/A";"teaching tutor, tenure-track researcher";"Bologna";"6";"INF/01";"English";"5898, 6640, 6698, 6700, 8009, 9063, 9224";"Artificial Intelligence, Computer Science, Digital Humanities and Digital Knowledge";"LM, LT";"disi, ficlit";"weak_internal";"https://www.unibo.it/en/study/course-units-transferable-skills-moocs/course-unit-catalogue/course-unit/2025/477342"
"15";"Network Networks Programming (15)";"93315";"Computer Networks";"2025";"ivan.zyrianoff, luciano.bononi, milena.mazza4";"dicam, disi, mat";"INFO-01/A";"adjunct professor, full professor, research scholarship holder";"Bologna";"12";"INF/01";"Italian";"5898, 6640, 6698, 8009";"Computer Science";"LM, LT";"disi";"weak_internal";"https://www.unibo.it/en/study/course-units-transferable-skills-moocs/course-unit-catalogue/course-unit/2025/455456"
"15";"Network Networks Programming (15)";"95604";"Operating Systems and Networks";"2025";"franco.callegati, roberto.girau";"disi";"INFO-01/A";"associate professor, full professor";"Cesena";"6";"INF/01";"English";"5815, 6823";"Digital Transformation Management";"LM";"disi";"internal";"https://www.unibo.it/en/study/course-units-transferable-skills-moocs/course-unit-catalogue/course-unit/2025/517115"
"15";"Network Networks Programming (15)";"95644";"Computer Networks and Network Programming";"2025";"a.melis, franco.callegati, lorenzo.rinieri";"disi";"INF/01, INFO-01/A";"adjunct professor, full professor, tenure-track researcher";"Cesena";"6";"INF/01";"Italian";"6007";"Computer Systems Technologies";"LT";"disi";"internal";"https://www.unibo.it/en/study/course-units-transferable-skills-moocs/course-unit-catalogue/course-unit/2025/498819"
"15";"Network Networks Programming (15)";"95782";"Network Analysis";"2025";"giorgia.sampo2, saverio.giallorenzo";"disi, ficlit";"INFO-01/A";"teaching tutor, tenure-track researcher";"Bologna";"6";"INF/01";"English";"5898, 6736, 9063, 9224";"Artificial Intelligence, Computer Science, Digital Humanities and Digital Knowledge";"LM";"disi, ficlit";"weak_internal";"https://www.unibo.it/en/study/course-units-transferable-skills-moocs/course-unit-catalogue/course-unit/2025/467048"
"15";"Network Networks Programming (15)";"96995";"Programmable Networking";"2025";"a.melis, franco.callegati, lorenzo.rinieri";"disi";"INF/01, INFO-01/A";"adjunct professor, full professor, tenure-track researcher";"Cesena";"6";"ING-INF/05";"English";"6673, 6699, 8614, 8615";"Computer Science and Engineering";"LM, LT";"disi";"internal";"https://www.unibo.it/en/study/course-units-transferable-skills-moocs/course-unit-catalogue/course-unit/2025/526560"
"16";"Data Algorithms Structures (16)";"11929";"Algorithms and Data Structures";"2025";"a.melis, gloria.semprini2, lorenzo.bacchiani2, luciano.margara, moreno.marzolla, vittorio.maniezzo";"disi";"INFO-01/A";"associate professor, full professor, research fellow, teaching tutor, tenure-track researcher";"Cesena";"12";"INF/01";"Italian";"6673, 6699, 8614, 8615";"Computer Science and Engineering";"LM, LT";"disi";"internal";"https://www.unibo.it/en/study/course-units-transferable-skills-moocs/course-unit-catalogue/course-unit/2025/536877"
"16";"Data Algorithms Structures (16)";"11929-A";"Algorithms and Data Structures";"2025";"gianluigi.zavattaro, giuseppe.depalma2, pietro.dilena, roberto.bonini4";"dibinem, disi";"BIO/09, INFO-01/A";"associate professor, full professor, phd student, teaching tutor";"Bologna";"12";"INF/01";"Italian";"5827, 6061, 6640, 6649, 6730, 8010";"Computer Science, Mathematics";"LM, LT";"disi, mat";"weak_internal";"https://www.unibo.it/en/study/course-units-transferable-skills-moocs/course-unit-catalogue/course-unit/2025/485189"
"16";"Data Algorithms Structures (16)";"11929-B";"Algorithm and Data Structures";"2025";"roby.casadei, vittorio.maniezzo";"disi";"INFO-01/A";"full professor, rtdb";"Cesena";"6";"INF/01";"Italian";"6007";"Computer Systems Technologies";"LT";"disi";"internal";"https://www.unibo.it/en/study/course-units-transferable-skills-moocs/course-unit-catalogue/course-unit/2025/498823"
"16";"Data Algorithms Structures (16)";"16692";"Laboratory of Informatics";"2025";"alessandro.bevilacqua, gabriele.marasca2";"dei, disi";"IINF-05/A, ING-INF/01";"phd student, researcher";"Cesena";"3";"ING-INF/05";"Italian";"5834, 6670";"Electronics Engineering";"LT";"dei";"service";"https://www.unibo.it/en/study/course-units-transferable-skills-moocs/course-unit-catalogue/course-unit/2025/518110"
"16";"Data Algorithms Structures (16)";"37635";"Data Structure and Algorithms";"2025";"gianluigi.zavattaro, giuseppe.depalma2, pietro.dilena, roberto.bonini4";"dibinem, disi";"BIO/09, INFO-01/A";"associate professor, full professor, phd student, teaching tutor";"Bologna";"12";"INF/01";"Italian";"5827, 5898, 6640, 6698, 6730, 8009";"Computer Science, Mathematics";"LM, LT";"disi, mat";"weak_internal";"https://www.unibo.it/en/study/course-units-transferable-skills-moocs/course-unit-catalogue/course-unit/2025/524324"
"16";"Data Algorithms Structures (16)";"81942";"Scalable and Cloud Programming";"2025";"gianluigi.zavattaro, nicolo.pizzo2";"disi";"INF/01, INFO-01/A";"full professor, phd student";"Bologna";"6";"INF/01";"Italian";"5898, 6640, 6698, 8009";"Computer Science";"LM, LT";"disi";"internal";"https://www.unibo.it/en/study/course-units-transferable-skills-moocs/course-unit-catalogue/course-unit/2025/479058"
"16";"Data Algorithms Structures (16)";"85301";"Algorithms and Data Structures in Biology";"2025";"anna.cormio2, enrico.malizia";"disi, fabit";"INFO-01/A";"associate professor, teaching tutor";"Bologna";"6";"INF/01";"English";"6619, 9211";"Genomics";"LT";"fabit";"service";"https://www.unibo.it/en/study/course-units-transferable-skills-moocs/course-unit-catalogue/course-unit/2025/424201"
"16";"Data Algorithms Structures (16)";"B4913";"ALGORITMI E STRUTTURE DATI";"2025";"daviderossi, giovanni.grotto3, jocelyne.elias, m.dinelli, martina.ianaro3";"disi";"INFO-01/A, ING-INF/05";"associate professor, phd student, teaching tutor";"Bologna";"9";"INF/01";"Italian";"6060, 6641, 8014";"Information Science for Management";"LT";"disi";"internal";"https://www.unibo.it/en/study/course-units-transferable-skills-moocs/course-unit-catalogue/course-unit/2025/501520"
"16";"Data Algorithms Structures (16)";"B5782";"Algorithms and Data Structures for Computational Biology";"2025";"pietro.dilena";"disi";"INFO-01/A";"associate professor";"Bologna";"10";"INF/01";"English";"6767, 8020";"Bioinformatics";"LM";"fabit";"service";"https://www.unibo.it/en/study/course-units-transferable-skills-moocs/course-unit-catalogue/course-unit/2025/524683"
"17";"Basic Skills Informatics (17)";"72796";"Data Intensive Applications";"2025";"gianluca.moro, roberto.pasolini";"disi";"IINF-05/A";"associate professor, teaching tutor";"Cesena";"6";"ING-INF/05";"Italian";"6673, 6699, 8614, 8615";"Computer Science and Engineering";"LM, LT";"disi";"internal";"https://www.unibo.it/en/study/course-units-transferable-skills-moocs/course-unit-catalogue/course-unit/2025/385100"
"17";"Basic Skills Informatics (17)";"75969";"Basic Informatics";"2025";"enrica.bruno2, ivan.heibi2, maria.bocchi4, silvio.peroni";"ficlit";"INFO-01/A, M-STO/08";"associate professor, phd student, rtda";"Bologna";"6";"INF/01";"Italian";"6601, 8850";"Humanities";"LT";"ficlit";"external";"https://www.unibo.it/en/study/course-units-transferable-skills-moocs/course-unit-catalogue/course-unit/2025/458983"
"17";"Basic Skills Informatics (17)";"85445";"Information Modelling and Web Technologies";"2025";"fabio.vitali";"disi";"INFO-01/A";"full professor";"Bologna";"6";"INF/01";"English";"6736, 9224";"Digital Humanities and Digital Knowledge";"LM";"ficlit";"service";"https://www.unibo.it/en/study/course-units-transferable-skills-moocs/course-unit-catalogue/course-unit/2025/533915"
"17";"Basic Skills Informatics (17)";"91266";"Machine Learning for Computer Vision";"2025";"edoardo.merli2, samuele.salti";"disi";"IINF-05/A, ING-INF/05";"associate professor, phd student";"Bologna";"6";"ING-INF/05";"English";"6700, 9063";"Artificial Intelligence";"LM";"disi";"internal";"https://www.unibo.it/en/study/course-units-transferable-skills-moocs/course-unit-catalogue/course-unit/2025/446614"
"17";"Basic Skills Informatics (17)";"B0061";"Computer Methods for Digital Transformation";"2025";"angelo.diiorio, giorgia.lodi4";"disi, sps";"INFO-01/A";"adjunct professor, associate professor";"Bologna";"8";"INF/01";"Italian";"5889, 6777";"Digital Innovation Policies and Governance";"LM";"sps";"service";"https://www.unibo.it/en/study/course-units-transferable-skills-moocs/course-unit-catalogue/course-unit/2025/518190"
"17";"Basic Skills Informatics (17)";"B0073";"ELABORAZIONE DI TESTI E GESTIONE DOCUMENTALE";"2025";"angelo.diiorio";"disi";"INFO-01/A";"associate professor";"Bologna";"8";"INF/01";"Italian";"5889, 6777";"Digital Innovation Policies and Governance";"LM";"sps";"service";"https://www.unibo.it/en/study/course-units-transferable-skills-moocs/course-unit-catalogue/course-unit/2025/483948"
"17";"Basic Skills Informatics (17)";"B1703";"Introduction to Programming";"2025";"michele.corazza2, silvio.peroni";"dsg, ficlit";"INFO-01/A";"associate professor, rtda";"Bologna";"12";"INF/01";"Italian";"5946, 6725";"Data, Methods and Theoretical Models For Linguistics";"LM";"ficlit";"external";"https://www.unibo.it/en/study/course-units-transferable-skills-moocs/course-unit-catalogue/course-unit/2025/520931"
"17";"Basic Skills Informatics (17)";"B8018";"DIGITAL HEALTH M";"2025";"sumi.helal";"disi";"IINF-05/A";"full professor";"Bologna";"8";"ING-INF/05";"English";"5826, 6668, 6719, 9254";"Computer Engineering";"LM, LT";"disi";"internal";"https://www.unibo.it/en/study/course-units-transferable-skills-moocs/course-unit-catalogue/course-unit/2025/541869"
"17";"Basic Skills Informatics (17)";"B8105";"Computational Management of Data";"2025";"ivan.heibi2, silvio.peroni";"ficlit";"INFO-01/A";"associate professor, rtda";"Bologna";"12";"INF/01";"English";"6736, 9224";"Digital Humanities and Digital Knowledge";"LM";"ficlit";"external";"https://www.unibo.it/en/study/course-units-transferable-skills-moocs/course-unit-catalogue/course-unit/2025/542133"
"17";"Basic Skills Informatics (17)";"B8396";"Basic IT Skills";"2025";"federico.montori";"disi";"INFO-01/A";"associate professor";"Bologna";"1";"INF/01";"English";"5984, 6197, 6735, 8617";"Veterinary Medicine";"LMCU";"dimevet";"service";"https://www.unibo.it/en/study/course-units-transferable-skills-moocs/course-unit-catalogue/course-unit/2025/542823"
"17";"Basic Skills Informatics (17)";"B9254";"Basic IT Skills";"2025";"yari.vecchio";"dimevet";"AGRI-01/A";"tenure-track researcher";"Bologna";"1";"INF/01";"Italian";"5984, 6197, 6735, 8617";"Veterinary Medicine";"LMCU";"dimevet";"external";"https://www.unibo.it/en/study/course-units-transferable-skills-moocs/course-unit-catalogue/course-unit/2025/550197"
"18";"Data Management Multimedia (18)";"77933";"Multimedia Data Management M";"2025";"ilaria.bartolini, seyedali.ghasempour2";"disi";"IINF-05/A, ING-INF/05";"full professor, phd student";"Bologna";"6";"ING-INF/05";"English";"5826, 6698, 6700, 9063";"Artificial Intelligence, Computer Engineering, Computer Science";"LM";"disi";"internal";"https://www.unibo.it/en/study/course-units-transferable-skills-moocs/course-unit-catalogue/course-unit/2025/454633"
"18";"Data Management Multimedia (18)";"78096";"Multimedia Data Management M";"2025";"ilaria.bartolini, seyedali.ghasempour2";"disi";"IINF-05/A, ING-INF/05";"full professor, phd student";"Bologna";"8";"ING-INF/05";"English";"5826, 6668, 6698, 6719, 9063, 9254";"Artificial Intelligence, Computer Engineering, Computer Science";"LM, LT";"disi";"internal";"https://www.unibo.it/en/study/course-units-transferable-skills-moocs/course-unit-catalogue/course-unit/2025/468039"
"18";"Data Management Multimedia (18)";"91269";"Multimedia Data Management";"2025";"ilaria.bartolini, seyedali.ghasempour2";"disi";"IINF-05/A, ING-INF/05";"full professor, phd student";"Bologna";"6";"ING-INF/05";"English";"5826, 5898, 6640, 6698, 8009, 9063";"Artificial Intelligence, Computer Engineering, Computer Science";"LM, LT";"disi";"internal";"https://www.unibo.it/en/study/course-units-transferable-skills-moocs/course-unit-catalogue/course-unit/2025/518543"
"19";"Cultural Heritage Computer (19)";"48693";"Computer Science for Cultural Heritage";"2025";"anna.forte3, simone.zambruno2";"dbc";"";"adjunct professor";"Ravenna";"6";"INF/01";"Italian";"8616";"Conservation and restoration of cultural heritage";"LMCU";"dbc";"external";"https://www.unibo.it/en/study/course-units-transferable-skills-moocs/course-unit-catalogue/course-unit/2025/380301"
"19";"Cultural Heritage Computer (19)";"48693-A";"Computer Science for Cultural Heritage";"2025";"sebastian.barzaghi2";"dbc";"";"adjunct professor";"Ravenna";"6";"INF/01";"Italian";"0962, 6664, 6703, 6740, 9218";"History, History, preservation and enhancement of artistic and archaeological heritage and landscape, Library and Archive Science";"LM, LT";"dbc, disci";"external";"https://www.unibo.it/en/study/course-units-transferable-skills-moocs/course-unit-catalogue/course-unit/2025/423585"
"19";"Cultural Heritage Computer (19)";"76011";"Multimedia Technologies in Archaelogy";"2025";"alessandr.campedell2";"dbc";"";"adjunct professor";"Ravenna";"6";"INF/01";"Italian";"0962, 6664, 6703, 9218";"History, History, preservation and enhancement of artistic and archaeological heritage and landscape";"LM, LT";"dbc, disci";"external";"https://www.unibo.it/en/study/course-units-transferable-skills-moocs/course-unit-catalogue/course-unit/2025/423478"
"19";"Cultural Heritage Computer (19)";"98618";"""Document Digitization Techniques """;"2025";"emiliaadele.groppo";"dbc";"";"adjunct professor";"Ravenna";"6";"INF/01";"Italian";"6740, 9077";"Library and Archive Science";"LM";"dbc";"external";"https://www.unibo.it/en/study/course-units-transferable-skills-moocs/course-unit-catalogue/course-unit/2025/531641"
"19";"Cultural Heritage Computer (19)";"B5059";"Interaction Media Design";"2025";"sofia.pescarin";"ficlit";"";"adjunct professor";"Bologna";"6";"INF/01";"English";"6736, 9224";"Digital Humanities and Digital Knowledge";"LM";"ficlit";"external";"https://www.unibo.it/en/study/course-units-transferable-skills-moocs/course-unit-catalogue/course-unit/2025/533993"
"19";"Cultural Heritage Computer (19)";"B5079";"Digital Humanities and Data Management for Cultural Heritage";"2025";"sebastian.barzaghi2";"dbc";"";"adjunct professor";"Ravenna";"6";"INF/01";"Italian";"0962, 6664, 6740, 9077";"History, Library and Archive Science";"LM, LT";"dbc, disci";"external";"https://www.unibo.it/en/study/course-units-transferable-skills-moocs/course-unit-catalogue/course-unit/2025/531650"
"20";"Language Natural Processing (20)";"72940";"Computational Models And Languages M";"2025";"enrico.denti";"disi";"IINF-05/A";"associate professor";"Bologna";"8";"ING-INF/05";"Italian";"5826, 6668, 6719, 9254";"Computer Engineering";"LM, LT";"disi";"internal";"https://www.unibo.it/en/study/course-units-transferable-skills-moocs/course-unit-catalogue/course-unit/2025/517544"
"20";"Language Natural Processing (20)";"87898";"Methods and Technologies for Interpreting";"2025";"claudia.lecci2, gabriele.carioli";"dit";"";"adjunct professor, teaching tutor";"Forli";"5";"INF/01";"Italian";"6057, 6825";"Intepreting";"LM";"dit";"external";"https://www.unibo.it/en/study/course-units-transferable-skills-moocs/course-unit-catalogue/course-unit/2025/523514"
"20";"Language Natural Processing (20)";"87901";"Methods and Advanced Technologies for Interpreting";"2025";"claudia.lecci2";"dit";"";"adjunct professor";"Forli";"5";"INF/01";"Italian";"6057, 6825";"Intepreting";"LM";"dit";"external";"https://www.unibo.it/en/study/course-units-transferable-skills-moocs/course-unit-catalogue/course-unit/2025/504526"
"20";"Language Natural Processing (20)";"91258";"Natural Language Processing";"2025";"a.barron";"dit";"INFO-01/A";"associate professor";"Forli";"5";"INF/01";"English";"6826, 9174";"Specialized Translation";"LM";"dit";"external";"https://www.unibo.it/en/study/course-units-transferable-skills-moocs/course-unit-catalogue/course-unit/2025/470093"
"20";"Language Natural Processing (20)";"91258-A";"Natural Language Processing";"2025";"e.mancini, federico.ruggeri6, p.torroni";"disi";"IINF-05/A, ING-INF/05";"associate professor, research fellow, research scholarship holder";"Bologna";"6";"ING-INF/05";"English";"6700, 9063";"Artificial Intelligence";"LM";"disi";"internal";"https://www.unibo.it/en/study/course-units-transferable-skills-moocs/course-unit-catalogue/course-unit/2025/446602"
"20";"Language Natural Processing (20)";"91258-B";"Natural Language Processing";"2025";"fabio.tamburini";"ficlit";"GLOT-01/A";"full professor";"Bologna";"6";"INF/01";"English";"5898, 6640, 6698, 6824, 8009, 9224";"Computer Science, Digital Humanities and Digital Knowledge, Semiotics";"LM, LT";"disi, ficlit, filo";"borrow";"https://www.unibo.it/en/study/course-units-transferable-skills-moocs/course-unit-catalogue/course-unit/2025/518542"
"20";"Language Natural Processing (20)";"96725";"IT and Game Localization";"2025";"carlos.laordentovar3, marco.locatelli5";"dit";"";"adjunct professor";"Forli";"5";"ING-INF/05";"English";"6826, 9174";"Specialized Translation";"LM";"dit";"external";"https://www.unibo.it/en/study/course-units-transferable-skills-moocs/course-unit-catalogue/course-unit/2025/485396"
"20";"Language Natural Processing (20)";"B0385";"Natural Language Processing";"2025";"a.barron";"dit";"INFO-01/A";"associate professor";"Forli";"6";"INF/01";"English";"6826, 9174";"Specialized Translation";"LM";"dit";"external";"https://www.unibo.it/en/study/course-units-transferable-skills-moocs/course-unit-catalogue/course-unit/2025/532362"
"20";"Language Natural Processing (20)";"B2696";"Language, Technology, Research I: Computational Thinking";"2025";"a.barron";"dit";"INFO-01/A";"associate professor";"Forli";"6";"INF/01";"English";"5979, 6604";"Languages and Technologies for Intercultural Communication";"LT";"dit";"external";"https://www.unibo.it/en/study/course-units-transferable-skills-moocs/course-unit-catalogue/course-unit/2025/521960"
"20";"Language Natural Processing (20)";"B6082";"Technology-Assisted Interpreting I";"2025";"claudia.lecci2";"dit";"";"adjunct professor";"Forli";"8";"INF/01";"English";"6057, 6825";"Intepreting";"LM";"dit";"external";"https://www.unibo.it/en/study/course-units-transferable-skills-moocs/course-unit-catalogue/course-unit/2025/523530"
"20";"Language Natural Processing (20)";"B8536";"Computer-Aided Human Translation: CAT, MT and AI";"2025";"claudia.lecci2";"dit";"";"adjunct professor";"Forli";"5";"ING-INF/05";"English";"6057, 6825, 6826, 9174";"Intepreting, Specialized Translation";"LM";"dit";"external";"https://www.unibo.it/en/study/course-units-transferable-skills-moocs/course-unit-catalogue/course-unit/2025/549092"
"20";"Language Natural Processing (20)";"B8603";"Machine Translation and Artificial Intelligence for Language Services";"2025";"luca.astolfi5";"dit";"";"adjunct professor";"Forli";"5";"ING-INF/05";"English";"6826, 9174";"Specialized Translation";"LM";"dit";"external";"https://www.unibo.it/en/study/course-units-transferable-skills-moocs/course-unit-catalogue/course-unit/2025/543092"
"21";"Artificial Intelligence Fundamentals (21)";"72938";"Foundations Of Artificial Intelligence T";"2025";"davide.leone6, federico.chesani";"dei, disi";"IINF-05/A, ING-INF/05";"associate professor, phd student";"Bologna";"8";"ING-INF/05";"Italian";"5826, 6668, 6719, 9254";"Computer Engineering";"LM, LT";"disi";"weak_internal";"https://www.unibo.it/en/study/course-units-transferable-skills-moocs/course-unit-catalogue/course-unit/2025/517542"
"21";"Artificial Intelligence Fundamentals (21)";"78778";"Intelligent Systems M";"2025";"allegra.defilippo, michela.milano";"disi";"IINF-05/A";"full professor, rtda";"Bologna";"8";"ING-INF/05";"English";"5826, 6668, 6719, 9254";"Computer Engineering";"LM, LT";"disi";"internal";"https://www.unibo.it/en/study/course-units-transferable-skills-moocs/course-unit-catalogue/course-unit/2025/468025"
"21";"Artificial Intelligence Fundamentals (21)";"81940";"Artificial Intelligence";"2025";"andrea.gurioli5, francesco.pivi2, maurizio.gabbrielli";"disi";"INF/01, INFO-01/A";"full professor, phd student";"Bologna";"6";"INF/01";"Italian";"5898, 6640, 6698, 8009";"Computer Science";"LM, LT";"disi";"internal";"https://www.unibo.it/en/study/course-units-transferable-skills-moocs/course-unit-catalogue/course-unit/2025/518551"
"21";"Artificial Intelligence Fundamentals (21)";"90147";"Artificial intelligence";"2025";"francesco.bianchini";"filo";"PHIL-02/A";"associate professor";"Bologna";"6";"INF/01";"Italian";"6601, 8850, 9216";"Humanities, Philosophy";"LT";"ficlit, filo";"external";"https://www.unibo.it/en/study/course-units-transferable-skills-moocs/course-unit-catalogue/course-unit/2025/443742"
"21";"Artificial Intelligence Fundamentals (21)";"91248";"Fundamentals of Artificial Intelligence and Knowledge Representation";"2025";"federico.chesani, j.giovanelli, matteo.francobaldi2, michela.milano, p.torroni";"disi";"IINF-05/A, ING-INF/05";"associate professor, full professor, research fellow, teaching tutor";"Bologna";"12";"ING-INF/05";"English";"6700, 9063, 9224";"Artificial Intelligence, Digital Humanities and Digital Knowledge";"LM";"disi, ficlit";"weak_internal";"https://www.unibo.it/en/study/course-units-transferable-skills-moocs/course-unit-catalogue/course-unit/2025/530654"
"21";"Artificial Intelligence Fundamentals (21)";"91267";"Multi-Agent Systems";"2025";"roberta.calegari";"disi";"IINF-05/A";"tenure-track researcher";"Bologna";"6";"ING-INF/05";"English";"6700, 9063";"Artificial Intelligence";"LM";"disi";"internal";"https://www.unibo.it/en/study/course-units-transferable-skills-moocs/course-unit-catalogue/course-unit/2025/446615"
"21";"Artificial Intelligence Fundamentals (21)";"91411";"Intelligent Robotic Systems";"2025";"andrea.roli";"disi";"IINF-05/A";"researcher";"Cesena";"6";"ING-INF/05";"English";"6673, 6699, 8614, 8615";"Computer Science and Engineering";"LM, LT";"disi";"internal";"https://www.unibo.it/en/study/course-units-transferable-skills-moocs/course-unit-catalogue/course-unit/2025/447106"
"21";"Artificial Intelligence Fundamentals (21)";"91762";"Combinatorial Decision Making and Optimization";"2025";"angelo.quarta2, roberto.amadini, zeynep.kiziltan";"disi";"INFO-01/A";"associate professor, research fellow";"Bologna";"6";"ING-INF/05";"English";"6700, 9063";"Artificial Intelligence";"LM";"disi";"internal";"https://www.unibo.it/en/study/course-units-transferable-skills-moocs/course-unit-catalogue/course-unit/2025/530690"
"21";"Artificial Intelligence Fundamentals (21)";"92858";"Autonomous and Adaptive Systems M";"2025";"giorgio.franceschelli, mirco.musolesi";"disi";"IINF-05/A";"full professor, research fellow";"Bologna";"8";"ING-INF/05";"English";"5826, 6668, 6700, 6719, 9063, 9254";"Artificial Intelligence, Computer Engineering";"LM, LT";"disi";"internal";"https://www.unibo.it/en/study/course-units-transferable-skills-moocs/course-unit-catalogue/course-unit/2025/468076"
"21";"Artificial Intelligence Fundamentals (21)";"93469";"Human Data Science";"2025";"marco.roccetti";"disi";"INFO-01/A";"full professor";"Bologna";"6";"INF/01";"Italian";"5898, 6640, 6698, 8009";"Computer Science";"LM, LT";"disi";"internal";"https://www.unibo.it/en/study/course-units-transferable-skills-moocs/course-unit-catalogue/course-unit/2025/479054"
"21";"Artificial Intelligence Fundamentals (21)";"93669";"Intelligent Systems Engineering";"2025";"andrea.omicini, giovanni.ciatto";"disi";"IINF-05/A";"full professor, tenure-track researcher";"Cesena";"6";"ING-INF/05";"English";"6673, 6699, 8614, 8615";"Computer Science and Engineering";"LM, LT";"disi";"internal";"https://www.unibo.it/en/study/course-units-transferable-skills-moocs/course-unit-catalogue/course-unit/2025/455810"
"21";"Artificial Intelligence Fundamentals (21)";"95965";"Artificial Intelligence and Machine Learning for Business";"2025";"giuseppe.magro";"dimevet";"";"adjunct professor";"Bologna";"6";"ING-INF/05";"English";"5814, 6815";"Food Animal Metabolism and Management in the Circular Economy";"LM";"dimevet";"external";"https://www.unibo.it/en/study/course-units-transferable-skills-moocs/course-unit-catalogue/course-unit/2025/467512"
"21";"Artificial Intelligence Fundamentals (21)";"98931";"Fundamentals of Artificial Intelligence";"2025";"j.giovanelli, matteo.francobaldi2, michela.milano";"disi";"IINF-05/A, ING-INF/05";"full professor, research fellow, teaching tutor";"Bologna";"6";"ING-INF/05";"English";"6700, 6736, 9224";"Artificial Intelligence, Digital Humanities and Digital Knowledge";"LM";"disi, ficlit";"weak_internal";"https://www.unibo.it/en/study/course-units-transferable-skills-moocs/course-unit-catalogue/course-unit/2025/478963"
"21";"Artificial Intelligence Fundamentals (21)";"B0069";"Artificial Intelligence for Digital Innovation";"2025";"roberto.amadini";"disi";"INFO-01/A";"associate professor";"Bologna";"8";"INF/01";"Italian";"5889, 6777";"Digital Innovation Policies and Governance";"LM";"sps";"service";"https://www.unibo.it/en/study/course-units-transferable-skills-moocs/course-unit-catalogue/course-unit/2025/483944"
"21";"Artificial Intelligence Fundamentals (21)";"B5727";"Introduction to Languages for Artificial Intelligence";"2025";"federico.pennino2, federico.ruggeri6, gianmarco.pappacoda, maurizio.gabbrielli, michael.lodi";"disi";"INF/01, INFO-01/A, ING-INF/05";"adjunct professor, full professor, phd student, research fellow, research scholarship holder";"Bologna";"6";"ING-INF/05";"English";"6700, 9063";"Artificial Intelligence";"LM";"disi";"internal";"https://www.unibo.it/en/study/course-units-transferable-skills-moocs/course-unit-catalogue/course-unit/2025/530707"
"22";"Computer Vision Image (22)";"17634";"Computer Vision";"2025";"raffaele.cappelli";"disi";"IINF-05/A";"associate professor";"Cesena";"6";"ING-INF/05";"Italian";"6673, 6699, 8614, 8615";"Computer Science and Engineering";"LM, LT";"disi";"internal";"https://www.unibo.it/en/study/course-units-transferable-skills-moocs/course-unit-catalogue/course-unit/2025/421624"
"22";"Computer Vision Image (22)";"69661";"Image Processing And Computer Vision M";"2025";"alex.costanzino, iacopo.curti2, luigi.distefano";"disi";"IINF-05/A, ING-INF/05";"full professor, phd student, research scholarship holder";"Bologna";"6";"ING-INF/05";"English";"0927, 0934, 0949, 5724, 5826, 5917, 6671, 6677, 6680, 6711, 6716, 6721, 8891, 9217";"Automation Engineering, Computer Engineering, Electronic Engineering, Electronic Engineering for Intelligent Vehicles, Mechanical Engineering";"LM, LT";"dei, din, disi";"weak_internal";"https://www.unibo.it/en/study/course-units-transferable-skills-moocs/course-unit-catalogue/course-unit/2025/458219"
"22";"Computer Vision Image (22)";"70210";"Lab-based Course on Computer Graphics";"2025";"enrico.gamberini2";"da";"";"adjunct professor";"Cesena";"2";"INF/01";"Italian";"6729, 9265";"Architecture";"LMCU";"da";"external";"https://www.unibo.it/en/study/course-units-transferable-skills-moocs/course-unit-catalogue/course-unit/2025/535949"
"22";"Computer Vision Image (22)";"73302";"Computer Vision And Image Processing M";"2025";"alex.costanzino, iacopo.curti2, luigi.distefano";"disi";"IINF-05/A, ING-INF/05";"full professor, phd student, research scholarship holder";"Bologna";"8";"ING-INF/05";"English";"5724, 5826, 5917, 6668, 6711, 6716, 6719, 9254";"Automation Engineering, Computer Engineering, Electronic Engineering, Electronic Engineering for Intelligent Vehicles, Mechanical Engineering";"LM, LT";"dei, din, disi";"weak_internal";"https://www.unibo.it/en/study/course-units-transferable-skills-moocs/course-unit-catalogue/course-unit/2025/467993"
"22";"Computer Vision Image (22)";"91254";"Image Processing and Computer Vision";"2025";"alex.costanzino, francesco.ballerini4, giuseppe.lisanti, samuele.salti";"disi";"IINF-05/A, INFO-01/A, ING-INF/05";"associate professor, phd student, research scholarship holder";"Bologna";"6";"ING-INF/05";"English";"6700, 9063";"Artificial Intelligence";"LM";"disi";"internal";"https://www.unibo.it/en/study/course-units-transferable-skills-moocs/course-unit-catalogue/course-unit/2025/530660"
"22";"Computer Vision Image (22)";"93478";"COMPUTER VISION";"2025";"filippo.bartolucci3, giuseppe.lisanti";"disi";"INF/01, INFO-01/A";"associate professor, phd student";"Bologna";"6";"INF/01";"English";"5898, 6640, 6698, 8009";"Computer Science";"LM, LT";"disi";"internal";"https://www.unibo.it/en/study/course-units-transferable-skills-moocs/course-unit-catalogue/course-unit/2025/518552"
"23";"Computer Science Statistics (23)";"07276-B";"Computer Science";"2025";"laura.cercenelli";"dibinem";"";"adjunct professor";"Bologna";"1";"INF/01";"Italian";"5915, 8470";"Dietistic, Orthopaedics Techniques";"LT";"dibinem, dimec";"external";"https://www.unibo.it/en/study/course-units-transferable-skills-moocs/course-unit-catalogue/course-unit/2025/460003"
"23";"Computer Science Statistics (23)";"88016";"Statistics";"2025";"f.piccinini";"dimec";"PHYS-06/A";"associate professor";"Ravenna";"2";"INF/01";"Italian";"9080";"Speech and Language Therapy";"LT";"dibinem";"external";"https://www.unibo.it/en/study/course-units-transferable-skills-moocs/course-unit-catalogue/course-unit/2025/446880"
"23";"Computer Science Statistics (23)";"96346-B";"Computer Science";"2025";"laura.cercenelli";"dibinem";"";"adjunct professor";"Bologna";"2";"INF/01";"Italian";"5915, 8470";"Dietistic, Orthopaedics Techniques";"LT";"dibinem, dimec";"external";"https://www.unibo.it/en/study/course-units-transferable-skills-moocs/course-unit-catalogue/course-unit/2025/483266"
"24";"Systems Distributed Models (24)";"37085";"Principles, Models and Applications for Distributed Systems M";"2025";"davide.borsatti";"dei";"IINF-03/A";"rtda";"Bologna";"6";"ING-INF/05";"English";"9205";"Telecommunications Engineering";"LM";"dei";"external";"https://www.unibo.it/en/study/course-units-transferable-skills-moocs/course-unit-catalogue/course-unit/2025/414413"
"24";"Systems Distributed Models (24)";"66870";"Concurrent Models and Systems";"2025";"roberto.gorrieri";"disi";"INFO-01/A";"full professor";"Bologna";"6";"INF/01";"Italian";"5898, 6640, 6698, 8009";"Computer Science";"LM, LT";"disi";"internal";"https://www.unibo.it/en/study/course-units-transferable-skills-moocs/course-unit-catalogue/course-unit/2025/518515"
"24";"Systems Distributed Models (24)";"87474";"Distributed Systems";"2025";"andrea.omicini, giovanni.ciatto, matteo.magnini";"disi";"IINF-05/A, ING-INF/05";"full professor, teaching tutor, tenure-track researcher";"Cesena";"6";"ING-INF/05";"English";"5898, 6673, 6699, 8614, 8615";"Computer Science, Computer Science and Engineering";"LM, LT";"disi";"internal";"https://www.unibo.it/en/study/course-units-transferable-skills-moocs/course-unit-catalogue/course-unit/2025/526532"
"24";"Systems Distributed Models (24)";"93468";"Distributed Software Systems";"2025";"andrea.omicini, giovanni.ciatto, matteo.magnini";"disi";"IINF-05/A, ING-INF/05";"full professor, teaching tutor, tenure-track researcher";"Bologna";"6";"INF/01";"English";"5898, 6640, 6698, 6699, 8009";"Computer Science, Computer Science and Engineering";"LM, LT";"disi";"internal";"https://www.unibo.it/en/study/course-units-transferable-skills-moocs/course-unit-catalogue/course-unit/2025/479053"
"25";"Administration Systems System (25)";"04138";"Programming Languages";"2025";"federico.pennino2, maurizio.gabbrielli, roberto.gorrieri, saverio.giallorenzo";"disi";"INF/01, INFO-01/A";"full professor, research scholarship holder, tenure-track researcher";"Bologna";"12";"INF/01";"Italian";"5898, 6640, 6698, 8009";"Computer Science";"LM, LT";"disi";"internal";"https://www.unibo.it/en/study/course-units-transferable-skills-moocs/course-unit-catalogue/course-unit/2025/320579"
"25";"Administration Systems System (25)";"08574-B";"Operating Systems";"2025";"luca.bassi20, luca.orlandello2, luca.sciullo, renzo.davoli";"ctl, difa, disi";"FIS/01, INFO-01/A";"adjunct professor, associate professor, phd student, teaching tutor";"Bologna";"12";"INF/01";"Italian";"5898, 6640, 6698, 8009";"Computer Science";"LM, LT";"disi";"weak_internal";"https://www.unibo.it/en/study/course-units-transferable-skills-moocs/course-unit-catalogue/course-unit/2025/320578"
"25";"Administration Systems System (25)";"09032";"Software Engineering";"2025";"andrea.ingargiola2, stefano.rizzi";"disi";"IINF-05/A";"full professor, teaching tutor";"Cesena";"6";"ING-INF/05";"Italian";"6673, 6699, 8614, 8615";"Computer Science and Engineering";"LM, LT";"disi";"internal";"https://www.unibo.it/en/study/course-units-transferable-skills-moocs/course-unit-catalogue/course-unit/2025/378224"
"25";"Administration Systems System (25)";"09679";"Data Base Sistems";"2025";"matteo.golfarelli";"disi";"IINF-05/A";"full professor";"Cesena";"6";"ING-INF/05";"Italian";"6673, 6699, 8614, 8615";"Computer Science and Engineering";"LM, LT";"disi";"internal";"https://www.unibo.it/en/study/course-units-transferable-skills-moocs/course-unit-catalogue/course-unit/2025/526477"
"25";"Administration Systems System (25)";"17628";"Concurrent and Distributed Programming";"2025";"a.ricci";"disi";"IINF-05/A";"associate professor";"Cesena";"6";"ING-INF/05";"Italian";"6673, 6699, 8614, 8615";"Computer Science and Engineering";"LM, LT";"disi";"internal";"https://www.unibo.it/en/study/course-units-transferable-skills-moocs/course-unit-catalogue/course-unit/2025/526527"
"25";"Administration Systems System (25)";"28020";"Operating Systems T";"2025";"alessandro.zanni3, anna.ciampolini, daniela.loreti, gabriele.doti, pietro.bertozzi4";"disi";"IINF-05/A";"full professor, rtda, teaching tutor";"Bologna";"9";"ING-INF/05";"Italian";"5826, 6668, 6672, 6719, 9065, 9254";"Computer Engineering, Electronics and Telecommunications Engineering";"LM, LT";"dei, disi";"weak_internal";"https://www.unibo.it/en/study/course-units-transferable-skills-moocs/course-unit-catalogue/course-unit/2025/447114"
"25";"Administration Systems System (25)";"28652";"IT Systems T-1";"2025";"cesare.tomasi2, fabio.grandi";"din, disi";"IINF-05/A";"associate professor, teaching tutor";"Bologna";"9";"ING-INF/05";"Italian";"0925, 0936, 6679, 6718";"Engineering Management";"LM, LT";"din";"service";"https://www.unibo.it/en/study/course-units-transferable-skills-moocs/course-unit-catalogue/course-unit/2025/324370"
"25";"Administration Systems System (25)";"73025";"Distributed Systems M";"2025";"luca.foschini, sofia.montebugnoli3";"disi";"IINF-05/A";"full professor, phd student";"Bologna";"8";"ING-INF/05";"Italian";"5826, 6668, 6719, 9254";"Computer Engineering";"LM, LT";"disi";"internal";"https://www.unibo.it/en/study/course-units-transferable-skills-moocs/course-unit-catalogue/course-unit/2025/467983"
"25";"Administration Systems System (25)";"73435";"Project Management";"2025";"marco.boschetti";"mat";"MATH-06/A";"full professor";"Cesena";"6";"ING-INF/05";"Italian";"6673, 6699, 8614, 8615";"Computer Science and Engineering";"LM, LT";"disi";"borrow";"https://www.unibo.it/en/study/course-units-transferable-skills-moocs/course-unit-catalogue/course-unit/2025/412683"
"25";"Administration Systems System (25)";"78810";"Real Time Systems for Automation M";"2025";"a.galassi, giulia.grundler2, p.torroni";"disi";"IINF-05/A";"associate professor, research scholarship holder, rtda";"Bologna";"12";"ING-INF/05";"English";"5822, 6675, 6711, 6714, 9066";"Automation Engineering, Electrical Energy Engineering";"LM, LT";"dei";"service";"https://www.unibo.it/en/study/course-units-transferable-skills-moocs/course-unit-catalogue/course-unit/2025/455152"
"25";"Administration Systems System (25)";"81917";"Interaction Multimedia Services";"2025";"federica.protti5, massimo.carnevali2";"da";"";"adjunct professor";"Bologna";"5";"ING-INF/05";"Italian";"6685, 9256";"Advanced Design";"LM";"da";"external";"https://www.unibo.it/en/study/course-units-transferable-skills-moocs/course-unit-catalogue/course-unit/2025/535349"
"25";"Administration Systems System (25)";"88155";"Industrial Informatics P";"2025";"alessandro.zanni3, alessio.mora, matteo.sartini, silvia.zandoli3";"dei, disi";"IINF-05/A, ING-INF/05";"adjunct professor, phd student, rtda, teaching tutor";"Bologna";"6";"ING-INF/05";"Italian";"6009";"Mechatronics";"LT";"dei";"service";"https://www.unibo.it/en/study/course-units-transferable-skills-moocs/course-unit-catalogue/course-unit/2025/499017"
"25";"Administration Systems System (25)";"88324";"System Administration T";"2025";"antonio.iacobelli, davide.chirichella, marco.prandini";"disi";"IINF-05/A, ING-INF/05";"associate professor, phd student, teaching tutor";"Bologna";"6";"ING-INF/05";"Italian";"5826, 6668, 6719, 9254";"Computer Engineering";"LM, LT";"disi";"internal";"https://www.unibo.it/en/study/course-units-transferable-skills-moocs/course-unit-catalogue/course-unit/2025/434899"
"25";"Administration Systems System (25)";"91261";"Artificial Intelligence in Industry";"2025";"alberto.luise, michele.lombardi2";"disi";"IINF-05/A, ING-INF/05";"associate professor, phd student";"Bologna";"6";"ING-INF/05";"English";"6700, 9063";"Artificial Intelligence";"LM";"disi";"internal";"https://www.unibo.it/en/study/course-units-transferable-skills-moocs/course-unit-catalogue/course-unit/2025/446609"
"25";"Administration Systems System (25)";"96642";"Virtualization and System Integration";"2025";"ciro.barbone, vittorio.ghini";"disi";"INFO-01/A";"adjunct professor, associate professor";"Cesena";"6";"INF/01";"Italian";"6673, 6699, 8614, 8615";"Computer Science and Engineering";"LM, LT";"disi";"internal";"https://www.unibo.it/en/study/course-units-transferable-skills-moocs/course-unit-catalogue/course-unit/2025/469640"
"25";"Administration Systems System (25)";"B0011";"Software Process Engineering";"2025";"danilo.pianini, giovanni.ciatto";"disi";"IINF-05/A";"associate professor, tenure-track researcher";"Cesena";"6";"ING-INF/05";"English";"6673, 6699, 8614, 8615";"Computer Science and Engineering";"LM, LT";"disi";"internal";"https://www.unibo.it/en/study/course-units-transferable-skills-moocs/course-unit-catalogue/course-unit/2025/483714"
"25";"Administration Systems System (25)";"B0832";"Administration of Systems T";"2025";"antonio.iacobelli, davide.chirichella, marco.prandini";"disi";"IINF-05/A, ING-INF/05";"associate professor, phd student, teaching tutor";"Bologna";"6";"ING-INF/05";"Italian";"5826, 6668, 6719, 9254";"Computer Engineering";"LM, LT";"disi";"internal";"https://www.unibo.it/en/study/course-units-transferable-skills-moocs/course-unit-catalogue/course-unit/2025/487361"
"25";"Administration Systems System (25)";"B5665";"Real Time Systems and Programming for Automation M";"2025";"a.galassi, giulia.grundler2, p.torroni";"disi";"IINF-05/A";"associate professor, research scholarship holder, rtda";"Bologna";"12";"ING-INF/05";"English";"0934, 6671, 6711, 6716, 8891, 9066, 9217";"Automation Engineering, Electrical Energy Engineering, Electronic Engineering";"LM, LT";"dei";"service";"https://www.unibo.it/en/study/course-units-transferable-skills-moocs/course-unit-catalogue/course-unit/2025/529967"
"26";"Programming Software Design (26)";"00819";"Programming";"2025";"alina.sirbu, angelo.diiorio, cosimo.laneve, daniele.romanella2, orazioandrea.capone2, roberto.amadini, simone.gazza";"disi";"INF/01, INFO-01/A";"associate professor, full professor, phd student, teaching tutor";"Bologna";"9, 12";"INF/01";"Italian";"5898, 6060, 6640, 6641, 6698, 8009, 8014";"Computer Science, Information Science for Management";"LM, LT";"disi";"internal";"https://www.unibo.it/en/study/course-units-transferable-skills-moocs/course-unit-catalogue/course-unit/2025/524297"
"26";"Programming Software Design (26)";"00819-A";"Programming";"2025";"andrea.bedei3, paola.salomoni, roberto.girau";"disi";"INF/01, INFO-01/A";"associate professor, full professor, phd student";"Cesena";"9";"INF/01";"Italian";"6007";"Computer Systems Technologies";"LT";"disi";"internal";"https://www.unibo.it/en/study/course-units-transferable-skills-moocs/course-unit-catalogue/course-unit/2025/498813"
"26";"Programming Software Design (26)";"16870";"Programming Laboratory";"2025";"giovanni.grotto3, luca.padovani2";"disi";"INFO-01/A";"full professor, teaching tutor";"Bologna";"6";"INF/01";"Italian";"6060, 6641, 8014";"Information Science for Management";"LT";"disi";"internal";"https://www.unibo.it/en/study/course-units-transferable-skills-moocs/course-unit-catalogue/course-unit/2025/523711"
"26";"Programming Software Design (26)";"70219";"Object-Oriented Programming";"2025";"angela.cortecchia, danilo.pianini, m.baiardi, mirko.viroli";"disi";"IINF-05/A, ING-INF/05";"associate professor, full professor, phd student";"Cesena";"12";"ING-INF/05";"Italian";"6673, 6699, 8614, 8615";"Computer Science and Engineering";"LM, LT";"disi";"internal";"https://www.unibo.it/en/study/course-units-transferable-skills-moocs/course-unit-catalogue/course-unit/2025/378219"
"26";"Programming Software Design (26)";"72671";"Complements of Programming Languages";"2025";"cosimo.laneve";"disi";"INFO-01/A";"full professor";"Bologna";"6";"INF/01";"Italian";"5898, 6640, 6698, 8009";"Computer Science";"LM, LT";"disi";"internal";"https://www.unibo.it/en/study/course-units-transferable-skills-moocs/course-unit-catalogue/course-unit/2025/518517"
"26";"Programming Software Design (26)";"81672";"Emerging Programming Paradigms";"2025";"luca.padovani2";"disi";"INFO-01/A";"full professor";"Bologna";"6";"INF/01";"Italian";"5898, 6640, 6698, 8009";"Computer Science";"LM, LT";"disi";"internal";"https://www.unibo.it/en/study/course-units-transferable-skills-moocs/course-unit-catalogue/course-unit/2025/479059"
"26";"Programming Software Design (26)";"95648";"Software Design and Development";"2025";"angelo.filaseta, danilo.pianini, gianluca.aguzzi, luca.deluigi5";"aform, disi";"IINF-05/A";"adjunct professor, associate professor, teaching tutor";"Cesena";"9";"ING-INF/05";"Italian";"6007";"Computer Systems Technologies";"LT";"disi";"weak_internal";"https://www.unibo.it/en/study/course-units-transferable-skills-moocs/course-unit-catalogue/course-unit/2025/498808"
"26";"Programming Software Design (26)";"B8554";"SISTEMI SOFTWARE A OGGETTI T";"2025";"ambra.molesini, enrico.denti, gabriele.doti, lorenzo.arlotti5, lorenzo.zoccadelli, michele.proietti4, n.leonetti";"disi";"IINF-05/A";"adjunct professor, associate professor, teaching tutor";"Bologna";"12";"ING-INF/05";"Italian";"5826, 6668, 6719, 9254";"Computer Engineering";"LM, LT";"disi";"internal";"https://www.unibo.it/en/study/course-units-transferable-skills-moocs/course-unit-catalogue/course-unit/2025/543011"
"27";"Architectures Computer Architetture (27)";"28012-A";"Electronic Calculators T";"2025";"stefano.mattoccia, ugoleone.cavalcanti";"disi";"IINF-05/A, ING-INF/05";"full professor, phd student";"Bologna";"6";"ING-INF/05";"Italian";"5826, 6668, 6719, 9254";"Computer Engineering";"LM, LT";"disi";"internal";"https://www.unibo.it/en/study/course-units-transferable-skills-moocs/course-unit-catalogue/course-unit/2025/434701"
"27";"Architectures Computer Architetture (27)";"69430";"COMPUTER ARCHITECTURES M";"2025";"a.bartolini, s.manoni";"dei";"IINF-05/A, ING-INF/05";"associate professor, research fellow";"Bologna";"6";"ING-INF/05";"Italian";"0934, 6716, 6719";"Computer Engineering, Electronic Engineering";"LM";"dei, disi";"borrow";"https://www.unibo.it/en/study/course-units-transferable-skills-moocs/course-unit-catalogue/course-unit/2025/514285"
"27";"Architectures Computer Architetture (27)";"91602";"Computer Architectures";"2025";"m.poggi";"disi";"IINF-05/A";"associate professor";"Bologna";"6";"ING-INF/05";"English";"6671, 6711, 8891, 9217";"Automation Engineering";"LM, LT";"dei";"service";"https://www.unibo.it/en/study/course-units-transferable-skills-moocs/course-unit-catalogue/course-unit/2025/447504"
"27";"Architectures Computer Architetture (27)";"B8561";"ARCHITETTURE DEI CALCOLATORI M";"2025";"a.bartolini, s.manoni";"dei";"IINF-05/A, ING-INF/05";"associate professor, research fellow";"Bologna";"8";"ING-INF/05";"Italian";"5826, 6668, 6716, 6719, 9254";"Computer Engineering, Electronic Engineering";"LM, LT";"dei, disi";"borrow";"https://www.unibo.it/en/study/course-units-transferable-skills-moocs/course-unit-catalogue/course-unit/2025/543025"
"27";"Architectures Computer Architetture (27)";"B8562";"SISTEMI CONCORRENTI E PARALLELI M";"2025";"anna.ciampolini";"disi";"IINF-05/A";"full professor";"Bologna";"8";"ING-INF/05";"Italian";"5826, 6668, 6719, 9254";"Computer Engineering";"LM, LT";"disi";"internal";"https://www.unibo.it/en/study/course-units-transferable-skills-moocs/course-unit-catalogue/course-unit/2025/543026"
"27";"Architectures Computer Architetture (27)";"B8563";"SISTEMI DI ELABORAZIONE ACCELERATA M";"2025";"fabio.tosi5, stefano.mattoccia";"disi";"IINF-05/A";"full professor, rtda";"Bologna";"8";"ING-INF/05";"Italian";"5826, 6668, 6719, 9254";"Computer Engineering";"LM, LT";"disi";"internal";"https://www.unibo.it/en/study/course-units-transferable-skills-moocs/course-unit-catalogue/course-unit/2025/543027"
"28";"Systems Real-Time Real (28)";"37760";"Systems Simulation";"2025";"elena.loli, lorenzo.donatiello";"disi, unibo";"MATH-05/A";"emeritus professor, full professor";"Bologna";"6";"INF/01";"Italian";"5898, 6640, 6698, 8009";"Computer Science";"LM, LT";"disi";"weak_internal";"https://www.unibo.it/en/study/course-units-transferable-skills-moocs/course-unit-catalogue/course-unit/2025/518514"
"28";"Systems Real-Time Real (28)";"72945";"Real-Time Systems M";"2025";"eugenio.faldella";"unibo";"";"former professor";"Bologna";"8";"ING-INF/05";"Italian";"5826, 6668, 6719, 9254";"Computer Engineering";"LM, LT";"disi";"borrow";"https://www.unibo.it/en/study/course-units-transferable-skills-moocs/course-unit-catalogue/course-unit/2025/517549"
"28";"Systems Real-Time Real (28)";"85728";"Real Time OS M";"2025";"francesco.barchi, idio.guarino";"dei, disi";"IINF-05/A";"rtda";"Bologna";"6";"ING-INF/05";"English";"5917";"Electronic Engineering for Intelligent Vehicles";"LM";"dei";"service";"https://www.unibo.it/en/study/course-units-transferable-skills-moocs/course-unit-catalogue/course-unit/2025/484399"
"28";"Systems Real-Time Real (28)";"95638";"Operational Analytics";"2025";"vittorio.maniezzo";"disi";"INFO-01/A";"full professor";"Cesena";"6";"ING-INF/05";"English";"5815, 6673, 6699, 6823, 8614, 8615";"Computer Science and Engineering, Digital Transformation Management";"LM, LT";"disi";"internal";"https://www.unibo.it/en/study/course-units-transferable-skills-moocs/course-unit-catalogue/course-unit/2025/526550"
"29";"Informatics Informatic Humanities (29)";"07276";"Computer Science";"2025";"alessandro.gesuato2";"dimec";"";"adjunct professor";"Bologna";"3";"INF/01";"Italian";"8481";"Dental Hygiene";"LT";"dibinem";"external";"https://www.unibo.it/en/study/course-units-transferable-skills-moocs/course-unit-catalogue/course-unit/2025/359934"
"29";"Informatics Informatic Humanities (29)";"07276-C";"Computer Science";"2025";"mauro.gaspari";"disi";"INFO-01/A";"associate professor";"Bologna";"2";"INF/01";"Italian";"8476";"Physiotherapy";"LT";"dibinem";"service";"https://www.unibo.it/en/study/course-units-transferable-skills-moocs/course-unit-catalogue/course-unit/2025/359894"
"29";"Informatics Informatic Humanities (29)";"08574";"Operating Systems";"2025";"andrea.iannoli, davide.sangiorgi";"disi, mat";"INFO-01/A";"full professor, research scholarship holder";"Bologna";"9";"INF/01";"Italian";"6060, 6641, 8014";"Information Science for Management";"LT";"disi";"weak_internal";"https://www.unibo.it/en/study/course-units-transferable-skills-moocs/course-unit-catalogue/course-unit/2025/501527"
"29";"Informatics Informatic Humanities (29)";"08574-A";"Operating Systems";"2025";"arianna.arruzzoli2, david.cohen3, erikmarino.quattrini, mauro.moretti, s.ferretti, vittorio.ghini";"disi, dsg";"INF/01, INFO-01/A";"associate professor, full professor, phd student, teaching tutor";"Cesena";"12";"INF/01";"Italian";"5834, 6669, 6670, 6673, 6699, 6705, 8614, 8615, 9082, 9266";"Biomedical Engineering, Computer Science and Engineering, Electronics Engineering";"LM, LT";"dei, disi";"weak_internal";"https://www.unibo.it/en/study/course-units-transferable-skills-moocs/course-unit-catalogue/course-unit/2025/378218"
"29";"Informatics Informatic Humanities (29)";"11925";"Computer Architecture";"2025";"daniele.romanella2, ivan.lanese, paolo.felli";"disi";"INFO-01/A";"associate professor, teaching tutor";"Bologna";"6";"INF/01";"Italian";"5898, 6640, 6698, 8009";"Computer Science";"LM, LT";"disi";"internal";"https://www.unibo.it/en/study/course-units-transferable-skills-moocs/course-unit-catalogue/course-unit/2025/524306"
"29";"Informatics Informatic Humanities (29)";"15920";"Computer Lab";"2025";"alessandro.gesuato2";"dimec";"";"adjunct professor";"Bologna";"1";"INF/01";"Italian";"8481";"Dental Hygiene";"LT";"dibinem";"external";"https://www.unibo.it/en/study/course-units-transferable-skills-moocs/course-unit-catalogue/course-unit/2025/359935"
"29";"Informatics Informatic Humanities (29)";"20741";"Information Processing Systems";"2025";"cristina.moni2";"dimec";"";"adjunct professor";"Bologna";"1";"ING-INF/05";"Italian";"8484";"Biomedical Laboratory techniques";"LT";"dimec";"external";"https://www.unibo.it/en/study/course-units-transferable-skills-moocs/course-unit-catalogue/course-unit/2025/544224"
"29";"Informatics Informatic Humanities (29)";"28106";"Computer Science for Environmental Sciences";"2025";"stefano.russo7";"dimec";"";"adjunct professor";"Ravenna";"6";"INF/01";"Italian";"6642, 8011";"Environmental Sciences";"LT";"bigea";"external";"https://www.unibo.it/en/study/course-units-transferable-skills-moocs/course-unit-catalogue/course-unit/2025/524407"
"29";"Informatics Informatic Humanities (29)";"39176";"Basic and Laboratory Informatics";"2025";"stefano.russo7";"dimec";"";"adjunct professor";"Bologna";"3";"INF/01";"Italian";"6064, 8482, 8484";"Biomedical Laboratory techniques, Midwifery, Neurophysiopathology techniques";"LT";"dibinem, dimec";"external";"https://www.unibo.it/en/study/course-units-transferable-skills-moocs/course-unit-catalogue/course-unit/2025/359962"
"29";"Informatics Informatic Humanities (29)";"57828";"Informatics";"2025";"stefano.russo7";"dimec";"";"adjunct professor";"Bologna";"3";"INF/01";"Italian";"8487";"Environment and Workplace Prevention Techniques";"LT";"dimec";"external";"https://www.unibo.it/en/study/course-units-transferable-skills-moocs/course-unit-catalogue/course-unit/2025/361001"
"29";"Informatics Informatic Humanities (29)";"69259";"Computer Science";"2025";"a.trotta";"disi";"INFO-01/A";"tenure-track researcher";"Bologna";"6";"INF/01";"Italian";"6648, 8015";"Geological Sciences";"LT";"bigea";"service";"https://www.unibo.it/en/study/course-units-transferable-skills-moocs/course-unit-catalogue/course-unit/2025/524525"
"29";"Informatics Informatic Humanities (29)";"75198";"Health Information Processing Systems";"2025";"l.favero";"dimec";"";"adjunct professor";"Bologna";"1";"ING-INF/05";"Italian";"8488";"Nursing and Midwifery Sciences";"LM";"dimec";"external";"https://www.unibo.it/en/study/course-units-transferable-skills-moocs/course-unit-catalogue/course-unit/2025/459706"
"29";"Informatics Informatic Humanities (29)";"78510";"Informatics";"2025";"roberto.gorrieri";"disi";"INFO-01/A";"full professor";"Bologna";"2";"INF/01";"Italian";"8479";"Podiatry";"LT";"dibinem";"service";"https://www.unibo.it/en/study/course-units-transferable-skills-moocs/course-unit-catalogue/course-unit/2025/401461"
"29";"Informatics Informatic Humanities (29)";"81676";"Digital Forensic";"2025";"alessandro.amoroso";"disi";"INFO-01/A";"associate professor";"Bologna";"6";"INF/01";"Italian";"5898, 6640, 6698, 8009";"Computer Science";"LM, LT";"disi";"internal";"https://www.unibo.it/en/study/course-units-transferable-skills-moocs/course-unit-catalogue/course-unit/2025/518523"
"29";"Informatics Informatic Humanities (29)";"82202";"Informatic";"2025";"f.piccinini";"dimec";"PHYS-06/A";"associate professor";"Ravenna";"2";"INF/01";"Italian";"9080";"Speech and Language Therapy";"LT";"dibinem";"external";"https://www.unibo.it/en/study/course-units-transferable-skills-moocs/course-unit-catalogue/course-unit/2025/446882"
"29";"Informatics Informatic Humanities (29)";"82202-A";"Informatic";"2025";"stefano.russo7";"dimec";"";"adjunct professor";"Bologna";"2";"INF/01";"Italian";"6064, 8482, 8484, 9201";"Biomedical Laboratory techniques, Midwifery, Neurophysiopathology techniques";"LT";"dibinem, dimec";"external";"https://www.unibo.it/en/study/course-units-transferable-skills-moocs/course-unit-catalogue/course-unit/2025/502816"
"29";"Informatics Informatic Humanities (29)";"96007";"Foundations of Computer Architecture and Operating Systems";"2025";"fabio.notaro3, l.pellegrini";"disi";"IINF-05/A, ING-INF/05";"phd student, rtda";"Cesena";"6";"ING-INF/05";"Italian";"6007";"Computer Systems Technologies";"LT";"disi";"internal";"https://www.unibo.it/en/study/course-units-transferable-skills-moocs/course-unit-catalogue/course-unit/2025/498814"
"29";"Informatics Informatic Humanities (29)";"96346-A";"Informatics";"2025";"francesco.tura";"dsg";"GIUR-17/A";"researcher";"Bologna";"6";"INF/01";"Italian";"6606, 9230";"Employment and Business Relations Consultant";"LT";"dsg";"external";"https://www.unibo.it/en/study/course-units-transferable-skills-moocs/course-unit-catalogue/course-unit/2025/534208"
"29";"Informatics Informatic Humanities (29)";"B4826";"Informatics for the Humanities";"2025";"luigi.asprino";"lilec";"";"adjunct professor";"Bologna";"3";"INF/01";"Italian";"0979, 6602, 6603, 9264";"Foreign Languages and Literature, Languages, Markets and Cultures of Asia and Mediterranean Africa";"LT";"lilec";"external";"https://www.unibo.it/en/study/course-units-transferable-skills-moocs/course-unit-catalogue/course-unit/2025/502318"
